date,Humedad_suelo_[mm³/mm³],Temperatura_[°C],Humedad_relativa_[%],Precipitación_[mm],Velocidad_viento_[km/h]
2022-11-16 08:00:00+00:00,0.191,6.273,63.0,0.0,20.780453
2022-11-16 09:00:00+00:00,0.19,6.273,64.0,0.0,20.380579
2022-11-16 10:00:00+00:00,0.19,7.023,60.0,0.0,22.530937
2022-11-16 11:00:00+00:00,0.189,8.023,55.0,0.0,27.193705
2022-11-16 12:00:00+00:00,0.187,8.672999,53.0,0.0,26.400545
2022-11-16 13:00:00+00:00,0.185,9.523,49.0,0.0,28.082308
2022-11-16 14:00:00+00:00,0.183,10.123,46.0,0.0,28.808998
2022-11-16 15:00:00+00:00,0.182,10.373,46.0,0.0,26.341572
2022-11-16 16:00:00+00:00,0.18,10.723,46.0,0.0,23.623243
2022-11-16 17:00:00+00:00,0.179,11.723,44.0,0.0,24.087738
2022-11-16 18:00:00+00:00,0.178,12.523,39.0,0.0,25.277023
2022-11-16 19:00:00+00:00,0.176,13.223,37.0,0.0,23.110205
2022-11-16 20:00:00+00:00,0.175,13.373,40.0,0.0,22.226902
2022-11-16 21:00:00+00:00,0.174,13.473,39.0,0.0,21.749483
2022-11-16 22:00:00+00:00,0.173,13.073,43.0,0.0,19.652176
2022-11-16 23:00:00+00:00,0.173,12.573,44.0,0.0,13.53236
2022-11-17 00:00:00+00:00,0.169,11.323,51.0,0.0,5.8048253
2022-11-17 01:00:00+00:00,0.17,9.873,58.0,0.0,7.5685663
2022-11-17 02:00:00+00:00,0.17,9.422999,61.0,0.0,10.00256
2022-11-17 03:00:00+00:00,0.171,8.973,62.0,0.0,10.948973
2022-11-17 04:00:00+00:00,0.171,8.823,51.0,0.0,14.689588
2022-11-17 05:00:00+00:00,0.171,8.373,59.0,0.0,18.532135
2022-11-17 06:00:00+00:00,0.171,7.6730003,64.0,0.0,19.602652
2022-11-17 07:00:00+00:00,0.172,7.623,76.0,0.0,13.324863
2022-11-17 08:00:00+00:00,0.173,7.4230003,82.0,0.0,9.504273
2022-11-17 09:00:00+00:00,0.173,7.273,86.0,0.0,7.5685663
2022-11-17 10:00:00+00:00,0.174,7.823,84.0,0.0,5.2416787
2022-11-17 11:00:00+00:00,0.175,8.273,83.0,0.2,7.289444
2022-11-17 12:00:00+00:00,0.187,9.073,81.0,0.9,6.8777895
2022-11-17 13:00:00+00:00,0.198,10.373,72.0,0.1,8.0899935
2022-11-17 14:00:00+00:00,0.198,13.223,55.0,0.0,26.758923
2022-11-17 15:00:00+00:00,0.19,13.922999,47.0,0.0,35.931534
2022-11-17 16:00:00+00:00,0.188,14.172999,46.0,0.0,35.364388
2022-11-17 17:00:00+00:00,0.199,14.373,46.0,0.2,34.597477
2022-11-17 18:00:00+00:00,0.18,15.123,39.0,0.1,35.143818
2022-11-17 19:00:00+00:00,0.176,14.523,41.0,0.0,36.06474
2022-11-17 20:00:00+00:00,0.174,13.073,40.0,0.0,34.217045
2022-11-17 21:00:00+00:00,0.173,12.422999,41.0,0.0,29.88
2022-11-17 22:00:00+00:00,0.172,11.573,44.0,0.0,27.038372
2022-11-17 23:00:00+00:00,0.172,11.073,46.0,0.0,22.101183
2022-11-18 00:00:00+00:00,0.164,10.773,47.0,0.0,14.372974
2022-11-18 01:00:00+00:00,0.165,9.723,51.0,0.0,11.480557
2022-11-18 02:00:00+00:00,0.165,8.723,56.0,0.0,12.768586
2022-11-18 03:00:00+00:00,0.165,8.373,60.0,0.0,15.986593
2022-11-18 04:00:00+00:00,0.165,8.273,60.0,0.0,17.727943
2022-11-18 05:00:00+00:00,0.165,8.123,59.0,0.0,20.447239
2022-11-18 06:00:00+00:00,0.166,7.4230003,60.0,0.0,17.10284
2022-11-18 07:00:00+00:00,0.166,7.323,63.0,0.0,15.696165
2022-11-18 08:00:00+00:00,0.166,7.1730003,64.0,0.0,15.192682
2022-11-18 09:00:00+00:00,0.166,7.373,62.0,0.0,16.199999
2022-11-18 10:00:00+00:00,0.166,8.573,57.0,0.0,19.09358
2022-11-18 11:00:00+00:00,0.165,10.273,50.0,0.0,25.984919
2022-11-18 12:00:00+00:00,0.164,12.073,46.0,0.0,27.887802
2022-11-18 13:00:00+00:00,0.163,13.073,44.0,0.0,34.04808
2022-11-18 14:00:00+00:00,0.161,13.922999,42.0,0.0,37.868507
2022-11-18 15:00:00+00:00,0.16,14.422999,41.0,0.0,39.268063
2022-11-18 16:00:00+00:00,0.159,14.773,41.0,0.0,36.79756
2022-11-18 17:00:00+00:00,0.158,15.273,40.0,0.0,36.64404
2022-11-18 18:00:00+00:00,0.158,14.873,39.0,0.0,34.45484
2022-11-18 19:00:00+00:00,0.157,14.922999,40.0,0.0,33.014175
2022-11-18 20:00:00+00:00,0.157,14.873,40.0,0.0,29.168886
2022-11-18 21:00:00+00:00,0.157,14.523,41.0,0.0,28.512817
2022-11-18 22:00:00+00:00,0.157,13.623,45.0,0.0,25.600533
2022-11-18 23:00:00+00:00,0.157,13.223,46.0,0.0,23.277834
2022-11-19 00:00:00+00:00,0.154,12.623,46.0,0.0,22.493519
2022-11-19 01:00:00+00:00,0.155,11.922999,50.0,0.0,19.85556
2022-11-19 02:00:00+00:00,0.155,11.623,51.0,0.0,19.008545
2022-11-19 03:00:00+00:00,0.156,11.373,54.0,0.1,20.696087
2022-11-19 04:00:00+00:00,0.16,11.023,57.0,0.1,21.897945
2022-11-19 05:00:00+00:00,0.182,10.523,62.0,0.5,21.203358
2022-11-19 06:00:00+00:00,0.179,10.573,61.0,0.4,24.464113
2022-11-19 07:00:00+00:00,0.174,9.623,70.0,0.0,23.749088
2022-11-19 08:00:00+00:00,0.171,8.773,69.0,0.0,18.0
2022-11-19 09:00:00+00:00,0.17,8.173,62.0,0.0,20.188908
2022-11-19 10:00:00+00:00,0.169,8.023,67.0,0.0,21.933426
2022-11-19 11:00:00+00:00,0.168,8.773,62.0,0.0,24.94413
2022-11-19 12:00:00+00:00,0.167,10.273,56.0,0.0,26.544964
2022-11-19 13:00:00+00:00,0.166,11.073,50.0,0.0,27.852928
2022-11-19 14:00:00+00:00,0.168,11.422999,48.0,0.0,29.533169
2022-11-19 15:00:00+00:00,0.174,12.073,43.0,0.1,31.06239
2022-11-19 16:00:00+00:00,0.184,12.223,43.0,0.2,30.602118
2022-11-19 17:00:00+00:00,0.195,12.073,44.0,0.3,30.344814
2022-11-19 18:00:00+00:00,0.213,11.573,43.0,0.2,33.541878
2022-11-19 19:00:00+00:00,0.197,12.172999,39.0,0.0,35.016357
2022-11-19 20:00:00+00:00,0.191,11.573,39.0,0.0,33.790176
2022-11-19 21:00:00+00:00,0.187,10.723,39.0,0.0,31.52005
2022-11-19 22:00:00+00:00,0.185,10.273,38.0,0.0,29.427662
2022-11-19 23:00:00+00:00,0.183,9.573,39.0,0.0,26.661882
2022-11-20 00:00:00+00:00,0.176,8.473,42.0,0.0,23.499481
2022-11-20 01:00:00+00:00,0.175,7.4729996,49.0,0.0,20.275385
2022-11-20 02:00:00+00:00,0.175,6.6730003,57.0,0.0,20.140705
2022-11-20 03:00:00+00:00,0.174,6.2229996,62.0,0.0,22.077717
2022-11-20 04:00:00+00:00,0.174,6.123,64.0,0.0,23.34455
2022-11-20 05:00:00+00:00,0.174,5.9729996,64.0,0.0,24.86868
2022-11-20 06:00:00+00:00,0.173,6.023,62.0,0.1,25.96496
2022-11-20 07:00:00+00:00,0.173,6.023,64.0,0.0,25.620771
2022-11-20 08:00:00+00:00,0.173,6.073,66.0,0.0,26.64
2022-11-20 09:00:00+00:00,0.172,6.323,66.0,0.0,27.691935
2022-11-20 10:00:00+00:00,0.172,7.023,65.0,0.0,27.210379
2022-11-20 11:00:00+00:00,0.185,7.9729996,63.0,0.2,32.846916
2022-11-20 12:00:00+00:00,0.185,9.373,56.0,0.1,30.190672
2022-11-20 13:00:00+00:00,0.189,10.223,51.0,0.1,33.528355
2022-11-20 14:00:00+00:00,0.183,10.873,48.0,0.0,33.857227
2022-11-20 15:00:00+00:00,0.18,11.723,44.0,0.0,33.574707
2022-11-20 16:00:00+00:00,0.178,11.823,44.0,0.0,34.38895
2022-11-20 17:00:00+00:00,0.176,11.323,49.0,0.1,32.55363
2022-11-20 18:00:00+00:00,0.172,11.672999,44.0,0.0,33.75756
2022-11-20 19:00:00+00:00,0.171,11.473,46.0,0.0,33.092598
2022-11-20 20:00:00+00:00,0.171,11.523,46.0,0.0,30.244286
2022-11-20 21:00:00+00:00,0.17,11.023,50.0,0.0,30.0767
2022-11-20 22:00:00+00:00,0.17,11.223,46.0,0.0,28.766228
2022-11-20 23:00:00+00:00,0.169,10.373,50.0,0.0,25.849905
2022-11-21 00:00:00+00:00,0.167,9.523,56.0,0.0,21.313093
2022-11-21 01:00:00+00:00,0.168,8.672999,62.0,0.0,18.057508
2022-11-21 02:00:00+00:00,0.168,8.422999,64.0,0.0,17.25373
2022-11-21 03:00:00+00:00,0.168,8.273,67.0,0.0,15.617529
2022-11-21 04:00:00+00:00,0.168,7.873,70.0,0.0,14.182355
2022-11-21 05:00:00+00:00,0.168,7.2229996,74.0,0.0,11.246759
2022-11-21 06:00:00+00:00,0.168,6.273,75.0,0.0,8.905908
2022-11-21 07:00:00+00:00,0.168,5.773,77.0,0.0,10.137692
2022-11-21 08:00:00+00:00,0.169,5.523,79.0,0.0,10.495713
2022-11-21 09:00:00+00:00,0.169,5.623,78.0,0.0,9.19939
2022-11-21 10:00:00+00:00,0.169,6.9729996,70.0,0.0,10.630672
2022-11-21 11:00:00+00:00,0.168,8.422999,63.0,0.0,13.1041975
2022-11-21 12:00:00+00:00,0.167,10.273,56.0,0.0,11.841756
2022-11-21 13:00:00+00:00,0.166,11.473,48.0,0.0,13.797913
2022-11-21 14:00:00+00:00,0.165,12.473,48.0,0.1,13.679999
2022-11-21 15:00:00+00:00,0.164,13.573,45.0,0.1,22.104116
2022-11-21 16:00:00+00:00,0.168,12.672999,54.0,0.2,20.364674
2022-11-21 17:00:00+00:00,0.169,12.672999,55.0,0.1,20.188908
2022-11-21 18:00:00+00:00,0.179,12.073,61.0,0.5,17.643673
2022-11-21 19:00:00+00:00,0.191,11.473,64.0,0.4,15.856356
2022-11-21 20:00:00+00:00,0.243,11.323,71.0,1.2,16.343367
2022-11-21 21:00:00+00:00,0.24,11.523,73.0,0.5,13.979871
2022-11-21 22:00:00+00:00,0.238,12.073,74.0,0.3,15.137133
2022-11-21 23:00:00+00:00,0.233,12.473,71.0,0.1,21.638964
2022-11-22 00:00:00+00:00,0.233,12.373,70.0,0.0,27.238941
2022-11-22 01:00:00+00:00,0.226,11.873,73.0,0.0,25.11758
2022-11-22 02:00:00+00:00,0.221,11.373,75.0,0.0,22.881958
2022-11-22 03:00:00+00:00,0.218,11.073,78.0,0.0,20.056877
2022-11-22 04:00:00+00:00,0.215,10.623,79.0,0.0,18.331741
2022-11-22 05:00:00+00:00,0.212,10.023,81.0,0.0,17.418196
2022-11-22 06:00:00+00:00,0.211,9.323,80.0,0.0,15.937878
2022-11-22 07:00:00+00:00,0.209,9.023,72.0,0.0,16.87398
2022-11-22 08:00:00+00:00,0.207,8.672999,69.0,0.0,16.418526
2022-11-22 09:00:00+00:00,0.206,8.672999,69.0,0.0,15.034041
2022-11-22 10:00:00+00:00,0.205,9.172999,68.0,0.0,12.72283
2022-11-22 11:00:00+00:00,0.203,9.973,68.0,0.0,12.313894
2022-11-22 12:00:00+00:00,0.204,10.123,73.0,0.2,8.891343
2022-11-22 13:00:00+00:00,0.222,10.473,78.0,0.5,11.212135
2022-11-22 14:00:00+00:00,0.226,11.773,71.0,0.2,14.773164
2022-11-22 15:00:00+00:00,0.22,13.723,57.0,0.1,21.313093
2022-11-22 16:00:00+00:00,0.213,14.223,55.0,0.0,29.574827
2022-11-22 17:00:00+00:00,0.209,14.922999,53.0,0.0,32.06426
2022-11-22 18:00:00+00:00,0.204,16.173,48.0,0.0,32.048088
2022-11-22 19:00:00+00:00,0.206,16.473001,47.0,0.1,32.917862
2022-11-22 20:00:00+00:00,0.215,16.023,50.0,0.2,31.104082
2022-11-22 21:00:00+00:00,0.207,16.023,47.0,0.0,30.817343
2022-11-22 22:00:00+00:00,0.204,14.273,52.0,0.0,33.221584
2022-11-22 23:00:00+00:00,0.202,12.922999,55.0,0.0,33.35784
2022-11-23 00:00:00+00:00,0.192,12.623,53.0,0.0,34.06521
2022-11-23 01:00:00+00:00,0.192,11.473,57.0,0.0,31.262014
2022-11-23 02:00:00+00:00,0.191,10.473,63.0,0.0,30.070238
2022-11-23 03:00:00+00:00,0.202,9.422999,73.0,0.3,26.674032
2022-11-23 04:00:00+00:00,0.208,8.723,73.0,0.3,20.991426
2022-11-23 05:00:00+00:00,0.208,8.023,77.0,0.1,16.575644
2022-11-23 06:00:00+00:00,0.204,7.373,81.0,0.0,14.021525
2022-11-23 07:00:00+00:00,0.202,7.323,74.0,0.0,15.281989
2022-11-23 08:00:00+00:00,0.201,6.873,64.0,0.0,18.504139
2022-11-23 09:00:00+00:00,0.199,6.323,62.0,0.0,16.08761
2022-11-23 10:00:00+00:00,0.198,7.123,61.0,0.0,19.406637
2022-11-23 11:00:00+00:00,0.197,8.323,54.0,0.0,28.36471
2022-11-23 12:00:00+00:00,0.23,9.473,44.0,0.0,34.32105
2022-11-23 13:00:00+00:00,0.229,10.172999,43.0,0.0,38.175278
2022-11-23 14:00:00+00:00,0.248,10.373,50.0,0.4,36.50052
2022-11-23 15:00:00+00:00,0.265,10.573,54.0,0.7,35.069984
2022-11-23 16:00:00+00:00,0.251,11.323,48.0,0.1,36.832767
2022-11-23 17:00:00+00:00,0.245,11.773,44.0,0.0,37.066017
2022-11-23 18:00:00+00:00,0.241,11.623,39.0,0.0,36.860905
2022-11-23 19:00:00+00:00,0.238,10.473,45.0,0.0,34.746994
2022-11-23 20:00:00+00:00,0.246,9.273,51.0,0.2,33.31508
2022-11-23 21:00:00+00:00,0.24,8.773,53.0,0.0,30.05515
2022-11-23 22:00:00+00:00,0.238,8.123,54.0,0.0,28.162956
2022-11-23 23:00:00+00:00,0.236,7.773,52.0,0.0,27.021591
2022-11-24 00:00:00+00:00,0.235,6.123,60.0,0.0,27.72
2022-11-24 01:00:00+00:00,0.235,5.4230003,62.0,0.0,25.241108
2022-11-24 02:00:00+00:00,0.234,5.023,64.0,0.0,24.933735
2022-11-24 03:00:00+00:00,0.233,4.4729996,67.0,0.0,25.050413
2022-11-24 04:00:00+00:00,0.233,4.1730003,68.0,0.0,23.97989
2022-11-24 05:00:00+00:00,0.232,3.923,68.0,0.0,21.218632
2022-11-24 06:00:00+00:00,0.232,3.723,73.0,0.0,18.532133
2022-11-24 07:00:00+00:00,0.232,3.873,71.0,0.0,17.873556
2022-11-24 08:00:00+00:00,0.231,4.123,74.0,0.0,19.469976
2022-11-24 09:00:00+00:00,0.231,4.4230003,76.0,0.0,21.028437
2022-11-24 10:00:00+00:00,0.23,5.6730003,70.0,0.0,28.04305
2022-11-24 11:00:00+00:00,0.23,6.773,64.0,0.0,34.292717
2022-11-24 12:00:00+00:00,0.229,8.273,55.0,0.0,37.503983
2022-11-24 13:00:00+00:00,0.228,9.172999,51.0,0.0,39.64906
2022-11-24 14:00:00+00:00,0.227,10.023,47.0,0.0,42.12154
2022-11-24 15:00:00+00:00,0.226,10.573,48.0,0.0,42.015255
2022-11-24 16:00:00+00:00,0.225,11.223,49.0,0.1,43.952446
2022-11-24 17:00:00+00:00,0.225,10.373,55.0,0.1,43.6551
2022-11-24 18:00:00+00:00,0.224,11.422999,51.0,0.2,45.66469
2022-11-24 19:00:00+00:00,0.223,11.073,54.0,0.1,45.725666
2022-11-24 20:00:00+00:00,0.223,11.223,53.0,0.0,43.118923
2022-11-24 21:00:00+00:00,0.222,11.073,53.0,0.0,43.17149
2022-11-24 22:00:00+00:00,0.222,10.023,57.0,0.0,41.71342
2022-11-24 23:00:00+00:00,0.222,9.223,58.0,0.0,38.344646
2022-11-25 00:00:00+00:00,0.215,8.573,63.0,0.0,38.526726
2022-11-25 01:00:00+00:00,0.216,8.023,65.0,0.1,37.600616
2022-11-25 02:00:00+00:00,0.216,7.9729996,60.0,0.0,36.61573
2022-11-25 03:00:00+00:00,0.216,7.623,63.0,0.1,33.851486
2022-11-25 04:00:00+00:00,0.248,7.123,68.0,0.7,34.882866
2022-11-25 05:00:00+00:00,0.243,6.873,71.0,0.2,32.854805
2022-11-25 06:00:00+00:00,0.24,6.9729996,65.0,0.0,30.85307
2022-11-25 07:00:00+00:00,0.237,6.873,69.0,0.1,29.59235
2022-11-25 08:00:00+00:00,0.242,6.9230003,71.0,0.2,28.58545
2022-11-25 09:00:00+00:00,0.242,7.073,69.0,0.1,28.1169
2022-11-25 10:00:00+00:00,0.237,7.7229996,64.0,0.0,29.301876
2022-11-25 11:00:00+00:00,0.242,7.873,64.0,0.3,33.626774
2022-11-25 12:00:00+00:00,0.24,10.073,55.0,0.2,30.699368
2022-11-25 13:00:00+00:00,0.239,10.573,52.0,0.1,34.417206
2022-11-25 14:00:00+00:00,0.277,10.172999,57.0,0.7,37.19342
2022-11-25 15:00:00+00:00,0.277,10.723,58.0,0.5,35.97299
2022-11-25 16:00:00+00:00,0.261,11.273,51.0,0.2,33.481937
2022-11-25 17:00:00+00:00,0.268,10.623,48.0,0.4,33.40055
2022-11-25 18:00:00+00:00,0.242,11.323,40.0,0.0,36.115017
2022-11-25 19:00:00+00:00,0.246,10.773,40.0,0.2,36.115017
2022-11-25 20:00:00+00:00,0.244,10.523,39.0,0.1,36.764088
2022-11-25 21:00:00+00:00,0.243,9.422999,42.0,0.1,36.088093
2022-11-25 22:00:00+00:00,0.241,8.672999,46.0,0.0,34.651752
2022-11-25 23:00:00+00:00,0.238,7.773,48.0,0.0,33.121956
2022-11-26 00:00:00+00:00,0.238,6.373,54.0,0.0,32.04202
2022-11-26 01:00:00+00:00,0.237,5.523,57.0,0.0,30.735231
2022-11-26 02:00:00+00:00,0.236,5.1730003,60.0,0.0,29.237675
2022-11-26 03:00:00+00:00,0.236,4.873,64.0,0.0,30.36403
2022-11-26 04:00:00+00:00,0.235,4.6730003,67.0,0.0,31.427404
2022-11-26 05:00:00+00:00,0.234,4.573,69.0,0.0,30.955812
2022-11-26 06:00:00+00:00,0.234,5.023,72.0,0.0,28.817993
2022-11-26 07:00:00+00:00,0.233,5.123,70.0,0.0,30.147717
2022-11-26 08:00:00+00:00,0.233,5.2229996,70.0,0.0,30.430117
2022-11-26 09:00:00+00:00,0.233,5.4729996,69.0,0.0,30.718357
2022-11-26 10:00:00+00:00,0.232,6.2229996,66.0,0.0,36.93291
2022-11-26 11:00:00+00:00,0.232,6.773,63.0,0.1,40.78182
2022-11-26 12:00:00+00:00,0.231,8.323,56.0,0.0,37.97104
2022-11-26 13:00:00+00:00,0.23,8.723,56.0,0.1,38.687855
2022-11-26 14:00:00+00:00,0.229,9.672999,53.0,0.0,37.612675
2022-11-26 15:00:00+00:00,0.228,9.873,51.0,0.0,38.2973
2022-11-26 16:00:00+00:00,0.227,10.172999,53.0,0.1,38.268524
2022-11-26 17:00:00+00:00,0.227,10.573,53.0,0.1,36.44722
2022-11-26 18:00:00+00:00,0.226,10.873,51.0,0.0,38.921646
2022-11-26 19:00:00+00:00,0.225,10.672999,54.0,0.0,35.728977
2022-11-26 20:00:00+00:00,0.224,10.873,53.0,0.0,34.247337
2022-11-26 21:00:00+00:00,0.224,10.573,53.0,0.0,33.510952
2022-11-26 22:00:00+00:00,0.223,10.323,52.0,0.0,32.09052
2022-11-26 23:00:00+00:00,0.223,9.922999,51.0,0.0,29.598919
2022-11-27 00:00:00+00:00,0.218,9.223,52.0,0.0,27.722336
2022-11-27 01:00:00+00:00,0.218,8.373,57.0,0.0,23.893261
2022-11-27 02:00:00+00:00,0.218,7.773,59.0,0.0,21.434364
2022-11-27 03:00:00+00:00,0.219,7.323,62.0,0.0,19.734436
2022-11-27 04:00:00+00:00,0.219,6.6730003,66.0,0.0,18.899143
2022-11-27 05:00:00+00:00,0.219,6.073,70.0,0.0,17.873554
2022-11-27 06:00:00+00:00,0.219,5.273,76.0,0.0,14.917212
2022-11-27 07:00:00+00:00,0.219,4.7229996,80.0,0.0,12.074766
2022-11-27 08:00:00+00:00,0.219,4.373,84.0,0.0,10.315115
2022-11-27 09:00:00+00:00,0.22,4.623,84.0,0.0,10.086427
2022-11-27 10:00:00+00:00,0.219,5.9729996,78.0,0.0,11.384198
2022-11-27 11:00:00+00:00,0.219,8.073,65.0,0.0,15.141414
2022-11-27 12:00:00+00:00,0.218,9.973,51.0,0.0,22.007162
2022-11-27 13:00:00+00:00,0.217,11.373,45.0,0.0,22.553936
2022-11-27 14:00:00+00:00,0.215,12.773,42.0,0.0,22.668568
2022-11-27 15:00:00+00:00,0.213,13.922999,41.0,0.0,23.584808
2022-11-27 16:00:00+00:00,0.211,14.623,39.0,0.0,23.795427
2022-11-27 17:00:00+00:00,0.209,15.172999,38.0,0.0,23.087763
2022-11-27 18:00:00+00:00,0.208,16.023,36.0,0.0,22.180206
2022-11-27 19:00:00+00:00,0.207,16.323,38.0,0.0,21.194187
2022-11-27 20:00:00+00:00,0.206,16.223,39.0,0.0,21.603
2022-11-27 21:00:00+00:00,0.205,15.973,40.0,0.0,21.933426
2022-11-27 22:00:00+00:00,0.205,15.672999,39.0,0.0,20.730501
2022-11-27 23:00:00+00:00,0.205,14.922999,41.0,0.0,17.309973
2022-11-28 00:00:00+00:00,0.198,14.323,45.0,0.0,12.397806
2022-11-28 01:00:00+00:00,0.198,13.273,49.0,0.0,9.449572
2022-11-28 02:00:00+00:00,0.198,12.523,55.0,0.0,9.339208
2022-11-28 03:00:00+00:00,0.199,12.373,57.0,0.0,7.754637
2022-11-28 04:00:00+00:00,0.2,12.023,59.0,0.0,7.072878
2022-11-28 05:00:00+00:00,0.2,11.373,61.0,0.0,5.815978
2022-11-28 06:00:00+00:00,0.2,10.573,64.0,0.0,3.8773184
2022-11-28 07:00:00+00:00,0.2,10.073,66.0,0.0,2.16
2022-11-28 08:00:00+00:00,0.201,9.273,69.0,0.0,3.7585104
2022-11-28 09:00:00+00:00,0.201,8.723,72.0,0.0,2.4149535
2022-11-28 10:00:00+00:00,0.202,9.223,71.0,0.0,1.8
2022-11-28 11:00:00+00:00,0.201,10.922999,65.0,0.0,0.35999998
2022-11-28 12:00:00+00:00,0.201,12.623,64.0,0.0,6.9153743
2022-11-28 13:00:00+00:00,0.199,14.473,61.0,0.0,13.684735
2022-11-28 14:00:00+00:00,0.198,15.273,58.0,0.0,17.10284
2022-11-28 15:00:00+00:00,0.197,15.873,54.0,0.0,21.120682
2022-11-28 16:00:00+00:00,0.195,16.773,50.0,0.0,24.967497
2022-11-28 17:00:00+00:00,0.194,16.823,49.0,0.0,26.795223
2022-11-28 18:00:00+00:00,0.191,17.523,49.0,0.0,28.84721
2022-11-28 19:00:00+00:00,0.189,16.473001,52.0,0.0,29.627365
2022-11-28 20:00:00+00:00,0.189,15.073,57.0,0.0,27.598173
2022-11-28 21:00:00+00:00,0.189,15.422999,54.0,0.0,27.852928
2022-11-28 22:00:00+00:00,0.189,14.823,55.0,0.0,27.534704
2022-11-28 23:00:00+00:00,0.189,13.723,56.0,0.0,26.282463
2022-11-29 00:00:00+00:00,0.202,12.623,65.0,0.1,29.427662
2022-11-29 01:00:00+00:00,0.192,10.323,69.0,0.0,28.100763
2022-11-29 02:00:00+00:00,0.192,7.373,59.0,0.0,30.659237
2022-11-29 03:00:00+00:00,0.192,5.9230003,60.0,0.0,29.69727
2022-11-29 04:00:00+00:00,0.193,5.4230003,62.0,0.0,28.082308
2022-11-29 05:00:00+00:00,0.193,5.273,63.0,0.0,28.08923
2022-11-29 06:00:00+00:00,0.193,4.523,67.0,0.0,29.16889
2022-11-29 07:00:00+00:00,0.194,4.373,67.0,0.0,28.856194
2022-11-29 08:00:00+00:00,0.194,4.123,69.0,0.0,28.1169
2022-11-29 09:00:00+00:00,0.194,4.123,70.0,0.0,28.082308
2022-11-29 10:00:00+00:00,0.194,4.823,67.0,0.0,32.169178
2022-11-29 11:00:00+00:00,0.194,5.823,62.0,0.0,32.527744
2022-11-29 12:00:00+00:00,0.192,6.6730003,59.0,0.0,32.846916
2022-11-29 13:00:00+00:00,0.19,7.873,50.0,0.0,35.39186
2022-11-29 14:00:00+00:00,0.189,7.9230003,55.0,0.0,33.672993
2022-11-29 15:00:00+00:00,0.188,8.373,52.0,0.0,35.452232
2022-11-29 16:00:00+00:00,0.188,8.723,55.0,0.1,34.828953
2022-11-29 17:00:00+00:00,0.197,8.623,60.0,0.3,35.281837
2022-11-29 18:00:00+00:00,0.193,9.123,57.0,0.2,39.609814
2022-11-29 19:00:00+00:00,0.193,9.172999,58.0,0.1,36.80637
2022-11-29 20:00:00+00:00,0.194,9.373,58.0,0.1,38.65602
2022-11-29 21:00:00+00:00,0.193,9.223,61.0,0.1,36.0072
2022-11-29 22:00:00+00:00,0.192,9.023,61.0,0.0,34.589985
2022-11-29 23:00:00+00:00,0.191,8.223,65.0,0.0,34.07091
2022-11-30 00:00:00+00:00,0.188,7.273,67.0,0.1,35.281837
2022-11-30 01:00:00+00:00,0.189,6.4729996,73.0,0.1,32.654995
2022-11-30 02:00:00+00:00,0.193,6.2229996,74.0,0.1,33.190357
2022-11-30 03:00:00+00:00,0.193,6.073,73.0,0.1,32.058193
2022-11-30 04:00:00+00:00,0.205,5.873,77.0,0.2,31.52005
2022-11-30 05:00:00+00:00,0.202,6.123,73.0,0.0,32.587456
2022-11-30 06:00:00+00:00,0.202,5.823,74.0,0.2,31.550869
2022-11-30 07:00:00+00:00,0.209,5.823,76.0,0.2,30.222849
2022-11-30 08:00:00+00:00,0.209,6.023,76.0,0.1,29.01743
2022-11-30 09:00:00+00:00,0.206,6.2229996,72.0,0.0,31.259945
2022-11-30 10:00:00+00:00,0.204,6.773,64.0,0.0,35.63818
2022-11-30 11:00:00+00:00,0.202,7.2229996,62.0,0.0,37.550602
2022-11-30 12:00:00+00:00,0.201,8.073,58.0,0.0,37.16553
2022-11-30 13:00:00+00:00,0.199,8.473,57.0,0.0,36.764088
2022-11-30 14:00:00+00:00,0.197,9.823,50.0,0.0,38.921646
2022-11-30 15:00:00+00:00,0.195,10.172999,47.0,0.0,41.815826
2022-11-30 16:00:00+00:00,0.194,9.422999,53.0,0.1,39.70459
2022-11-30 17:00:00+00:00,0.195,9.223,56.0,0.2,38.803257
2022-11-30 18:00:00+00:00,0.194,10.523,47.0,0.0,45.05181
2022-11-30 19:00:00+00:00,0.193,9.373,56.0,0.0,43.893436
2022-11-30 20:00:00+00:00,0.194,9.172999,59.0,0.1,39.160656
2022-11-30 21:00:00+00:00,0.193,9.223,55.0,0.0,40.03938
2022-11-30 22:00:00+00:00,0.193,8.373,60.0,0.1,41.798775
2022-11-30 23:00:00+00:00,0.193,8.523,55.0,0.0,40.155735
2022-12-01 00:00:00+00:00,0.182,8.323,59.0,0.0,36.57855
2022-12-01 01:00:00+00:00,0.183,7.7229996,61.0,0.0,37.137627
2022-12-01 02:00:00+00:00,0.183,7.573,64.0,0.0,35.11061
2022-12-01 03:00:00+00:00,0.183,7.4729996,67.0,0.0,34.763775
2022-12-01 04:00:00+00:00,0.183,7.323,69.0,0.0,31.487143
2022-12-01 05:00:00+00:00,0.185,6.9729996,72.0,0.1,34.45484
2022-12-01 06:00:00+00:00,0.186,7.623,71.0,0.1,41.0621
2022-12-01 07:00:00+00:00,0.186,7.7229996,70.0,0.0,40.732533
2022-12-01 08:00:00+00:00,0.187,7.873,67.0,0.1,41.085762
2022-12-01 09:00:00+00:00,0.198,7.773,70.0,0.3,37.67637
2022-12-01 10:00:00+00:00,0.212,8.073,71.0,0.3,37.029285
2022-12-01 11:00:00+00:00,0.203,8.823,65.0,0.0,38.96158
2022-12-01 12:00:00+00:00,0.192,10.672999,58.0,0.0,44.33265
2022-12-01 13:00:00+00:00,0.191,11.422999,57.0,0.0,45.9448
2022-12-01 14:00:00+00:00,0.189,11.623,56.0,0.0,46.862267
2022-12-01 15:00:00+00:00,0.195,10.973,65.0,0.3,44.61967
2022-12-01 16:00:00+00:00,0.236,10.073,69.0,0.9,41.305977
2022-12-01 17:00:00+00:00,0.251,9.672999,71.0,0.8,39.575443
2022-12-01 18:00:00+00:00,0.257,9.323,74.0,1.0,35.110615
2022-12-01 19:00:00+00:00,0.276,9.422999,73.0,1.1,34.03476
2022-12-01 20:00:00+00:00,0.267,10.573,69.0,0.4,33.01418
2022-12-01 21:00:00+00:00,0.269,10.223,71.0,0.6,30.10685
2022-12-01 22:00:00+00:00,0.311,9.422999,79.0,1.9,23.664352
2022-12-01 23:00:00+00:00,0.329,9.073,84.0,2.1,19.770523
2022-12-02 00:00:00+00:00,0.319,9.123,83.0,1.4,18.584509
2022-12-02 01:00:00+00:00,0.299,9.373,81.0,0.2,21.382906
2022-12-02 02:00:00+00:00,0.288,9.623,81.0,0.2,21.94524
2022-12-02 03:00:00+00:00,0.278,9.973,80.0,0.0,22.545315
2022-12-02 04:00:00+00:00,0.273,10.073,82.0,0.0,25.872456
2022-12-02 05:00:00+00:00,0.269,9.672999,81.0,0.0,27.859905
2022-12-02 06:00:00+00:00,0.266,8.823,75.0,0.0,26.980793
2022-12-02 07:00:00+00:00,0.263,8.323,79.0,0.0,21.659916
2022-12-02 08:00:00+00:00,0.262,8.323,84.0,0.0,19.083395
2022-12-02 09:00:00+00:00,0.26,8.473,81.0,0.0,21.479664
2022-12-02 10:00:00+00:00,0.258,9.422999,78.0,0.0,23.47741
2022-12-02 11:00:00+00:00,0.256,10.823,71.0,0.0,28.296091
2022-12-02 12:00:00+00:00,0.254,12.323,58.0,0.1,25.460934
2022-12-02 13:00:00+00:00,0.253,13.172999,54.0,0.0,30.551254
2022-12-02 14:00:00+00:00,0.253,13.823,50.0,0.1,34.131718
2022-12-02 15:00:00+00:00,0.259,14.323,50.0,0.2,37.952263
2022-12-02 16:00:00+00:00,0.26,14.473,50.0,0.2,42.73702
2022-12-02 17:00:00+00:00,0.258,13.672999,52.0,0.2,42.505924
2022-12-02 18:00:00+00:00,0.292,12.223,62.0,1.0,41.48912
2022-12-02 19:00:00+00:00,0.272,12.473,49.0,0.3,40.691147
2022-12-02 20:00:00+00:00,0.263,11.422999,47.0,0.0,41.705654
2022-12-02 21:00:00+00:00,0.263,10.073,53.0,0.1,37.801712
2022-12-02 22:00:00+00:00,0.261,9.172999,55.0,0.1,34.207577
2022-12-02 23:00:00+00:00,0.256,7.9230003,54.0,0.0,32.91983
2022-12-03 00:00:00+00:00,0.253,6.1730003,57.0,0.0,33.933697
2022-12-03 01:00:00+00:00,0.251,5.1730003,60.0,0.0,30.676142
2022-12-03 02:00:00+00:00,0.25,4.7229996,60.0,0.0,27.36947
2022-12-03 03:00:00+00:00,0.249,4.4230003,62.0,0.0,25.006397
2022-12-03 04:00:00+00:00,0.248,4.1730003,64.0,0.0,24.36591
2022-12-03 05:00:00+00:00,0.247,3.773,66.0,0.0,23.400002
2022-12-03 06:00:00+00:00,0.246,3.723,69.0,0.0,20.275385
2022-12-03 07:00:00+00:00,0.245,3.473,71.0,0.0,19.809813
2022-12-03 08:00:00+00:00,0.244,3.273,73.0,0.0,18.720001
2022-12-03 09:00:00+00:00,0.244,3.523,72.0,0.0,20.991426
2022-12-03 10:00:00+00:00,0.243,4.623,63.0,0.0,26.072052
2022-12-03 11:00:00+00:00,0.241,5.7229996,56.0,0.0,30.312773
2022-12-03 12:00:00+00:00,0.249,6.7229996,52.0,0.0,29.723444
2022-12-03 13:00:00+00:00,0.255,7.4729996,53.0,0.3,31.875755
2022-12-03 14:00:00+00:00,0.254,8.173,50.0,0.2,31.193535
2022-12-03 15:00:00+00:00,0.256,9.273,47.0,0.2,33.3559
2022-12-03 16:00:00+00:00,0.264,9.523,45.0,0.4,33.70377
2022-12-03 17:00:00+00:00,0.267,9.473,47.0,0.4,34.17157
2022-12-03 18:00:00+00:00,0.267,10.023,44.0,0.3,35.78697
2022-12-03 19:00:00+00:00,0.268,9.922999,44.0,0.3,34.936695
2022-12-03 20:00:00+00:00,0.267,9.573,45.0,0.3,33.841915
2022-12-03 21:00:00+00:00,0.266,9.123,47.0,0.2,31.32207
2022-12-03 22:00:00+00:00,0.259,8.573,49.0,0.1,29.522196
2022-12-03 23:00:00+00:00,0.255,7.7229996,51.0,0.0,27.757376
2022-12-04 00:00:00+00:00,0.249,6.7229996,58.0,0.0,28.1169
2022-12-04 01:00:00+00:00,0.247,5.9230003,62.0,0.0,25.325686
2022-12-04 02:00:00+00:00,0.246,5.4230003,66.0,0.0,22.805367
2022-12-04 03:00:00+00:00,0.244,5.073,70.0,0.0,21.862406
2022-12-04 04:00:00+00:00,0.244,4.6730003,74.0,0.0,21.659916
2022-12-04 05:00:00+00:00,0.243,4.573,76.0,0.0,21.603
2022-12-04 06:00:00+00:00,0.242,4.6730003,74.0,0.0,19.813087
2022-12-04 07:00:00+00:00,0.241,4.7229996,77.0,0.0,20.774214
2022-12-04 08:00:00+00:00,0.241,4.7229996,79.0,0.0,19.826164
2022-12-04 09:00:00+00:00,0.24,5.023,78.0,0.0,20.570463
2022-12-04 10:00:00+00:00,0.239,5.9729996,72.0,0.0,24.696104
2022-12-04 11:00:00+00:00,0.243,6.6730003,70.0,0.1,27.475807
2022-12-04 12:00:00+00:00,0.245,8.373,62.0,0.3,31.122828
2022-12-04 13:00:00+00:00,0.267,8.823,60.0,0.9,31.981293
2022-12-04 14:00:00+00:00,0.266,9.672999,60.0,0.2,32.651028
2022-12-04 15:00:00+00:00,0.268,10.823,55.0,0.3,34.574997
2022-12-04 16:00:00+00:00,0.272,11.172999,55.0,0.5,35.603615
2022-12-04 17:00:00+00:00,0.272,11.273,55.0,0.3,36.386723
2022-12-04 18:00:00+00:00,0.297,9.922999,65.0,0.9,42.120003
2022-12-04 19:00:00+00:00,0.275,11.422999,57.0,0.1,38.82162
2022-12-04 20:00:00+00:00,0.279,10.773,58.0,0.6,38.37843
2022-12-04 21:00:00+00:00,0.28,10.172999,58.0,0.4,35.27449
2022-12-04 22:00:00+00:00,0.27,9.623,53.0,0.0,34.114628
2022-12-04 23:00:00+00:00,0.265,8.973,52.0,0.0,30.36403
2022-12-05 00:00:00+00:00,0.255,8.223,56.0,0.0,29.01743
2022-12-05 01:00:00+00:00,0.253,7.073,61.0,0.0,25.932495
2022-12-05 02:00:00+00:00,0.252,6.523,60.0,0.0,26.019806
2022-12-05 03:00:00+00:00,0.251,5.873,61.0,0.0,24.798223
2022-12-05 04:00:00+00:00,0.249,5.273,63.0,0.0,24.098497
2022-12-05 05:00:00+00:00,0.248,4.623,67.0,0.0,22.314194
2022-12-05 06:00:00+00:00,0.248,4.6730003,71.0,0.0,21.99538
2022-12-05 07:00:00+00:00,0.247,4.6730003,66.0,0.0,24.1388
2022-12-05 08:00:00+00:00,0.246,4.4230003,66.0,0.0,23.491207
2022-12-05 09:00:00+00:00,0.245,4.323,66.0,0.0,22.79684
2022-12-05 10:00:00+00:00,0.244,4.823,62.0,0.0,24.717085
2022-12-05 11:00:00+00:00,0.243,5.573,57.0,0.0,27.595823
2022-12-05 12:00:00+00:00,0.244,6.9230003,53.0,0.0,27.059933
2022-12-05 13:00:00+00:00,0.253,7.4729996,50.0,0.3,28.808998
2022-12-05 14:00:00+00:00,0.254,8.123,51.0,0.3,28.449112
2022-12-05 15:00:00+00:00,0.255,8.873,47.0,0.1,28.8
2022-12-05 16:00:00+00:00,0.252,9.273,44.0,0.1,29.16889
2022-12-05 17:00:00+00:00,0.251,9.623,44.0,0.1,28.460497
2022-12-05 18:00:00+00:00,0.253,9.922999,42.0,0.1,26.28986
2022-12-05 19:00:00+00:00,0.254,9.922999,43.0,0.2,25.325686
2022-12-05 20:00:00+00:00,0.248,9.672999,43.0,0.1,24.336637
2022-12-05 21:00:00+00:00,0.245,9.123,44.0,0.0,24.087738
2022-12-05 22:00:00+00:00,0.242,8.273,46.0,0.0,22.461807
2022-12-05 23:00:00+00:00,0.241,7.273,48.0,0.0,21.791153
2022-12-06 00:00:00+00:00,0.239,6.023,55.0,0.0,19.813087
2022-12-06 01:00:00+00:00,0.238,4.873,62.0,0.0,16.215992
2022-12-06 02:00:00+00:00,0.238,4.1730003,65.0,0.0,14.512064
2022-12-06 03:00:00+00:00,0.238,3.423,69.0,0.0,14.759999
2022-12-06 04:00:00+00:00,0.238,2.823,74.0,0.0,14.494192
2022-12-06 05:00:00+00:00,0.238,2.273,77.0,0.0,14.145756
2022-12-06 06:00:00+00:00,0.237,1.873,79.0,0.0,14.759999
2022-12-06 07:00:00+00:00,0.237,1.673,79.0,0.0,14.408997
2022-12-06 08:00:00+00:00,0.237,1.673,79.0,0.0,14.759999
2022-12-06 09:00:00+00:00,0.236,2.073,77.0,0.0,15.745627
2022-12-06 10:00:00+00:00,0.236,3.373,69.0,0.0,20.957443
2022-12-06 11:00:00+00:00,0.235,4.6730003,59.0,0.0,24.522316
2022-12-06 12:00:00+00:00,0.234,5.9230003,54.0,0.0,26.121714
2022-12-06 13:00:00+00:00,0.236,6.7229996,53.0,0.1,25.630886
2022-12-06 14:00:00+00:00,0.239,7.523,49.0,0.2,26.554728
2022-12-06 15:00:00+00:00,0.237,8.323,42.0,0.1,28.357857
2022-12-06 16:00:00+00:00,0.235,8.623,41.0,0.1,30.551254
2022-12-06 17:00:00+00:00,0.23,8.922999,39.0,0.0,30.962091
2022-12-06 18:00:00+00:00,0.226,9.123,36.0,0.0,32.385994
2022-12-06 19:00:00+00:00,0.224,8.973,36.0,0.0,31.716797
2022-12-06 20:00:00+00:00,0.222,8.723,36.0,0.0,30.589407
2022-12-06 21:00:00+00:00,0.221,8.073,37.0,0.0,29.144442
2022-12-06 22:00:00+00:00,0.221,7.373,39.0,0.0,27.381308
2022-12-06 23:00:00+00:00,0.221,6.4230003,43.0,0.0,25.40743
2022-12-07 00:00:00+00:00,0.217,4.9729996,48.0,0.0,23.688984
2022-12-07 01:00:00+00:00,0.218,3.923,54.0,0.0,20.008356
2022-12-07 02:00:00+00:00,0.218,3.223,61.0,0.0,17.673029
2022-12-07 03:00:00+00:00,0.219,2.573,67.0,0.0,17.114204
2022-12-07 04:00:00+00:00,0.219,2.023,74.0,0.0,19.137648
2022-12-07 05:00:00+00:00,0.219,1.823,76.0,0.0,19.9954
2022-12-07 06:00:00+00:00,0.22,1.423,74.0,0.0,18.161278
2022-12-07 07:00:00+00:00,0.22,1.123,76.0,0.0,18.0
2022-12-07 08:00:00+00:00,0.22,1.023,80.0,0.0,18.25026
2022-12-07 09:00:00+00:00,0.22,1.523,79.0,0.0,19.64558
2022-12-07 10:00:00+00:00,0.22,2.923,70.0,0.0,22.668568
2022-12-07 11:00:00+00:00,0.219,4.4230003,60.0,0.0,26.341572
2022-12-07 12:00:00+00:00,0.218,5.9230003,51.0,0.0,28.227306
2022-12-07 13:00:00+00:00,0.217,6.9729996,47.0,0.0,27.908709
2022-12-07 14:00:00+00:00,0.215,8.023,44.0,0.0,28.266306
2022-12-07 15:00:00+00:00,0.213,8.922999,39.0,0.0,28.71437
2022-12-07 16:00:00+00:00,0.21,9.523,37.0,0.0,28.467329
2022-12-07 17:00:00+00:00,0.208,10.422999,35.0,0.0,27.402597
2022-12-07 18:00:00+00:00,0.207,10.973,34.0,0.0,25.099514
2022-12-07 19:00:00+00:00,0.206,11.273,35.0,0.0,22.963936
2022-12-07 20:00:00+00:00,0.204,11.172999,37.0,0.0,21.188072
2022-12-07 21:00:00+00:00,0.204,10.773,38.0,0.0,19.416653
2022-12-07 22:00:00+00:00,0.203,10.073,41.0,0.0,17.727943
2022-12-07 23:00:00+00:00,0.204,9.123,42.0,0.0,15.725037
2022-12-08 00:00:00+00:00,0.205,8.023,44.0,0.0,15.175612
2022-12-08 01:00:00+00:00,0.206,6.273,53.0,0.0,9.83268
2022-12-08 02:00:00+00:00,0.207,4.823,63.0,0.0,7.072878
2022-12-08 03:00:00+00:00,0.208,3.573,71.0,0.0,6.130579
2022-12-08 04:00:00+00:00,0.209,2.623,77.0,0.0,6.162207
2022-12-08 05:00:00+00:00,0.21,1.923,81.0,0.0,5.3999996
2022-12-08 06:00:00+00:00,0.211,1.123,87.0,0.0,4.379589
2022-12-08 07:00:00+00:00,0.211,0.723,89.0,0.0,3.6
2022-12-08 08:00:00+00:00,0.212,0.273,92.0,0.0,2.968636
2022-12-08 09:00:00+00:00,0.212,0.473,91.0,0.0,2.5455842
2022-12-08 10:00:00+00:00,0.212,2.623,83.0,0.0,1.9386592
2022-12-08 11:00:00+00:00,0.211,5.4729996,65.0,0.0,2.7416782
2022-12-08 12:00:00+00:00,0.21,7.273,60.0,0.0,0.8049845
2022-12-08 13:00:00+00:00,0.209,8.373,53.0,0.0,2.16
2022-12-08 14:00:00+00:00,0.207,9.273,48.0,0.0,4.73506
2022-12-08 15:00:00+00:00,0.206,9.922999,45.0,0.0,6.9899354
2022-12-08 16:00:00+00:00,0.204,10.473,43.0,0.0,8.707238
2022-12-08 17:00:00+00:00,0.203,11.073,44.0,0.0,9.0645685
2022-12-08 18:00:00+00:00,0.202,11.672999,42.0,0.0,9.360001
2022-12-08 19:00:00+00:00,0.201,12.073,41.0,0.0,10.144082
2022-12-08 20:00:00+00:00,0.2,12.123,40.0,0.0,10.144082
2022-12-08 21:00:00+00:00,0.2,12.123,42.0,0.0,10.1887
2022-12-08 22:00:00+00:00,0.2,11.973,42.0,0.0,10.233123
2022-12-08 23:00:00+00:00,0.199,11.623,43.0,0.0,9.686609
2022-12-09 00:00:00+00:00,0.186,10.672999,50.0,0.0,5.8603754
2022-12-09 01:00:00+00:00,0.187,9.223,61.0,0.0,3.219938
2022-12-09 02:00:00+00:00,0.188,8.223,67.0,0.0,4.3498964
2022-12-09 03:00:00+00:00,0.189,6.873,71.0,0.0,6.3690495
2022-12-09 04:00:00+00:00,0.189,5.823,71.0,0.0,8.161764
2022-12-09 05:00:00+00:00,0.19,5.373,80.0,0.0,7.386582
2022-12-09 06:00:00+00:00,0.19,5.4729996,88.0,0.0,9.504273
2022-12-09 07:00:00+00:00,0.191,5.7229996,87.0,0.0,9.178235
2022-12-09 08:00:00+00:00,0.192,5.623,84.0,0.0,10.636766
2022-12-09 09:00:00+00:00,0.193,5.4230003,85.0,0.2,10.948973
2022-12-09 10:00:00+00:00,0.204,5.323,85.0,0.3,10.383987
2022-12-09 11:00:00+00:00,0.219,5.523,84.0,0.4,9.585739
2022-12-09 12:00:00+00:00,0.227,6.373,81.0,0.4,5.495161
2022-12-09 13:00:00+00:00,0.232,7.323,76.0,0.4,1.484318
2022-12-09 14:00:00+00:00,0.233,8.323,71.0,0.2,6.28713
2022-12-09 15:00:00+00:00,0.231,8.973,65.0,0.1,9.983106
2022-12-09 16:00:00+00:00,0.224,10.422999,57.0,0.0,13.661038
2022-12-09 17:00:00+00:00,0.217,11.672999,48.0,0.0,16.645864
2022-12-09 18:00:00+00:00,0.211,13.123,42.0,0.0,18.86139
2022-12-09 19:00:00+00:00,0.207,13.172999,42.0,0.0,20.447239
2022-12-09 20:00:00+00:00,0.203,13.123,42.0,0.0,21.734581
2022-12-09 21:00:00+00:00,0.2,12.523,42.0,0.0,21.261345
2022-12-09 22:00:00+00:00,0.199,11.623,45.0,0.0,20.63023
2022-12-09 23:00:00+00:00,0.198,10.473,49.0,0.0,19.652176
2022-12-10 00:00:00+00:00,0.187,9.273,51.0,0.0,18.25026
2022-12-10 01:00:00+00:00,0.187,7.6730003,57.0,0.0,16.167967
2022-12-10 02:00:00+00:00,0.188,6.4230003,62.0,0.0,15.546833
2022-12-10 03:00:00+00:00,0.188,5.373,66.0,0.0,14.764389
2022-12-10 04:00:00+00:00,0.188,4.623,68.0,0.0,14.404499
2022-12-10 05:00:00+00:00,0.189,4.023,73.0,0.0,13.698934
2022-12-10 06:00:00+00:00,0.189,3.823,79.0,0.0,13.698934
2022-12-10 07:00:00+00:00,0.189,3.523,78.0,0.0,13.004921
2022-12-10 08:00:00+00:00,0.189,3.123,79.0,0.0,11.966953
2022-12-10 09:00:00+00:00,0.19,3.323,80.0,0.0,11.570515
2022-12-10 10:00:00+00:00,0.189,5.123,72.0,0.0,14.113653
2022-12-10 11:00:00+00:00,0.189,7.2229996,61.0,0.0,19.242327
2022-12-10 12:00:00+00:00,0.187,8.623,49.0,0.0,20.447239
2022-12-10 13:00:00+00:00,0.186,9.473,45.0,0.0,22.057161
2022-12-10 14:00:00+00:00,0.184,10.672999,41.0,0.0,24.312662
2022-12-10 15:00:00+00:00,0.181,11.573,39.0,0.0,26.407907
2022-12-10 16:00:00+00:00,0.179,12.073,38.0,0.0,28.657898
2022-12-10 17:00:00+00:00,0.176,12.573,38.0,0.0,29.62518
2022-12-10 18:00:00+00:00,0.174,12.823,39.0,0.0,30.121912
2022-12-10 19:00:00+00:00,0.173,12.573,40.0,0.0,29.354902
2022-12-10 20:00:00+00:00,0.171,12.573,39.0,0.0,28.412645
2022-12-10 21:00:00+00:00,0.171,12.323,41.0,0.0,26.564486
2022-12-10 22:00:00+00:00,0.17,11.422999,44.0,0.0,25.772078
2022-12-10 23:00:00+00:00,0.171,10.323,49.0,0.0,24.149532
2022-12-11 00:00:00+00:00,0.16,9.422999,51.0,0.0,21.749481
2022-12-11 01:00:00+00:00,0.161,7.9729996,59.0,0.0,18.345877
2022-12-11 02:00:00+00:00,0.162,6.823,67.0,0.0,14.917212
2022-12-11 03:00:00+00:00,0.163,5.823,73.0,0.0,11.928989
2022-12-11 04:00:00+00:00,0.164,5.2229996,76.0,0.0,10.105681
2022-12-11 05:00:00+00:00,0.165,4.623,79.0,0.0,8.647496
2022-12-11 06:00:00+00:00,0.165,4.273,81.0,0.0,10.105681
2022-12-11 07:00:00+00:00,0.166,3.573,84.0,0.0,8.28
2022-12-11 08:00:00+00:00,0.167,3.023,88.0,0.0,7.5685663
2022-12-11 09:00:00+00:00,0.167,3.323,87.0,0.0,7.2359104
2022-12-11 10:00:00+00:00,0.167,5.823,76.0,0.0,9.47012
2022-12-11 11:00:00+00:00,0.167,8.123,65.0,0.0,12.6462
2022-12-11 12:00:00+00:00,0.166,9.973,58.0,0.0,11.440979
2022-12-11 13:00:00+00:00,0.164,11.223,50.0,0.0,8.699793
2022-12-11 14:00:00+00:00,0.162,11.922999,47.0,0.0,9.114471
2022-12-11 15:00:00+00:00,0.161,12.123,45.0,0.0,11.874544
2022-12-11 16:00:00+00:00,0.16,13.123,41.0,0.0,14.799459
2022-12-11 17:00:00+00:00,0.158,13.823,39.0,0.0,16.981165
2022-12-11 18:00:00+00:00,0.156,14.273,38.0,0.0,17.709658
2022-12-11 19:00:00+00:00,0.154,14.373,37.0,0.0,18.057508
2022-12-11 20:00:00+00:00,0.153,14.023,40.0,0.0,19.592731
2022-12-11 21:00:00+00:00,0.152,13.672999,39.0,0.0,18.057508
2022-12-11 22:00:00+00:00,0.152,13.223,39.0,0.0,15.646544
2022-12-11 23:00:00+00:00,0.152,12.573,42.0,0.0,11.177405
2022-12-12 00:00:00+00:00,0.144,11.623,44.0,0.0,10.08
2022-12-12 01:00:00+00:00,0.145,10.223,52.0,0.0,7.072878
2022-12-12 02:00:00+00:00,0.146,9.172999,59.0,0.0,6.830519
2022-12-12 03:00:00+00:00,0.148,8.623,69.0,0.2,10.829959
2022-12-12 04:00:00+00:00,0.173,7.773,80.0,0.6,11.5199995
2022-12-12 05:00:00+00:00,0.188,7.323,82.0,0.2,7.729527
2022-12-12 06:00:00+00:00,0.167,6.823,82.0,0.0,8.587338
2022-12-12 07:00:00+00:00,0.166,6.2229996,83.0,0.0,9.19939
2022-12-12 08:00:00+00:00,0.166,5.7229996,86.0,0.1,9.227524
2022-12-12 09:00:00+00:00,0.183,6.2229996,89.0,0.4,9.659814
2022-12-12 10:00:00+00:00,0.186,7.323,85.0,0.0,14.578888
2022-12-12 11:00:00+00:00,0.185,8.623,75.0,0.0,19.770523
2022-12-12 12:00:00+00:00,0.181,9.172999,70.0,0.0,21.2522
2022-12-12 13:00:00+00:00,0.171,10.672999,57.0,0.0,21.26744
2022-12-12 14:00:00+00:00,0.167,11.823,49.0,0.0,19.917469
2022-12-12 15:00:00+00:00,0.164,12.123,46.0,0.0,18.532133
2022-12-12 16:00:00+00:00,0.162,11.973,45.0,0.0,18.129137
2022-12-12 17:00:00+00:00,0.168,10.422999,56.0,0.4,16.56
2022-12-12 18:00:00+00:00,0.181,10.172999,63.0,0.7,12.181625
2022-12-12 19:00:00+00:00,0.214,9.573,69.0,0.8,10.233123
2022-12-12 20:00:00+00:00,0.218,9.823,70.0,0.4,10.948973
2022-12-12 21:00:00+00:00,0.227,9.523,74.0,0.4,13.276144
2022-12-12 22:00:00+00:00,0.227,9.422999,75.0,0.3,12.7279215
2022-12-12 23:00:00+00:00,0.226,9.172999,76.0,0.2,12.475961
2022-12-13 00:00:00+00:00,0.229,9.273,84.0,0.5,8.854829
2022-12-13 01:00:00+00:00,0.23,9.023,87.0,0.2,9.449572
2022-12-13 02:00:00+00:00,0.23,9.073,83.0,0.1,15.192682
2022-12-13 03:00:00+00:00,0.226,8.723,70.0,0.0,25.683926
2022-12-13 04:00:00+00:00,0.218,7.523,66.0,0.0,27.397867
2022-12-13 05:00:00+00:00,0.213,6.573,68.0,0.0,22.7057
2022-12-13 06:00:00+00:00,0.212,6.1730003,74.0,0.0,16.575644
2022-12-13 07:00:00+00:00,0.209,5.9230003,76.0,0.0,15.517629
2022-12-13 08:00:00+00:00,0.207,5.9729996,74.0,0.0,16.23596
2022-12-13 09:00:00+00:00,0.205,6.273,72.0,0.0,16.700275
2022-12-13 10:00:00+00:00,0.202,7.2229996,66.0,0.0,20.969805
2022-12-13 11:00:00+00:00,0.2,8.023,58.0,0.0,25.699057
2022-12-13 12:00:00+00:00,0.195,9.473,50.0,0.0,31.731092
2022-12-13 13:00:00+00:00,0.193,10.073,49.0,0.0,31.68818
2022-12-13 14:00:00+00:00,0.189,11.323,45.0,0.0,31.682047
2022-12-13 15:00:00+00:00,0.193,11.473,45.0,0.1,32.76791
2022-12-13 16:00:00+00:00,0.204,11.473,46.0,0.3,32.91983
2022-12-13 17:00:00+00:00,0.201,11.273,45.0,0.2,33.617138
2022-12-13 18:00:00+00:00,0.211,11.373,41.0,0.0,33.190357
2022-12-13 19:00:00+00:00,0.204,11.273,39.0,0.0,31.427404
2022-12-13 20:00:00+00:00,0.2,10.672999,41.0,0.0,30.0767
2022-12-13 21:00:00+00:00,0.196,10.172999,43.0,0.0,28.766228
2022-12-13 22:00:00+00:00,0.194,9.523,45.0,0.0,26.576681
2022-12-13 23:00:00+00:00,0.193,8.672999,49.0,0.0,25.006397
2022-12-14 00:00:00+00:00,0.191,7.6730003,53.0,0.0,20.633371
2022-12-14 01:00:00+00:00,0.19,6.573,58.0,0.0,17.643673
2022-12-14 02:00:00+00:00,0.19,5.9230003,62.0,0.0,16.23596
2022-12-14 03:00:00+00:00,0.19,5.273,65.0,0.0,14.264361
2022-12-14 04:00:00+00:00,0.189,4.523,70.0,0.0,11.966953
2022-12-14 05:00:00+00:00,0.189,3.773,75.0,0.0,9.83268
2022-12-14 06:00:00+00:00,0.189,3.223,79.0,0.0,10.365251
2022-12-14 07:00:00+00:00,0.189,3.073,83.0,0.0,9.693296
2022-12-14 08:00:00+00:00,0.189,3.023,83.0,0.0,9.659814
2022-12-14 09:00:00+00:00,0.189,3.523,80.0,0.0,9.19939
2022-12-14 10:00:00+00:00,0.189,5.373,75.0,0.0,10.805998
2022-12-14 11:00:00+00:00,0.188,7.273,65.0,0.0,20.150354
2022-12-14 12:00:00+00:00,0.195,8.023,63.0,0.1,18.720001
2022-12-14 13:00:00+00:00,0.209,8.922999,58.0,0.3,19.855558
2022-12-14 14:00:00+00:00,0.22,9.223,59.0,0.4,21.273533
2022-12-14 15:00:00+00:00,0.227,10.223,56.0,0.4,20.858265
2022-12-14 16:00:00+00:00,0.223,11.723,51.0,0.2,21.868332
2022-12-14 17:00:00+00:00,0.226,11.873,50.0,0.2,24.144167
2022-12-14 18:00:00+00:00,0.216,12.172999,45.0,0.0,26.932714
2022-12-14 19:00:00+00:00,0.228,11.823,45.0,0.4,29.899511
2022-12-14 20:00:00+00:00,0.218,11.373,43.0,0.0,29.533169
2022-12-14 21:00:00+00:00,0.212,11.023,41.0,0.0,28.30983
2022-12-14 22:00:00+00:00,0.209,10.223,44.0,0.0,27.193705
2022-12-14 23:00:00+00:00,0.206,9.172999,50.0,0.0,25.277023
2022-12-15 00:00:00+00:00,0.203,8.422999,52.0,0.0,23.795427
2022-12-15 01:00:00+00:00,0.202,7.4729996,55.0,0.0,19.134262
2022-12-15 02:00:00+00:00,0.201,7.123,60.0,0.0,15.496736
2022-12-15 03:00:00+00:00,0.2,6.823,66.0,0.0,13.797913
2022-12-15 04:00:00+00:00,0.199,6.4729996,74.0,0.0,14.578888
2022-12-15 05:00:00+00:00,0.198,6.2229996,78.0,0.0,14.707222
2022-12-15 06:00:00+00:00,0.198,5.9230003,79.0,0.0,14.386494
2022-12-15 07:00:00+00:00,0.198,6.4230003,81.0,0.1,14.973577
2022-12-15 08:00:00+00:00,0.199,6.573,79.0,0.1,15.629971
2022-12-15 09:00:00+00:00,0.201,6.873,81.0,0.1,15.459054
2022-12-15 10:00:00+00:00,0.203,7.623,80.0,0.1,16.299694
2022-12-15 11:00:00+00:00,0.205,8.723,75.0,0.0,21.261345
2022-12-15 12:00:00+00:00,0.2,10.473,65.0,0.1,24.379204
2022-12-15 13:00:00+00:00,0.199,11.273,64.0,0.0,25.630886
2022-12-15 14:00:00+00:00,0.197,12.023,61.0,0.0,24.216522
2022-12-15 15:00:00+00:00,0.195,13.323,57.0,0.0,26.882141
2022-12-15 16:00:00+00:00,0.196,13.323,61.0,0.2,25.812277
2022-12-15 17:00:00+00:00,0.195,14.223,58.0,0.0,25.099514
2022-12-15 18:00:00+00:00,0.191,15.023,53.0,0.0,26.168804
2022-12-15 19:00:00+00:00,0.19,15.823,51.0,0.0,27.36947
2022-12-15 20:00:00+00:00,0.188,15.723,50.0,0.0,27.551172
2022-12-15 21:00:00+00:00,0.187,14.623,53.0,0.0,23.576563
2022-12-15 22:00:00+00:00,0.186,13.672999,58.0,0.0,20.163212
2022-12-15 23:00:00+00:00,0.186,12.973,64.0,0.0,17.811815
2022-12-16 00:00:00+00:00,0.182,12.672999,71.0,0.1,13.089354
2022-12-16 01:00:00+00:00,0.182,11.973,77.0,0.1,14.05845
2022-12-16 02:00:00+00:00,0.182,11.373,83.0,0.0,14.021525
2022-12-16 03:00:00+00:00,0.182,11.223,82.0,0.0,17.377226
2022-12-16 04:00:00+00:00,0.182,11.273,80.0,0.0,19.376562
2022-12-16 05:00:00+00:00,0.182,11.373,79.0,0.0,20.073025
2022-12-16 06:00:00+00:00,0.182,11.422999,75.0,0.0,18.775303
2022-12-16 07:00:00+00:00,0.182,11.473,74.0,0.0,18.58451
2022-12-16 08:00:00+00:00,0.182,11.523,72.0,0.0,18.532135
2022-12-16 09:00:00+00:00,0.181,11.473,72.0,0.0,17.782686
2022-12-16 10:00:00+00:00,0.181,11.723,73.0,0.1,19.171478
2022-12-16 11:00:00+00:00,0.19,11.973,74.0,0.3,20.08916
2022-12-16 12:00:00+00:00,0.204,13.172999,69.0,0.3,20.65848
2022-12-16 13:00:00+00:00,0.214,13.323,70.0,0.5,18.11841
2022-12-16 14:00:00+00:00,0.243,13.172999,73.0,1.0,16.595179
2022-12-16 15:00:00+00:00,0.279,13.123,76.0,1.5,18.416384
2022-12-16 16:00:00+00:00,0.284,13.323,75.0,1.0,16.981165
2022-12-16 17:00:00+00:00,0.274,13.922999,73.0,0.4,17.64
2022-12-16 18:00:00+00:00,0.282,14.273,72.0,0.4,19.13426
2022-12-16 19:00:00+00:00,0.278,14.922999,71.0,0.6,17.418196
2022-12-16 20:00:00+00:00,0.286,15.123,73.0,0.9,18.35647
2022-12-16 21:00:00+00:00,0.29,14.523,73.0,0.8,18.171976
2022-12-16 22:00:00+00:00,0.295,13.823,78.0,0.9,15.192682
2022-12-16 23:00:00+00:00,0.299,13.273,81.0,0.9,12.287555
2022-12-17 00:00:00+00:00,0.3,13.073,81.0,0.8,12.413477
2022-12-17 01:00:00+00:00,0.3,12.873,78.0,0.5,16.08761
2022-12-17 02:00:00+00:00,0.296,12.573,77.0,0.4,17.373497
2022-12-17 03:00:00+00:00,0.29,12.123,76.0,0.2,18.218275
2022-12-17 04:00:00+00:00,0.283,11.773,75.0,0.1,21.096123
2022-12-17 05:00:00+00:00,0.276,11.323,70.0,0.0,25.537172
2022-12-17 06:00:00+00:00,0.273,10.573,68.0,0.0,26.474077
2022-12-17 07:00:00+00:00,0.27,9.623,70.0,0.0,23.667091
2022-12-17 08:00:00+00:00,0.267,8.922999,74.0,0.0,21.325253
2022-12-17 09:00:00+00:00,0.264,8.922999,75.0,0.0,22.702845
2022-12-17 10:00:00+00:00,0.261,9.573,71.0,0.0,25.630886
2022-12-17 11:00:00+00:00,0.258,10.323,66.0,0.0,27.343414
2022-12-17 12:00:00+00:00,0.256,11.023,58.0,0.0,27.0024
2022-12-17 13:00:00+00:00,0.252,12.023,51.0,0.0,27.009598
2022-12-17 14:00:00+00:00,0.252,11.823,52.0,0.0,27.729347
2022-12-17 15:00:00+00:00,0.263,11.773,52.0,0.5,25.922499
2022-12-17 16:00:00+00:00,0.255,13.023,43.0,0.0,27.117346
2022-12-17 17:00:00+00:00,0.25,12.623,41.0,0.0,27.193705
2022-12-17 18:00:00+00:00,0.242,12.773,43.0,0.0,29.168886
2022-12-17 19:00:00+00:00,0.24,12.823,43.0,0.0,28.291512
2022-12-17 20:00:00+00:00,0.238,12.922999,42.0,0.0,28.820242
2022-12-17 21:00:00+00:00,0.236,12.273,46.0,0.0,28.33957
2022-12-17 22:00:00+00:00,0.235,11.523,52.0,0.0,28.01531
2022-12-17 23:00:00+00:00,0.234,11.023,55.0,0.0,30.267845
2022-12-18 00:00:00+00:00,0.236,10.323,60.0,0.0,25.762016
2022-12-18 01:00:00+00:00,0.237,9.523,65.0,0.1,24.26998
2022-12-18 02:00:00+00:00,0.235,9.223,65.0,0.0,23.277834
2022-12-18 03:00:00+00:00,0.234,8.873,66.0,0.0,23.185787
2022-12-18 04:00:00+00:00,0.233,8.523,69.0,0.0,20.46941
2022-12-18 05:00:00+00:00,0.232,8.573,68.0,0.0,20.63023
2022-12-18 06:00:00+00:00,0.232,8.273,70.0,0.0,21.659916
2022-12-18 07:00:00+00:00,0.231,7.9729996,74.0,0.0,20.150354
2022-12-18 08:00:00+00:00,0.23,7.373,78.0,0.0,18.671474
2022-12-18 09:00:00+00:00,0.229,7.2229996,76.0,0.0,19.721298
2022-12-18 10:00:00+00:00,0.229,7.523,72.0,0.0,22.086521
2022-12-18 11:00:00+00:00,0.227,8.573,59.0,0.0,23.688984
2022-12-18 12:00:00+00:00,0.226,10.023,49.0,0.0,24.387177
2022-12-18 13:00:00+00:00,0.224,10.573,47.0,0.0,24.29133
2022-12-18 14:00:00+00:00,0.222,11.422999,42.0,0.0,23.499481
2022-12-18 15:00:00+00:00,0.22,11.573,39.0,0.0,24.933735
2022-12-18 16:00:00+00:00,0.219,11.273,41.0,0.0,26.302181
2022-12-18 17:00:00+00:00,0.218,11.573,42.0,0.0,25.60053
2022-12-18 18:00:00+00:00,0.216,12.223,40.0,0.0,24.122683
2022-12-18 19:00:00+00:00,0.215,12.523,41.0,0.0,24.482647
2022-12-18 20:00:00+00:00,0.213,13.422999,39.0,0.0,23.042812
2022-12-18 21:00:00+00:00,0.212,13.723,35.0,0.0,22.751316
2022-12-18 22:00:00+00:00,0.211,13.172999,36.0,0.0,21.605999
2022-12-18 23:00:00+00:00,0.21,12.473,39.0,0.0,20.898611
2022-12-19 00:00:00+00:00,0.199,11.473,45.0,0.0,16.039202
2022-12-19 01:00:00+00:00,0.199,10.623,50.0,0.0,11.043261
2022-12-19 02:00:00+00:00,0.199,9.422999,56.0,0.0,8.161764
2022-12-19 03:00:00+00:00,0.199,8.422999,64.0,0.0,8.669949
2022-12-19 04:00:00+00:00,0.2,8.073,69.0,0.0,9.422101
2022-12-19 05:00:00+00:00,0.2,8.123,71.0,0.0,10.296251
2022-12-19 06:00:00+00:00,0.201,8.422999,73.0,0.0,13.584932
2022-12-19 07:00:00+00:00,0.2,8.672999,68.0,0.0,18.193361
2022-12-19 08:00:00+00:00,0.2,8.473,71.0,0.0,16.923828
2022-12-19 09:00:00+00:00,0.2,8.823,72.0,0.0,15.778518
2022-12-19 10:00:00+00:00,0.199,9.773,68.0,0.0,16.263872
2022-12-19 11:00:00+00:00,0.199,10.922999,62.0,0.0,20.65848
2022-12-19 12:00:00+00:00,0.198,11.672999,54.0,0.0,19.296133
2022-12-19 13:00:00+00:00,0.196,12.922999,48.0,0.0,21.129885
2022-12-19 14:00:00+00:00,0.195,13.873,44.0,0.0,21.841648
2022-12-19 15:00:00+00:00,0.194,14.223,43.0,0.0,22.380884
2022-12-19 16:00:00+00:00,0.192,15.073,41.0,0.0,21.129883
2022-12-19 17:00:00+00:00,0.191,15.672999,39.0,0.0,21.629978
2022-12-19 18:00:00+00:00,0.189,16.073,39.0,0.0,20.966715
2022-12-19 19:00:00+00:00,0.188,16.023,42.0,0.0,20.858265
2022-12-19 20:00:00+00:00,0.187,16.273,43.0,0.0,19.191748
2022-12-19 21:00:00+00:00,0.186,16.723001,42.0,0.0,18.35647
2022-12-19 22:00:00+00:00,0.185,16.923,40.0,0.0,18.057508
2022-12-19 23:00:00+00:00,0.185,16.373001,43.0,0.0,13.797913
2022-12-20 00:00:00+00:00,0.182,15.773,46.0,0.0,9.504272
2022-12-20 01:00:00+00:00,0.182,14.073,53.0,0.0,6.9153743
2022-12-20 02:00:00+00:00,0.183,12.723,60.0,0.0,5.991594
2022-12-20 03:00:00+00:00,0.183,12.023,64.0,0.0,4.1046314
2022-12-20 04:00:00+00:00,0.183,11.073,69.0,0.0,3.8773184
2022-12-20 05:00:00+00:00,0.184,10.422999,73.0,0.0,2.5959969
2022-12-20 06:00:00+00:00,0.185,9.473,75.0,0.0,1.8
2022-12-20 07:00:00+00:00,0.185,8.973,76.0,0.0,1.08
2022-12-20 08:00:00+00:00,0.185,8.773,78.0,0.0,2.3051248
2022-12-20 09:00:00+00:00,0.186,9.023,79.0,0.0,1.835647
2022-12-20 10:00:00+00:00,0.186,9.623,80.0,0.0,2.3051248
2022-12-20 11:00:00+00:00,0.186,11.023,75.0,0.0,3.6179552
2022-12-20 12:00:00+00:00,0.184,13.623,62.0,0.0,7.754637
2022-12-20 13:00:00+00:00,0.183,14.723,46.0,0.0,14.113652
2022-12-20 14:00:00+00:00,0.181,15.473,42.0,0.0,16.179987
2022-12-20 15:00:00+00:00,0.178,17.023,39.0,0.0,15.463246
2022-12-20 16:00:00+00:00,0.175,17.873001,39.0,0.0,15.192682
2022-12-20 17:00:00+00:00,0.172,18.323,37.0,0.0,15.39184
2022-12-20 18:00:00+00:00,0.17,19.223001,34.0,0.0,18.94024
2022-12-20 19:00:00+00:00,0.168,19.523,32.0,0.0,17.414476
2022-12-20 20:00:00+00:00,0.166,19.723001,31.0,0.0,14.973576
2022-12-20 21:00:00+00:00,0.165,19.773,31.0,0.0,13.397612
2022-12-20 22:00:00+00:00,0.164,19.273,34.0,0.0,13.324863
2022-12-20 23:00:00+00:00,0.164,18.423,36.0,0.0,9.72
2022-12-21 00:00:00+00:00,0.168,17.573,39.0,0.0,5.95906
2022-12-21 01:00:00+00:00,0.169,15.873,48.0,0.0,4.452954
2022-12-21 02:00:00+00:00,0.17,14.723,52.0,0.0,5.1544156
2022-12-21 03:00:00+00:00,0.171,14.123,55.0,0.0,3.96
2022-12-21 04:00:00+00:00,0.172,13.023,59.0,0.0,3.8939953
2022-12-21 05:00:00+00:00,0.172,11.873,63.0,0.0,4.2136917
2022-12-21 06:00:00+00:00,0.173,10.273,71.0,0.0,7.771331
2022-12-21 07:00:00+00:00,0.173,9.723,79.0,0.0,11.631956
2022-12-21 08:00:00+00:00,0.174,8.672999,89.0,0.0,12.303366
2022-12-21 09:00:00+00:00,0.174,8.422999,90.0,0.0,13.237039
2022-12-21 10:00:00+00:00,0.175,9.323,83.0,0.0,15.827721
2022-12-21 11:00:00+00:00,0.174,10.773,75.0,0.0,16.343367
2022-12-21 12:00:00+00:00,0.174,12.023,73.0,0.0,17.015474
2022-12-21 13:00:00+00:00,0.173,13.573,71.0,0.0,18.35647
2022-12-21 14:00:00+00:00,0.172,13.623,75.0,0.0,15.629971
2022-12-21 15:00:00+00:00,0.174,12.672999,85.0,0.0,11.440979
2022-12-21 16:00:00+00:00,0.222,13.773,82.0,1.3,6.28713
2022-12-21 17:00:00+00:00,0.236,14.422999,82.0,0.9,4.3349743
2022-12-21 18:00:00+00:00,0.194,14.973,79.0,0.0,5.0142193
2022-12-21 19:00:00+00:00,0.226,15.073,81.0,0.9,3.396233
2022-12-21 20:00:00+00:00,0.229,15.723,78.0,0.4,4.379589
2022-12-21 21:00:00+00:00,0.219,16.873001,73.0,0.0,1.8
2022-12-21 22:00:00+00:00,0.212,17.323,71.0,0.0,3.396233
2022-12-21 23:00:00+00:00,0.207,17.273,71.0,0.0,1.8
2022-12-22 00:00:00+00:00,0.218,15.523,86.0,0.1,8.587338
2022-12-22 01:00:00+00:00,0.241,13.823,95.0,0.7,8.373386
2022-12-22 02:00:00+00:00,0.243,12.873,96.0,0.2,6.924738
2022-12-22 03:00:00+00:00,0.238,12.172999,97.0,0.0,5.4119864
2022-12-22 04:00:00+00:00,0.235,11.773,99.0,0.0,6.924738
2022-12-22 05:00:00+00:00,0.232,11.573,99.0,0.0,7.6367526
2022-12-22 06:00:00+00:00,0.225,10.672999,99.0,0.0,8.350138
2022-12-22 07:00:00+00:00,0.226,10.473,99.0,0.0,11.252519
2022-12-22 08:00:00+00:00,0.226,9.973,100.0,0.0,13.138765
2022-12-22 09:00:00+00:00,0.227,9.723,100.0,0.1,14.685176
2022-12-22 10:00:00+00:00,0.225,9.773,100.0,0.0,14.764389
2022-12-22 11:00:00+00:00,0.223,9.973,100.0,0.0,15.137133
2022-12-22 12:00:00+00:00,0.222,10.123,98.0,0.0,17.81909
2022-12-22 13:00:00+00:00,0.222,10.672999,95.0,0.0,19.829433
2022-12-22 14:00:00+00:00,0.221,11.773,87.0,0.0,20.570463
2022-12-22 15:00:00+00:00,0.219,12.473,84.0,0.0,20.240196
2022-12-22 16:00:00+00:00,0.218,13.323,80.0,0.0,18.888851
2022-12-22 17:00:00+00:00,0.217,14.323,77.0,0.0,18.64369
2022-12-22 18:00:00+00:00,0.215,15.273,73.0,0.0,15.778518
2022-12-22 19:00:00+00:00,0.213,15.523,72.0,0.0,9.178235
2022-12-22 20:00:00+00:00,0.242,16.423,67.0,0.8,1.2979984
2022-12-22 21:00:00+00:00,0.254,16.123001,70.0,0.3,7.7043357
2022-12-22 22:00:00+00:00,0.307,14.422999,81.0,1.8,19.319628
2022-12-22 23:00:00+00:00,0.276,13.323,74.0,0.2,23.83896
2022-12-23 00:00:00+00:00,0.266,13.073,78.0,0.0,21.53089
2022-12-23 01:00:00+00:00,0.257,11.422999,78.0,0.0,20.730501
2022-12-23 02:00:00+00:00,0.252,10.573,81.0,0.0,18.899143
2022-12-23 03:00:00+00:00,0.248,10.823,82.0,0.0,18.345877
2022-12-23 04:00:00+00:00,0.245,10.922999,83.0,0.0,15.629972
2022-12-23 05:00:00+00:00,0.243,10.873,77.0,0.0,24.087738
2022-12-23 06:00:00+00:00,0.28,10.422999,87.0,0.6,17.015474
2022-12-23 07:00:00+00:00,0.285,10.172999,81.0,1.0,21.096123
2022-12-23 08:00:00+00:00,0.288,9.723,79.0,0.6,21.120682
2022-12-23 09:00:00+00:00,0.285,9.172999,74.0,0.5,18.556595
2022-12-23 10:00:00+00:00,0.275,9.523,68.0,0.1,19.33639
2022-12-23 11:00:00+00:00,0.266,9.523,63.0,0.0,22.59699
2022-12-23 12:00:00+00:00,0.261,9.172999,60.0,0.0,22.884789
2022-12-23 13:00:00+00:00,0.257,9.422999,56.0,0.0,25.537172
2022-12-23 14:00:00+00:00,0.253,10.223,48.0,0.0,25.49908
2022-12-23 15:00:00+00:00,0.25,10.223,44.0,0.0,27.859905
2022-12-23 16:00:00+00:00,0.245,11.672999,38.0,0.0,30.376833
2022-12-23 17:00:00+00:00,0.241,12.073,36.0,0.0,30.05515
2022-12-23 18:00:00+00:00,0.235,12.323,38.0,0.0,27.666182
2022-12-23 19:00:00+00:00,0.232,12.273,39.0,0.0,27.169865
2022-12-23 20:00:00+00:00,0.229,11.922999,40.0,0.0,26.302181
2022-12-23 21:00:00+00:00,0.227,11.473,42.0,0.0,25.140787
2022-12-23 22:00:00+00:00,0.226,11.073,42.0,0.0,24.312662
2022-12-23 23:00:00+00:00,0.225,10.373,45.0,0.0,22.73707
2022-12-24 00:00:00+00:00,0.22,9.523,46.0,0.0,20.393293
2022-12-24 01:00:00+00:00,0.22,8.723,54.0,0.0,14.264361
2022-12-24 02:00:00+00:00,0.221,8.373,63.0,0.0,11.570515
2022-12-24 03:00:00+00:00,0.221,8.773,69.0,0.0,11.384199
2022-12-24 04:00:00+00:00,0.221,9.023,72.0,0.0,11.592895
2022-12-24 05:00:00+00:00,0.221,9.023,77.0,0.0,11.298495
2022-12-24 06:00:00+00:00,0.222,8.973,79.0,0.0,11.983188
2022-12-24 07:00:00+00:00,0.222,9.123,79.0,0.0,11.298495
2022-12-24 08:00:00+00:00,0.222,9.123,84.0,0.1,10.966713
2022-12-24 09:00:00+00:00,0.222,9.373,86.0,0.0,11.27553
2022-12-24 10:00:00+00:00,0.223,9.823,85.0,0.0,12.397806
2022-12-24 11:00:00+00:00,0.222,10.273,84.0,0.0,14.84318
2022-12-24 12:00:00+00:00,0.221,11.123,82.0,0.0,14.039999
2022-12-24 13:00:00+00:00,0.22,11.523,80.0,0.0,15.256526
2022-12-24 14:00:00+00:00,0.219,12.323,77.0,0.0,19.211996
2022-12-24 15:00:00+00:00,0.218,12.922999,75.0,0.0,22.45315
2022-12-24 16:00:00+00:00,0.216,14.523,68.0,0.0,27.77838
2022-12-24 17:00:00+00:00,0.214,15.273,65.0,0.0,30.018473
2022-12-24 18:00:00+00:00,0.213,15.172999,57.0,0.0,33.40055
2022-12-24 19:00:00+00:00,0.21,15.422999,43.0,0.0,34.94968
2022-12-24 20:00:00+00:00,0.207,14.123,46.0,0.0,35.39186
2022-12-24 21:00:00+00:00,0.206,13.123,51.0,0.0,33.202072
2022-12-24 22:00:00+00:00,0.206,11.823,57.0,0.0,32.37999
2022-12-24 23:00:00+00:00,0.206,10.873,61.0,0.0,29.5551
2022-12-25 00:00:00+00:00,0.2,10.473,62.0,0.0,28.1169
2022-12-25 01:00:00+00:00,0.201,9.672999,68.0,0.0,29.522196
2022-12-25 02:00:00+00:00,0.201,9.023,72.0,0.0,28.442278
2022-12-25 03:00:00+00:00,0.202,8.623,72.0,0.0,27.729347
2022-12-25 04:00:00+00:00,0.202,8.273,71.0,0.0,29.934166
2022-12-25 05:00:00+00:00,0.202,7.873,70.0,0.0,28.100763
2022-12-25 06:00:00+00:00,0.202,7.4729996,69.0,0.0,25.922499
2022-12-25 07:00:00+00:00,0.203,7.123,71.0,0.0,26.302181
2022-12-25 08:00:00+00:00,0.203,6.873,72.0,0.0,25.919998
2022-12-25 09:00:00+00:00,0.203,7.023,71.0,0.0,27.36947
2022-12-25 10:00:00+00:00,0.203,7.773,67.0,0.0,27.757376
2022-12-25 11:00:00+00:00,0.202,8.973,61.0,0.0,29.381382
2022-12-25 12:00:00+00:00,0.201,10.723,50.0,0.0,31.722921
2022-12-25 13:00:00+00:00,0.2,11.773,45.0,0.0,31.427404
2022-12-25 14:00:00+00:00,0.199,12.922999,41.0,0.0,31.782108
2022-12-25 15:00:00+00:00,0.197,13.973,37.0,0.0,31.667723
2022-12-25 16:00:00+00:00,0.196,14.422999,37.0,0.0,30.811037
2022-12-25 17:00:00+00:00,0.194,15.223,35.0,0.0,28.449112
2022-12-25 18:00:00+00:00,0.193,16.173,34.0,0.0,26.319422
2022-12-25 19:00:00+00:00,0.191,16.573,34.0,0.0,25.099514
2022-12-25 20:00:00+00:00,0.19,16.473001,35.0,0.0,24.717085
2022-12-25 21:00:00+00:00,0.189,16.223,35.0,0.0,23.749088
2022-12-25 22:00:00+00:00,0.189,15.672999,36.0,0.0,21.41319
2022-12-25 23:00:00+00:00,0.189,14.723,38.0,0.0,18.86139
2022-12-26 00:00:00+00:00,0.184,14.123,42.0,0.0,14.33234
2022-12-26 01:00:00+00:00,0.185,12.672999,48.0,0.0,10.30883
2022-12-26 02:00:00+00:00,0.185,10.973,57.0,0.0,8.089993
2022-12-26 03:00:00+00:00,0.186,10.023,60.0,0.0,6.4096174
2022-12-26 04:00:00+00:00,0.187,9.422999,61.0,0.0,5.8603754
2022-12-26 05:00:00+00:00,0.187,9.023,65.0,0.0,6.28713
2022-12-26 06:00:00+00:00,0.19,8.422999,76.0,0.2,8.707238
2022-12-26 07:00:00+00:00,0.189,8.123,75.0,0.0,1.8
2022-12-26 08:00:00+00:00,0.198,7.7229996,81.0,0.4,3.9763298
2022-12-26 09:00:00+00:00,0.225,7.7229996,80.0,0.7,6.0347
2022-12-26 10:00:00+00:00,0.251,7.9230003,80.0,0.7,9.885262
2022-12-26 11:00:00+00:00,0.251,8.773,76.0,0.3,15.696165
2022-12-26 12:00:00+00:00,0.235,11.223,60.0,0.3,27.09822
2022-12-26 13:00:00+00:00,0.226,11.823,51.0,0.0,32.43398
2022-12-26 14:00:00+00:00,0.221,12.223,50.0,0.0,29.024128
2022-12-26 15:00:00+00:00,0.24,11.373,56.0,0.5,30.633865
2022-12-26 16:00:00+00:00,0.239,11.473,55.0,0.4,36.367126
2022-12-26 17:00:00+00:00,0.23,11.823,48.0,0.0,40.54118
2022-12-26 18:00:00+00:00,0.229,10.973,51.0,0.0,42.525738
2022-12-26 19:00:00+00:00,0.224,10.123,50.0,0.0,39.562347
2022-12-26 20:00:00+00:00,0.22,10.273,45.0,0.0,39.162308
2022-12-26 21:00:00+00:00,0.218,9.623,44.0,0.0,35.864742
2022-12-26 22:00:00+00:00,0.216,8.723,47.0,0.0,33.033802
2022-12-26 23:00:00+00:00,0.214,7.823,51.0,0.0,30.735231
2022-12-27 00:00:00+00:00,0.212,7.073,58.0,0.0,29.070974
2022-12-27 01:00:00+00:00,0.212,5.9230003,65.0,0.0,27.038372
2022-12-27 02:00:00+00:00,0.211,5.2229996,69.0,0.0,26.282465
2022-12-27 03:00:00+00:00,0.211,4.823,70.0,0.0,25.20257
2022-12-27 04:00:00+00:00,0.21,4.573,70.0,0.0,24.842607
2022-12-27 05:00:00+00:00,0.21,4.273,70.0,0.0,25.570139
2022-12-27 06:00:00+00:00,0.21,3.823,74.0,0.0,24.850431
2022-12-27 07:00:00+00:00,0.209,3.623,75.0,0.0,24.522316
2022-12-27 08:00:00+00:00,0.209,3.573,75.0,0.0,25.223133
2022-12-27 09:00:00+00:00,0.209,3.723,72.0,0.0,24.850431
2022-12-27 10:00:00+00:00,0.208,4.573,67.0,0.0,26.64
2022-12-27 11:00:00+00:00,0.207,5.773,60.0,0.0,27.757376
2022-12-27 12:00:00+00:00,0.206,7.023,56.0,0.0,29.339449
2022-12-27 13:00:00+00:00,0.208,7.623,52.0,0.1,30.926489
2022-12-27 14:00:00+00:00,0.21,8.323,52.0,0.1,31.353085
2022-12-27 15:00:00+00:00,0.22,9.172999,50.0,0.2,31.259941
2022-12-27 16:00:00+00:00,0.23,9.523,48.0,0.3,32.587456
2022-12-27 17:00:00+00:00,0.238,9.873,48.0,0.4,33.3792
2022-12-27 18:00:00+00:00,0.235,10.123,48.0,0.3,34.17157
2022-12-27 19:00:00+00:00,0.233,10.172999,46.0,0.2,33.697998
2022-12-27 20:00:00+00:00,0.225,9.922999,46.0,0.0,33.96233
2022-12-27 21:00:00+00:00,0.221,9.523,46.0,0.0,33.092598
2022-12-27 22:00:00+00:00,0.218,8.773,47.0,0.0,31.765793
2022-12-27 23:00:00+00:00,0.216,7.873,51.0,0.0,29.882166
2022-12-28 00:00:00+00:00,0.213,6.873,55.0,0.0,28.58545
2022-12-28 01:00:00+00:00,0.212,5.873,60.0,0.0,25.772078
2022-12-28 02:00:00+00:00,0.211,5.323,64.0,0.0,24.798225
2022-12-28 03:00:00+00:00,0.211,5.073,67.0,0.0,23.933907
2022-12-28 04:00:00+00:00,0.21,4.873,67.0,0.0,22.725668
2022-12-28 05:00:00+00:00,0.21,4.773,67.0,0.0,20.880001
2022-12-28 06:00:00+00:00,0.209,4.4230003,71.0,0.0,17.873556
2022-12-28 07:00:00+00:00,0.209,4.373,73.0,0.0,16.179985
2022-12-28 08:00:00+00:00,0.208,4.523,78.0,0.0,13.441071
2022-12-28 09:00:00+00:00,0.208,4.9230003,83.0,0.0,13.37825
2022-12-28 10:00:00+00:00,0.208,5.4230003,81.0,0.1,17.782688
2022-12-28 11:00:00+00:00,0.223,5.4230003,82.0,0.5,16.923828
2022-12-28 12:00:00+00:00,0.251,5.2229996,84.0,0.7,18.59845
2022-12-28 13:00:00+00:00,0.266,5.773,81.0,0.7,18.335276
2022-12-28 14:00:00+00:00,0.274,6.073,78.0,0.7,20.421871
2022-12-28 15:00:00+00:00,0.277,7.1730003,76.0,0.6,20.61766
2022-12-28 16:00:00+00:00,0.272,8.422999,74.0,0.3,22.427162
2022-12-28 17:00:00+00:00,0.267,9.773,74.0,0.2,29.44307
2022-12-28 18:00:00+00:00,0.259,9.922999,78.0,0.0,21.068459
2022-12-28 19:00:00+00:00,0.252,10.523,81.0,0.0,23.263912
2022-12-28 20:00:00+00:00,0.256,11.323,79.0,0.3,31.421213
2022-12-28 21:00:00+00:00,0.252,11.422999,74.0,0.1,34.606842
2022-12-28 22:00:00+00:00,0.247,10.373,73.0,0.1,37.123665
2022-12-28 23:00:00+00:00,0.243,9.773,73.0,0.0,35.68542
2022-12-29 00:00:00+00:00,0.238,9.172999,72.0,0.0,38.329437
2022-12-29 01:00:00+00:00,0.236,7.773,65.0,0.0,35.281837
2022-12-29 02:00:00+00:00,0.235,6.773,70.0,0.0,33.549606
2022-12-29 03:00:00+00:00,0.234,6.073,72.0,0.0,34.966362
2022-12-29 04:00:00+00:00,0.232,5.573,71.0,0.0,37.883907
2022-12-29 05:00:00+00:00,0.231,5.2229996,73.0,0.0,38.221085
2022-12-29 06:00:00+00:00,0.23,5.373,70.0,0.0,36.47388
2022-12-29 07:00:00+00:00,0.229,5.2229996,73.0,0.0,37.16553
2022-12-29 08:00:00+00:00,0.228,5.123,73.0,0.0,37.550602
2022-12-29 09:00:00+00:00,0.227,5.273,73.0,0.0,37.815426
2022-12-29 10:00:00+00:00,0.226,5.9230003,70.0,0.0,38.96158
2022-12-29 11:00:00+00:00,0.225,6.573,68.0,0.0,42.3792
2022-12-29 12:00:00+00:00,0.228,7.2229996,70.0,0.2,45.05756
2022-12-29 13:00:00+00:00,0.225,8.073,64.0,0.0,48.786304
2022-12-29 14:00:00+00:00,0.222,9.023,63.0,0.0,48.885822
2022-12-29 15:00:00+00:00,0.219,9.823,60.0,0.0,49.951862
2022-12-29 16:00:00+00:00,0.216,10.523,59.0,0.0,50.907867
2022-12-29 17:00:00+00:00,0.221,10.422999,62.0,0.1,51.13521
2022-12-29 18:00:00+00:00,0.212,10.373,61.0,0.1,52.441505
2022-12-29 19:00:00+00:00,0.211,9.723,64.0,0.1,49.89605
2022-12-29 20:00:00+00:00,0.21,9.573,65.0,0.1,48.117603
2022-12-29 21:00:00+00:00,0.209,9.323,64.0,0.0,46.40091
2022-12-29 22:00:00+00:00,0.209,8.873,66.0,0.0,44.39546
2022-12-29 23:00:00+00:00,0.209,8.023,68.0,0.0,43.09487
2022-12-30 00:00:00+00:00,0.201,7.6730003,68.0,0.0,40.908737
2022-12-30 01:00:00+00:00,0.202,6.7229996,72.0,0.0,38.535137
2022-12-30 02:00:00+00:00,0.202,6.4230003,74.0,0.0,36.72706
2022-12-30 03:00:00+00:00,0.202,6.2229996,76.0,0.0,37.441727
2022-12-30 04:00:00+00:00,0.202,5.9729996,76.0,0.0,37.44
2022-12-30 05:00:00+00:00,0.202,5.823,76.0,0.0,36.016193
2022-12-30 06:00:00+00:00,0.202,5.9230003,76.0,0.0,33.908863
2022-12-30 07:00:00+00:00,0.202,5.9729996,75.0,0.0,33.24498
2022-12-30 08:00:00+00:00,0.202,5.9729996,75.0,0.0,33.1376
2022-12-30 09:00:00+00:00,0.202,5.9230003,73.0,0.0,31.698402
2022-12-30 10:00:00+00:00,0.202,6.323,74.0,0.0,33.121956
2022-12-30 11:00:00+00:00,0.202,7.1730003,69.0,0.0,36.06474
2022-12-30 12:00:00+00:00,0.201,8.023,63.0,0.0,39.014767
2022-12-30 13:00:00+00:00,0.199,9.323,57.0,0.0,41.393738
2022-12-30 14:00:00+00:00,0.198,10.273,56.0,0.0,37.777702
2022-12-30 15:00:00+00:00,0.197,11.023,54.0,0.0,37.47114
2022-12-30 16:00:00+00:00,0.197,11.773,50.0,0.0,37.54543
2022-12-30 17:00:00+00:00,0.194,12.422999,46.0,0.0,37.798286
2022-12-30 18:00:00+00:00,0.198,12.672999,47.0,0.0,39.9097
2022-12-30 19:00:00+00:00,0.194,12.373,42.0,0.0,40.75798
2022-12-30 20:00:00+00:00,0.191,11.623,42.0,0.0,38.80159
2022-12-30 21:00:00+00:00,0.19,11.073,41.0,0.0,35.127216
2022-12-30 22:00:00+00:00,0.188,10.523,43.0,0.0,32.957207
2022-12-30 23:00:00+00:00,0.188,9.823,51.0,0.0,30.124065
2022-12-31 00:00:00+00:00,0.182,9.172999,54.0,0.0,27.181787
2022-12-31 01:00:00+00:00,0.182,7.9230003,58.0,0.0,22.148045
2022-12-31 02:00:00+00:00,0.183,6.9729996,66.0,0.0,17.643673
2022-12-31 03:00:00+00:00,0.183,6.273,75.0,0.0,14.917212
2022-12-31 04:00:00+00:00,0.184,5.873,80.0,0.0,13.849477
2022-12-31 05:00:00+00:00,0.185,5.7229996,83.0,0.0,14.386494
2022-12-31 06:00:00+00:00,0.185,5.4729996,84.0,0.0,17.174677
2022-12-31 07:00:00+00:00,0.186,5.6730003,85.0,0.0,16.299694
2022-12-31 08:00:00+00:00,0.186,5.773,84.0,0.0,14.081477
2022-12-31 09:00:00+00:00,0.186,5.823,84.0,0.0,11.019764
2022-12-31 10:00:00+00:00,0.186,6.7229996,81.0,0.0,7.145796
2022-12-31 11:00:00+00:00,0.186,8.123,73.0,0.0,7.9932966
2022-12-31 12:00:00+00:00,0.185,9.573,66.0,0.0,10.495713
2022-12-31 13:00:00+00:00,0.184,10.223,58.0,0.0,14.917212
2022-12-31 14:00:00+00:00,0.183,10.973,56.0,0.0,17.782688
2022-12-31 15:00:00+00:00,0.187,10.922999,57.0,0.3,22.782625
2022-12-31 16:00:00+00:00,0.193,10.823,56.0,0.2,21.479664
2022-12-31 17:00:00+00:00,0.206,10.172999,61.0,0.4,20.633371
2022-12-31 18:00:00+00:00,0.225,10.523,70.0,0.5,27.059933
2022-12-31 19:00:00+00:00,0.258,10.073,78.0,1.1,22.473343
2022-12-31 20:00:00+00:00,0.285,10.422999,82.0,1.5,15.978484
2022-12-31 21:00:00+00:00,0.27,11.123,81.0,0.3,10.24578
2022-12-31 22:00:00+00:00,0.262,11.172999,84.0,0.3,12.074766
2022-12-31 23:00:00+00:00,0.27,11.223,89.0,0.6,11.983188
2023-01-01 00:00:00+00:00,0.246,11.922999,63.0,0.1,22.90743
2023-01-01 01:00:00+00:00,0.251,10.373,61.0,0.0,32.409996
2023-01-01 02:00:00+00:00,0.244,8.623,69.0,0.0,37.84283
2023-01-01 03:00:00+00:00,0.242,7.2229996,71.0,0.1,40.78182
2023-01-01 04:00:00+00:00,0.238,6.573,71.0,0.0,39.014767
2023-01-01 05:00:00+00:00,0.234,6.4230003,70.0,0.0,38.687855
2023-01-01 06:00:00+00:00,0.232,6.523,74.0,0.0,37.254345
2023-01-01 07:00:00+00:00,0.23,6.323,75.0,0.0,36.47388
2023-01-01 08:00:00+00:00,0.229,6.273,76.0,0.0,34.94968
2023-01-01 09:00:00+00:00,0.227,6.4729996,75.0,0.0,33.190357
2023-01-01 10:00:00+00:00,0.226,7.323,73.0,0.0,32.527744
2023-01-01 11:00:00+00:00,0.224,8.223,68.0,0.0,36.361782
2023-01-01 12:00:00+00:00,0.223,9.623,62.0,0.0,30.274265
2023-01-01 13:00:00+00:00,0.223,9.672999,65.0,0.1,27.645092
2023-01-01 14:00:00+00:00,0.22,10.473,57.0,0.0,29.795301
2023-01-01 15:00:00+00:00,0.219,10.723,56.0,0.0,28.348713
2023-01-01 16:00:00+00:00,0.217,10.273,60.0,0.1,30.77737
2023-01-01 17:00:00+00:00,0.22,10.623,59.0,0.2,33.53415
2023-01-01 18:00:00+00:00,0.237,10.123,65.0,0.5,36.982006
2023-01-01 19:00:00+00:00,0.252,10.172999,67.0,0.6,36.145504
2023-01-01 20:00:00+00:00,0.243,10.373,65.0,0.2,41.33734
2023-01-01 21:00:00+00:00,0.238,10.823,62.0,0.1,38.773186
2023-01-01 22:00:00+00:00,0.235,10.523,69.0,0.1,38.526726
2023-01-01 23:00:00+00:00,0.249,9.773,75.0,0.4,31.222609
2023-01-02 00:00:00+00:00,0.239,9.672999,72.0,0.1,35.413826
2023-01-02 01:00:00+00:00,0.236,8.773,72.0,0.1,32.489876
2023-01-02 02:00:00+00:00,0.232,8.173,74.0,0.0,31.421213
2023-01-02 03:00:00+00:00,0.232,7.7229996,76.0,0.1,32.142982
2023-01-02 04:00:00+00:00,0.229,7.323,74.0,0.0,32.058193
2023-01-02 05:00:00+00:00,0.227,6.9729996,73.0,0.0,30.78368
2023-01-02 06:00:00+00:00,0.225,6.9729996,72.0,0.0,28.174456
2023-01-02 07:00:00+00:00,0.224,6.4729996,72.0,0.0,28.66694
2023-01-02 08:00:00+00:00,0.223,6.073,71.0,0.0,28.856194
2023-01-02 09:00:00+00:00,0.222,5.773,71.0,0.0,30.05515
2023-01-02 10:00:00+00:00,0.221,6.123,68.0,0.0,31.394394
2023-01-02 11:00:00+00:00,0.22,6.573,66.0,0.0,34.217045
2023-01-02 12:00:00+00:00,0.218,7.623,62.0,0.1,41.76155
2023-01-02 13:00:00+00:00,0.217,8.273,59.0,0.0,45.005756
2023-01-02 14:00:00+00:00,0.216,8.623,61.0,0.1,45.372852
2023-01-02 15:00:00+00:00,0.217,8.922999,63.0,0.2,46.912018
2023-01-02 16:00:00+00:00,0.219,9.973,60.0,0.2,45.680298
2023-01-02 17:00:00+00:00,0.215,10.573,54.0,0.0,47.373863
2023-01-02 18:00:00+00:00,0.21,11.023,53.0,0.0,52.319035
2023-01-02 19:00:00+00:00,0.209,10.523,56.0,0.0,48.462475
2023-01-02 20:00:00+00:00,0.207,10.422999,53.0,0.0,49.33182
2023-01-02 21:00:00+00:00,0.206,10.073,51.0,0.0,47.771606
2023-01-02 22:00:00+00:00,0.205,9.172999,52.0,0.0,42.609463
2023-01-02 23:00:00+00:00,0.205,8.173,57.0,0.0,39.67847
2023-01-03 00:00:00+00:00,0.202,7.273,66.0,0.0,38.403748
2023-01-03 01:00:00+00:00,0.202,5.9230003,71.0,0.0,34.201893
2023-01-03 02:00:00+00:00,0.203,5.573,77.0,0.0,30.293522
2023-01-03 03:00:00+00:00,0.203,5.623,80.0,0.0,32.283787
2023-01-03 04:00:00+00:00,0.203,5.523,80.0,0.0,31.487139
2023-01-03 05:00:00+00:00,0.203,5.623,82.0,0.0,29.070974
2023-01-03 06:00:00+00:00,0.203,6.123,83.0,0.0,32.789658
2023-01-03 07:00:00+00:00,0.203,6.6730003,84.0,0.0,34.2303
2023-01-03 08:00:00+00:00,0.203,6.7229996,79.0,0.0,37.916393
2023-01-03 09:00:00+00:00,0.202,6.4230003,58.0,0.0,38.023907
2023-01-03 10:00:00+00:00,0.202,6.623,60.0,0.0,38.332817
2023-01-03 11:00:00+00:00,0.201,7.323,58.0,0.0,38.723015
2023-01-03 12:00:00+00:00,0.199,8.023,58.0,0.0,41.213318
2023-01-03 13:00:00+00:00,0.197,8.922999,50.0,0.0,40.877045
2023-01-03 14:00:00+00:00,0.195,9.823,47.0,0.0,41.787918
2023-01-03 15:00:00+00:00,0.192,10.273,45.0,0.0,42.785507
2023-01-03 16:00:00+00:00,0.19,11.023,38.0,0.0,43.118923
2023-01-03 17:00:00+00:00,0.187,10.873,38.0,0.0,44.813854
2023-01-03 18:00:00+00:00,0.187,11.123,39.0,0.0,43.99076
2023-01-03 19:00:00+00:00,0.186,11.023,39.0,0.0,43.189495
2023-01-03 20:00:00+00:00,0.185,10.422999,42.0,0.0,40.998924
2023-01-03 21:00:00+00:00,0.185,10.323,46.0,0.0,36.896046
2023-01-03 22:00:00+00:00,0.184,9.623,49.0,0.0,35.27449
2023-01-03 23:00:00+00:00,0.184,8.873,50.0,0.0,33.46645
2023-01-04 00:00:00+00:00,0.181,7.873,59.0,0.0,27.021591
2023-01-04 01:00:00+00:00,0.181,6.773,70.0,0.1,21.38897
2023-01-04 02:00:00+00:00,0.192,6.073,78.0,0.4,15.379206
2023-01-04 03:00:00+00:00,0.228,5.823,86.0,1.0,7.754637
2023-01-04 04:00:00+00:00,0.248,5.7229996,90.0,0.9,1.2979984
2023-01-04 05:00:00+00:00,0.246,5.823,90.0,0.3,2.5455842
2023-01-04 06:00:00+00:00,0.246,6.023,93.0,0.0,12.0694
2023-01-04 07:00:00+00:00,0.247,7.4729996,92.0,0.0,21.67487
2023-01-04 08:00:00+00:00,0.239,9.273,81.0,0.0,36.028786
2023-01-04 09:00:00+00:00,0.232,9.473,76.0,0.0,42.126152
2023-01-04 10:00:00+00:00,0.227,9.473,74.0,0.0,42.48
2023-01-04 11:00:00+00:00,0.222,10.073,69.0,0.0,42.021423
2023-01-04 12:00:00+00:00,0.218,11.273,57.0,0.0,42.9729
2023-01-04 13:00:00+00:00,0.214,11.023,51.0,0.0,41.742928
2023-01-04 14:00:00+00:00,0.209,11.473,46.0,0.0,38.848316
2023-01-04 15:00:00+00:00,0.205,11.723,43.0,0.0,36.43655
2023-01-04 16:00:00+00:00,0.201,11.973,41.0,0.0,35.455887
2023-01-04 17:00:00+00:00,0.197,12.023,39.0,0.0,34.137413
2023-01-04 18:00:00+00:00,0.196,11.973,38.0,0.0,34.131718
2023-01-04 19:00:00+00:00,0.193,11.873,37.0,0.0,30.911821
2023-01-04 20:00:00+00:00,0.192,11.422999,38.0,0.0,27.231804
2023-01-04 21:00:00+00:00,0.19,10.823,40.0,0.0,23.469128
2023-01-04 22:00:00+00:00,0.19,10.123,42.0,0.0,19.734436
2023-01-04 23:00:00+00:00,0.19,9.323,45.0,0.0,15.986595
2023-01-05 00:00:00+00:00,0.181,8.623,48.0,0.0,14.05845
2023-01-05 01:00:00+00:00,0.181,8.073,52.0,0.0,11.119281
2023-01-05 02:00:00+00:00,0.199,6.323,63.0,0.8,10.703569
2023-01-05 03:00:00+00:00,0.279,4.623,78.0,2.0,10.105681
2023-01-05 04:00:00+00:00,0.315,4.323,83.0,2.1,11.298495
2023-01-05 05:00:00+00:00,0.331,4.523,88.0,2.1,10.086427
2023-01-05 06:00:00+00:00,0.34,4.223,91.0,2.6,12.864649
2023-01-05 07:00:00+00:00,0.316,4.373,93.0,0.6,13.246826
2023-01-05 08:00:00+00:00,0.299,3.823,91.0,0.0,14.168641
2023-01-05 09:00:00+00:00,0.288,3.673,90.0,0.0,10.787993
2023-01-05 10:00:00+00:00,0.282,3.973,88.0,0.0,6.4799995
2023-01-05 11:00:00+00:00,0.277,4.523,88.0,0.0,4.0249224
2023-01-05 12:00:00+00:00,0.273,6.073,91.0,0.0,6.130579
2023-01-05 13:00:00+00:00,0.27,6.9729996,89.0,0.0,5.95906
2023-01-05 14:00:00+00:00,0.267,9.123,90.0,0.0,7.5942073
2023-01-05 15:00:00+00:00,0.264,11.573,86.0,0.0,9.9571085
2023-01-05 16:00:00+00:00,0.261,13.672999,76.0,0.0,17.555305
2023-01-05 17:00:00+00:00,0.257,15.073,70.0,0.0,19.523155
2023-01-05 18:00:00+00:00,0.256,15.123,74.0,0.4,12.88981
2023-01-05 19:00:00+00:00,0.296,14.073,83.0,1.3,21.599998
2023-01-05 20:00:00+00:00,0.33,13.623,87.0,2.1,21.794127
2023-01-05 21:00:00+00:00,0.344,13.473,88.0,2.6,17.339897
2023-01-05 22:00:00+00:00,0.325,13.723,89.0,0.9,13.5515
2023-01-05 23:00:00+00:00,0.316,14.223,85.0,0.3,15.484185
2023-01-06 00:00:00+00:00,0.307,14.323,85.0,0.1,12.287555
2023-01-06 01:00:00+00:00,0.313,14.373,84.0,0.7,13.493999
2023-01-06 02:00:00+00:00,0.325,14.172999,77.0,1.0,29.655787
2023-01-06 03:00:00+00:00,0.306,12.973,74.0,0.0,30.158459
2023-01-06 04:00:00+00:00,0.297,11.823,68.0,0.0,28.835976
2023-01-06 05:00:00+00:00,0.291,9.973,63.0,0.0,25.982424
2023-01-06 06:00:00+00:00,0.288,9.723,66.0,0.0,21.605999
2023-01-06 07:00:00+00:00,0.284,9.073,68.0,0.0,21.605999
2023-01-06 08:00:00+00:00,0.281,8.323,69.0,0.0,19.296133
2023-01-06 09:00:00+00:00,0.278,7.873,68.0,0.0,19.493261
2023-01-06 10:00:00+00:00,0.275,8.223,64.0,0.0,19.602652
2023-01-06 11:00:00+00:00,0.272,9.223,59.0,0.0,24.967499
2023-01-06 12:00:00+00:00,0.269,10.623,55.0,0.0,24.122683
2023-01-06 13:00:00+00:00,0.265,11.473,51.0,0.0,23.759998
2023-01-06 14:00:00+00:00,0.262,12.073,50.0,0.0,22.392462
2023-01-06 15:00:00+00:00,0.258,13.073,45.0,0.0,21.67487
2023-01-06 16:00:00+00:00,0.254,13.922999,43.0,0.0,20.966715
2023-01-06 17:00:00+00:00,0.25,14.973,39.0,0.0,20.65848
2023-01-06 18:00:00+00:00,0.248,16.373001,32.0,0.0,20.61766
2023-01-06 19:00:00+00:00,0.245,16.923,33.0,0.0,21.413193
2023-01-06 20:00:00+00:00,0.243,16.023,35.0,0.0,23.277834
2023-01-06 21:00:00+00:00,0.241,15.273,39.0,0.0,20.883102
2023-01-06 22:00:00+00:00,0.241,14.973,41.0,0.0,17.10284
2023-01-06 23:00:00+00:00,0.24,14.523,45.0,0.0,15.530151
2023-01-07 00:00:00+00:00,0.234,14.123,48.0,0.0,10.195057
2023-01-07 01:00:00+00:00,0.237,13.073,56.0,0.1,6.1305785
2023-01-07 02:00:00+00:00,0.236,12.223,62.0,0.0,4.2136917
2023-01-07 03:00:00+00:00,0.236,11.473,68.0,0.0,4.0249224
2023-01-07 04:00:00+00:00,0.236,10.773,72.0,0.0,5.0528407
2023-01-07 05:00:00+00:00,0.235,10.823,71.0,0.0,3.6
2023-01-07 06:00:00+00:00,0.237,10.023,79.0,0.2,2.8116899
2023-01-07 07:00:00+00:00,0.242,9.672999,82.0,0.3,6.130579
2023-01-07 08:00:00+00:00,0.262,9.473,75.0,0.5,11.457958
2023-01-07 09:00:00+00:00,0.256,8.773,76.0,0.0,11.304229
2023-01-07 10:00:00+00:00,0.25,9.123,76.0,0.0,11.923557
2023-01-07 11:00:00+00:00,0.246,10.422999,68.0,0.0,14.118243
2023-01-07 12:00:00+00:00,0.237,12.623,53.0,0.0,18.03237
2023-01-07 13:00:00+00:00,0.235,13.873,45.0,0.0,18.057508
2023-01-07 14:00:00+00:00,0.232,15.273,40.0,0.0,18.448023
2023-01-07 15:00:00+00:00,0.228,16.323,37.0,0.0,19.803272
2023-01-07 16:00:00+00:00,0.225,16.923,36.0,0.0,19.852295
2023-01-07 17:00:00+00:00,0.223,17.623001,34.0,0.0,18.806337
2023-01-07 18:00:00+00:00,0.221,17.973001,32.0,0.0,23.143827
2023-01-07 19:00:00+00:00,0.219,17.723001,35.0,0.0,22.26477
2023-01-07 20:00:00+00:00,0.218,18.073,37.0,0.0,18.289274
2023-01-07 21:00:00+00:00,0.217,18.173,37.0,0.0,18.057508
2023-01-07 22:00:00+00:00,0.216,17.373001,40.0,0.0,17.414474
2023-01-07 23:00:00+00:00,0.216,16.423,43.0,0.0,15.683774
2023-01-08 00:00:00+00:00,0.204,15.922999,45.0,0.0,14.291592
2023-01-08 01:00:00+00:00,0.205,14.823,50.0,0.0,10.883676
2023-01-08 02:00:00+00:00,0.205,14.273,53.0,0.0,7.145796
2023-01-08 03:00:00+00:00,0.206,13.623,58.0,0.0,4.6102495
2023-01-08 04:00:00+00:00,0.206,12.773,64.0,0.0,2.8799999
2023-01-08 05:00:00+00:00,0.207,11.973,69.0,0.0,3.396233
2023-01-08 06:00:00+00:00,0.207,10.473,77.0,0.0,4.32
2023-01-08 07:00:00+00:00,0.207,9.422999,83.0,0.0,4.829907
2023-01-08 08:00:00+00:00,0.208,8.473,89.0,0.0,5.0142193
2023-01-08 09:00:00+00:00,0.208,7.873,91.0,0.0,5.3517847
2023-01-08 10:00:00+00:00,0.208,9.672999,77.0,0.0,6.379216
2023-01-08 11:00:00+00:00,0.207,12.023,59.0,0.0,10.08
2023-01-08 12:00:00+00:00,0.205,13.623,51.0,0.0,11.440978
2023-01-08 13:00:00+00:00,0.204,15.172999,50.0,0.0,8.473393
2023-01-08 14:00:00+00:00,0.201,16.873001,48.0,0.0,8.647496
2023-01-08 15:00:00+00:00,0.199,18.373001,47.0,0.0,9.659814
2023-01-08 16:00:00+00:00,0.197,19.823,46.0,0.0,10.787993
2023-01-08 17:00:00+00:00,0.195,20.223001,46.0,0.0,11.457958
2023-01-08 18:00:00+00:00,0.195,20.423,48.0,0.0,13.979872
2023-01-08 19:00:00+00:00,0.194,20.573,47.0,0.0,13.891522
2023-01-08 20:00:00+00:00,0.193,20.023,47.0,0.0,14.336861
2023-01-08 21:00:00+00:00,0.192,19.423,49.0,0.0,16.09969
2023-01-08 22:00:00+00:00,0.254,17.673,59.0,1.4,12.979984
2023-01-08 23:00:00+00:00,0.234,17.023,62.0,0.1,14.081478
2023-01-09 00:00:00+00:00,0.201,16.973001,58.0,0.0,14.618837
2023-01-09 01:00:00+00:00,0.199,15.373,64.0,0.0,9.779817
2023-01-09 02:00:00+00:00,0.198,13.873,71.0,0.0,4.3349743
2023-01-09 03:00:00+00:00,0.197,12.922999,76.0,0.0,3.6179552
2023-01-09 04:00:00+00:00,0.197,12.223,81.0,0.0,1.835647
2023-01-09 05:00:00+00:00,0.196,11.523,83.0,0.0,3.5455887
2023-01-09 06:00:00+00:00,0.196,10.273,84.0,0.0,3.671294
2023-01-09 07:00:00+00:00,0.195,10.373,84.0,0.0,4.0249224
2023-01-09 08:00:00+00:00,0.195,10.473,83.0,0.0,5.634891
2023-01-09 09:00:00+00:00,0.194,12.723,74.0,0.0,12.783802
2023-01-09 10:00:00+00:00,0.194,13.723,49.0,0.0,29.122198
2023-01-09 11:00:00+00:00,0.193,11.823,57.0,0.0,28.639803
2023-01-09 12:00:00+00:00,0.192,14.123,51.0,0.0,25.455843
2023-01-09 13:00:00+00:00,0.19,14.422999,50.0,0.0,30.657122
2023-01-09 14:00:00+00:00,0.188,14.973,47.0,0.0,32.736256
2023-01-09 15:00:00+00:00,0.187,13.073,53.0,0.0,35.038563
2023-01-09 16:00:00+00:00,0.187,12.223,53.0,0.0,38.96158
2023-01-09 17:00:00+00:00,0.185,12.922999,49.0,0.0,40.5907
2023-01-09 18:00:00+00:00,0.184,14.323,41.0,0.0,38.175278
2023-01-09 19:00:00+00:00,0.183,14.273,42.0,0.0,36.691753
2023-01-09 20:00:00+00:00,0.182,13.873,44.0,0.0,33.973778
2023-01-09 21:00:00+00:00,0.181,12.823,46.0,0.0,32.839024
2023-01-09 22:00:00+00:00,0.181,12.323,43.0,0.0,30.413076
2023-01-09 23:00:00+00:00,0.18,11.473,50.0,0.0,30.222849
2023-01-10 00:00:00+00:00,0.18,9.773,54.0,0.0,28.948118
2023-01-10 01:00:00+00:00,0.18,8.473,60.0,0.0,25.922499
2023-01-10 02:00:00+00:00,0.181,7.623,63.0,0.0,24.387177
2023-01-10 03:00:00+00:00,0.181,7.1730003,66.0,0.0,21.434364
2023-01-10 04:00:00+00:00,0.181,6.9230003,70.0,0.0,19.134262
2023-01-10 05:00:00+00:00,0.181,6.6730003,74.0,0.0,17.643673
2023-01-10 06:00:00+00:00,0.181,6.4729996,80.0,0.0,15.5843
2023-01-10 07:00:00+00:00,0.182,6.123,83.0,0.0,13.363711
2023-01-10 08:00:00+00:00,0.182,5.823,86.0,0.0,11.901798
2023-01-10 09:00:00+00:00,0.182,5.873,87.0,0.0,11.525623
2023-01-10 10:00:00+00:00,0.182,7.523,79.0,0.0,13.324863
2023-01-10 11:00:00+00:00,0.182,9.623,70.0,0.0,17.654688
2023-01-10 12:00:00+00:00,0.181,11.573,61.0,0.0,19.386591
2023-01-10 13:00:00+00:00,0.179,12.922999,54.0,0.0,19.353138
2023-01-10 14:00:00+00:00,0.177,13.873,50.0,0.0,18.720001
2023-01-10 15:00:00+00:00,0.176,14.373,48.0,0.0,18.532133
2023-01-10 16:00:00+00:00,0.174,15.123,46.0,0.0,18.720001
2023-01-10 17:00:00+00:00,0.172,16.023,44.0,0.0,19.64228
2023-01-10 18:00:00+00:00,0.171,16.523,42.0,0.0,19.161337
2023-01-10 19:00:00+00:00,0.169,16.523,44.0,0.0,19.161337
2023-01-10 20:00:00+00:00,0.168,16.623001,43.0,0.0,17.399586
2023-01-10 21:00:00+00:00,0.167,16.673,42.0,0.0,16.92383
2023-01-10 22:00:00+00:00,0.166,15.823,46.0,0.0,17.654688
2023-01-10 23:00:00+00:00,0.166,14.873,49.0,0.0,17.309973
2023-01-11 00:00:00+00:00,0.166,14.023,51.0,0.0,13.797913
2023-01-11 01:00:00+00:00,0.167,12.172999,60.0,0.0,10.538843
2023-01-11 02:00:00+00:00,0.167,10.473,70.0,0.0,9.028754
2023-01-11 03:00:00+00:00,0.168,9.623,75.0,0.0,8.28
2023-01-11 04:00:00+00:00,0.169,8.773,80.0,0.0,6.12
2023-01-11 05:00:00+00:00,0.169,7.873,85.0,0.0,5.634891
2023-01-11 06:00:00+00:00,0.17,6.9230003,90.0,0.0,6.193674
2023-01-11 07:00:00+00:00,0.17,6.9729996,87.0,0.0,6.439876
2023-01-11 08:00:00+00:00,0.171,6.9230003,86.0,0.0,6.379216
2023-01-11 09:00:00+00:00,0.171,6.773,88.0,0.0,6.379216
2023-01-11 10:00:00+00:00,0.171,8.573,80.0,0.0,7.5942073
2023-01-11 11:00:00+00:00,0.171,10.922999,69.0,0.0,11.212135
2023-01-11 12:00:00+00:00,0.17,12.422999,60.0,0.0,17.298738
2023-01-11 13:00:00+00:00,0.168,13.723,54.0,0.0,19.211996
2023-01-11 14:00:00+00:00,0.167,14.123,51.0,0.0,21.398056
2023-01-11 15:00:00+00:00,0.165,14.672999,47.0,0.0,22.380884
2023-01-11 16:00:00+00:00,0.164,14.773,46.0,0.0,24.216522
2023-01-11 17:00:00+00:00,0.162,15.172999,44.0,0.0,25.49908
2023-01-11 18:00:00+00:00,0.16,15.323,44.0,0.0,27.210379
2023-01-11 19:00:00+00:00,0.158,14.123,47.0,0.0,26.525429
2023-01-11 20:00:00+00:00,0.158,13.672999,49.0,0.0,25.171696
2023-01-11 21:00:00+00:00,0.157,14.323,47.0,0.0,24.590923
2023-01-11 22:00:00+00:00,0.157,13.623,50.0,0.0,24.448214
2023-01-11 23:00:00+00:00,0.157,12.672999,54.0,0.0,22.881956
2023-01-12 00:00:00+00:00,0.156,11.323,58.0,0.0,21.605999
2023-01-12 01:00:00+00:00,0.157,10.172999,64.0,0.0,17.698677
2023-01-12 02:00:00+00:00,0.157,9.172999,70.0,0.0,16.575644
2023-01-12 03:00:00+00:00,0.158,8.323,77.0,0.0,13.684735
2023-01-12 04:00:00+00:00,0.159,7.573,82.0,0.0,11.609651
2023-01-12 05:00:00+00:00,0.159,7.273,84.0,0.0,10.594036
2023-01-12 06:00:00+00:00,0.16,7.073,86.0,0.0,10.137692
2023-01-12 07:00:00+00:00,0.16,6.9729996,85.0,0.0,9.107359
2023-01-12 08:00:00+00:00,0.16,7.1730003,86.0,0.0,8.225035
2023-01-12 09:00:00+00:00,0.161,7.4729996,87.0,0.0,8.891344
2023-01-12 10:00:00+00:00,0.161,8.573,83.0,0.0,9.504273
2023-01-12 11:00:00+00:00,0.161,9.773,78.0,0.0,10.1887
2023-01-12 12:00:00+00:00,0.16,10.873,71.0,0.0,15.484185
2023-01-12 13:00:00+00:00,0.161,11.672999,70.0,0.2,18.03237
2023-01-12 14:00:00+00:00,0.173,12.172999,71.0,0.3,19.694992
2023-01-12 15:00:00+00:00,0.171,12.723,68.0,0.0,23.277834
2023-01-12 16:00:00+00:00,0.168,13.473,66.0,0.0,22.366402
2023-01-12 17:00:00+00:00,0.166,13.422999,67.0,0.0,19.296135
2023-01-12 18:00:00+00:00,0.163,14.623,61.0,0.0,29.96662
2023-01-12 19:00:00+00:00,0.162,14.523,63.0,0.0,28.829233
2023-01-12 20:00:00+00:00,0.161,14.823,63.0,0.0,27.943514
2023-01-12 21:00:00+00:00,0.161,14.323,67.0,0.0,26.339111
2023-01-12 22:00:00+00:00,0.161,13.573,73.0,0.0,22.702845
2023-01-12 23:00:00+00:00,0.161,13.023,75.0,0.0,22.26768
2023-01-13 00:00:00+00:00,0.16,12.422999,76.0,0.1,25.959969
2023-01-13 01:00:00+00:00,0.175,11.823,83.0,0.2,23.683512
2023-01-13 02:00:00+00:00,0.199,11.573,85.0,0.5,24.280659
2023-01-13 03:00:00+00:00,0.22,11.073,82.0,0.6,26.999998
2023-01-13 04:00:00+00:00,0.208,10.823,81.0,0.0,25.862436
2023-01-13 05:00:00+00:00,0.199,10.723,80.0,0.0,24.36325
2023-01-13 06:00:00+00:00,0.197,11.023,81.0,0.0,22.79684
2023-01-13 07:00:00+00:00,0.194,11.323,81.0,0.0,24.162947
2023-01-13 08:00:00+00:00,0.191,11.023,79.0,0.0,22.702845
2023-01-13 09:00:00+00:00,0.189,10.723,80.0,0.0,21.734581
2023-01-13 10:00:00+00:00,0.187,11.123,78.0,0.0,20.945072
2023-01-13 11:00:00+00:00,0.185,12.223,72.0,0.0,22.38378
2023-01-13 12:00:00+00:00,0.183,13.623,63.0,0.0,25.809765
2023-01-13 13:00:00+00:00,0.181,14.323,59.0,0.0,27.811018
2023-01-13 14:00:00+00:00,0.179,14.623,57.0,0.0,28.348713
2023-01-13 15:00:00+00:00,0.185,14.922999,54.0,0.1,32.32992
2023-01-13 16:00:00+00:00,0.18,14.723,40.0,0.0,35.945957
2023-01-13 17:00:00+00:00,0.177,14.623,39.0,0.0,34.651752
2023-01-13 18:00:00+00:00,0.174,15.273,40.0,0.0,36.57501
2023-01-13 19:00:00+00:00,0.172,15.073,40.0,0.0,37.938602
2023-01-13 20:00:00+00:00,0.171,13.273,48.0,0.0,37.14286
2023-01-13 21:00:00+00:00,0.17,11.922999,50.0,0.0,36.04677
2023-01-13 22:00:00+00:00,0.17,10.873,50.0,0.0,34.428497
2023-01-13 23:00:00+00:00,0.169,9.623,51.0,0.0,34.471764
2023-01-14 00:00:00+00:00,0.166,8.623,50.0,0.0,32.91983
2023-01-14 01:00:00+00:00,0.166,7.323,54.0,0.0,32.791634
2023-01-14 02:00:00+00:00,0.166,6.4729996,62.0,0.0,30.599998
2023-01-14 03:00:00+00:00,0.166,6.073,64.0,0.0,29.522196
2023-01-14 04:00:00+00:00,0.166,5.623,67.0,0.0,28.449112
2023-01-14 05:00:00+00:00,0.166,5.323,68.0,0.0,26.67889
2023-01-14 06:00:00+00:00,0.165,5.2229996,70.0,0.0,25.570139
2023-01-14 07:00:00+00:00,0.165,4.9729996,70.0,0.0,24.144165
2023-01-14 08:00:00+00:00,0.165,4.623,70.0,0.0,22.751316
2023-01-14 09:00:00+00:00,0.165,4.573,73.0,0.0,20.774214
2023-01-14 10:00:00+00:00,0.165,5.4230003,72.0,0.0,19.386591
2023-01-14 11:00:00+00:00,0.164,6.9729996,64.0,0.0,25.570139
2023-01-14 12:00:00+00:00,0.164,7.6730003,60.0,0.1,25.562534
2023-01-14 13:00:00+00:00,0.163,8.873,54.0,0.0,27.086262
2023-01-14 14:00:00+00:00,0.162,9.823,51.0,0.0,28.357857
2023-01-14 15:00:00+00:00,0.161,10.373,46.0,0.0,29.381382
2023-01-14 16:00:00+00:00,0.16,10.723,43.0,0.0,30.453527
2023-01-14 17:00:00+00:00,0.159,10.973,45.0,0.0,30.993471
2023-01-14 18:00:00+00:00,0.158,11.123,50.0,0.0,29.88217
2023-01-14 19:00:00+00:00,0.157,11.273,49.0,0.0,29.522196
2023-01-14 20:00:00+00:00,0.157,11.422999,49.0,0.1,30.77105
2023-01-14 21:00:00+00:00,0.157,11.073,55.0,0.1,31.129074
2023-01-14 22:00:00+00:00,0.157,10.672999,59.0,0.1,29.59235
2023-01-14 23:00:00+00:00,0.157,10.422999,61.0,0.0,26.183659
2023-01-15 00:00:00+00:00,0.156,10.422999,62.0,0.0,25.537172
2023-01-15 01:00:00+00:00,0.156,10.172999,65.0,0.0,25.872454
2023-01-15 02:00:00+00:00,0.156,9.973,66.0,0.0,25.40743
2023-01-15 03:00:00+00:00,0.156,9.773,68.0,0.0,24.144167
2023-01-15 04:00:00+00:00,0.156,9.623,71.0,0.0,23.540806
2023-01-15 05:00:00+00:00,0.156,9.523,71.0,0.0,23.871555
2023-01-15 06:00:00+00:00,0.156,9.023,73.0,0.0,23.132626
2023-01-15 07:00:00+00:00,0.156,8.922999,75.0,0.0,21.659916
2023-01-15 08:00:00+00:00,0.156,8.922999,73.0,0.0,21.868332
2023-01-15 09:00:00+00:00,0.156,9.123,70.0,0.0,21.746502
2023-01-15 10:00:00+00:00,0.156,9.672999,67.0,0.0,23.241617
2023-01-15 11:00:00+00:00,0.156,10.172999,68.0,0.0,29.035288
2023-01-15 12:00:00+00:00,0.155,11.123,63.0,0.1,28.038431
2023-01-15 13:00:00+00:00,0.155,11.373,62.0,0.0,26.339111
2023-01-15 14:00:00+00:00,0.155,12.273,58.0,0.0,29.714724
2023-01-15 15:00:00+00:00,0.154,12.573,59.0,0.1,28.745949
2023-01-15 16:00:00+00:00,0.155,13.073,59.0,0.1,31.688177
2023-01-15 17:00:00+00:00,0.168,12.523,64.0,0.3,30.821552
2023-01-15 18:00:00+00:00,0.155,13.373,60.0,0.0,31.89608
2023-01-15 19:00:00+00:00,0.154,13.823,57.0,0.0,32.096577
2023-01-15 20:00:00+00:00,0.154,13.823,54.0,0.0,32.385994
2023-01-15 21:00:00+00:00,0.153,12.823,58.0,0.0,31.072817
2023-01-15 22:00:00+00:00,0.178,11.172999,71.0,0.7,26.882141
2023-01-15 23:00:00+00:00,0.205,10.523,74.0,0.5,24.066206
2023-01-16 00:00:00+00:00,0.203,10.623,72.0,0.4,22.7057
2023-01-16 01:00:00+00:00,0.203,10.172999,74.0,0.2,24.33664
2023-01-16 02:00:00+00:00,0.205,9.773,77.0,0.2,26.795223
2023-01-16 03:00:00+00:00,0.209,9.523,79.0,0.3,26.405453
2023-01-16 04:00:00+00:00,0.207,9.323,82.0,0.1,24.606731
2023-01-16 05:00:00+00:00,0.201,9.172999,83.0,0.1,23.540806
2023-01-16 06:00:00+00:00,0.201,9.573,82.0,0.2,23.871555
2023-01-16 07:00:00+00:00,0.213,9.223,80.0,0.3,24.251284
2023-01-16 08:00:00+00:00,0.202,8.323,74.0,0.0,21.791153
2023-01-16 09:00:00+00:00,0.197,7.7229996,73.0,0.0,23.97989
2023-01-16 10:00:00+00:00,0.194,7.9230003,70.0,0.0,25.20257
2023-01-16 11:00:00+00:00,0.191,8.473,62.0,0.0,27.551172
2023-01-16 12:00:00+00:00,0.189,9.672999,51.0,0.0,29.784426
2023-01-16 13:00:00+00:00,0.186,10.373,46.0,0.0,31.012281
2023-01-16 14:00:00+00:00,0.183,10.973,43.0,0.0,31.559088
2023-01-16 15:00:00+00:00,0.18,11.422999,41.0,0.0,32.619255
2023-01-16 16:00:00+00:00,0.178,11.723,39.0,0.0,33.74796
2023-01-16 17:00:00+00:00,0.175,11.823,39.0,0.0,34.245445
2023-01-16 18:00:00+00:00,0.174,11.973,38.0,0.0,37.212578
2023-01-16 19:00:00+00:00,0.172,11.973,39.0,0.0,36.322556
2023-01-16 20:00:00+00:00,0.17,11.672999,40.0,0.0,34.925564
2023-01-16 21:00:00+00:00,0.169,11.223,43.0,0.0,33.1845
2023-01-16 22:00:00+00:00,0.168,10.523,45.0,0.0,31.956972
2023-01-16 23:00:00+00:00,0.168,9.573,49.0,0.0,30.222849
2023-01-17 00:00:00+00:00,0.166,8.723,52.0,0.0,28.817993
2023-01-17 01:00:00+00:00,0.166,7.623,57.0,0.0,24.251284
2023-01-17 02:00:00+00:00,0.166,6.9729996,62.0,0.0,21.611998
2023-01-17 03:00:00+00:00,0.166,6.373,68.0,0.0,20.774214
2023-01-17 04:00:00+00:00,0.166,5.9729996,72.0,0.0,20.617662
2023-01-17 05:00:00+00:00,0.165,5.823,74.0,0.0,20.082708
2023-01-17 06:00:00+00:00,0.165,5.4729996,74.0,0.0,19.483284
2023-01-17 07:00:00+00:00,0.165,5.373,75.0,0.0,17.533146
2023-01-17 08:00:00+00:00,0.165,5.273,74.0,0.0,16.92383
2023-01-17 09:00:00+00:00,0.165,4.823,75.0,0.0,15.807239
2023-01-17 10:00:00+00:00,0.165,5.7229996,72.0,0.0,16.746773
2023-01-17 11:00:00+00:00,0.164,7.6730003,65.0,0.0,18.671474
2023-01-17 12:00:00+00:00,0.164,9.473,52.0,0.0,24.881702
2023-01-17 13:00:00+00:00,0.163,10.922999,46.0,0.0,24.149532
2023-01-17 14:00:00+00:00,0.161,12.223,42.0,0.0,23.491207
2023-01-17 15:00:00+00:00,0.16,13.473,40.0,0.0,22.314194
2023-01-17 16:00:00+00:00,0.158,14.873,39.0,0.0,23.469128
2023-01-17 17:00:00+00:00,0.156,15.623,40.0,0.0,26.072052
2023-01-17 18:00:00+00:00,0.156,17.323,38.0,0.0,28.48326
2023-01-17 19:00:00+00:00,0.155,17.273,42.0,0.0,29.795301
2023-01-17 20:00:00+00:00,0.154,17.373001,45.0,0.0,28.84047
2023-01-17 21:00:00+00:00,0.154,17.173,49.0,0.0,29.354902
2023-01-17 22:00:00+00:00,0.154,16.423,54.0,0.0,31.079071
2023-01-17 23:00:00+00:00,0.154,15.223,59.0,0.0,32.10667
2023-01-18 00:00:00+00:00,0.151,14.323,65.0,0.0,33.497414
2023-01-18 01:00:00+00:00,0.151,13.422999,69.0,0.0,31.293089
2023-01-18 02:00:00+00:00,0.151,12.573,72.0,0.1,28.694056
2023-01-18 03:00:00+00:00,0.152,11.723,77.0,0.0,24.490585
2023-01-18 04:00:00+00:00,0.152,11.473,79.0,0.0,22.206486
2023-01-18 05:00:00+00:00,0.152,11.723,77.0,0.0,20.948164
2023-01-18 06:00:00+00:00,0.152,11.823,76.0,0.0,19.93048
2023-01-18 07:00:00+00:00,0.152,11.922999,75.0,0.0,20.60823
2023-01-18 08:00:00+00:00,0.152,11.773,76.0,0.0,19.191748
2023-01-18 09:00:00+00:00,0.152,11.723,77.0,0.0,19.0392
2023-01-18 10:00:00+00:00,0.152,12.073,75.0,0.0,18.331741
2023-01-18 11:00:00+00:00,0.151,12.773,72.0,0.0,19.0392
2023-01-18 12:00:00+00:00,0.151,14.123,65.0,0.0,20.696085
2023-01-18 13:00:00+00:00,0.15,15.223,62.0,0.0,22.007162
2023-01-18 14:00:00+00:00,0.149,16.923,58.0,0.0,27.44513
2023-01-18 15:00:00+00:00,0.148,17.773,56.0,0.0,26.932714
2023-01-18 16:00:00+00:00,0.147,18.473001,54.0,0.0,29.070974
2023-01-18 17:00:00+00:00,0.146,19.323,50.0,0.0,30.855171
2023-01-18 18:00:00+00:00,0.145,18.923,50.0,0.0,29.888672
2023-01-18 19:00:00+00:00,0.144,19.573,48.0,0.0,31.259945
2023-01-18 20:00:00+00:00,0.143,19.273,49.0,0.0,30.811037
2023-01-18 21:00:00+00:00,0.142,18.923,51.0,0.0,29.478264
2023-01-18 22:00:00+00:00,0.142,18.823,52.0,0.0,27.952787
2023-01-18 23:00:00+00:00,0.141,17.873001,56.0,0.0,26.009842
2023-01-19 00:00:00+00:00,0.139,17.173,51.0,0.0,24.850431
2023-01-19 01:00:00+00:00,0.14,15.373,58.0,0.0,23.411074
2023-01-19 02:00:00+00:00,0.14,14.073,64.0,0.0,17.64
2023-01-19 03:00:00+00:00,0.14,12.672999,71.0,0.0,12.758432
2023-01-19 04:00:00+00:00,0.141,11.873,76.0,0.0,9.565437
2023-01-19 05:00:00+00:00,0.141,11.323,79.0,0.0,8.759178
2023-01-19 06:00:00+00:00,0.142,10.373,77.0,0.0,10.948973
2023-01-19 07:00:00+00:00,0.142,10.023,80.0,0.0,9.885262
2023-01-19 08:00:00+00:00,0.142,9.723,82.0,0.0,11.792404
2023-01-19 09:00:00+00:00,0.142,9.172999,84.0,0.0,12.224107
2023-01-19 10:00:00+00:00,0.142,10.073,77.0,0.0,14.241629
2023-01-19 11:00:00+00:00,0.142,12.223,65.0,0.0,19.914217
2023-01-19 12:00:00+00:00,0.142,13.473,54.0,0.0,19.881649
2023-01-19 13:00:00+00:00,0.141,15.672999,43.0,0.0,22.81957
2023-01-19 14:00:00+00:00,0.139,17.423,34.0,0.0,20.163212
2023-01-19 15:00:00+00:00,0.138,18.523,33.0,0.0,21.26744
2023-01-19 16:00:00+00:00,0.136,18.623001,37.0,0.0,20.523155
2023-01-19 17:00:00+00:00,0.135,18.273,42.0,0.0,20.418695
2023-01-19 18:00:00+00:00,0.14,16.023,60.0,0.1,16.676977
2023-01-19 19:00:00+00:00,0.235,14.023,76.0,2.0,12.144331
2023-01-19 20:00:00+00:00,0.272,13.623,82.0,1.8,8.287822
2023-01-19 21:00:00+00:00,0.272,13.523,84.0,1.1,6.379216
2023-01-19 22:00:00+00:00,0.289,13.273,88.0,1.4,3.6
2023-01-19 23:00:00+00:00,0.268,13.523,89.0,0.0,2.1897945
2023-01-20 00:00:00+00:00,0.263,13.873,92.0,0.0,3.7585104
2023-01-20 01:00:00+00:00,0.255,13.973,92.0,0.0,6.162207
2023-01-20 02:00:00+00:00,0.248,13.823,92.0,0.0,8.287822
2023-01-20 03:00:00+00:00,0.242,13.623,92.0,0.0,9.779817
2023-01-20 04:00:00+00:00,0.237,13.422999,92.0,0.0,11.013882
2023-01-20 05:00:00+00:00,0.233,12.573,90.0,0.0,11.212135
2023-01-20 06:00:00+00:00,0.23,11.672999,93.0,0.0,11.165805
2023-01-20 07:00:00+00:00,0.228,10.922999,92.0,0.0,10.08
2023-01-20 08:00:00+00:00,0.226,10.323,92.0,0.0,9.3669195
2023-01-20 09:00:00+00:00,0.224,9.873,91.0,0.0,8.647496
2023-01-20 10:00:00+00:00,0.222,10.672999,87.0,0.0,9.0645685
2023-01-20 11:00:00+00:00,0.221,12.422999,79.0,0.0,11.177405
2023-01-20 12:00:00+00:00,0.219,13.773,73.0,0.0,10.144082
2023-01-20 13:00:00+00:00,0.216,15.023,68.0,0.0,7.2
2023-01-20 14:00:00+00:00,0.213,16.473001,61.0,0.0,5.4119864
2023-01-20 15:00:00+00:00,0.211,17.573,55.0,0.0,6.763786
2023-01-20 16:00:00+00:00,0.207,18.823,50.0,0.0,6.193674
2023-01-20 17:00:00+00:00,0.204,20.223001,43.0,0.0,5.154415
2023-01-20 18:00:00+00:00,0.2,20.623001,42.0,0.0,4.68
2023-01-20 19:00:00+00:00,0.197,20.673,41.0,0.0,9.19939
2023-01-20 20:00:00+00:00,0.196,18.723001,53.0,0.0,15.782622
2023-01-20 21:00:00+00:00,0.195,16.423,63.0,0.0,21.470612
2023-01-20 22:00:00+00:00,0.195,15.773,64.0,0.0,21.758419
2023-01-20 23:00:00+00:00,0.195,14.623,72.0,0.0,20.972897
2023-01-21 00:00:00+00:00,0.201,13.073,76.0,0.0,17.148247
2023-01-21 01:00:00+00:00,0.202,11.623,84.0,0.0,13.70839
2023-01-21 02:00:00+00:00,0.202,10.873,88.0,0.0,11.525623
2023-01-21 03:00:00+00:00,0.202,10.473,89.0,0.0,10.182337
2023-01-21 04:00:00+00:00,0.203,10.323,89.0,0.0,9.3669195
2023-01-21 05:00:00+00:00,0.203,10.172999,90.0,0.0,8.707238
2023-01-21 06:00:00+00:00,0.203,10.223,94.0,0.0,9.36
2023-01-21 07:00:00+00:00,0.203,10.073,95.0,0.0,9.007196
2023-01-21 08:00:00+00:00,0.203,10.023,96.0,0.0,8.473393
2023-01-21 09:00:00+00:00,0.203,10.123,96.0,0.0,7.42159
2023-01-21 10:00:00+00:00,0.203,10.273,95.0,0.0,7.754637
2023-01-21 11:00:00+00:00,0.203,10.773,91.0,0.1,8.287822
2023-01-21 12:00:00+00:00,0.275,10.473,95.0,1.3,7.2805495
2023-01-21 13:00:00+00:00,0.318,11.023,92.0,2.3,8.287822
2023-01-21 14:00:00+00:00,0.318,11.823,88.0,1.5,6.489992
2023-01-21 15:00:00+00:00,0.299,13.023,83.0,0.4,6.2145634
2023-01-21 16:00:00+00:00,0.284,13.922999,73.0,0.0,7.628263
2023-01-21 17:00:00+00:00,0.274,14.473,65.0,0.0,13.891522
2023-01-21 18:00:00+00:00,0.26,14.672999,68.0,0.0,15.807239
2023-01-21 19:00:00+00:00,0.254,15.172999,61.0,0.0,20.163212
2023-01-21 20:00:00+00:00,0.248,15.623,59.0,0.0,23.219301
2023-01-21 21:00:00+00:00,0.252,14.773,60.0,0.2,26.079508
2023-01-21 22:00:00+00:00,0.246,13.773,60.0,0.0,27.607563
2023-01-21 23:00:00+00:00,0.243,12.672999,55.0,0.0,26.042212
2023-01-22 00:00:00+00:00,0.246,10.723,63.0,0.0,27.952787
2023-01-22 01:00:00+00:00,0.245,9.273,67.0,0.0,25.050413
2023-01-22 02:00:00+00:00,0.244,8.523,68.0,0.0,23.023119
2023-01-22 03:00:00+00:00,0.243,7.823,69.0,0.0,20.633371
2023-01-22 04:00:00+00:00,0.242,7.073,75.0,0.0,18.014393
2023-01-22 05:00:00+00:00,0.241,6.373,80.0,0.0,16.700275
2023-01-22 06:00:00+00:00,0.24,5.873,80.0,0.0,15.876775
2023-01-22 07:00:00+00:00,0.24,5.573,81.0,0.0,15.84409
2023-01-22 08:00:00+00:00,0.239,5.323,81.0,0.0,15.124284
2023-01-22 09:00:00+00:00,0.238,4.823,81.0,0.0,13.363711
2023-01-22 10:00:00+00:00,0.237,5.373,77.0,0.0,13.441071
2023-01-22 11:00:00+00:00,0.236,7.123,70.0,0.0,16.954432
2023-01-22 12:00:00+00:00,0.234,8.672999,64.0,0.0,18.129137
2023-01-22 13:00:00+00:00,0.232,10.172999,55.0,0.0,19.296133
2023-01-22 14:00:00+00:00,0.229,11.422999,49.0,0.0,19.770523
2023-01-22 15:00:00+00:00,0.225,12.373,43.0,0.0,20.418695
2023-01-22 16:00:00+00:00,0.222,13.073,40.0,0.0,19.959719
2023-01-22 17:00:00+00:00,0.219,13.623,39.0,0.0,19.803272
2023-01-22 18:00:00+00:00,0.219,13.823,39.0,0.0,19.652176
2023-01-22 19:00:00+00:00,0.218,13.172999,44.0,0.0,18.94024
2023-01-22 20:00:00+00:00,0.217,13.723,42.0,0.0,16.700275
2023-01-22 21:00:00+00:00,0.216,14.172999,41.0,0.0,15.978486
2023-01-22 22:00:00+00:00,0.215,14.172999,39.0,0.0,15.509274
2023-01-22 23:00:00+00:00,0.214,13.623,40.0,0.0,13.237039
2023-01-23 00:00:00+00:00,0.215,12.723,45.0,0.0,7.653705
2023-01-23 01:00:00+00:00,0.216,10.672999,55.0,0.0,4.73506
2023-01-23 02:00:00+00:00,0.217,9.223,62.0,0.0,5.2416787
2023-01-23 03:00:00+00:00,0.217,9.373,60.0,0.0,8.350138
2023-01-23 04:00:00+00:00,0.217,9.373,64.0,0.0,9.0
2023-01-23 05:00:00+00:00,0.217,9.223,62.0,0.0,8.557102
2023-01-23 06:00:00+00:00,0.217,8.573,71.0,0.0,10.009036
2023-01-23 07:00:00+00:00,0.223,8.273,84.0,0.2,13.37825
2023-01-23 08:00:00+00:00,0.224,8.623,84.0,0.1,16.923828
2023-01-23 09:00:00+00:00,0.226,9.123,90.0,0.1,15.124284
2023-01-23 10:00:00+00:00,0.224,9.873,89.0,0.0,16.641972
2023-01-23 11:00:00+00:00,0.225,10.323,87.0,0.0,18.584509
2023-01-23 12:00:00+00:00,0.223,10.873,83.0,0.1,17.283749
2023-01-23 13:00:00+00:00,0.224,11.573,80.0,0.0,15.856354
2023-01-23 14:00:00+00:00,0.222,12.573,74.0,0.0,18.678415
2023-01-23 15:00:00+00:00,0.223,13.273,73.0,0.2,18.03237
2023-01-23 16:00:00+00:00,0.222,13.723,74.0,0.1,15.778516
2023-01-23 17:00:00+00:00,0.219,14.273,71.0,0.0,16.595179
2023-01-23 18:00:00+00:00,0.229,15.523,67.0,0.0,20.12461
2023-01-23 19:00:00+00:00,0.226,14.773,71.0,0.0,18.864824
2023-01-23 20:00:00+00:00,0.225,14.523,74.0,0.1,12.984975
2023-01-23 21:00:00+00:00,0.224,15.073,76.0,0.2,9.779817
2023-01-23 22:00:00+00:00,0.283,12.823,74.0,1.5,27.757376
2023-01-23 23:00:00+00:00,0.274,11.973,76.0,0.6,11.726277
2023-01-24 00:00:00+00:00,0.263,11.873,81.0,0.0,18.532133
2023-01-24 01:00:00+00:00,0.255,10.422999,63.0,0.0,13.5515
2023-01-24 02:00:00+00:00,0.249,8.723,75.0,0.0,7.5170207
2023-01-24 03:00:00+00:00,0.245,8.273,86.0,0.0,10.787993
2023-01-24 04:00:00+00:00,0.243,7.6730003,80.0,0.0,13.1041975
2023-01-24 05:00:00+00:00,0.24,7.123,82.0,0.0,11.770403
2023-01-24 06:00:00+00:00,0.239,6.573,86.0,0.0,10.144082
2023-01-24 07:00:00+00:00,0.238,6.123,85.0,0.0,9.19939
2023-01-24 08:00:00+00:00,0.236,5.823,84.0,0.0,9.085988
2023-01-24 09:00:00+00:00,0.236,5.623,85.0,0.0,9.504272
2023-01-24 10:00:00+00:00,0.235,6.523,78.0,0.0,11.681987
2023-01-24 11:00:00+00:00,0.233,8.173,69.0,0.0,18.892282
2023-01-24 12:00:00+00:00,0.231,9.123,61.0,0.0,26.564486
2023-01-24 13:00:00+00:00,0.229,9.723,59.0,0.0,27.70831
2023-01-24 14:00:00+00:00,0.228,10.223,57.0,0.0,28.820242
2023-01-24 15:00:00+00:00,0.23,10.373,56.0,0.1,28.58545
2023-01-24 16:00:00+00:00,0.232,10.473,57.0,0.1,27.691935
2023-01-24 17:00:00+00:00,0.234,10.873,55.0,0.2,26.901417
2023-01-24 18:00:00+00:00,0.259,10.672999,51.0,0.4,27.698952
2023-01-24 19:00:00+00:00,0.248,10.922999,46.0,0.2,27.952787
2023-01-24 20:00:00+00:00,0.242,10.623,46.0,0.0,29.660152
2023-01-24 21:00:00+00:00,0.236,10.573,44.0,0.0,29.239891
2023-01-24 22:00:00+00:00,0.233,9.973,46.0,0.0,27.193705
2023-01-24 23:00:00+00:00,0.23,9.073,50.0,0.0,25.068514
2023-01-25 00:00:00+00:00,0.231,8.123,54.0,0.0,18.0
2023-01-25 01:00:00+00:00,0.23,7.023,61.0,0.0,9.178235
2023-01-25 02:00:00+00:00,0.23,6.523,65.0,0.0,7.42159
2023-01-25 03:00:00+00:00,0.23,6.523,68.0,0.2,11.440979
2023-01-25 04:00:00+00:00,0.248,6.573,77.0,0.6,14.84318
2023-01-25 05:00:00+00:00,0.247,7.323,68.0,0.0,15.893093
2023-01-25 06:00:00+00:00,0.254,8.373,59.0,0.7,21.26744
2023-01-25 07:00:00+00:00,0.253,8.672999,56.0,0.1,20.268991
2023-01-25 08:00:00+00:00,0.243,8.922999,55.0,0.0,20.073025
2023-01-25 09:00:00+00:00,0.238,8.823,66.0,0.0,23.424908
2023-01-25 10:00:00+00:00,0.235,9.273,66.0,0.0,22.915916
2023-01-25 11:00:00+00:00,0.232,10.073,65.0,0.0,29.460672
2023-01-25 12:00:00+00:00,0.228,11.723,53.0,0.0,26.493652
2023-01-25 13:00:00+00:00,0.226,11.973,52.0,0.0,28.954834
2023-01-25 14:00:00+00:00,0.225,12.123,54.0,0.0,30.261421
2023-01-25 15:00:00+00:00,0.232,12.073,58.0,0.2,28.97944
2023-01-25 16:00:00+00:00,0.241,11.623,58.0,0.4,28.112288
2023-01-25 17:00:00+00:00,0.232,11.922999,46.0,0.0,28.30983
2023-01-25 18:00:00+00:00,0.238,11.823,47.0,0.0,30.293522
2023-01-25 19:00:00+00:00,0.227,11.873,43.0,0.0,28.47643
2023-01-25 20:00:00+00:00,0.231,11.373,41.0,0.1,29.239891
2023-01-25 21:00:00+00:00,0.227,10.973,40.0,0.1,26.932714
2023-01-25 22:00:00+00:00,0.224,10.323,43.0,0.0,25.346148
2023-01-25 23:00:00+00:00,0.222,9.422999,46.0,0.0,25.277023
2023-01-26 00:00:00+00:00,0.216,8.573,48.0,0.0,21.41319
2023-01-26 01:00:00+00:00,0.215,7.273,53.0,0.0,20.380579
2023-01-26 02:00:00+00:00,0.215,6.273,59.0,0.0,18.86139
2023-01-26 03:00:00+00:00,0.214,5.623,65.0,0.0,20.46941
2023-01-26 04:00:00+00:00,0.214,5.123,70.0,0.0,21.413193
2023-01-26 05:00:00+00:00,0.214,5.023,72.0,0.0,22.539564
2023-01-26 06:00:00+00:00,0.213,5.4230003,71.0,0.0,23.210928
2023-01-26 07:00:00+00:00,0.213,5.4230003,68.0,0.0,24.066206
2023-01-26 08:00:00+00:00,0.212,5.323,69.0,0.0,23.83624
2023-01-26 09:00:00+00:00,0.212,5.573,69.0,0.0,25.282152
2023-01-26 10:00:00+00:00,0.211,6.123,69.0,0.0,26.999998
2023-01-26 11:00:00+00:00,0.211,7.073,64.0,0.0,31.883888
2023-01-26 12:00:00+00:00,0.21,8.473,56.0,0.0,32.791634
2023-01-26 13:00:00+00:00,0.209,9.373,52.0,0.0,34.2
2023-01-26 14:00:00+00:00,0.207,9.973,50.0,0.0,35.296524
2023-01-26 15:00:00+00:00,0.206,10.623,48.0,0.0,36.088093
2023-01-26 16:00:00+00:00,0.205,11.023,48.0,0.0,36.115017
2023-01-26 17:00:00+00:00,0.203,11.573,48.0,0.0,34.679794
2023-01-26 18:00:00+00:00,0.203,11.623,48.0,0.0,35.945957
2023-01-26 19:00:00+00:00,0.201,11.323,49.0,0.0,35.463196
2023-01-26 20:00:00+00:00,0.2,10.922999,51.0,0.0,34.711544
2023-01-26 21:00:00+00:00,0.199,10.223,55.0,0.0,33.672993
2023-01-26 22:00:00+00:00,0.199,9.573,58.0,0.0,32.138947
2023-01-26 23:00:00+00:00,0.199,8.723,62.0,0.0,30.652895
2023-01-27 00:00:00+00:00,0.203,7.623,65.0,0.0,28.808998
2023-01-27 01:00:00+00:00,0.203,6.573,72.0,0.0,25.582806
2023-01-27 02:00:00+00:00,0.203,6.1730003,74.0,0.0,24.546085
2023-01-27 03:00:00+00:00,0.203,6.023,72.0,0.0,23.857979
2023-01-27 04:00:00+00:00,0.203,5.873,73.0,0.0,22.505037
2023-01-27 05:00:00+00:00,0.203,5.7229996,75.0,0.0,20.833395
2023-01-27 06:00:00+00:00,0.203,5.523,76.0,0.0,20.898611
2023-01-27 07:00:00+00:00,0.203,5.523,75.0,0.0,19.386591
2023-01-27 08:00:00+00:00,0.202,5.823,77.0,0.0,18.11841
2023-01-27 09:00:00+00:00,0.202,5.873,80.0,0.1,14.458382
2023-01-27 10:00:00+00:00,0.202,6.1730003,84.0,0.0,11.983188
2023-01-27 11:00:00+00:00,0.202,7.7229996,80.0,0.0,14.81259
2023-01-27 12:00:00+00:00,0.201,8.922999,70.0,0.0,23.023119
2023-01-27 13:00:00+00:00,0.201,9.922999,69.0,0.0,25.153671
2023-01-27 14:00:00+00:00,0.2,10.922999,66.0,0.0,26.405453
2023-01-27 15:00:00+00:00,0.199,12.273,61.0,0.0,30.096085
2023-01-27 16:00:00+00:00,0.198,12.523,61.0,0.0,32.078403
2023-01-27 17:00:00+00:00,0.197,13.172999,60.0,0.0,33.39473
2023-01-27 18:00:00+00:00,0.197,13.273,59.0,0.0,31.093666
2023-01-27 19:00:00+00:00,0.196,13.523,59.0,0.0,30.703587
2023-01-27 20:00:00+00:00,0.195,13.023,66.0,0.1,28.71437
2023-01-27 21:00:00+00:00,0.195,13.473,63.0,0.0,23.623243
2023-01-27 22:00:00+00:00,0.195,13.323,62.0,0.0,25.872454
2023-01-27 23:00:00+00:00,0.207,11.723,78.0,0.5,20.073025
2023-01-28 00:00:00+00:00,0.278,10.723,85.0,1.7,16.78156
2023-01-28 01:00:00+00:00,0.286,10.523,85.0,1.0,16.87398
2023-01-28 02:00:00+00:00,0.289,10.723,84.0,0.7,22.206486
2023-01-28 03:00:00+00:00,0.281,11.023,85.0,0.4,24.33664
2023-01-28 04:00:00+00:00,0.268,11.723,82.0,0.0,25.992397
2023-01-28 05:00:00+00:00,0.258,11.573,79.0,0.0,26.33911
2023-01-28 06:00:00+00:00,0.252,11.422999,67.0,0.0,28.623962
2023-01-28 07:00:00+00:00,0.247,10.823,68.0,0.0,31.667723
2023-01-28 08:00:00+00:00,0.243,10.223,69.0,0.0,29.986076
2023-01-28 09:00:00+00:00,0.241,10.023,70.0,0.0,29.268686
2023-01-28 10:00:00+00:00,0.238,10.073,67.0,0.0,30.978832
2023-01-28 11:00:00+00:00,0.236,10.773,64.0,0.0,33.87062
2023-01-28 12:00:00+00:00,0.231,12.273,59.0,0.0,37.44692
2023-01-28 13:00:00+00:00,0.229,12.973,54.0,0.0,39.37353
2023-01-28 14:00:00+00:00,0.227,13.922999,51.0,0.0,39.32083
2023-01-28 15:00:00+00:00,0.224,14.473,50.0,0.0,38.546906
2023-01-28 16:00:00+00:00,0.222,15.023,48.0,0.0,40.03938
2023-01-28 17:00:00+00:00,0.22,15.373,47.0,0.0,38.687855
2023-01-28 18:00:00+00:00,0.219,16.573,43.0,0.0,40.23312
2023-01-28 19:00:00+00:00,0.217,16.123001,46.0,0.0,36.615734
2023-01-28 20:00:00+00:00,0.216,15.473,47.0,0.0,35.543507
2023-01-28 21:00:00+00:00,0.215,14.823,48.0,0.0,36.04677
2023-01-28 22:00:00+00:00,0.214,13.723,51.0,0.0,34.38895
2023-01-28 23:00:00+00:00,0.214,12.823,55.0,0.0,32.43398
2023-01-29 00:00:00+00:00,0.21,12.523,56.0,0.0,29.888672
2023-01-29 01:00:00+00:00,0.21,11.422999,65.0,0.0,28.266306
2023-01-29 02:00:00+00:00,0.209,10.922999,64.0,0.0,27.181787
2023-01-29 03:00:00+00:00,0.209,10.422999,62.0,0.0,29.723444
2023-01-29 04:00:00+00:00,0.209,9.973,64.0,0.0,28.948118
2023-01-29 05:00:00+00:00,0.209,9.922999,65.0,0.0,30.009838
2023-01-29 06:00:00+00:00,0.208,9.823,67.0,0.0,24.923338
2023-01-29 07:00:00+00:00,0.208,9.523,70.0,0.0,24.535524
2023-01-29 08:00:00+00:00,0.208,9.473,72.0,0.0,22.89611
2023-01-29 09:00:00+00:00,0.207,9.623,72.0,0.0,23.34455
2023-01-29 10:00:00+00:00,0.207,10.123,71.0,0.0,22.884789
2023-01-29 11:00:00+00:00,0.206,10.773,67.0,0.0,25.071096
2023-01-29 12:00:00+00:00,0.206,12.273,61.0,0.0,24.72495
2023-01-29 13:00:00+00:00,0.206,12.373,62.0,0.0,26.717722
2023-01-29 14:00:00+00:00,0.208,12.773,62.0,0.1,25.862436
2023-01-29 15:00:00+00:00,0.214,13.422999,59.0,0.2,26.693459
2023-01-29 16:00:00+00:00,0.216,13.873,55.0,0.1,27.952787
2023-01-29 17:00:00+00:00,0.216,14.523,51.0,0.1,27.402597
2023-01-29 18:00:00+00:00,0.22,14.023,53.0,0.2,25.721743
2023-01-29 19:00:00+00:00,0.213,14.123,52.0,0.1,23.441502
2023-01-29 20:00:00+00:00,0.215,14.273,54.0,0.1,21.791153
2023-01-29 21:00:00+00:00,0.225,13.323,58.0,0.3,20.188908
2023-01-29 22:00:00+00:00,0.225,12.073,66.0,0.3,17.294992
2023-01-29 23:00:00+00:00,0.229,10.973,74.0,0.4,13.324863
2023-01-30 00:00:00+00:00,0.237,10.523,78.0,0.3,10.08
2023-01-30 01:00:00+00:00,0.242,9.922999,82.0,0.3,9.3876505
2023-01-30 02:00:00+00:00,0.239,9.172999,86.0,0.1,7.5942082
2023-01-30 03:00:00+00:00,0.234,8.723,86.0,0.0,8.209263
2023-01-30 04:00:00+00:00,0.23,8.073,88.0,0.0,8.049845
2023-01-30 05:00:00+00:00,0.227,7.4729996,91.0,0.0,7.5170207
2023-01-30 06:00:00+00:00,0.224,7.1730003,87.0,0.0,9.9571085
2023-01-30 07:00:00+00:00,0.223,7.123,88.0,0.0,12.261158
2023-01-30 08:00:00+00:00,0.223,7.2229996,86.0,0.0,16.215992
2023-01-30 09:00:00+00:00,0.222,6.773,84.0,0.0,18.03237
2023-01-30 10:00:00+00:00,0.221,6.873,77.0,0.0,19.201874
2023-01-30 11:00:00+00:00,0.219,7.773,66.0,0.0,21.986542
2023-01-30 12:00:00+00:00,0.217,9.123,64.0,0.0,25.6233
2023-01-30 13:00:00+00:00,0.215,10.573,55.0,0.0,27.645092
2023-01-30 14:00:00+00:00,0.213,11.373,47.0,0.0,29.655787
2023-01-30 15:00:00+00:00,0.211,11.273,44.0,0.0,30.574575
2023-01-30 16:00:00+00:00,0.21,11.973,42.0,0.0,32.43398
2023-01-30 17:00:00+00:00,0.208,12.373,41.0,0.0,31.129074
2023-01-30 18:00:00+00:00,0.206,13.172999,41.0,0.0,33.40055
2023-01-30 19:00:00+00:00,0.205,12.773,44.0,0.0,33.092598
2023-01-30 20:00:00+00:00,0.204,12.523,48.0,0.0,31.559088
2023-01-30 21:00:00+00:00,0.203,12.123,52.0,0.0,30.124065
2023-01-30 22:00:00+00:00,0.202,11.223,51.0,0.0,28.948118
2023-01-30 23:00:00+00:00,0.202,10.172999,55.0,0.0,26.987997
2023-01-31 00:00:00+00:00,0.201,9.023,57.0,0.0,26.700743
2023-01-31 01:00:00+00:00,0.201,8.073,59.0,0.0,22.7057
2023-01-31 02:00:00+00:00,0.201,7.7229996,61.0,0.0,19.416653
2023-01-31 03:00:00+00:00,0.201,7.573,65.0,0.0,17.581125
2023-01-31 04:00:00+00:00,0.201,7.123,72.0,0.0,17.193533
2023-01-31 05:00:00+00:00,0.2,7.073,70.0,0.0,19.93048
2023-01-31 06:00:00+00:00,0.2,7.123,73.0,0.0,19.483284
2023-01-31 07:00:00+00:00,0.2,7.073,74.0,0.0,18.692286
2023-01-31 08:00:00+00:00,0.2,7.323,72.0,0.0,17.418196
2023-01-31 09:00:00+00:00,0.2,7.273,76.0,0.0,17.551615
2023-01-31 10:00:00+00:00,0.2,7.573,77.0,0.0,18.043148
2023-01-31 11:00:00+00:00,0.199,8.922999,74.0,0.0,24.023088
2023-01-31 12:00:00+00:00,0.198,10.422999,64.0,0.0,29.834423
2023-01-31 13:00:00+00:00,0.198,11.273,61.0,0.0,31.079071
2023-01-31 14:00:00+00:00,0.197,11.922999,58.0,0.0,29.337238
2023-01-31 15:00:00+00:00,0.196,12.672999,59.0,0.0,27.155552
2023-01-31 16:00:00+00:00,0.195,12.323,61.0,0.0,27.534704
2023-01-31 17:00:00+00:00,0.194,12.672999,59.0,0.0,28.766228
2023-01-31 18:00:00+00:00,0.194,12.823,59.0,0.0,27.820337
2023-01-31 19:00:00+00:00,0.193,13.422999,56.0,0.0,28.594517
2023-01-31 20:00:00+00:00,0.193,13.373,57.0,0.0,25.620771
2023-01-31 21:00:00+00:00,0.192,12.973,60.0,0.1,26.183659
2023-01-31 22:00:00+00:00,0.192,12.422999,66.0,0.1,22.7057
2023-01-31 23:00:00+00:00,0.192,11.973,71.0,0.0,23.068108
2023-02-01 00:00:00+00:00,0.192,11.223,75.0,0.1,23.667091
2023-02-01 01:00:00+00:00,0.194,10.573,78.0,0.1,22.476227
2023-02-01 02:00:00+00:00,0.196,10.422999,77.0,0.1,23.993399
2023-02-01 03:00:00+00:00,0.206,9.973,81.0,0.2,22.077717
2023-02-01 04:00:00+00:00,0.205,9.973,79.0,0.1,20.94507
2023-02-01 05:00:00+00:00,0.203,10.123,80.0,0.0,22.90743
2023-02-01 06:00:00+00:00,0.199,10.573,75.0,0.0,26.576681
2023-02-01 07:00:00+00:00,0.198,10.422999,76.0,0.0,25.925
2023-02-01 08:00:00+00:00,0.197,10.273,77.0,0.0,23.4
2023-02-01 09:00:00+00:00,0.197,10.223,78.0,0.0,21.794127
2023-02-01 10:00:00+00:00,0.196,10.323,79.0,0.0,22.077717
2023-02-01 11:00:00+00:00,0.196,10.823,76.0,0.0,23.510508
2023-02-01 12:00:00+00:00,0.195,12.623,64.0,0.0,25.20257
2023-02-01 13:00:00+00:00,0.194,13.523,61.0,0.0,30.563978
2023-02-01 14:00:00+00:00,0.193,14.523,57.0,0.0,31.912327
2023-02-01 15:00:00+00:00,0.192,14.723,57.0,0.0,32.37999
2023-02-01 16:00:00+00:00,0.191,15.223,55.0,0.0,33.672993
2023-02-01 17:00:00+00:00,0.19,15.773,53.0,0.0,34.627434
2023-02-01 18:00:00+00:00,0.189,15.823,53.0,0.0,32.24161
2023-02-01 19:00:00+00:00,0.188,15.773,54.0,0.0,30.735231
2023-02-01 20:00:00+00:00,0.188,15.922999,55.0,0.0,29.301878
2023-02-01 21:00:00+00:00,0.187,15.623,56.0,0.0,25.959969
2023-02-01 22:00:00+00:00,0.187,15.172999,58.0,0.0,23.084955
2023-02-01 23:00:00+00:00,0.187,14.672999,60.0,0.0,18.888851
2023-02-02 00:00:00+00:00,0.185,14.172999,61.0,0.0,19.523155
2023-02-02 01:00:00+00:00,0.185,13.473,65.0,0.0,17.518356
2023-02-02 02:00:00+00:00,0.185,13.023,68.0,0.0,14.84318
2023-02-02 03:00:00+00:00,0.185,12.672999,69.0,0.0,13.708391
2023-02-02 04:00:00+00:00,0.185,12.373,69.0,0.0,13.363711
2023-02-02 05:00:00+00:00,0.185,11.823,70.0,0.0,12.904882
2023-02-02 06:00:00+00:00,0.185,11.473,74.0,0.0,11.592894
2023-02-02 07:00:00+00:00,0.196,10.823,83.0,0.5,10.805998
2023-02-02 08:00:00+00:00,0.196,10.373,87.0,0.0,9.021574
2023-02-02 09:00:00+00:00,0.193,9.922999,88.0,0.0,6.151683
2023-02-02 10:00:00+00:00,0.192,9.573,88.0,0.0,4.2136917
2023-02-02 11:00:00+00:00,0.191,11.123,80.0,0.0,4.829907
2023-02-02 12:00:00+00:00,0.189,12.823,71.0,0.0,6.489992
2023-02-02 13:00:00+00:00,0.187,14.422999,62.0,0.0,10.009036
2023-02-02 14:00:00+00:00,0.186,15.623,57.0,0.0,13.237038
2023-02-02 15:00:00+00:00,0.185,16.373001,53.0,0.0,16.323528
2023-02-02 16:00:00+00:00,0.184,16.073,54.0,0.0,20.969807
2023-02-02 17:00:00+00:00,0.183,16.073,55.0,0.0,23.532547
2023-02-02 18:00:00+00:00,0.182,16.423,56.0,0.0,22.226902
2023-02-02 19:00:00+00:00,0.181,17.673,54.0,0.0,26.987997
2023-02-02 20:00:00+00:00,0.18,18.573,52.0,0.0,24.522316
2023-02-02 21:00:00+00:00,0.179,17.723001,50.0,0.0,26.341572
2023-02-02 22:00:00+00:00,0.178,16.023,55.0,0.0,22.963936
2023-02-02 23:00:00+00:00,0.178,14.723,60.0,0.0,19.296133
2023-02-03 00:00:00+00:00,0.174,13.773,61.0,0.0,18.998314
2023-02-03 01:00:00+00:00,0.174,12.823,62.0,0.0,18.416384
2023-02-03 02:00:00+00:00,0.174,11.773,63.0,0.0,19.164719
2023-02-03 03:00:00+00:00,0.175,10.973,69.0,0.0,17.057314
2023-02-03 04:00:00+00:00,0.175,11.023,70.0,0.0,15.328561
2023-02-03 05:00:00+00:00,0.175,10.723,73.0,0.0,13.797913
2023-02-03 06:00:00+00:00,0.175,9.523,81.0,0.0,10.028439
2023-02-03 07:00:00+00:00,0.175,9.723,81.0,0.0,11.043261
2023-02-03 08:00:00+00:00,0.175,10.073,81.0,0.0,12.074766
2023-02-03 09:00:00+00:00,0.175,9.773,84.0,0.0,9.511088
2023-02-03 10:00:00+00:00,0.175,10.473,83.0,0.0,8.942214
2023-02-03 11:00:00+00:00,0.175,12.672999,72.0,0.0,11.212135
2023-02-03 12:00:00+00:00,0.175,15.873,60.0,0.0,21.892027
2023-02-03 13:00:00+00:00,0.174,16.723001,54.0,0.0,25.501621
2023-02-03 14:00:00+00:00,0.173,17.223001,54.0,0.0,28.766228
2023-02-03 15:00:00+00:00,0.174,16.773,61.0,0.2,28.277763
2023-02-03 16:00:00+00:00,0.184,15.823,73.0,0.3,29.157776
2023-02-03 17:00:00+00:00,0.19,16.623001,67.0,0.2,26.717722
2023-02-03 18:00:00+00:00,0.214,16.923,57.0,0.5,35.68542
2023-02-03 19:00:00+00:00,0.198,16.973001,52.0,0.0,32.831135
2023-02-03 20:00:00+00:00,0.192,16.073,51.0,0.0,33.672993
2023-02-03 21:00:00+00:00,0.189,15.023,50.0,0.0,33.75756
2023-02-03 22:00:00+00:00,0.187,14.172999,50.0,0.0,31.667723
2023-02-03 23:00:00+00:00,0.185,12.922999,51.0,0.0,30.855171
2023-02-04 00:00:00+00:00,0.181,12.023,53.0,0.0,30.703587
2023-02-04 01:00:00+00:00,0.18,10.823,56.0,0.0,28.082308
2023-02-04 02:00:00+00:00,0.18,10.123,60.0,0.0,28.808998
2023-02-04 03:00:00+00:00,0.179,9.672999,63.0,0.0,27.362366
2023-02-04 04:00:00+00:00,0.178,9.373,63.0,0.0,27.362366
2023-02-04 05:00:00+00:00,0.178,9.023,63.0,0.0,27.021591
2023-02-04 06:00:00+00:00,0.177,8.473,63.0,0.0,27.009598
2023-02-04 07:00:00+00:00,0.177,8.223,65.0,0.0,25.562534
2023-02-04 08:00:00+00:00,0.177,8.123,65.0,0.0,24.863468
2023-02-04 09:00:00+00:00,0.176,7.9230003,63.0,0.0,23.042812
2023-02-04 10:00:00+00:00,0.176,8.023,65.0,0.0,22.7057
2023-02-04 11:00:00+00:00,0.175,8.672999,64.0,0.0,24.57511
2023-02-04 12:00:00+00:00,0.175,10.323,56.0,0.0,25.764534
2023-02-04 13:00:00+00:00,0.174,11.373,50.0,0.0,27.77838
2023-02-04 14:00:00+00:00,0.173,12.172999,47.0,0.0,27.238941
2023-02-04 15:00:00+00:00,0.172,12.773,46.0,0.0,25.932495
2023-02-04 16:00:00+00:00,0.171,13.273,45.0,0.0,22.545315
2023-02-04 17:00:00+00:00,0.172,12.273,55.0,0.2,18.161278
2023-02-04 18:00:00+00:00,0.218,10.223,74.0,0.9,14.654254
2023-02-04 19:00:00+00:00,0.259,10.373,78.0,1.5,10.086427
2023-02-04 20:00:00+00:00,0.29,10.623,83.0,1.5,10.948973
2023-02-04 21:00:00+00:00,0.343,10.623,87.0,3.7,11.440979
2023-02-04 22:00:00+00:00,0.338,10.373,91.0,2.8,11.4862
2023-02-04 23:00:00+00:00,0.317,10.323,91.0,0.8,8.534353
2023-02-05 00:00:00+00:00,0.289,10.223,92.0,0.3,5.3999996
2023-02-05 01:00:00+00:00,0.286,10.573,94.0,0.3,7.7879906
2023-02-05 02:00:00+00:00,0.283,11.273,93.0,0.0,15.9134655
2023-02-05 03:00:00+00:00,0.279,11.723,88.0,0.0,26.415268
2023-02-05 04:00:00+00:00,0.271,10.723,65.0,0.0,31.845247
2023-02-05 05:00:00+00:00,0.266,9.422999,62.0,0.0,35.58359
2023-02-05 06:00:00+00:00,0.263,8.623,63.0,0.0,38.6208
2023-02-05 07:00:00+00:00,0.26,8.123,66.0,0.0,42.366966
2023-02-05 08:00:00+00:00,0.257,7.7229996,66.0,0.0,43.850594
2023-02-05 09:00:00+00:00,0.257,7.2229996,69.0,0.1,45.40141
2023-02-05 10:00:00+00:00,0.27,6.873,76.0,0.5,43.279427
2023-02-05 11:00:00+00:00,0.272,7.373,71.0,0.3,43.213493
2023-02-05 12:00:00+00:00,0.256,9.172999,59.0,0.1,55.929913
2023-02-05 13:00:00+00:00,0.253,9.623,56.0,0.0,51.43466
2023-02-05 14:00:00+00:00,0.249,10.473,49.0,0.0,51.343876
2023-02-05 15:00:00+00:00,0.246,10.873,44.0,0.0,48.73847
2023-02-05 16:00:00+00:00,0.243,11.223,42.0,0.0,46.66272
2023-02-05 17:00:00+00:00,0.24,11.473,41.0,0.0,45.725666
2023-02-05 18:00:00+00:00,0.238,11.023,40.0,0.0,50.539948
2023-02-05 19:00:00+00:00,0.236,11.023,39.0,0.0,48.46648
2023-02-05 20:00:00+00:00,0.234,10.623,40.0,0.0,46.32963
2023-02-05 21:00:00+00:00,0.232,10.172999,42.0,0.0,43.255466
2023-02-05 22:00:00+00:00,0.231,9.672999,45.0,0.0,39.241653
2023-02-05 23:00:00+00:00,0.23,8.823,48.0,0.0,33.709534
2023-02-06 00:00:00+00:00,0.229,8.023,53.0,0.0,28.202042
2023-02-06 01:00:00+00:00,0.228,7.1730003,57.0,0.0,20.880001
2023-02-06 02:00:00+00:00,0.228,6.4230003,64.0,0.0,15.379206
2023-02-06 03:00:00+00:00,0.227,6.273,68.0,0.0,15.876775
2023-02-06 04:00:00+00:00,0.227,6.873,68.0,0.0,14.4
2023-02-06 05:00:00+00:00,0.228,7.123,73.0,0.1,10.97262
2023-02-06 06:00:00+00:00,0.227,7.873,82.0,0.1,17.072504
2023-02-06 07:00:00+00:00,0.232,7.9729996,82.0,0.2,19.022177
2023-02-06 08:00:00+00:00,0.234,7.9230003,84.0,0.1,16.870138
2023-02-06 09:00:00+00:00,0.235,8.173,84.0,0.1,16.363178
2023-02-06 10:00:00+00:00,0.237,8.973,84.0,0.1,19.272614
2023-02-06 11:00:00+00:00,0.237,10.273,84.0,0.0,25.759504
2023-02-06 12:00:00+00:00,0.232,11.223,75.0,0.0,31.433586
2023-02-06 13:00:00+00:00,0.23,11.922999,72.0,0.0,38.156605
2023-02-06 14:00:00+00:00,0.228,13.023,67.0,0.0,37.827415
2023-02-06 15:00:00+00:00,0.225,14.223,60.0,0.0,40.737305
2023-02-06 16:00:00+00:00,0.224,14.123,61.0,0.0,38.243114
2023-02-06 17:00:00+00:00,0.222,15.023,57.0,0.0,37.10795
2023-02-06 18:00:00+00:00,0.22,15.473,54.0,0.0,36.0072
2023-02-06 19:00:00+00:00,0.219,15.123,56.0,0.0,35.821354
2023-02-06 20:00:00+00:00,0.218,14.523,60.0,0.0,34.247337
2023-02-06 21:00:00+00:00,0.217,14.273,62.0,0.0,30.77105
2023-02-06 22:00:00+00:00,0.223,13.123,71.0,0.2,29.237675
2023-02-06 23:00:00+00:00,0.232,12.123,79.0,0.3,25.984917
2023-02-07 00:00:00+00:00,0.227,11.922999,80.0,0.5,23.157824
2023-02-07 01:00:00+00:00,0.226,11.323,82.0,0.0,22.45315
2023-02-07 02:00:00+00:00,0.225,10.773,74.0,0.1,25.929996
2023-02-07 03:00:00+00:00,0.222,9.672999,72.0,0.0,24.905132
2023-02-07 04:00:00+00:00,0.22,8.873,73.0,0.0,23.499481
2023-02-07 05:00:00+00:00,0.219,8.672999,71.0,0.0,21.67487
2023-02-07 06:00:00+00:00,0.217,8.323,76.0,0.0,20.418695
2023-02-07 07:00:00+00:00,0.216,7.9230003,76.0,0.0,21.38897
2023-02-07 08:00:00+00:00,0.215,7.4230003,75.0,0.0,19.559633
2023-02-07 09:00:00+00:00,0.215,6.9729996,75.0,0.0,18.057508
2023-02-07 10:00:00+00:00,0.214,6.873,75.0,0.0,16.75064
2023-02-07 11:00:00+00:00,0.213,8.073,68.0,0.0,19.959719
2023-02-07 12:00:00+00:00,0.212,9.973,59.0,0.0,23.770906
2023-02-07 13:00:00+00:00,0.211,10.873,51.0,0.0,25.2924
2023-02-07 14:00:00+00:00,0.209,12.023,43.0,0.0,27.534704
2023-02-07 15:00:00+00:00,0.207,12.623,43.0,0.0,26.836306
2023-02-07 16:00:00+00:00,0.206,13.073,43.0,0.0,24.905132
2023-02-07 17:00:00+00:00,0.204,14.123,39.0,0.0,24.130743
2023-02-07 18:00:00+00:00,0.203,14.672999,37.0,0.0,27.362366
2023-02-07 19:00:00+00:00,0.201,14.323,42.0,0.0,23.828083
2023-02-07 20:00:00+00:00,0.201,14.422999,45.0,0.0,19.586117
2023-02-07 21:00:00+00:00,0.2,14.723,47.0,0.0,16.263872
2023-02-07 22:00:00+00:00,0.199,15.023,47.0,0.0,18.218275
2023-02-07 23:00:00+00:00,0.199,14.922999,51.0,0.0,15.021105
2023-02-08 00:00:00+00:00,0.194,13.922999,53.0,0.0,9.504272
2023-02-08 01:00:00+00:00,0.194,12.823,61.0,0.0,7.289444
2023-02-08 02:00:00+00:00,0.195,12.123,67.0,0.0,7.2805495
2023-02-08 03:00:00+00:00,0.195,12.273,66.0,0.0,10.1376915
2023-02-08 04:00:00+00:00,0.195,12.172999,69.0,0.0,13.004921
2023-02-08 05:00:00+00:00,0.194,12.023,68.0,0.0,12.413476
2023-02-08 06:00:00+00:00,0.194,11.023,77.0,0.0,7.7043357
2023-02-08 07:00:00+00:00,0.194,10.323,83.0,0.0,6.725354
2023-02-08 08:00:00+00:00,0.195,9.922999,89.0,0.1,5.4833565
2023-02-08 09:00:00+00:00,0.195,9.922999,92.0,0.2,8.373386
2023-02-08 10:00:00+00:00,0.195,10.172999,94.0,0.0,7.968939
2023-02-08 11:00:00+00:00,0.196,11.123,91.0,0.0,10.8955765
2023-02-08 12:00:00+00:00,0.195,12.373,86.0,0.0,9.227524
2023-02-08 13:00:00+00:00,0.194,13.922999,80.0,0.0,8.089993
2023-02-08 14:00:00+00:00,0.198,15.323,76.0,0.3,9.0
2023-02-08 15:00:00+00:00,0.205,16.873001,70.0,0.2,10.383987
2023-02-08 16:00:00+00:00,0.208,18.023,65.0,0.2,13.37825
2023-02-08 17:00:00+00:00,0.207,19.123001,59.0,0.1,20.431387
2023-02-08 18:00:00+00:00,0.225,18.373001,67.0,0.2,17.294992
2023-02-08 19:00:00+00:00,0.224,18.723001,64.0,0.1,19.469976
2023-02-08 20:00:00+00:00,0.219,19.223001,64.0,0.1,22.33161
2023-02-08 21:00:00+00:00,0.222,18.073,67.0,0.2,25.071098
2023-02-08 22:00:00+00:00,0.231,14.223,55.0,0.4,27.56058
2023-02-08 23:00:00+00:00,0.24,12.073,62.0,0.5,20.3774
2023-02-09 00:00:00+00:00,0.254,12.172999,71.0,0.0,15.1884165
2023-02-09 01:00:00+00:00,0.241,11.623,69.0,0.0,15.509274
2023-02-09 02:00:00+00:00,0.235,10.573,71.0,0.0,15.281989
2023-02-09 03:00:00+00:00,0.23,9.873,69.0,0.0,17.227419
2023-02-09 04:00:00+00:00,0.227,9.573,67.0,0.0,19.130875
2023-02-09 05:00:00+00:00,0.224,9.123,67.0,0.0,17.388409
2023-02-09 06:00:00+00:00,0.222,8.823,72.0,0.0,13.849477
2023-02-09 07:00:00+00:00,0.221,8.523,74.0,0.0,13.779114
2023-02-09 08:00:00+00:00,0.219,8.573,75.0,0.0,13.979872
2023-02-09 09:00:00+00:00,0.218,8.422999,74.0,0.0,13.896187
2023-02-09 10:00:00+00:00,0.217,8.523,75.0,0.0,12.682018
2023-02-09 11:00:00+00:00,0.216,9.573,71.0,0.0,13.779114
2023-02-09 12:00:00+00:00,0.214,11.523,62.0,0.0,18.171976
2023-02-09 13:00:00+00:00,0.212,12.473,57.0,0.0,21.068459
2023-02-09 14:00:00+00:00,0.21,13.523,51.0,0.0,20.172853
2023-02-09 15:00:00+00:00,0.208,13.823,48.0,0.0,21.566973
2023-02-09 16:00:00+00:00,0.209,13.723,49.0,0.0,21.434364
2023-02-09 17:00:00+00:00,0.206,13.973,48.0,0.0,20.68356
2023-02-09 18:00:00+00:00,0.203,14.473,40.0,0.0,24.27265
2023-02-09 19:00:00+00:00,0.201,14.323,43.0,0.0,24.863466
2023-02-09 20:00:00+00:00,0.21,13.373,49.0,0.3,21.313093
2023-02-09 21:00:00+00:00,0.217,13.473,53.0,0.2,18.844202
2023-02-09 22:00:00+00:00,0.239,12.672999,62.0,0.6,12.031756
2023-02-09 23:00:00+00:00,0.232,12.623,62.0,0.2,10.137692
2023-02-10 00:00:00+00:00,0.285,11.373,79.0,0.1,5.771239
2023-02-10 01:00:00+00:00,0.29,10.573,85.0,1.2,9.19939
2023-02-10 02:00:00+00:00,0.268,9.973,77.0,0.3,11.246759
2023-02-10 03:00:00+00:00,0.256,9.323,72.0,0.0,15.827721
2023-02-10 04:00:00+00:00,0.247,8.523,77.0,0.0,16.071491
2023-02-10 05:00:00+00:00,0.242,7.9729996,79.0,0.0,15.256526
2023-02-10 06:00:00+00:00,0.235,7.4729996,81.0,0.0,13.527572
2023-02-10 07:00:00+00:00,0.232,6.873,79.0,0.0,12.55879
2023-02-10 08:00:00+00:00,0.229,6.2229996,79.0,0.0,10.086427
2023-02-10 09:00:00+00:00,0.227,5.623,81.0,0.0,7.127636
2023-02-10 10:00:00+00:00,0.226,5.373,82.0,0.0,5.5887027
2023-02-10 11:00:00+00:00,0.224,6.7229996,74.0,0.0,7.69592
2023-02-10 12:00:00+00:00,0.223,8.573,66.0,0.0,7.8625183
2023-02-10 13:00:00+00:00,0.22,10.073,58.0,0.0,9.0
2023-02-10 14:00:00+00:00,0.218,11.123,49.0,0.0,14.264361
2023-02-10 15:00:00+00:00,0.216,12.473,52.0,0.0,15.745627
2023-02-10 16:00:00+00:00,0.214,13.323,58.0,0.1,15.978486
2023-02-10 17:00:00+00:00,0.235,14.473,57.0,0.6,18.448023
2023-02-10 18:00:00+00:00,0.211,15.273,56.0,0.0,17.643673
2023-02-10 19:00:00+00:00,0.22,15.723,52.0,0.2,16.039202
2023-02-10 20:00:00+00:00,0.222,15.623,54.0,0.2,14.986553
2023-02-10 21:00:00+00:00,0.219,16.073,46.0,0.1,16.575644
2023-02-10 22:00:00+00:00,0.218,14.873,46.0,0.1,20.799152
2023-02-10 23:00:00+00:00,0.214,13.223,52.0,0.0,20.774214
2023-02-11 00:00:00+00:00,0.216,12.223,58.0,0.0,18.057508
2023-02-11 01:00:00+00:00,0.215,11.123,63.0,0.0,15.379206
2023-02-11 02:00:00+00:00,0.214,10.373,68.0,0.0,13.207634
2023-02-11 03:00:00+00:00,0.213,9.172999,76.0,0.0,16.946787
2023-02-11 04:00:00+00:00,0.213,8.223,77.0,0.0,14.587776
2023-02-11 05:00:00+00:00,0.212,7.573,79.0,0.0,12.641076
2023-02-11 06:00:00+00:00,0.212,6.4729996,81.0,0.0,10.829959
2023-02-11 07:00:00+00:00,0.211,6.023,85.0,0.0,9.904906
2023-02-11 08:00:00+00:00,0.211,5.623,88.0,0.0,9.227524
2023-02-11 09:00:00+00:00,0.211,5.273,90.0,0.0,8.225035
2023-02-11 10:00:00+00:00,0.21,5.273,89.0,0.0,6.297428
2023-02-11 11:00:00+00:00,0.21,6.4729996,81.0,0.0,7.42159
2023-02-11 12:00:00+00:00,0.208,8.973,69.0,0.0,11.966954
2023-02-11 13:00:00+00:00,0.215,10.223,60.0,0.1,18.875126
2023-02-11 14:00:00+00:00,0.216,10.973,58.0,0.1,20.08916
2023-02-11 15:00:00+00:00,0.223,11.422999,57.0,0.2,21.26744
2023-02-11 16:00:00+00:00,0.229,11.672999,56.0,0.3,20.767975
2023-02-11 17:00:00+00:00,0.232,11.873,56.0,0.3,21.028437
2023-02-11 18:00:00+00:00,0.236,13.023,51.0,0.4,24.798225
2023-02-11 19:00:00+00:00,0.243,12.523,53.0,0.4,24.485292
2023-02-11 20:00:00+00:00,0.234,11.973,54.0,0.1,20.421871
2023-02-11 21:00:00+00:00,0.229,11.873,54.0,0.0,17.57744
2023-02-11 22:00:00+00:00,0.226,11.422999,56.0,0.0,14.8257065
2023-02-11 23:00:00+00:00,0.223,10.672999,61.0,0.0,12.641076
2023-02-12 00:00:00+00:00,0.221,9.523,68.0,0.0,8.647496
2023-02-12 01:00:00+00:00,0.219,7.9230003,79.0,0.0,3.9763298
2023-02-12 02:00:00+00:00,0.218,6.823,84.0,0.0,3.396233
2023-02-12 03:00:00+00:00,0.217,6.073,88.0,0.0,5.1165614
2023-02-12 04:00:00+00:00,0.216,5.873,90.0,0.0,6.9527545
2023-02-12 05:00:00+00:00,0.215,5.373,93.0,0.0,8.825508
2023-02-12 06:00:00+00:00,0.211,5.273,95.0,0.0,8.12197
2023-02-12 07:00:00+00:00,0.211,4.873,95.0,0.0,10.308831
2023-02-12 08:00:00+00:00,0.21,4.623,93.0,0.0,11.659777
2023-02-12 09:00:00+00:00,0.209,4.523,90.0,0.0,13.797912
2023-02-12 10:00:00+00:00,0.209,4.4230003,82.0,0.0,14.869351
2023-02-12 11:00:00+00:00,0.208,5.4729996,75.0,0.0,16.62249
2023-02-12 12:00:00+00:00,0.206,7.1730003,69.0,0.0,21.96295
2023-02-12 13:00:00+00:00,0.204,8.573,59.0,0.0,22.725668
2023-02-12 14:00:00+00:00,0.202,9.523,53.0,0.0,23.110207
2023-02-12 15:00:00+00:00,0.2,9.973,51.0,0.0,23.857979
2023-02-12 16:00:00+00:00,0.198,10.873,48.0,0.0,23.770906
2023-02-12 17:00:00+00:00,0.194,11.473,43.0,0.0,23.411074
2023-02-12 18:00:00+00:00,0.206,11.773,44.0,0.1,24.905132
2023-02-12 19:00:00+00:00,0.204,11.422999,48.0,0.1,23.023119
2023-02-12 20:00:00+00:00,0.216,11.073,51.0,0.3,22.963936
2023-02-12 21:00:00+00:00,0.208,10.873,51.0,0.0,22.35481
2023-02-12 22:00:00+00:00,0.205,10.223,53.0,0.0,21.629978
2023-02-12 23:00:00+00:00,0.203,9.273,58.0,0.0,18.86139
2023-02-13 00:00:00+00:00,0.202,8.173,64.0,0.0,14.8257065
2023-02-13 01:00:00+00:00,0.201,6.9729996,72.0,0.0,10.296251
2023-02-13 02:00:00+00:00,0.201,6.073,78.0,0.0,7.653705
2023-02-13 03:00:00+00:00,0.201,5.6730003,81.0,0.0,7.491114
2023-02-13 04:00:00+00:00,0.201,5.573,82.0,0.0,8.435069
2023-02-13 05:00:00+00:00,0.2,5.7229996,82.0,0.0,8.913181
2023-02-13 06:00:00+00:00,0.2,5.773,81.0,0.0,11.183201
2023-02-13 07:00:00+00:00,0.2,5.873,83.0,0.0,11.4862
2023-02-13 08:00:00+00:00,0.199,5.373,86.0,0.0,9.028754
2023-02-13 09:00:00+00:00,0.199,4.9230003,89.0,0.0,6.151683
2023-02-13 10:00:00+00:00,0.199,4.1730003,92.0,0.0,4.198285
2023-02-13 11:00:00+00:00,0.199,5.1730003,88.0,0.0,2.9024127
2023-02-13 12:00:00+00:00,0.198,7.573,78.0,0.0,5.0142193
2023-02-13 13:00:00+00:00,0.196,9.273,63.0,0.0,8.825508
2023-02-13 14:00:00+00:00,0.194,10.323,55.0,0.0,9.605998
2023-02-13 15:00:00+00:00,0.2,11.323,50.0,0.2,8.557102
2023-02-13 16:00:00+00:00,0.195,12.223,45.0,0.0,9.504273
2023-02-13 17:00:00+00:00,0.196,12.623,44.0,0.1,9.6932955
2023-02-13 18:00:00+00:00,0.19,12.422999,44.0,0.0,11.525623
2023-02-13 19:00:00+00:00,0.204,12.323,50.0,0.2,11.367109
2023-02-13 20:00:00+00:00,0.26,10.873,62.0,1.2,12.783802
2023-02-13 21:00:00+00:00,0.265,10.023,68.0,1.0,11.090103
2023-02-13 22:00:00+00:00,0.257,9.723,66.0,0.4,11.090103
2023-02-13 23:00:00+00:00,0.251,8.973,69.0,0.2,13.684735
2023-02-14 00:00:00+00:00,0.255,7.773,77.0,0.2,12.10157
2023-02-14 01:00:00+00:00,0.243,7.123,77.0,0.0,13.276144
2023-02-14 02:00:00+00:00,0.237,6.573,77.0,0.0,12.181625
2023-02-14 03:00:00+00:00,0.236,6.023,80.0,0.1,10.308831
2023-02-14 04:00:00+00:00,0.231,5.273,82.0,0.0,9.3876505
2023-02-14 05:00:00+00:00,0.229,4.4729996,83.0,0.0,9.746631
2023-02-14 06:00:00+00:00,0.225,3.723,88.0,0.0,11.885453
2023-02-14 07:00:00+00:00,0.224,3.473,87.0,0.0,11.885453
2023-02-14 08:00:00+00:00,0.222,3.123,85.0,0.0,11.525623
2023-02-14 09:00:00+00:00,0.221,2.723,85.0,0.0,10.799999
2023-02-14 10:00:00+00:00,0.22,2.773,85.0,0.0,10.086427
2023-02-14 11:00:00+00:00,0.219,4.023,80.0,0.0,11.542478
2023-02-14 12:00:00+00:00,0.217,5.823,75.0,0.0,15.124284
2023-02-14 13:00:00+00:00,0.215,7.023,65.0,0.0,18.64369
2023-02-14 14:00:00+00:00,0.213,8.023,57.0,0.0,19.9954
2023-02-14 15:00:00+00:00,0.209,9.073,50.0,0.0,20.380579
2023-02-14 16:00:00+00:00,0.212,9.473,49.0,0.1,21.434364
2023-02-14 17:00:00+00:00,0.248,8.473,60.0,0.7,22.725668
2023-02-14 18:00:00+00:00,0.238,9.172999,57.0,0.3,25.2924
2023-02-14 19:00:00+00:00,0.227,9.922999,49.0,0.0,26.415268
2023-02-14 20:00:00+00:00,0.221,9.873,47.0,0.0,26.00486
2023-02-14 21:00:00+00:00,0.216,9.323,48.0,0.0,24.344624
2023-02-14 22:00:00+00:00,0.214,8.323,52.0,0.0,23.795427
2023-02-14 23:00:00+00:00,0.212,6.9230003,60.0,0.0,24.1388
2023-02-15 00:00:00+00:00,0.209,5.9729996,60.0,0.0,23.143827
2023-02-15 01:00:00+00:00,0.209,4.9230003,63.0,0.0,23.688984
2023-02-15 02:00:00+00:00,0.208,4.223,67.0,0.0,23.000591
2023-02-15 03:00:00+00:00,0.207,3.923,68.0,0.0,21.9718
2023-02-15 04:00:00+00:00,0.207,3.673,65.0,0.0,21.518847
2023-02-15 05:00:00+00:00,0.206,3.273,64.0,0.0,19.839235
2023-02-15 06:00:00+00:00,0.206,2.773,68.0,0.0,20.192118
2023-02-15 07:00:00+00:00,0.205,2.773,68.0,0.0,20.617662
2023-02-15 08:00:00+00:00,0.205,2.723,68.0,0.0,20.696085
2023-02-15 09:00:00+00:00,0.204,2.573,69.0,0.0,19.48661
2023-02-15 10:00:00+00:00,0.204,2.523,70.0,0.0,17.106628
2023-02-15 11:00:00+00:00,0.203,3.623,65.0,0.0,17.81909
2023-02-15 12:00:00+00:00,0.201,5.6730003,57.0,0.0,23.933908
2023-02-15 13:00:00+00:00,0.198,6.9230003,47.0,0.0,24.192429
2023-02-15 14:00:00+00:00,0.195,8.223,42.0,0.0,24.485292
2023-02-15 15:00:00+00:00,0.196,8.922999,39.0,0.1,24.442913
2023-02-15 16:00:00+00:00,0.194,9.073,38.0,0.0,23.950148
2023-02-15 17:00:00+00:00,0.194,9.672999,37.0,0.1,24.248611
2023-02-15 18:00:00+00:00,0.203,9.172999,42.0,0.1,25.02971
2023-02-15 19:00:00+00:00,0.197,9.172999,41.0,0.1,24.567198
2023-02-15 20:00:00+00:00,0.197,9.123,41.0,0.1,22.73707
2023-02-15 21:00:00+00:00,0.204,8.473,45.0,0.2,21.479666
2023-02-15 22:00:00+00:00,0.203,7.6730003,46.0,0.1,19.770523
2023-02-15 23:00:00+00:00,0.197,6.6730003,46.0,0.0,18.584509
2023-02-16 00:00:00+00:00,0.194,5.023,54.0,0.0,11.631956
2023-02-16 01:00:00+00:00,0.194,3.323,64.0,0.0,7.386582
2023-02-16 02:00:00+00:00,0.194,2.223,74.0,0.0,7.0911775
2023-02-16 03:00:00+00:00,0.194,1.423,80.0,0.0,7.69592
2023-02-16 04:00:00+00:00,0.194,0.973,83.0,0.0,7.9526596
2023-02-16 05:00:00+00:00,0.194,0.873,82.0,0.0,9.0
2023-02-16 06:00:00+00:00,0.194,0.823,84.0,0.0,9.0645685
2023-02-16 07:00:00+00:00,0.194,0.623,84.0,0.0,8.669949
2023-02-16 08:00:00+00:00,0.194,0.223,85.0,0.0,7.928178
2023-02-16 09:00:00+00:00,0.193,-0.07699999,87.0,0.0,7.5685663
2023-02-16 10:00:00+00:00,0.193,-0.17699999,87.0,0.0,7.208994
2023-02-16 11:00:00+00:00,0.193,1.723,81.0,0.0,7.5599995
2023-02-16 12:00:00+00:00,0.192,5.373,65.0,0.0,11.901798
2023-02-16 13:00:00+00:00,0.189,7.373,54.0,0.0,13.237038
2023-02-16 14:00:00+00:00,0.186,8.573,46.0,0.0,12.303366
2023-02-16 15:00:00+00:00,0.183,9.523,41.0,0.0,10.703569
2023-02-16 16:00:00+00:00,0.179,10.523,37.0,0.0,9.339208
2023-02-16 17:00:00+00:00,0.175,11.023,36.0,0.0,7.7879906
2023-02-16 18:00:00+00:00,0.172,11.823,33.0,0.0,8.39657
2023-02-16 19:00:00+00:00,0.169,11.973,33.0,0.0,8.766573
2023-02-16 20:00:00+00:00,0.167,11.922999,33.0,0.0,10.1376915
2023-02-16 21:00:00+00:00,0.165,11.823,33.0,0.0,11.165805
2023-02-16 22:00:00+00:00,0.164,11.273,36.0,0.0,12.015589
2023-02-16 23:00:00+00:00,0.164,10.223,42.0,0.0,11.874544
2023-02-17 00:00:00+00:00,0.161,7.9729996,54.0,0.0,9.47012
2023-02-17 01:00:00+00:00,0.163,6.023,65.0,0.0,5.8048253
2023-02-17 02:00:00+00:00,0.165,5.073,71.0,0.0,5.904439
2023-02-17 03:00:00+00:00,0.166,5.273,72.0,0.0,6.638072
2023-02-17 04:00:00+00:00,0.166,5.773,71.0,0.0,5.991594
2023-02-17 05:00:00+00:00,0.167,5.9729996,74.0,0.0,5.6920996
2023-02-17 06:00:00+00:00,0.167,6.273,71.0,0.0,8.0899935
2023-02-17 07:00:00+00:00,0.168,6.323,72.0,0.0,8.78872
2023-02-17 08:00:00+00:00,0.169,6.273,79.0,0.1,9.957108
2023-02-17 09:00:00+00:00,0.17,6.4230003,85.0,0.1,11.019764
2023-02-17 10:00:00+00:00,0.172,6.623,86.0,0.0,12.181624
2023-02-17 11:00:00+00:00,0.173,6.9230003,86.0,0.0,14.021525
2023-02-17 12:00:00+00:00,0.174,7.073,86.0,0.0,16.394829
2023-02-17 13:00:00+00:00,0.175,8.123,81.0,0.0,20.082708
2023-02-17 14:00:00+00:00,0.174,8.723,79.0,0.0,20.316889
2023-02-17 15:00:00+00:00,0.173,9.873,75.0,0.0,21.24305
2023-02-17 16:00:00+00:00,0.172,11.523,69.0,0.0,21.288757
2023-02-17 17:00:00+00:00,0.17,12.473,64.0,0.0,19.917469
2023-02-17 18:00:00+00:00,0.169,12.823,62.0,0.0,22.42427
2023-02-17 19:00:00+00:00,0.167,13.773,59.0,0.0,23.177402
2023-02-17 20:00:00+00:00,0.164,13.873,50.0,0.0,24.482647
2023-02-17 21:00:00+00:00,0.162,13.073,47.0,0.0,24.379204
2023-02-17 22:00:00+00:00,0.161,11.623,49.0,0.0,24.884306
2023-02-17 23:00:00+00:00,0.161,10.073,52.0,0.0,22.380884
2023-02-18 00:00:00+00:00,0.161,8.773,61.0,0.0,18.448023
2023-02-18 01:00:00+00:00,0.162,7.623,69.0,0.0,15.124284
2023-02-18 02:00:00+00:00,0.162,6.6730003,76.0,0.0,14.044615
2023-02-18 03:00:00+00:00,0.163,6.323,78.0,0.0,14.764389
2023-02-18 04:00:00+00:00,0.163,6.1730003,76.0,0.0,14.417988
2023-02-18 05:00:00+00:00,0.164,5.9230003,76.0,0.0,14.05845
2023-02-18 06:00:00+00:00,0.164,5.4729996,78.0,0.0,13.004921
2023-02-18 07:00:00+00:00,0.164,5.073,78.0,0.0,12.6462
2023-02-18 08:00:00+00:00,0.165,4.7229996,79.0,0.0,12.620554
2023-02-18 09:00:00+00:00,0.165,4.323,82.0,0.0,11.609651
2023-02-18 10:00:00+00:00,0.165,4.323,82.0,0.0,10.239453
2023-02-18 11:00:00+00:00,0.165,5.373,81.0,0.0,11.177405
2023-02-18 12:00:00+00:00,0.165,6.873,76.0,0.0,12.9249525
2023-02-18 13:00:00+00:00,0.164,8.273,67.0,0.0,16.954432
2023-02-18 14:00:00+00:00,0.163,10.023,55.0,0.0,20.316889
2023-02-18 15:00:00+00:00,0.161,10.922999,49.0,0.0,22.104116
2023-02-18 16:00:00+00:00,0.16,10.973,51.0,0.1,22.366402
2023-02-18 17:00:00+00:00,0.159,10.773,56.0,0.1,23.084955
2023-02-18 18:00:00+00:00,0.158,10.922999,53.0,0.0,23.535301
2023-02-18 19:00:00+00:00,0.158,10.922999,54.0,0.0,22.19773
2023-02-18 20:00:00+00:00,0.157,11.273,53.0,0.0,20.833395
2023-02-18 21:00:00+00:00,0.157,11.623,50.0,0.0,20.898611
2023-02-18 22:00:00+00:00,0.156,11.473,50.0,0.0,20.192118
2023-02-18 23:00:00+00:00,0.156,10.922999,54.0,0.0,17.902534
2023-02-19 00:00:00+00:00,0.154,9.773,62.0,0.0,15.39184
2023-02-19 01:00:00+00:00,0.155,8.123,75.0,0.0,9.605998
2023-02-19 02:00:00+00:00,0.156,7.1730003,81.0,0.0,8.654986
2023-02-19 03:00:00+00:00,0.156,6.7229996,85.0,0.0,8.557102
2023-02-19 04:00:00+00:00,0.157,6.123,90.0,0.0,8.089993
2023-02-19 05:00:00+00:00,0.157,5.773,92.0,0.0,9.360001
2023-02-19 06:00:00+00:00,0.158,5.373,93.0,0.0,13.708391
2023-02-19 07:00:00+00:00,0.158,5.7229996,88.0,0.0,16.62249
2023-02-19 08:00:00+00:00,0.158,6.073,75.0,0.0,19.493261
2023-02-19 09:00:00+00:00,0.158,5.4729996,76.0,0.0,18.391735
2023-02-19 10:00:00+00:00,0.158,4.523,76.0,0.0,16.203999
2023-02-19 11:00:00+00:00,0.158,5.023,72.0,0.0,17.28
2023-02-19 12:00:00+00:00,0.157,6.873,67.0,0.0,20.721119
2023-02-19 13:00:00+00:00,0.156,8.422999,58.0,0.0,23.441502
2023-02-19 14:00:00+00:00,0.155,9.523,51.0,0.0,24.798223
2023-02-19 15:00:00+00:00,0.153,10.223,47.0,0.0,25.849905
2023-02-19 16:00:00+00:00,0.151,10.723,45.0,0.0,26.282465
2023-02-19 17:00:00+00:00,0.149,10.823,43.0,0.0,26.111792
2023-02-19 18:00:00+00:00,0.147,11.273,43.0,0.0,27.766712
2023-02-19 19:00:00+00:00,0.146,10.823,44.0,0.0,27.607563
2023-02-19 20:00:00+00:00,0.145,10.323,47.0,0.0,26.200977
2023-02-19 21:00:00+00:00,0.144,9.873,49.0,0.0,25.922499
2023-02-19 22:00:00+00:00,0.144,8.922999,54.0,0.0,24.29133
2023-02-19 23:00:00+00:00,0.144,7.873,59.0,0.0,22.392462
2023-02-20 00:00:00+00:00,0.144,6.573,67.0,0.0,18.03237
2023-02-20 01:00:00+00:00,0.144,5.6730003,73.0,0.0,13.849476
2023-02-20 02:00:00+00:00,0.145,5.123,77.0,0.0,11.503113
2023-02-20 03:00:00+00:00,0.146,4.573,80.0,0.0,10.1887
2023-02-20 04:00:00+00:00,0.146,4.4230003,82.0,0.0,9.885262
2023-02-20 05:00:00+00:00,0.147,4.623,83.0,0.0,9.726664
2023-02-20 06:00:00+00:00,0.147,5.323,83.0,0.0,7.928177
2023-02-20 07:00:00+00:00,0.147,5.573,83.0,0.0,7.289445
2023-02-20 08:00:00+00:00,0.148,5.623,86.0,0.1,9.693296
2023-02-20 09:00:00+00:00,0.15,6.023,87.0,0.1,12.979984
2023-02-20 10:00:00+00:00,0.154,6.2229996,79.0,0.1,15.484185
2023-02-20 11:00:00+00:00,0.16,6.1730003,80.0,0.2,13.891522
2023-02-20 12:00:00+00:00,0.168,7.023,79.0,0.2,11.503113
2023-02-20 13:00:00+00:00,0.184,8.023,76.0,0.4,13.849477
2023-02-20 14:00:00+00:00,0.203,8.922999,73.0,0.5,17.477621
2023-02-20 15:00:00+00:00,0.223,9.273,73.0,0.6,20.073025
2023-02-20 16:00:00+00:00,0.227,10.023,70.0,0.4,20.63023
2023-02-20 17:00:00+00:00,0.213,11.373,64.0,0.0,23.269482
2023-02-20 18:00:00+00:00,0.196,12.422999,60.0,0.0,20.696087
2023-02-20 19:00:00+00:00,0.193,13.273,65.0,0.1,28.277763
2023-02-20 20:00:00+00:00,0.189,13.523,68.0,0.0,26.282463
2023-02-20 21:00:00+00:00,0.186,13.023,72.0,0.0,22.702845
2023-02-20 22:00:00+00:00,0.183,12.623,75.0,0.0,22.38378
2023-02-20 23:00:00+00:00,0.184,12.172999,79.0,0.1,21.868332
2023-02-21 00:00:00+00:00,0.189,12.073,79.0,0.2,25.488914
2023-02-21 01:00:00+00:00,0.2,11.873,79.0,0.3,28.056913
2023-02-21 02:00:00+00:00,0.199,11.723,78.0,0.1,27.698954
2023-02-21 03:00:00+00:00,0.193,11.323,80.0,0.0,24.826954
2023-02-21 04:00:00+00:00,0.189,11.123,82.0,0.0,23.847115
2023-02-21 05:00:00+00:00,0.187,10.973,82.0,0.0,23.532547
2023-02-21 06:00:00+00:00,0.184,11.123,79.0,0.0,25.455843
2023-02-21 07:00:00+00:00,0.182,11.023,77.0,0.0,26.576681
2023-02-21 08:00:00+00:00,0.18,10.873,76.0,0.0,27.41678
2023-02-21 09:00:00+00:00,0.179,11.023,70.0,0.0,32.359974
2023-02-21 10:00:00+00:00,0.177,11.023,70.0,0.0,29.964457
2023-02-21 11:00:00+00:00,0.206,10.573,77.0,0.7,24.993437
2023-02-21 12:00:00+00:00,0.229,10.973,76.0,1.2,26.089443
2023-02-21 13:00:00+00:00,0.238,11.223,75.0,0.4,26.00486
2023-02-21 14:00:00+00:00,0.23,11.323,66.0,0.2,28.835976
2023-02-21 15:00:00+00:00,0.219,11.922999,55.0,0.0,28.943642
2023-02-21 16:00:00+00:00,0.212,11.922999,50.0,0.0,29.784426
2023-02-21 17:00:00+00:00,0.206,12.373,41.0,0.0,30.317043
2023-02-21 18:00:00+00:00,0.199,12.873,40.0,0.0,30.978832
2023-02-21 19:00:00+00:00,0.195,12.973,39.0,0.0,30.619051
2023-02-21 20:00:00+00:00,0.191,13.023,38.0,0.0,30.602118
2023-02-21 21:00:00+00:00,0.189,12.422999,39.0,0.0,30.608469
2023-02-21 22:00:00+00:00,0.187,11.672999,43.0,0.0,29.914679
2023-02-21 23:00:00+00:00,0.185,10.723,48.0,0.0,25.982424
2023-02-22 00:00:00+00:00,0.18,9.973,53.0,0.0,22.782625
2023-02-22 01:00:00+00:00,0.179,9.073,57.0,0.0,20.037485
2023-02-22 02:00:00+00:00,0.178,8.523,59.0,0.0,19.008547
2023-02-22 03:00:00+00:00,0.177,8.523,60.0,0.0,19.826164
2023-02-22 04:00:00+00:00,0.177,8.672999,62.0,0.0,22.057161
2023-02-22 05:00:00+00:00,0.176,8.223,66.0,0.0,22.728518
2023-02-22 06:00:00+00:00,0.176,8.273,71.0,0.0,19.513195
2023-02-22 07:00:00+00:00,0.175,8.273,72.0,0.0,21.817902
2023-02-22 08:00:00+00:00,0.175,8.473,71.0,0.0,25.570139
2023-02-22 09:00:00+00:00,0.174,8.422999,68.0,0.0,25.277023
2023-02-22 10:00:00+00:00,0.174,8.523,68.0,0.0,26.208397
2023-02-22 11:00:00+00:00,0.173,8.873,68.0,0.0,29.257614
2023-02-22 12:00:00+00:00,0.224,8.773,79.0,0.5,35.97299
2023-02-22 13:00:00+00:00,0.218,8.672999,67.0,0.3,29.723444
2023-02-22 14:00:00+00:00,0.206,9.123,60.0,0.0,32.10667
2023-02-22 15:00:00+00:00,0.22,8.973,57.0,0.3,33.441265
2023-02-22 16:00:00+00:00,0.216,9.623,47.0,0.2,36.0072
2023-02-22 17:00:00+00:00,0.216,9.523,46.0,0.2,35.036713
2023-02-22 18:00:00+00:00,0.192,9.573,44.0,0.0,34.62369
2023-02-22 19:00:00+00:00,0.189,9.523,44.0,0.0,33.91269
2023-02-22 20:00:00+00:00,0.187,8.973,46.0,0.0,33.202072
2023-02-22 21:00:00+00:00,0.185,8.123,49.0,0.0,31.667723
2023-02-22 22:00:00+00:00,0.183,7.2229996,52.0,0.0,30.855171
2023-02-22 23:00:00+00:00,0.182,6.123,57.0,0.0,29.598919
2023-02-23 00:00:00+00:00,0.179,5.2229996,64.0,0.0,27.0024
2023-02-23 01:00:00+00:00,0.179,4.623,65.0,0.0,27.0
2023-02-23 02:00:00+00:00,0.178,4.123,68.0,0.0,27.0
2023-02-23 03:00:00+00:00,0.178,3.773,70.0,0.0,26.64
2023-02-23 04:00:00+00:00,0.177,3.573,70.0,0.0,25.959969
2023-02-23 05:00:00+00:00,0.177,3.573,71.0,0.0,25.651104
2023-02-23 06:00:00+00:00,0.176,3.373,74.0,0.0,23.023119
2023-02-23 07:00:00+00:00,0.176,3.473,72.0,0.0,24.442911
2023-02-23 08:00:00+00:00,0.175,3.373,73.0,0.0,24.336637
2023-02-23 09:00:00+00:00,0.175,3.373,72.0,0.0,24.609364
2023-02-23 10:00:00+00:00,0.174,3.373,72.0,0.0,23.97989
2023-02-23 11:00:00+00:00,0.174,4.073,71.0,0.0,25.772078
2023-02-23 12:00:00+00:00,0.173,5.573,63.0,0.0,32.04202
2023-02-23 13:00:00+00:00,0.172,6.6730003,56.0,0.0,36.896046
2023-02-23 14:00:00+00:00,0.17,7.373,54.0,0.0,35.543507
2023-02-23 15:00:00+00:00,0.169,8.223,52.0,0.0,39.003136
2023-02-23 16:00:00+00:00,0.168,8.523,53.0,0.0,39.831684
2023-02-23 17:00:00+00:00,0.168,8.422999,59.0,0.2,36.04677
2023-02-23 18:00:00+00:00,0.166,9.922999,50.0,0.0,37.28738
2023-02-23 19:00:00+00:00,0.165,9.323,56.0,0.0,31.259945
2023-02-23 20:00:00+00:00,0.165,9.323,57.0,0.0,29.784426
2023-02-23 21:00:00+00:00,0.164,9.223,59.0,0.0,23.828083
2023-02-23 22:00:00+00:00,0.164,8.623,65.0,0.1,20.316889
2023-02-23 23:00:00+00:00,0.167,7.873,74.0,0.2,15.379206
2023-02-24 00:00:00+00:00,0.163,7.073,84.0,0.1,10.086427
2023-02-24 01:00:00+00:00,0.163,6.823,91.0,0.0,8.4963045
2023-02-24 02:00:00+00:00,0.164,7.023,92.0,0.0,6.9527545
2023-02-24 03:00:00+00:00,0.166,7.2229996,90.0,0.1,7.42159
2023-02-24 04:00:00+00:00,0.169,7.323,87.0,0.1,6.849467
2023-02-24 05:00:00+00:00,0.185,7.2229996,87.0,0.4,7.6367526
2023-02-24 06:00:00+00:00,0.204,6.823,93.0,0.5,6.6087217
2023-02-24 07:00:00+00:00,0.248,6.9729996,93.0,1.1,7.7043357
2023-02-24 08:00:00+00:00,0.277,7.123,93.0,1.3,8.766573
2023-02-24 09:00:00+00:00,0.291,7.273,94.0,1.2,9.007196
2023-02-24 10:00:00+00:00,0.313,7.323,95.0,1.8,9.6932955
2023-02-24 11:00:00+00:00,0.302,7.623,95.0,0.7,7.5170207
2023-02-24 12:00:00+00:00,0.284,8.323,94.0,0.8,10.966713
2023-02-24 13:00:00+00:00,0.265,9.922999,86.0,0.0,2.6208394
2023-02-24 14:00:00+00:00,0.254,11.422999,79.0,0.0,10.823973
2023-02-24 15:00:00+00:00,0.248,13.723,71.0,0.0,20.316889
2023-02-24 16:00:00+00:00,0.238,15.373,57.0,0.0,28.551426
2023-02-24 17:00:00+00:00,0.236,13.623,64.0,0.1,32.809414
2023-02-24 18:00:00+00:00,0.252,12.922999,64.0,0.3,31.06239
2023-02-24 19:00:00+00:00,0.266,12.223,65.0,0.8,28.082308
2023-02-24 20:00:00+00:00,0.274,11.422999,67.0,0.8,26.437336
2023-02-24 21:00:00+00:00,0.263,11.223,63.0,0.3,22.862125
2023-02-24 22:00:00+00:00,0.261,10.672999,62.0,0.3,22.101183
2023-02-24 23:00:00+00:00,0.25,10.023,60.0,0.0,20.268991
2023-02-25 00:00:00+00:00,0.24,9.123,61.0,0.0,18.847641
2023-02-25 01:00:00+00:00,0.237,8.273,63.0,0.0,16.489416
2023-02-25 02:00:00+00:00,0.235,7.823,69.0,0.2,12.738099
2023-02-25 03:00:00+00:00,0.24,7.773,69.0,0.2,17.148247
2023-02-25 04:00:00+00:00,0.248,7.523,71.0,0.3,17.283749
2023-02-25 05:00:00+00:00,0.25,7.323,73.0,0.2,18.161278
2023-02-25 06:00:00+00:00,0.254,7.323,69.0,0.1,20.65848
2023-02-25 07:00:00+00:00,0.248,7.073,73.0,0.0,21.758419
2023-02-25 08:00:00+00:00,0.243,6.873,77.0,0.0,20.240198
2023-02-25 09:00:00+00:00,0.239,6.873,80.0,0.0,21.096123
2023-02-25 10:00:00+00:00,0.237,6.773,81.0,0.0,22.180206
2023-02-25 11:00:00+00:00,0.234,7.2229996,79.0,0.0,24.363249
2023-02-25 12:00:00+00:00,0.232,8.223,73.0,0.0,28.948118
2023-02-25 13:00:00+00:00,0.23,8.873,68.0,0.0,30.124065
2023-02-25 14:00:00+00:00,0.237,9.422999,65.0,0.2,34.353127
2023-02-25 15:00:00+00:00,0.23,10.023,63.0,0.0,36.367126
2023-02-25 16:00:00+00:00,0.227,10.672999,60.0,0.0,37.191677
2023-02-25 17:00:00+00:00,0.224,11.473,58.0,0.0,36.17955
2023-02-25 18:00:00+00:00,0.219,11.973,55.0,0.0,40.481995
2023-02-25 19:00:00+00:00,0.217,11.873,54.0,0.0,39.89508
2023-02-25 20:00:00+00:00,0.214,11.573,54.0,0.0,39.828434
2023-02-25 21:00:00+00:00,0.213,10.922999,55.0,0.0,38.774857
2023-02-25 22:00:00+00:00,0.212,10.023,57.0,0.0,36.785233
2023-02-25 23:00:00+00:00,0.211,9.073,58.0,0.0,32.409996
2023-02-26 00:00:00+00:00,0.207,8.023,63.0,0.0,28.266306
2023-02-26 01:00:00+00:00,0.206,7.2229996,70.0,0.0,25.922499
2023-02-26 02:00:00+00:00,0.206,6.573,77.0,0.0,24.162945
2023-02-26 03:00:00+00:00,0.206,6.123,81.0,0.0,21.316135
2023-02-26 04:00:00+00:00,0.206,5.823,82.0,0.0,17.771753
2023-02-26 05:00:00+00:00,0.206,5.4729996,79.0,0.0,14.759999
2023-02-26 06:00:00+00:00,0.205,5.4729996,77.0,0.0,15.509274
2023-02-26 07:00:00+00:00,0.205,5.623,84.0,0.0,15.509274
2023-02-26 08:00:00+00:00,0.205,5.873,85.0,0.0,13.1041975
2023-02-26 09:00:00+00:00,0.204,5.9230003,86.0,0.0,10.495713
2023-02-26 10:00:00+00:00,0.204,6.1730003,89.0,0.0,9.659814
2023-02-26 11:00:00+00:00,0.204,6.9230003,89.0,0.0,10.495713
2023-02-26 12:00:00+00:00,0.203,7.873,87.0,0.0,12.819235
2023-02-26 13:00:00+00:00,0.202,9.323,79.0,0.0,19.022177
2023-02-26 14:00:00+00:00,0.201,9.973,73.0,0.0,18.388212
2023-02-26 15:00:00+00:00,0.201,10.723,69.0,0.1,20.945072
2023-02-26 16:00:00+00:00,0.2,11.573,69.0,0.1,21.096123
2023-02-26 17:00:00+00:00,0.2,12.273,68.0,0.1,24.014996
2023-02-26 18:00:00+00:00,0.204,12.573,65.0,0.0,22.104116
2023-02-26 19:00:00+00:00,0.201,12.773,69.0,0.0,17.072504
2023-02-26 20:00:00+00:00,0.204,12.422999,75.0,0.3,19.008545
2023-02-26 21:00:00+00:00,0.252,11.672999,84.0,1.2,17.727943
2023-02-26 22:00:00+00:00,0.313,11.073,87.0,2.4,17.873554
2023-02-26 23:00:00+00:00,0.355,10.623,89.0,3.5,16.394829
2023-02-27 00:00:00+00:00,0.324,10.623,89.0,1.0,18.289274
2023-02-27 01:00:00+00:00,0.286,11.623,86.0,0.0,22.26768
2023-02-27 02:00:00+00:00,0.28,12.373,82.0,0.3,25.864943
2023-02-27 03:00:00+00:00,0.268,12.573,77.0,0.0,29.522196
2023-02-27 04:00:00+00:00,0.261,12.323,74.0,0.0,36.79756
2023-02-27 05:00:00+00:00,0.258,11.523,73.0,0.1,34.793587
2023-02-27 06:00:00+00:00,0.255,11.172999,73.0,0.1,38.1566
2023-02-27 07:00:00+00:00,0.251,10.723,75.0,0.0,35.27632
2023-02-27 08:00:00+00:00,0.253,10.223,76.0,0.2,33.626774
2023-02-27 09:00:00+00:00,0.266,9.523,78.0,0.5,34.04047
2023-02-27 10:00:00+00:00,0.271,9.323,80.0,0.4,35.016357
2023-02-27 11:00:00+00:00,0.269,9.573,77.0,0.3,38.351406
2023-02-27 12:00:00+00:00,0.27,10.223,77.0,0.3,36.44722
2023-02-27 13:00:00+00:00,0.262,10.223,74.0,0.1,41.76155
2023-02-27 14:00:00+00:00,0.256,10.623,70.0,0.0,43.022636
2023-02-27 15:00:00+00:00,0.251,10.773,69.0,0.0,42.10769
2023-02-27 16:00:00+00:00,0.247,10.973,66.0,0.0,42.67177
2023-02-27 17:00:00+00:00,0.243,11.773,59.0,0.0,43.279427
2023-02-27 18:00:00+00:00,0.24,12.323,51.0,0.0,41.39374
2023-02-27 19:00:00+00:00,0.237,12.023,49.0,0.0,41.448494
2023-02-27 20:00:00+00:00,0.235,11.523,54.0,0.0,34.07091
2023-02-27 21:00:00+00:00,0.233,11.422999,56.0,0.0,28.82249
2023-02-27 22:00:00+00:00,0.232,10.672999,58.0,0.0,28.001427
2023-02-27 23:00:00+00:00,0.231,9.873,62.0,0.0,21.96295
2023-02-28 00:00:00+00:00,0.223,9.223,62.0,0.0,17.283749
2023-02-28 01:00:00+00:00,0.222,8.523,67.0,0.0,11.720751
2023-02-28 02:00:00+00:00,0.222,7.373,75.0,0.0,5.1919937
2023-02-28 03:00:00+00:00,0.222,6.573,80.0,0.0,4.3349743
2023-02-28 04:00:00+00:00,0.221,5.623,84.0,0.0,8.707237
2023-02-28 05:00:00+00:00,0.221,6.9230003,78.0,0.0,11.91812
2023-02-28 06:00:00+00:00,0.22,7.323,78.0,0.1,8.373386
2023-02-28 07:00:00+00:00,0.22,7.4729996,80.0,0.0,7.92
2023-02-28 08:00:00+00:00,0.219,7.623,82.0,0.0,10.390226
2023-02-28 09:00:00+00:00,0.267,8.173,86.0,1.8,10.703569
2023-02-28 10:00:00+00:00,0.284,8.823,84.0,0.7,14.904173
2023-02-28 11:00:00+00:00,0.269,9.023,86.0,0.1,12.287555
2023-02-28 12:00:00+00:00,0.248,10.573,81.0,0.1,13.104198
2023-02-28 13:00:00+00:00,0.246,11.373,73.0,0.0,23.34455
2023-02-28 14:00:00+00:00,0.255,12.073,70.0,0.2,24.821732
2023-02-28 15:00:00+00:00,0.281,11.873,69.0,1.1,31.259941
2023-02-28 16:00:00+00:00,0.279,11.473,63.0,0.6,36.217144
2023-02-28 17:00:00+00:00,0.266,11.523,58.0,0.1,37.45557
2023-02-28 18:00:00+00:00,0.256,11.123,53.0,0.0,39.26641
2023-02-28 19:00:00+00:00,0.25,11.273,49.0,0.0,37.84283
2023-02-28 20:00:00+00:00,0.245,10.823,48.0,0.0,35.143818
2023-02-28 21:00:00+00:00,0.241,10.123,51.0,0.0,32.55363
2023-02-28 22:00:00+00:00,0.241,8.873,58.0,0.0,29.250967
2023-02-28 23:00:00+00:00,0.239,7.9230003,64.0,0.0,25.959969
2023-03-01 00:00:00+00:00,0.238,7.123,67.0,0.0,24.72495
2023-03-01 01:00:00+00:00,0.237,6.4729996,72.0,0.0,22.545315
2023-03-01 02:00:00+00:00,0.236,5.9230003,76.0,0.0,16.267857
2023-03-01 03:00:00+00:00,0.235,5.773,77.0,0.0,13.237038
2023-03-01 04:00:00+00:00,0.257,5.9729996,81.0,0.9,18.11841
2023-03-01 05:00:00+00:00,0.268,6.9230003,75.0,0.3,30.30208
2023-03-01 06:00:00+00:00,0.258,6.123,80.0,0.1,29.882166
2023-03-01 07:00:00+00:00,0.251,5.6730003,74.0,0.1,31.731092
2023-03-01 08:00:00+00:00,0.246,5.273,71.0,0.0,29.714724
2023-03-01 09:00:00+00:00,0.243,5.073,71.0,0.0,28.348713
2023-03-01 10:00:00+00:00,0.24,4.7229996,73.0,0.0,26.983194
2023-03-01 11:00:00+00:00,0.238,4.823,72.0,0.0,25.849905
2023-03-01 12:00:00+00:00,0.236,5.9230003,66.0,0.0,34.828953
2023-03-01 13:00:00+00:00,0.233,6.823,59.0,0.0,34.268143
2023-03-01 14:00:00+00:00,0.231,7.873,53.0,0.0,34.561874
2023-03-01 15:00:00+00:00,0.232,8.523,51.0,0.1,34.561874
2023-03-01 16:00:00+00:00,0.236,8.922999,51.0,0.2,33.487743
2023-03-01 17:00:00+00:00,0.241,8.973,51.0,0.2,32.431984
2023-03-01 18:00:00+00:00,0.247,8.323,57.0,0.1,30.993471
2023-03-01 19:00:00+00:00,0.245,8.223,57.0,0.2,31.421213
2023-03-01 20:00:00+00:00,0.239,8.173,57.0,0.1,32.32992
2023-03-01 21:00:00+00:00,0.234,7.4729996,60.0,0.0,31.782108
2023-03-01 22:00:00+00:00,0.231,6.773,62.0,0.0,28.623962
2023-03-01 23:00:00+00:00,0.23,5.9729996,66.0,0.0,25.199999
2023-03-02 00:00:00+00:00,0.233,4.9230003,70.0,0.0,23.675303
2023-03-02 01:00:00+00:00,0.232,4.573,71.0,0.0,20.730501
2023-03-02 02:00:00+00:00,0.231,4.273,76.0,0.0,21.273533
2023-03-02 03:00:00+00:00,0.23,4.273,76.0,0.0,23.006226
2023-03-02 04:00:00+00:00,0.229,4.123,77.0,0.0,23.906818
2023-03-02 05:00:00+00:00,0.228,3.873,79.0,0.0,23.34455
2023-03-02 06:00:00+00:00,0.227,3.773,81.0,0.0,22.33161
2023-03-02 07:00:00+00:00,0.227,3.723,81.0,0.0,21.868332
2023-03-02 08:00:00+00:00,0.226,3.823,81.0,0.0,20.523157
2023-03-02 09:00:00+00:00,0.225,3.973,82.0,0.0,20.65848
2023-03-02 10:00:00+00:00,0.225,3.873,83.0,0.0,17.917007
2023-03-02 11:00:00+00:00,0.224,4.273,82.0,0.0,16.267857
2023-03-02 12:00:00+00:00,0.223,5.823,77.0,0.0,16.704155
2023-03-02 13:00:00+00:00,0.222,7.023,71.0,0.1,23.363974
2023-03-02 14:00:00+00:00,0.226,6.7229996,76.0,0.2,23.933908
2023-03-02 15:00:00+00:00,0.226,7.123,73.0,0.1,23.565569
2023-03-02 16:00:00+00:00,0.227,8.073,66.0,0.2,23.770906
2023-03-02 17:00:00+00:00,0.228,8.672999,64.0,0.2,20.808498
2023-03-02 18:00:00+00:00,0.248,8.773,71.0,0.4,18.448023
2023-03-02 19:00:00+00:00,0.248,9.023,73.0,0.4,11.631956
2023-03-02 20:00:00+00:00,0.286,8.823,78.0,1.3,8.427383
2023-03-02 21:00:00+00:00,0.268,10.172999,77.0,0.1,15.141414
2023-03-02 22:00:00+00:00,0.26,10.323,69.0,0.0,33.50128
2023-03-02 23:00:00+00:00,0.251,8.573,69.0,0.0,31.810638
2023-03-03 00:00:00+00:00,0.242,7.073,71.0,0.0,31.32207
2023-03-03 01:00:00+00:00,0.238,5.873,71.0,0.0,30.248568
2023-03-03 02:00:00+00:00,0.235,5.123,71.0,0.0,29.528778
2023-03-03 03:00:00+00:00,0.233,4.523,71.0,0.0,28.442278
2023-03-03 04:00:00+00:00,0.232,4.273,71.0,0.0,25.264202
2023-03-03 05:00:00+00:00,0.23,4.023,71.0,0.0,25.153671
2023-03-03 06:00:00+00:00,0.229,3.923,75.0,0.0,24.923338
2023-03-03 07:00:00+00:00,0.228,3.923,75.0,0.0,24.216522
2023-03-03 08:00:00+00:00,0.227,3.923,76.0,0.0,23.664352
2023-03-03 09:00:00+00:00,0.226,4.023,75.0,0.0,23.313995
2023-03-03 10:00:00+00:00,0.225,4.023,76.0,0.0,23.051247
2023-03-03 11:00:00+00:00,0.224,4.4729996,76.0,0.0,23.051247
2023-03-03 12:00:00+00:00,0.223,6.023,71.0,0.0,34.05379
2023-03-03 13:00:00+00:00,0.221,6.9729996,64.0,0.0,33.26252
2023-03-03 14:00:00+00:00,0.222,7.573,61.0,0.1,33.96233
2023-03-03 15:00:00+00:00,0.232,8.123,58.0,0.2,35.281837
2023-03-03 16:00:00+00:00,0.248,8.023,59.0,0.5,35.309376
2023-03-03 17:00:00+00:00,0.244,8.273,59.0,0.3,34.2303
2023-03-03 18:00:00+00:00,0.234,8.173,58.0,0.0,35.038563
2023-03-03 19:00:00+00:00,0.227,8.023,58.0,0.0,33.40055
2023-03-03 20:00:00+00:00,0.223,7.7229996,58.0,0.0,32.19938
2023-03-03 21:00:00+00:00,0.22,7.2229996,59.0,0.0,30.500309
2023-03-03 22:00:00+00:00,0.219,6.623,62.0,0.0,28.883131
2023-03-03 23:00:00+00:00,0.218,5.773,66.0,0.0,27.44513
2023-03-04 00:00:00+00:00,0.219,4.773,73.0,0.0,25.929996
2023-03-04 01:00:00+00:00,0.219,4.323,77.0,0.0,25.364037
2023-03-04 02:00:00+00:00,0.218,3.973,79.0,0.0,25.567604
2023-03-04 03:00:00+00:00,0.218,3.823,80.0,0.0,25.567604
2023-03-04 04:00:00+00:00,0.217,3.673,79.0,0.0,26.576681
2023-03-04 05:00:00+00:00,0.217,3.673,79.0,0.0,25.764534
2023-03-04 06:00:00+00:00,0.216,3.473,81.0,0.0,24.609364
2023-03-04 07:00:00+00:00,0.216,3.423,81.0,0.0,23.857979
2023-03-04 08:00:00+00:00,0.216,3.373,81.0,0.0,22.81957
2023-03-04 09:00:00+00:00,0.215,3.373,81.0,0.0,22.862125
2023-03-04 10:00:00+00:00,0.215,3.273,81.0,0.0,21.791153
2023-03-04 11:00:00+00:00,0.214,3.523,80.0,0.0,21.129885
2023-03-04 12:00:00+00:00,0.213,4.873,76.0,0.0,27.419146
2023-03-04 13:00:00+00:00,0.211,6.123,69.0,0.0,25.942488
2023-03-04 14:00:00+00:00,0.209,7.2229996,62.0,0.0,26.302181
2023-03-04 15:00:00+00:00,0.207,8.073,57.0,0.0,26.168804
2023-03-04 16:00:00+00:00,0.203,8.723,53.0,0.0,24.798225
2023-03-04 17:00:00+00:00,0.199,9.373,49.0,0.0,23.441502
2023-03-04 18:00:00+00:00,0.197,9.323,49.0,0.0,23.623243
2023-03-04 19:00:00+00:00,0.198,9.172999,49.0,0.1,22.366402
2023-03-04 20:00:00+00:00,0.198,8.773,52.0,0.1,20.892412
2023-03-04 21:00:00+00:00,0.196,8.223,55.0,0.0,19.443333
2023-03-04 22:00:00+00:00,0.195,7.523,59.0,0.0,17.28
2023-03-04 23:00:00+00:00,0.195,6.373,65.0,0.0,14.05845
2023-03-05 00:00:00+00:00,0.194,4.523,77.0,0.0,9.885262
2023-03-05 01:00:00+00:00,0.195,3.323,84.0,0.0,7.628263
2023-03-05 02:00:00+00:00,0.196,2.323,90.0,0.0,5.95906
2023-03-05 03:00:00+00:00,0.196,1.523,91.0,0.0,4.6800003
2023-03-05 04:00:00+00:00,0.197,0.923,92.0,0.0,3.5455887
2023-03-05 05:00:00+00:00,0.197,0.573,92.0,0.0,2.0364676
2023-03-05 06:00:00+00:00,0.197,0.073,94.0,0.0,1.9386592
2023-03-05 07:00:00+00:00,0.198,-0.727,98.0,0.0,1.2979984
2023-03-05 08:00:00+00:00,0.198,-1.277,100.0,0.0,4.452954
2023-03-05 09:00:00+00:00,0.198,-1.477,100.0,0.0,5.1544156
2023-03-05 10:00:00+00:00,0.198,-1.277,99.0,0.0,5.3517847
2023-03-05 11:00:00+00:00,0.199,-0.727,97.0,0.0,5.8048253
2023-03-05 12:00:00+00:00,0.198,1.373,91.0,0.0,8.373386
2023-03-05 13:00:00+00:00,0.201,2.923,85.0,0.2,10.24578
2023-03-05 14:00:00+00:00,0.218,4.073,86.0,0.5,12.879752
2023-03-05 15:00:00+00:00,0.235,4.9729996,87.0,0.6,13.217443
2023-03-05 16:00:00+00:00,0.275,5.573,90.0,1.3,14.145756
2023-03-05 17:00:00+00:00,0.293,7.023,91.0,1.3,10.661107
2023-03-05 18:00:00+00:00,0.298,7.9230003,91.0,1.0,10.685391
2023-03-05 19:00:00+00:00,0.285,8.823,85.0,0.3,7.9932966
2023-03-05 20:00:00+00:00,0.297,8.723,88.0,1.0,3.6179552
2023-03-05 21:00:00+00:00,0.303,8.422999,92.0,1.1,7.5685663
2023-03-05 22:00:00+00:00,0.293,8.073,92.0,0.1,12.979984
2023-03-05 23:00:00+00:00,0.284,6.9729996,84.0,0.0,18.345877
2023-03-06 00:00:00+00:00,0.275,5.123,89.0,0.0,17.673029
2023-03-06 01:00:00+00:00,0.27,4.273,92.0,0.0,17.294992
2023-03-06 02:00:00+00:00,0.266,3.723,92.0,0.0,15.986595
2023-03-06 03:00:00+00:00,0.264,3.273,93.0,0.0,16.327497
2023-03-06 04:00:00+00:00,0.261,3.073,94.0,0.0,15.596767
2023-03-06 05:00:00+00:00,0.259,2.723,94.0,0.0,14.345898
2023-03-06 06:00:00+00:00,0.258,2.773,94.0,0.0,13.1041975
2023-03-06 07:00:00+00:00,0.256,3.073,94.0,0.0,11.966953
2023-03-06 08:00:00+00:00,0.255,3.223,92.0,0.0,9.360001
2023-03-06 09:00:00+00:00,0.253,2.573,94.0,0.0,6.297428
2023-03-06 10:00:00+00:00,0.252,1.923,94.0,0.0,4.6102495
2023-03-06 11:00:00+00:00,0.251,2.323,94.0,0.0,3.671294
2023-03-06 12:00:00+00:00,0.249,4.523,90.0,0.0,3.6
2023-03-06 13:00:00+00:00,0.247,7.273,80.0,0.0,9.028754
2023-03-06 14:00:00+00:00,0.244,9.123,65.0,0.0,13.207634
2023-03-06 15:00:00+00:00,0.24,9.773,59.0,0.0,19.959719
2023-03-06 16:00:00+00:00,0.24,9.623,70.0,0.1,21.67487
2023-03-06 17:00:00+00:00,0.249,10.273,71.0,0.4,20.478907
2023-03-06 18:00:00+00:00,0.253,11.123,60.0,0.2,25.376808
2023-03-06 19:00:00+00:00,0.257,12.273,52.0,0.1,28.266304
2023-03-06 20:00:00+00:00,0.249,11.922999,52.0,0.0,28.963785
2023-03-06 21:00:00+00:00,0.244,10.672999,53.0,0.0,30.430117
2023-03-06 22:00:00+00:00,0.241,9.223,61.0,0.0,27.811018
2023-03-06 23:00:00+00:00,0.239,7.823,69.0,0.0,22.545315
2023-03-07 00:00:00+00:00,0.226,6.523,72.0,0.0,19.523155
2023-03-07 01:00:00+00:00,0.226,5.773,68.0,0.0,18.11841
2023-03-07 02:00:00+00:00,0.225,5.123,69.0,0.0,16.595179
2023-03-07 03:00:00+00:00,0.224,4.9230003,68.0,0.0,19.486609
2023-03-07 04:00:00+00:00,0.224,4.6730003,68.0,0.0,22.26477
2023-03-07 05:00:00+00:00,0.223,4.623,69.0,0.0,25.045238
2023-03-07 06:00:00+00:00,0.222,4.4230003,74.0,0.0,22.086521
2023-03-07 07:00:00+00:00,0.221,4.323,72.0,0.0,21.659918
2023-03-07 08:00:00+00:00,0.221,4.223,72.0,0.0,19.734436
2023-03-07 09:00:00+00:00,0.22,4.123,74.0,0.0,17.31746
2023-03-07 10:00:00+00:00,0.22,3.823,79.0,0.0,15.683774
2023-03-07 11:00:00+00:00,0.22,4.273,84.0,0.0,14.77755
2023-03-07 12:00:00+00:00,0.219,5.7229996,76.0,0.0,14.291592
2023-03-07 13:00:00+00:00,0.217,7.4230003,65.0,0.0,22.728518
2023-03-07 14:00:00+00:00,0.215,8.123,62.0,0.0,22.406927
2023-03-07 15:00:00+00:00,0.213,8.323,63.0,0.0,22.26477
2023-03-07 16:00:00+00:00,0.211,8.623,58.0,0.0,21.077686
2023-03-07 17:00:00+00:00,0.209,10.223,49.0,0.0,23.857979
2023-03-07 18:00:00+00:00,0.208,11.623,41.0,0.2,25.20257
2023-03-07 19:00:00+00:00,0.21,12.373,43.0,0.1,23.263912
2023-03-07 20:00:00+00:00,0.211,11.672999,55.0,0.1,26.739542
2023-03-07 21:00:00+00:00,0.21,11.623,62.0,0.0,32.55363
2023-03-07 22:00:00+00:00,0.208,10.973,62.0,0.0,32.750107
2023-03-07 23:00:00+00:00,0.207,9.823,55.0,0.0,30.886656
2023-03-08 00:00:00+00:00,0.205,8.223,54.0,0.0,25.071096
2023-03-08 01:00:00+00:00,0.204,6.9729996,59.0,0.0,20.60823
2023-03-08 02:00:00+00:00,0.203,6.273,60.0,0.0,16.179985
2023-03-08 03:00:00+00:00,0.202,5.623,65.0,0.0,12.88981
2023-03-08 04:00:00+00:00,0.202,5.023,68.0,0.0,11.720751
2023-03-08 05:00:00+00:00,0.202,4.223,74.0,0.0,10.44
2023-03-08 06:00:00+00:00,0.202,3.523,77.0,0.0,7.42159
2023-03-08 07:00:00+00:00,0.202,2.423,83.0,0.0,5.2416787
2023-03-08 08:00:00+00:00,0.202,1.873,86.0,0.0,3.6179552
2023-03-08 09:00:00+00:00,0.203,1.723,85.0,0.0,2.52
2023-03-08 10:00:00+00:00,0.203,1.723,84.0,0.0,2.2768397
2023-03-08 11:00:00+00:00,0.203,1.823,84.0,0.0,0.8049845
2023-03-08 12:00:00+00:00,0.203,2.723,85.0,0.0,1.2979984
2023-03-08 13:00:00+00:00,0.202,4.573,79.0,0.0,3.396233
2023-03-08 14:00:00+00:00,0.201,7.073,67.0,0.0,6.725354
2023-03-08 15:00:00+00:00,0.198,8.723,58.0,0.0,9.0645685
2023-03-08 16:00:00+00:00,0.196,10.023,53.0,0.0,12.313894
2023-03-08 17:00:00+00:00,0.198,10.773,54.0,0.1,18.374111
2023-03-08 18:00:00+00:00,0.197,10.773,56.0,0.4,16.418526
2023-03-08 19:00:00+00:00,0.214,10.823,60.0,0.4,18.079027
2023-03-08 20:00:00+00:00,0.252,9.773,70.0,0.9,19.813087
2023-03-08 21:00:00+00:00,0.251,9.073,72.0,0.6,20.774214
2023-03-08 22:00:00+00:00,0.235,8.573,66.0,0.0,20.957443
2023-03-08 23:00:00+00:00,0.228,7.2229996,66.0,0.0,18.486622
2023-03-09 00:00:00+00:00,0.221,6.1730003,74.0,0.0,11.5199995
2023-03-09 01:00:00+00:00,0.218,5.273,75.0,0.0,8.12197
2023-03-09 02:00:00+00:00,0.217,4.023,80.0,0.0,6.12
2023-03-09 03:00:00+00:00,0.216,2.923,85.0,0.0,4.5820518
2023-03-09 04:00:00+00:00,0.215,2.273,86.0,0.0,4.1046314
2023-03-09 05:00:00+00:00,0.214,1.823,88.0,0.0,5.0911684
2023-03-09 06:00:00+00:00,0.213,1.423,90.0,0.0,5.0142193
2023-03-09 07:00:00+00:00,0.213,1.373,92.0,0.0,5.00128
2023-03-09 08:00:00+00:00,0.212,1.673,91.0,0.0,3.4152596
2023-03-09 09:00:00+00:00,0.212,1.573,90.0,0.0,5.0528407
2023-03-09 10:00:00+00:00,0.212,1.273,90.0,0.0,4.802999
2023-03-09 11:00:00+00:00,0.211,2.273,84.0,0.1,6.439876
2023-03-09 12:00:00+00:00,0.21,3.623,78.0,0.1,7.8954163
2023-03-09 13:00:00+00:00,0.209,6.073,69.0,0.1,12.0694
2023-03-09 14:00:00+00:00,0.207,7.7229996,67.0,0.0,16.923828
2023-03-09 15:00:00+00:00,0.205,9.073,67.0,0.0,19.8
2023-03-09 16:00:00+00:00,0.203,10.422999,60.0,0.0,20.316889
2023-03-09 17:00:00+00:00,0.199,12.123,49.0,0.0,25.460936
2023-03-09 18:00:00+00:00,0.196,12.922999,46.0,0.0,24.569836
2023-03-09 19:00:00+00:00,0.193,12.023,51.0,0.1,25.264202
2023-03-09 20:00:00+00:00,0.198,11.223,61.0,0.2,18.11841
2023-03-09 21:00:00+00:00,0.203,10.573,69.0,0.2,15.986593
2023-03-09 22:00:00+00:00,0.2,10.023,73.0,0.0,14.529915
2023-03-09 23:00:00+00:00,0.199,9.373,76.0,0.1,13.783817
2023-03-10 00:00:00+00:00,0.191,8.523,77.0,0.4,12.984975
2023-03-10 01:00:00+00:00,0.191,7.7229996,79.0,0.0,11.457958
2023-03-10 02:00:00+00:00,0.191,7.123,81.0,0.0,10.086427
2023-03-10 03:00:00+00:00,0.191,7.1730003,81.0,0.0,9.290511
2023-03-10 04:00:00+00:00,0.192,7.273,83.0,0.1,8.854829
2023-03-10 05:00:00+00:00,0.195,7.4230003,84.0,0.1,10.028439
2023-03-10 06:00:00+00:00,0.194,7.9230003,79.0,0.2,12.074766
2023-03-10 07:00:00+00:00,0.199,8.373,77.0,0.1,14.84318
2023-03-10 08:00:00+00:00,0.203,8.573,76.0,0.1,16.135872
2023-03-10 09:00:00+00:00,0.206,8.873,73.0,0.1,18.875126
2023-03-10 10:00:00+00:00,0.204,9.172999,69.0,0.0,22.915916
2023-03-10 11:00:00+00:00,0.2,9.172999,69.0,0.0,22.45315
2023-03-10 12:00:00+00:00,0.197,10.873,62.0,0.0,23.904108
2023-03-10 13:00:00+00:00,0.195,11.473,58.0,0.0,28.257132
2023-03-10 14:00:00+00:00,0.193,11.973,57.0,0.0,33.626774
2023-03-10 15:00:00+00:00,0.191,11.623,61.0,0.0,32.750107
2023-03-10 16:00:00+00:00,0.212,10.823,65.0,0.3,26.999998
2023-03-10 17:00:00+00:00,0.202,10.023,60.0,0.0,20.211363
2023-03-10 18:00:00+00:00,0.214,10.573,63.0,0.0,17.298738
2023-03-10 19:00:00+00:00,0.214,9.523,69.0,0.3,14.404499
2023-03-10 20:00:00+00:00,0.24,8.573,75.0,0.8,11.631956
2023-03-10 21:00:00+00:00,0.251,7.873,74.0,0.6,10.703569
2023-03-10 22:00:00+00:00,0.253,7.323,73.0,0.4,8.647496
2023-03-10 23:00:00+00:00,0.251,6.823,75.0,0.2,8.654986
2023-03-11 00:00:00+00:00,0.236,6.4230003,79.0,0.0,7.928177
2023-03-11 01:00:00+00:00,0.23,5.773,82.0,0.0,9.1641035
2023-03-11 02:00:00+00:00,0.226,5.4729996,73.0,0.0,14.336861
2023-03-11 03:00:00+00:00,0.222,4.873,66.0,0.0,14.81259
2023-03-11 04:00:00+00:00,0.218,4.1730003,72.0,0.0,14.20062
2023-03-11 05:00:00+00:00,0.216,3.773,72.0,0.0,14.654254
2023-03-11 06:00:00+00:00,0.213,3.973,72.0,0.0,16.62249
2023-03-11 07:00:00+00:00,0.211,3.473,74.0,0.0,15.141414
2023-03-11 08:00:00+00:00,0.21,2.923,77.0,0.0,13.5515
2023-03-11 09:00:00+00:00,0.209,2.523,79.0,0.0,13.207634
2023-03-11 10:00:00+00:00,0.208,2.1729999,80.0,0.0,11.631956
2023-03-11 11:00:00+00:00,0.207,2.323,79.0,0.0,11.298495
2023-03-11 12:00:00+00:00,0.206,4.223,73.0,0.0,11.885453
2023-03-11 13:00:00+00:00,0.204,6.7229996,65.0,0.0,16.595179
2023-03-11 14:00:00+00:00,0.201,8.123,55.0,0.0,22.450264
2023-03-11 15:00:00+00:00,0.198,8.873,51.0,0.0,22.73707
2023-03-11 16:00:00+00:00,0.195,9.573,48.0,0.0,23.675304
2023-03-11 17:00:00+00:00,0.193,10.273,47.0,0.0,25.189713
2023-03-11 18:00:00+00:00,0.192,11.323,42.0,0.0,24.66197
2023-03-11 19:00:00+00:00,0.19,11.823,41.0,0.0,24.912935
2023-03-11 20:00:00+00:00,0.187,12.073,42.0,0.0,21.986542
2023-03-11 21:00:00+00:00,0.186,12.223,42.0,0.0,21.915691
2023-03-11 22:00:00+00:00,0.185,12.073,47.0,0.0,13.891522
2023-03-11 23:00:00+00:00,0.186,10.823,53.0,0.0,9.47012
2023-03-12 00:00:00+00:00,0.182,9.172999,55.0,0.0,21.479666
2023-03-12 01:00:00+00:00,0.182,7.6730003,63.0,0.0,16.766108
2023-03-12 02:00:00+00:00,0.183,6.773,70.0,0.0,14.458382
2023-03-12 03:00:00+00:00,0.184,6.4230003,77.0,0.0,13.684735
2023-03-12 04:00:00+00:00,0.184,6.1730003,78.0,0.0,12.229406
2023-03-12 05:00:00+00:00,0.184,6.2229996,67.0,0.0,16.610792
2023-03-12 06:00:00+00:00,0.185,6.123,72.0,0.0,17.068707
2023-03-12 07:00:00+00:00,0.185,6.123,75.0,0.0,16.746773
2023-03-12 08:00:00+00:00,0.185,6.2229996,78.0,0.0,17.388409
2023-03-12 09:00:00+00:00,0.185,6.4729996,79.0,0.0,18.359999
2023-03-12 10:00:00+00:00,0.185,6.873,80.0,0.0,18.39878
2023-03-12 11:00:00+00:00,0.186,7.4729996,81.0,0.0,18.875126
2023-03-12 12:00:00+00:00,0.185,9.172999,72.0,0.0,21.67786
2023-03-12 13:00:00+00:00,0.185,10.422999,68.0,0.0,23.166218
2023-03-12 14:00:00+00:00,0.183,11.523,63.0,0.0,26.178707
2023-03-12 15:00:00+00:00,0.185,11.623,63.0,0.0,26.980793
2023-03-12 16:00:00+00:00,0.183,11.723,61.0,0.0,30.25928
2023-03-12 17:00:00+00:00,0.182,11.973,60.0,0.0,33.912685
2023-03-12 18:00:00+00:00,0.185,12.023,63.0,0.3,34.358788
2023-03-12 19:00:00+00:00,0.204,11.623,65.0,0.4,32.978832
2023-03-12 20:00:00+00:00,0.208,11.873,64.0,0.2,29.328403
2023-03-12 21:00:00+00:00,0.21,11.373,67.0,0.3,28.00837
2023-03-12 22:00:00+00:00,0.217,10.723,71.0,0.3,25.35637
2023-03-12 23:00:00+00:00,0.213,10.373,71.0,0.1,27.438046
2023-03-13 00:00:00+00:00,0.199,9.723,75.0,0.3,23.090569
2023-03-13 01:00:00+00:00,0.205,9.123,81.0,0.2,19.93048
2023-03-13 02:00:00+00:00,0.209,8.373,71.0,0.2,17.727943
2023-03-13 03:00:00+00:00,0.203,7.623,74.0,0.0,15.596767
2023-03-13 04:00:00+00:00,0.2,6.7229996,74.0,0.0,18.289274
2023-03-13 05:00:00+00:00,0.197,5.7229996,78.0,0.0,17.106628
2023-03-13 06:00:00+00:00,0.196,4.7229996,81.0,0.0,15.188415
2023-03-13 07:00:00+00:00,0.194,4.023,85.0,0.0,13.708391
2023-03-13 08:00:00+00:00,0.193,3.623,83.0,0.0,13.1041975
2023-03-13 09:00:00+00:00,0.192,2.873,80.0,0.0,11.91812
2023-03-13 10:00:00+00:00,0.191,2.273,83.0,0.0,11.4862
2023-03-13 11:00:00+00:00,0.19,2.1729999,84.0,0.0,11.090103
2023-03-13 12:00:00+00:00,0.19,3.973,74.0,0.0,11.609651
2023-03-13 13:00:00+00:00,0.188,6.2229996,64.0,0.0,14.707222
2023-03-13 14:00:00+00:00,0.187,7.823,52.0,0.0,18.486622
2023-03-13 15:00:00+00:00,0.185,8.873,44.0,0.0,18.59845
2023-03-13 16:00:00+00:00,0.183,9.623,42.0,0.0,19.930477
2023-03-13 17:00:00+00:00,0.182,9.773,45.0,0.0,19.855558
2023-03-13 18:00:00+00:00,0.18,10.473,38.0,0.0,20.945072
2023-03-13 19:00:00+00:00,0.178,10.773,36.0,0.0,20.771093
2023-03-13 20:00:00+00:00,0.177,10.273,39.0,0.0,20.140705
2023-03-13 21:00:00+00:00,0.177,9.623,44.0,0.0,17.782688
2023-03-13 22:00:00+00:00,0.176,8.973,48.0,0.0,15.484185
2023-03-13 23:00:00+00:00,0.176,8.173,51.0,0.0,11.367109
2023-03-14 00:00:00+00:00,0.175,6.4729996,61.0,0.0,2.5455842
2023-03-14 01:00:00+00:00,0.175,5.4729996,66.0,0.0,3.9763298
2023-03-14 02:00:00+00:00,0.176,5.073,69.0,0.1,2.8799999
2023-03-14 03:00:00+00:00,0.178,5.123,72.0,0.2,1.9386592
2023-03-14 04:00:00+00:00,0.211,4.623,79.0,0.9,3.2399998
2023-03-14 05:00:00+00:00,0.267,4.4729996,83.0,1.5,4.8433046
2023-03-14 06:00:00+00:00,0.285,3.873,82.0,1.1,9.449572
2023-03-14 07:00:00+00:00,0.277,3.073,88.0,0.3,10.514218
2023-03-14 08:00:00+00:00,0.262,2.973,87.0,0.0,10.195057
2023-03-14 09:00:00+00:00,0.251,3.273,87.0,0.0,9.957108
2023-03-14 10:00:00+00:00,0.243,3.473,85.0,0.0,10.703569
2023-03-14 11:00:00+00:00,0.237,3.623,85.0,0.0,8.913181
2023-03-14 12:00:00+00:00,0.235,4.373,84.0,0.1,15.778516
2023-03-14 13:00:00+00:00,0.245,4.873,86.0,0.5,12.313894
2023-03-14 14:00:00+00:00,0.281,5.4230003,90.0,1.3,10.086427
2023-03-14 15:00:00+00:00,0.272,6.573,89.0,0.3,7.653705
2023-03-14 16:00:00+00:00,0.269,7.523,88.0,0.3,4.3349743
2023-03-14 17:00:00+00:00,0.264,7.573,83.0,0.0,19.602652
2023-03-14 18:00:00+00:00,0.272,6.623,76.0,0.2,29.370352
2023-03-14 19:00:00+00:00,0.262,7.123,63.0,0.1,39.067875
2023-03-14 20:00:00+00:00,0.254,7.1730003,64.0,0.0,38.706276
2023-03-14 21:00:00+00:00,0.249,7.4729996,57.0,0.0,39.60818
2023-03-14 22:00:00+00:00,0.245,6.7229996,56.0,0.0,34.80848
2023-03-14 23:00:00+00:00,0.242,5.523,62.0,0.0,30.018473
2023-03-15 00:00:00+00:00,0.241,4.273,68.0,0.0,25.562534
2023-03-15 01:00:00+00:00,0.239,3.823,71.0,0.0,21.542923
2023-03-15 02:00:00+00:00,0.238,3.423,74.0,0.0,18.511143
2023-03-15 03:00:00+00:00,0.237,2.823,78.0,0.0,15.034041
2023-03-15 04:00:00+00:00,0.236,2.323,83.0,0.0,12.181625
2023-03-15 05:00:00+00:00,0.235,2.073,86.0,0.0,11.165805
2023-03-15 06:00:00+00:00,0.234,2.223,87.0,0.0,9.659814
2023-03-15 07:00:00+00:00,0.233,2.223,90.0,0.0,9.085988
2023-03-15 08:00:00+00:00,0.232,2.1729999,91.0,0.0,8.4963045
2023-03-15 09:00:00+00:00,0.231,2.1230001,91.0,0.0,7.653705
2023-03-15 10:00:00+00:00,0.23,2.1230001,91.0,0.0,7.386582
2023-03-15 11:00:00+00:00,0.23,2.323,89.0,0.0,7.5942082
2023-03-15 12:00:00+00:00,0.229,3.623,81.0,0.0,7.0911775
2023-03-15 13:00:00+00:00,0.227,6.073,68.0,0.0,11.966953
2023-03-15 14:00:00+00:00,0.225,8.023,56.0,0.0,15.315873
2023-03-15 15:00:00+00:00,0.222,9.922999,49.0,0.0,15.94601
2023-03-15 16:00:00+00:00,0.218,11.623,42.0,0.0,18.278645
2023-03-15 17:00:00+00:00,0.215,12.523,37.0,0.0,23.000591
2023-03-15 18:00:00+00:00,0.215,13.373,34.0,0.0,24.442913
2023-03-15 19:00:00+00:00,0.213,13.073,35.0,0.0,24.850431
2023-03-15 20:00:00+00:00,0.211,12.773,37.0,0.0,17.610588
2023-03-15 21:00:00+00:00,0.212,12.473,38.0,0.0,15.716793
2023-03-15 22:00:00+00:00,0.211,11.672999,45.0,0.0,10.799999
2023-03-15 23:00:00+00:00,0.21,10.723,46.0,0.1,12.096214
2023-03-16 00:00:00+00:00,0.239,9.973,51.0,0.7,8.905908
2023-03-16 01:00:00+00:00,0.239,8.773,65.0,0.1,7.491114
2023-03-16 02:00:00+00:00,0.236,7.873,71.0,0.0,5.8603754
2023-03-16 03:00:00+00:00,0.233,7.323,73.0,0.0,4.198285
2023-03-16 04:00:00+00:00,0.23,6.623,74.0,0.0,3.7064266
2023-03-16 05:00:00+00:00,0.238,5.873,79.0,0.2,5.8603754
2023-03-16 06:00:00+00:00,0.234,5.573,85.0,0.3,8.209263
2023-03-16 07:00:00+00:00,0.242,5.523,87.0,0.3,11.019764
2023-03-16 08:00:00+00:00,0.237,5.373,85.0,0.0,11.923557
2023-03-16 09:00:00+00:00,0.232,4.9230003,88.0,0.0,9.885262
2023-03-16 10:00:00+00:00,0.23,4.9230003,84.0,0.0,13.755579
2023-03-16 11:00:00+00:00,0.231,5.2229996,82.0,0.0,19.022177
2023-03-16 12:00:00+00:00,0.221,5.2229996,78.0,0.1,23.623243
2023-03-16 13:00:00+00:00,0.218,6.573,66.0,0.0,31.338614
2023-03-16 14:00:00+00:00,0.216,7.523,60.0,0.0,31.682047
2023-03-16 15:00:00+00:00,0.215,8.273,55.0,0.0,31.394394
2023-03-16 16:00:00+00:00,0.213,8.823,50.0,0.0,31.394394
2023-03-16 17:00:00+00:00,0.211,8.873,46.0,0.0,32.112724
2023-03-16 18:00:00+00:00,0.209,8.473,46.0,0.0,31.328272
2023-03-16 19:00:00+00:00,0.208,8.223,47.0,0.0,29.899511
2023-03-16 20:00:00+00:00,0.209,8.123,45.0,0.0,30.54701
2023-03-16 21:00:00+00:00,0.208,7.573,47.0,0.0,30.430117
2023-03-16 22:00:00+00:00,0.207,6.623,58.0,0.0,30.5173
2023-03-16 23:00:00+00:00,0.217,5.623,73.0,0.4,28.58545
2023-03-17 00:00:00+00:00,0.216,5.4230003,75.0,0.2,29.275326
2023-03-17 01:00:00+00:00,0.209,4.823,73.0,0.0,29.024128
2023-03-17 02:00:00+00:00,0.208,4.4230003,77.0,0.0,27.343414
2023-03-17 03:00:00+00:00,0.208,4.223,79.0,0.0,26.693459
2023-03-17 04:00:00+00:00,0.207,4.073,80.0,0.0,27.402597
2023-03-17 05:00:00+00:00,0.207,3.973,78.0,0.0,28.766228
2023-03-17 06:00:00+00:00,0.207,4.023,85.0,0.0,24.798223
2023-03-17 07:00:00+00:00,0.207,4.373,86.0,0.0,25.068514
2023-03-17 08:00:00+00:00,0.206,4.7229996,85.0,0.0,24.798225
2023-03-17 09:00:00+00:00,0.206,5.1730003,83.0,0.0,24.119999
2023-03-17 10:00:00+00:00,0.206,5.1730003,82.0,0.0,22.682856
2023-03-17 11:00:00+00:00,0.205,5.073,82.0,0.0,21.24
2023-03-17 12:00:00+00:00,0.205,6.023,77.0,0.0,22.366402
2023-03-17 13:00:00+00:00,0.204,7.323,70.0,0.0,24.72495
2023-03-17 14:00:00+00:00,0.203,8.723,60.0,0.0,23.933907
2023-03-17 15:00:00+00:00,0.201,9.473,54.0,0.0,26.183659
2023-03-17 16:00:00+00:00,0.2,10.323,53.0,0.0,28.038431
2023-03-17 17:00:00+00:00,0.198,10.523,52.0,0.0,29.379177
2023-03-17 18:00:00+00:00,0.197,11.073,50.0,0.0,31.311722
2023-03-17 19:00:00+00:00,0.196,11.073,47.0,0.0,31.421213
2023-03-17 20:00:00+00:00,0.195,10.573,53.0,0.0,31.355152
2023-03-17 21:00:00+00:00,0.194,9.873,60.0,0.0,29.122198
2023-03-17 22:00:00+00:00,0.194,8.973,66.0,0.0,27.153164
2023-03-17 23:00:00+00:00,0.195,7.873,73.0,0.0,24.187069
2023-03-18 00:00:00+00:00,0.191,6.9729996,76.0,0.0,22.33161
2023-03-18 01:00:00+00:00,0.191,6.373,80.0,0.0,21.288757
2023-03-18 02:00:00+00:00,0.192,5.9230003,82.0,0.0,19.134262
2023-03-18 03:00:00+00:00,0.192,5.523,84.0,0.0,17.81909
2023-03-18 04:00:00+00:00,0.192,5.2229996,88.0,0.0,17.581125
2023-03-18 05:00:00+00:00,0.192,5.4230003,89.0,0.0,18.35647
2023-03-18 06:00:00+00:00,0.192,5.6730003,88.0,0.0,18.161278
2023-03-18 07:00:00+00:00,0.192,6.023,85.0,0.0,20.545246
2023-03-18 08:00:00+00:00,0.192,6.2229996,81.0,0.0,22.19773
2023-03-18 09:00:00+00:00,0.192,6.1730003,79.0,0.0,21.96
2023-03-18 10:00:00+00:00,0.192,6.123,81.0,0.0,21.218632
2023-03-18 11:00:00+00:00,0.192,6.273,80.0,0.0,21.915693
2023-03-18 12:00:00+00:00,0.191,6.823,72.0,0.0,23.157824
2023-03-18 13:00:00+00:00,0.191,7.823,68.0,0.0,26.82906
2023-03-18 14:00:00+00:00,0.19,8.823,63.0,0.0,29.070974
2023-03-18 15:00:00+00:00,0.188,9.823,60.0,0.0,30.993471
2023-03-18 16:00:00+00:00,0.187,10.323,60.0,0.0,29.627363
2023-03-18 17:00:00+00:00,0.186,10.672999,59.0,0.0,28.58545
2023-03-18 18:00:00+00:00,0.185,11.473,55.0,0.0,28.82249
2023-03-18 19:00:00+00:00,0.185,11.172999,55.0,0.0,29.09103
2023-03-18 20:00:00+00:00,0.185,10.323,60.0,0.0,29.370352
2023-03-18 21:00:00+00:00,0.196,9.123,70.0,0.4,28.112288
2023-03-18 22:00:00+00:00,0.21,8.273,70.0,0.3,28.739187
2023-03-18 23:00:00+00:00,0.215,7.4729996,73.0,0.3,28.202042
2023-03-19 00:00:00+00:00,0.199,7.073,74.0,0.1,28.988384
2023-03-19 01:00:00+00:00,0.197,6.773,76.0,0.0,28.73242
2023-03-19 02:00:00+00:00,0.195,6.6730003,78.0,0.0,28.291512
2023-03-19 03:00:00+00:00,0.194,6.573,76.0,0.0,26.341572
2023-03-19 04:00:00+00:00,0.193,5.873,71.0,0.0,25.683926
2023-03-19 05:00:00+00:00,0.193,5.2229996,70.0,0.0,25.210283
2023-03-19 06:00:00+00:00,0.192,4.323,66.0,0.0,28.241076
2023-03-19 07:00:00+00:00,0.191,3.623,67.0,0.0,27.74103
2023-03-19 08:00:00+00:00,0.191,3.373,65.0,0.0,23.499481
2023-03-19 09:00:00+00:00,0.19,3.173,72.0,0.0,22.101183
2023-03-19 10:00:00+00:00,0.19,3.473,75.0,0.0,22.668568
2023-03-19 11:00:00+00:00,0.19,3.773,76.0,0.0,25.40743
2023-03-19 12:00:00+00:00,0.189,4.823,72.0,0.0,32.2034
2023-03-19 13:00:00+00:00,0.188,5.6730003,66.0,0.0,32.76791
2023-03-19 14:00:00+00:00,0.187,6.573,59.0,0.0,32.47192
2023-03-19 15:00:00+00:00,0.186,7.2229996,55.0,0.0,32.48788
2023-03-19 16:00:00+00:00,0.184,7.9729996,47.0,0.0,33.137604
2023-03-19 17:00:00+00:00,0.183,8.073,45.0,0.0,33.96233
2023-03-19 18:00:00+00:00,0.181,8.373,46.0,0.0,33.927967
2023-03-19 19:00:00+00:00,0.18,8.273,46.0,0.0,33.033802
2023-03-19 20:00:00+00:00,0.179,8.073,49.0,0.0,32.79361
2023-03-19 21:00:00+00:00,0.179,7.1730003,58.0,0.0,31.1686
2023-03-19 22:00:00+00:00,0.179,6.273,65.0,0.0,30.317043
2023-03-19 23:00:00+00:00,0.179,5.4230003,72.0,0.0,28.802248
2023-03-20 00:00:00+00:00,0.179,5.323,77.0,0.0,32.048088
2023-03-20 01:00:00+00:00,0.179,5.773,79.0,0.0,32.402
2023-03-20 02:00:00+00:00,0.179,6.1730003,80.0,0.0,29.16889
2023-03-20 03:00:00+00:00,0.179,6.823,82.0,0.0,26.661882
2023-03-20 04:00:00+00:00,0.18,7.373,82.0,0.0,28.054604
2023-03-20 05:00:00+00:00,0.18,8.323,82.0,0.0,33.75756
2023-03-20 06:00:00+00:00,0.18,7.623,80.0,0.0,37.883907
2023-03-20 07:00:00+00:00,0.18,7.373,81.0,0.0,37.524708
2023-03-20 08:00:00+00:00,0.18,7.123,79.0,0.0,38.881668
2023-03-20 09:00:00+00:00,0.18,6.523,79.0,0.0,39.614723
2023-03-20 10:00:00+00:00,0.18,6.373,79.0,0.0,38.881668
2023-03-20 11:00:00+00:00,0.18,6.273,78.0,0.0,37.815426
2023-03-20 12:00:00+00:00,0.179,7.073,70.0,0.0,40.326424
2023-03-20 13:00:00+00:00,0.179,8.123,64.0,0.0,43.9436
2023-03-20 14:00:00+00:00,0.178,9.073,62.0,0.0,45.05181
2023-03-20 15:00:00+00:00,0.177,9.422999,62.0,0.0,43.2015
2023-03-20 16:00:00+00:00,0.176,10.723,62.0,0.0,41.401566
2023-03-20 17:00:00+00:00,0.175,12.073,61.0,0.0,41.914886
2023-03-20 18:00:00+00:00,0.174,12.723,61.0,0.0,47.510452
2023-03-20 19:00:00+00:00,0.173,12.373,62.0,0.0,46.88991
2023-03-20 20:00:00+00:00,0.173,11.672999,63.0,0.0,46.69604
2023-03-20 21:00:00+00:00,0.173,10.973,66.0,0.0,44.751637
2023-03-20 22:00:00+00:00,0.173,9.823,70.0,0.0,43.810684
2023-03-20 23:00:00+00:00,0.174,8.773,74.0,0.0,41.784824
2023-03-21 00:00:00+00:00,0.17,8.573,75.0,0.0,43.321327
2023-03-21 01:00:00+00:00,0.17,8.223,74.0,0.0,43.73963
2023-03-21 02:00:00+00:00,0.17,7.873,73.0,0.0,39.97459
2023-03-21 03:00:00+00:00,0.17,7.623,74.0,0.0,36.016193
2023-03-21 04:00:00+00:00,0.17,7.4729996,81.0,0.0,33.04361
2023-03-21 05:00:00+00:00,0.171,7.573,82.0,0.0,31.883888
2023-03-21 06:00:00+00:00,0.171,7.573,82.0,0.0,29.834423
2023-03-21 07:00:00+00:00,0.171,8.173,83.0,0.0,30.302078
2023-03-21 08:00:00+00:00,0.171,8.473,80.0,0.0,33.151287
2023-03-21 09:00:00+00:00,0.171,8.323,77.0,0.0,34.268143
2023-03-21 10:00:00+00:00,0.171,7.9729996,79.0,0.0,32.49785
2023-03-21 11:00:00+00:00,0.171,7.623,77.0,0.0,31.212229
2023-03-21 12:00:00+00:00,0.171,7.9729996,74.0,0.0,24.442911
2023-03-21 13:00:00+00:00,0.171,8.573,72.0,0.0,22.881956
2023-03-21 14:00:00+00:00,0.171,9.623,68.0,0.0,25.630886
2023-03-21 15:00:00+00:00,0.17,10.172999,65.0,0.0,31.367552
2023-03-21 16:00:00+00:00,0.17,10.922999,64.0,0.0,32.933605
2023-03-21 17:00:00+00:00,0.169,11.523,60.0,0.0,40.315178
2023-03-21 18:00:00+00:00,0.169,11.773,63.0,0.1,33.3559
2023-03-21 19:00:00+00:00,0.202,11.073,69.0,0.6,31.765793
2023-03-21 20:00:00+00:00,0.191,10.973,69.0,0.0,37.83941
2023-03-21 21:00:00+00:00,0.188,10.323,72.0,0.1,36.233246
2023-03-21 22:00:00+00:00,0.195,9.623,77.0,0.2,35.031162
2023-03-21 23:00:00+00:00,0.203,9.073,79.0,0.3,34.428497
2023-03-22 00:00:00+00:00,0.214,8.723,77.0,0.2,37.600616
2023-03-22 01:00:00+00:00,0.205,8.773,76.0,0.0,37.47633
2023-03-22 02:00:00+00:00,0.2,8.573,77.0,0.0,35.75436
2023-03-22 03:00:00+00:00,0.197,8.273,80.0,0.0,32.90999
2023-03-22 04:00:00+00:00,0.195,8.373,75.0,0.0,32.79361
2023-03-22 05:00:00+00:00,0.193,8.373,70.0,0.0,36.785233
2023-03-22 06:00:00+00:00,0.192,8.823,69.0,0.0,38.848316
2023-03-22 07:00:00+00:00,0.19,8.422999,69.0,0.0,37.114933
2023-03-22 08:00:00+00:00,0.189,8.273,68.0,0.0,36.409866
2023-03-22 09:00:00+00:00,0.195,7.9230003,74.0,0.3,35.02561
2023-03-22 10:00:00+00:00,0.199,7.6730003,75.0,0.1,31.912327
2023-03-22 11:00:00+00:00,0.208,7.4230003,78.0,0.3,28.241077
2023-03-22 12:00:00+00:00,0.197,8.773,69.0,0.2,25.537172
2023-03-22 13:00:00+00:00,0.195,9.373,67.0,0.0,29.957972
2023-03-22 14:00:00+00:00,0.202,9.823,66.0,0.2,35.06629
2023-03-22 15:00:00+00:00,0.204,9.723,67.0,0.2,36.691753
2023-03-22 16:00:00+00:00,0.219,9.123,71.0,0.5,34.877293
2023-03-22 17:00:00+00:00,0.23,9.073,69.0,0.4,33.50128
2023-03-22 18:00:00+00:00,0.224,10.123,65.0,0.1,35.690872
2023-03-22 19:00:00+00:00,0.222,10.023,60.0,0.2,34.936695
2023-03-22 20:00:00+00:00,0.214,9.373,55.0,0.0,36.028786
2023-03-22 21:00:00+00:00,0.21,8.273,56.0,0.0,35.85932
2023-03-22 22:00:00+00:00,0.207,7.1730003,61.0,0.0,35.543507
2023-03-22 23:00:00+00:00,0.205,5.873,67.0,0.0,34.627434
2023-03-23 00:00:00+00:00,0.202,5.2229996,69.0,0.0,29.162226
2023-03-23 01:00:00+00:00,0.201,4.773,71.0,0.0,28.08923
2023-03-23 02:00:00+00:00,0.199,4.373,72.0,0.0,27.362366
2023-03-23 03:00:00+00:00,0.198,4.1730003,73.0,0.0,26.661882
2023-03-23 04:00:00+00:00,0.197,3.973,74.0,0.0,27.021591
2023-03-23 05:00:00+00:00,0.197,3.723,75.0,0.0,27.359999
2023-03-23 06:00:00+00:00,0.196,3.573,73.0,0.0,25.60053
2023-03-23 07:00:00+00:00,0.195,3.523,70.0,0.0,24.144165
2023-03-23 08:00:00+00:00,0.194,3.273,73.0,0.0,22.007162
2023-03-23 09:00:00+00:00,0.194,3.073,77.0,0.0,21.077686
2023-03-23 10:00:00+00:00,0.194,3.073,77.0,0.0,21.605999
2023-03-23 11:00:00+00:00,0.193,3.173,77.0,0.0,21.749481
2023-03-23 12:00:00+00:00,0.193,4.373,72.0,0.0,20.696085
2023-03-23 13:00:00+00:00,0.192,6.323,62.0,0.0,23.576563
2023-03-23 14:00:00+00:00,0.191,8.123,53.0,0.0,26.642431
2023-03-23 15:00:00+00:00,0.189,9.023,51.0,0.0,28.58545
2023-03-23 16:00:00+00:00,0.188,9.273,50.0,0.0,29.738703
2023-03-23 17:00:00+00:00,0.187,9.422999,54.0,0.0,26.437336
2023-03-23 18:00:00+00:00,0.187,9.422999,55.0,0.0,25.942488
2023-03-23 19:00:00+00:00,0.186,9.123,52.0,0.0,24.57511
2023-03-23 20:00:00+00:00,0.185,9.223,51.0,0.0,22.3229
2023-03-23 21:00:00+00:00,0.185,8.922999,54.0,0.0,20.240196
2023-03-23 22:00:00+00:00,0.184,8.323,53.0,0.0,15.725037
2023-03-23 23:00:00+00:00,0.184,7.573,57.0,0.0,12.031756
2023-03-24 00:00:00+00:00,0.18,6.7229996,60.0,0.0,8.0899935
2023-03-24 01:00:00+00:00,0.18,6.4230003,63.0,0.0,7.8625183
2023-03-24 02:00:00+00:00,0.18,6.123,68.0,0.0,5.8048253
2023-03-24 03:00:00+00:00,0.18,5.873,69.0,0.0,6.2145634
2023-03-24 04:00:00+00:00,0.18,5.823,66.0,0.0,6.28713
2023-03-24 05:00:00+00:00,0.18,5.2229996,70.0,0.1,5.1919937
2023-03-24 06:00:00+00:00,0.182,5.373,77.0,0.3,6.193674
2023-03-24 07:00:00+00:00,0.185,5.4729996,85.0,0.1,6.8777895
2023-03-24 08:00:00+00:00,0.196,5.773,86.0,0.3,7.386582
2023-03-24 09:00:00+00:00,0.196,6.373,86.0,0.0,6.638072
2023-03-24 10:00:00+00:00,0.194,6.573,84.0,0.0,6.162207
2023-03-24 11:00:00+00:00,0.192,6.373,81.0,0.0,4.2136917
2023-03-24 12:00:00+00:00,0.191,5.4729996,92.0,0.0,5.1165614
2023-03-24 13:00:00+00:00,0.19,8.223,80.0,0.0,3.96
2023-03-24 14:00:00+00:00,0.188,10.323,69.0,0.0,4.802999
2023-03-24 15:00:00+00:00,0.214,11.073,66.0,0.6,18.359999
2023-03-24 16:00:00+00:00,0.242,9.773,72.0,0.6,29.59235
2023-03-24 17:00:00+00:00,0.233,9.672999,62.0,0.2,21.829777
2023-03-24 18:00:00+00:00,0.225,11.323,52.0,0.0,35.66908
2023-03-24 19:00:00+00:00,0.219,10.623,51.0,0.0,35.9946
2023-03-24 20:00:00+00:00,0.214,9.523,50.0,0.0,34.62369
2023-03-24 21:00:00+00:00,0.211,8.273,53.0,0.0,33.26252
2023-03-24 22:00:00+00:00,0.208,7.323,55.0,0.0,30.096085
2023-03-24 23:00:00+00:00,0.206,6.2229996,59.0,0.0,28.910038
2023-03-25 00:00:00+00:00,0.202,5.073,66.0,0.0,28.835976
2023-03-25 01:00:00+00:00,0.2,4.623,65.0,0.0,28.808998
2023-03-25 02:00:00+00:00,0.199,4.323,66.0,0.0,25.919998
2023-03-25 03:00:00+00:00,0.198,4.223,67.0,0.0,22.553936
2023-03-25 04:00:00+00:00,0.197,4.223,70.0,0.0,21.566975
2023-03-25 05:00:00+00:00,0.196,4.623,72.0,0.0,23.565567
2023-03-25 06:00:00+00:00,0.196,4.9729996,74.0,0.1,23.491207
2023-03-25 07:00:00+00:00,0.195,5.4729996,75.0,0.1,23.749088
2023-03-25 08:00:00+00:00,0.2,5.873,78.0,0.1,24.18707
2023-03-25 09:00:00+00:00,0.205,6.523,77.0,0.1,27.067116
2023-03-25 10:00:00+00:00,0.205,7.023,77.0,0.1,27.766712
2023-03-25 11:00:00+00:00,0.21,7.073,78.0,0.2,29.07989
2023-03-25 12:00:00+00:00,0.214,7.373,78.0,0.2,26.544964
2023-03-25 13:00:00+00:00,0.218,7.873,76.0,0.2,28.236486
2023-03-25 14:00:00+00:00,0.225,8.373,73.0,0.3,29.68636
2023-03-25 15:00:00+00:00,0.226,8.873,71.0,0.2,29.723444
2023-03-25 16:00:00+00:00,0.222,8.823,65.0,0.1,30.652895
2023-03-25 17:00:00+00:00,0.218,8.873,65.0,0.1,31.82082
2023-03-25 18:00:00+00:00,0.214,9.773,60.0,0.0,36.77114
2023-03-25 19:00:00+00:00,0.211,9.922999,54.0,0.0,34.3833
2023-03-25 20:00:00+00:00,0.21,9.422999,63.0,0.2,38.6208
2023-03-25 21:00:00+00:00,0.213,8.973,66.0,0.1,30.684587
2023-03-25 22:00:00+00:00,0.22,8.273,70.0,0.2,28.61264
2023-03-25 23:00:00+00:00,0.215,7.873,72.0,0.1,28.337282
2023-03-26 00:00:00+00:00,0.213,8.023,73.0,0.2,27.41678
2023-03-26 01:00:00+00:00,0.217,7.9230003,75.0,0.2,30.282827
2023-03-26 02:00:00+00:00,0.22,8.023,73.0,0.2,29.784426
2023-03-26 03:00:00+00:00,0.225,7.7229996,77.0,0.3,29.620802
2023-03-26 04:00:00+00:00,0.238,7.523,77.0,0.4,24.798223
2023-03-26 05:00:00+00:00,0.275,6.6730003,79.0,1.1,27.645092
2023-03-26 06:00:00+00:00,0.243,6.2229996,74.0,0.2,23.78453
2023-03-26 07:00:00+00:00,0.239,5.9729996,74.0,0.1,25.099514
2023-03-26 08:00:00+00:00,0.231,5.7229996,73.0,0.0,22.782625
2023-03-26 09:00:00+00:00,0.226,5.273,71.0,0.0,19.881649
2023-03-26 10:00:00+00:00,0.223,4.823,69.0,0.0,17.298738
2023-03-26 11:00:00+00:00,0.22,4.573,69.0,0.0,16.676977
2023-03-26 12:00:00+00:00,0.217,5.073,70.0,0.0,19.386591
2023-03-26 13:00:00+00:00,0.215,6.323,64.0,0.0,26.400545
2023-03-26 14:00:00+00:00,0.212,7.373,56.0,0.0,28.08923
2023-03-26 15:00:00+00:00,0.21,8.223,52.0,0.0,28.442278
2023-03-26 16:00:00+00:00,0.209,8.973,48.0,0.0,29.519999
2023-03-26 17:00:00+00:00,0.207,9.373,45.0,0.0,29.16889
2023-03-26 18:00:00+00:00,0.205,9.373,46.0,0.0,28.227306
2023-03-26 19:00:00+00:00,0.203,9.172999,47.0,0.0,27.595823
2023-03-26 20:00:00+00:00,0.202,8.373,54.0,0.1,25.567604
2023-03-26 21:00:00+00:00,0.212,7.023,64.0,0.3,20.780453
2023-03-26 22:00:00+00:00,0.221,6.273,73.0,0.3,16.78156
2023-03-26 23:00:00+00:00,0.226,5.6730003,76.0,0.3,14.386494
2023-03-27 00:00:00+00:00,0.223,5.123,77.0,0.2,11.753876
2023-03-27 01:00:00+00:00,0.223,4.7229996,80.0,0.1,8.913181
2023-03-27 02:00:00+00:00,0.225,4.523,82.0,0.2,5.8603754
2023-03-27 03:00:00+00:00,0.238,4.273,85.0,0.6,2.968636
2023-03-27 04:00:00+00:00,0.259,3.973,85.0,0.8,2.9024127
2023-03-27 05:00:00+00:00,0.278,3.573,88.0,0.8,6.9527545
2023-03-27 06:00:00+00:00,0.281,2.473,91.0,0.8,6.1305785
2023-03-27 07:00:00+00:00,0.286,2.373,93.0,0.7,7.653705
2023-03-27 08:00:00+00:00,0.287,2.323,93.0,0.6,6.4096174
2023-03-27 09:00:00+00:00,0.289,2.323,93.0,0.6,7.928177
2023-03-27 10:00:00+00:00,0.306,2.473,92.0,1.1,8.049845
2023-03-27 11:00:00+00:00,0.311,2.573,92.0,1.1,6.989936
2023-03-27 12:00:00+00:00,0.301,2.823,93.0,0.4,4.6102495
2023-03-27 13:00:00+00:00,0.306,3.123,92.0,0.8,4.0249224
2023-03-27 14:00:00+00:00,0.299,3.723,90.0,0.3,5.6233797
2023-03-27 15:00:00+00:00,0.292,4.323,88.0,0.1,7.42159
2023-03-27 16:00:00+00:00,0.296,4.6730003,87.0,0.5,7.208994
2023-03-27 17:00:00+00:00,0.319,4.573,86.0,1.3,9.346143
2023-03-27 18:00:00+00:00,0.335,3.373,89.0,1.3,9.605998
2023-03-27 19:00:00+00:00,0.344,2.523,93.0,2.2,10.799999
2023-03-27 20:00:00+00:00,0.34,1.723,96.0,1.6,10.8955765
2023-03-27 21:00:00+00:00,0.338,2.673,89.0,1.1,17.208603
2023-03-27 22:00:00+00:00,0.33,3.123,88.0,0.7,17.771753
2023-03-27 23:00:00+00:00,0.323,2.773,87.0,0.4,20.008356
2023-03-28 00:00:00+00:00,0.317,2.523,85.0,0.1,19.48661
2023-03-28 01:00:00+00:00,0.309,2.623,79.0,0.1,16.520823
2023-03-28 02:00:00+00:00,0.302,2.273,79.0,0.0,15.484185
2023-03-28 03:00:00+00:00,0.297,1.273,82.0,0.0,14.799459
2023-03-28 04:00:00+00:00,0.294,0.673,86.0,0.0,13.75558
2023-03-28 05:00:00+00:00,0.291,0.423,86.0,0.0,13.363711
2023-03-28 06:00:00+00:00,0.289,0.073,87.0,0.0,14.404499
2023-03-28 07:00:00+00:00,0.287,-0.277,88.0,0.0,12.6462
2023-03-28 08:00:00+00:00,0.285,-0.527,89.0,0.0,10.495713
2023-03-28 09:00:00+00:00,0.284,-0.727,90.0,0.0,9.47012
2023-03-28 10:00:00+00:00,0.282,-0.827,89.0,0.0,8.825508
2023-03-28 11:00:00+00:00,0.281,-0.977,90.0,0.0,8.473393
2023-03-28 12:00:00+00:00,0.282,-0.627,88.0,0.0,10.829959
2023-03-28 13:00:00+00:00,0.28,1.173,81.0,0.0,13.358861
2023-03-28 14:00:00+00:00,0.276,2.873,70.0,0.0,18.089775
2023-03-28 15:00:00+00:00,0.272,4.1730003,58.0,0.0,19.70815
2023-03-28 16:00:00+00:00,0.268,5.073,53.0,0.0,21.129885
2023-03-28 17:00:00+00:00,0.263,5.6730003,49.0,0.0,22.314192
2023-03-28 18:00:00+00:00,0.259,5.4729996,53.0,0.0,20.969805
2023-03-28 19:00:00+00:00,0.256,5.573,51.0,0.0,22.180206
2023-03-28 20:00:00+00:00,0.254,5.023,55.0,0.0,21.915693
2023-03-28 21:00:00+00:00,0.253,4.323,59.0,0.0,20.265795
2023-03-28 22:00:00+00:00,0.252,3.223,63.0,0.0,17.81909
2023-03-28 23:00:00+00:00,0.252,1.873,69.0,0.0,14.044615
2023-03-29 00:00:00+00:00,0.256,0.623,78.0,0.0,13.493999
2023-03-29 01:00:00+00:00,0.256,0.023000002,82.0,0.0,14.408997
2023-03-29 02:00:00+00:00,0.256,-0.277,84.0,0.0,14.332341
2023-03-29 03:00:00+00:00,0.255,-0.627,87.0,0.0,13.627795
2023-03-29 04:00:00+00:00,0.255,-0.877,88.0,0.0,13.1041975
2023-03-29 05:00:00+00:00,0.255,-0.977,90.0,0.0,13.009903
2023-03-29 06:00:00+00:00,0.255,-1.027,93.0,0.0,12.224107
2023-03-29 07:00:00+00:00,0.255,-1.127,93.0,0.0,12.144331
2023-03-29 08:00:00+00:00,0.255,-1.227,94.0,0.0,11.252519
2023-03-29 09:00:00+00:00,0.254,-1.127,92.0,0.0,10.8955765
2023-03-29 10:00:00+00:00,0.254,-1.127,92.0,0.0,10.495713
2023-03-29 11:00:00+00:00,0.254,-1.227,92.0,0.0,9.3876505
2023-03-29 12:00:00+00:00,0.254,-0.527,92.0,0.0,9.3876505
2023-03-29 13:00:00+00:00,0.253,1.473,81.0,0.0,11.525623
2023-03-29 14:00:00+00:00,0.25,3.323,70.0,0.0,14.264361
2023-03-29 15:00:00+00:00,0.247,4.773,59.0,0.0,15.175612
2023-03-29 16:00:00+00:00,0.243,5.7229996,51.0,0.0,15.459054
2023-03-29 17:00:00+00:00,0.239,6.323,47.0,0.0,15.683774
2023-03-29 18:00:00+00:00,0.237,6.573,44.0,0.0,17.10284
2023-03-29 19:00:00+00:00,0.235,6.623,44.0,0.0,16.055355
2023-03-29 20:00:00+00:00,0.233,6.323,44.0,0.0,16.055355
2023-03-29 21:00:00+00:00,0.232,5.573,49.0,0.0,14.799459
2023-03-29 22:00:00+00:00,0.232,4.023,58.0,0.0,9.885262
2023-03-29 23:00:00+00:00,0.234,1.873,71.0,0.0,7.172949
2023-03-30 00:00:00+00:00,0.228,0.323,81.0,0.0,6.489992
2023-03-30 01:00:00+00:00,0.228,-0.227,83.0,0.0,6.130579
2023-03-30 02:00:00+00:00,0.229,-0.77699995,85.0,0.0,5.771239
2023-03-30 03:00:00+00:00,0.229,-1.277,87.0,0.0,5.7599998
2023-03-30 04:00:00+00:00,0.23,-1.577,88.0,0.0,6.130579
2023-03-30 05:00:00+00:00,0.23,-1.577,88.0,0.0,6.519877
2023-03-30 06:00:00+00:00,0.23,-1.177,87.0,0.0,8.669949
2023-03-30 07:00:00+00:00,0.23,-1.227,91.0,0.0,8.669949
2023-03-30 08:00:00+00:00,0.231,-1.227,91.0,0.0,9.0
2023-03-30 09:00:00+00:00,0.231,-1.227,90.0,0.0,9.007196
2023-03-30 10:00:00+00:00,0.231,-1.077,88.0,0.0,9.746631
2023-03-30 11:00:00+00:00,0.231,-0.877,85.0,0.0,10.08
2023-03-30 12:00:00+00:00,0.231,-0.427,83.0,0.0,9.028754
2023-03-30 13:00:00+00:00,0.23,1.873,77.0,0.0,11.659777
2023-03-30 14:00:00+00:00,0.229,4.273,66.0,0.0,15.84
2023-03-30 15:00:00+00:00,0.227,5.823,56.0,0.0,22.61419
2023-03-30 16:00:00+00:00,0.225,6.373,55.0,0.0,25.323128
2023-03-30 17:00:00+00:00,0.223,6.873,55.0,0.0,27.684914
2023-03-30 18:00:00+00:00,0.221,7.123,54.0,0.0,29.59235
2023-03-30 19:00:00+00:00,0.22,7.023,54.0,0.0,28.71437
2023-03-30 20:00:00+00:00,0.22,6.873,54.0,0.0,27.51116
2023-03-30 21:00:00+00:00,0.219,6.573,57.0,0.0,25.982424
2023-03-30 22:00:00+00:00,0.219,6.023,60.0,0.0,24.842607
2023-03-30 23:00:00+00:00,0.22,5.4230003,63.0,0.0,23.803596
2023-03-31 00:00:00+00:00,0.218,4.773,65.0,0.0,19.881649
2023-03-31 01:00:00+00:00,0.218,4.6730003,68.0,0.0,19.48661
2023-03-31 02:00:00+00:00,0.218,4.4729996,70.0,0.0,18.947083
2023-03-31 03:00:00+00:00,0.218,4.523,71.0,0.0,19.0392
2023-03-31 04:00:00+00:00,0.218,4.573,71.0,0.0,18.692286
2023-03-31 05:00:00+00:00,0.218,4.573,71.0,0.0,17.533146
2023-03-31 06:00:00+00:00,0.218,4.223,73.0,0.1,20.176065
2023-03-31 07:00:00+00:00,0.219,4.023,79.0,0.1,20.724247
2023-03-31 08:00:00+00:00,0.22,4.223,80.0,0.0,20.176065
2023-03-31 09:00:00+00:00,0.219,4.373,81.0,0.0,18.214718
2023-03-31 10:00:00+00:00,0.219,4.623,82.0,0.0,17.072504
2023-03-31 11:00:00+00:00,0.22,4.6730003,84.0,0.0,16.1198
2023-03-31 12:00:00+00:00,0.219,4.9230003,81.0,0.0,13.849477
2023-03-31 13:00:00+00:00,0.219,6.323,76.0,0.0,16.263872
2023-03-31 14:00:00+00:00,0.218,7.873,69.0,0.0,19.64228
2023-03-31 15:00:00+00:00,0.217,8.922999,64.0,0.0,20.858265
2023-03-31 16:00:00+00:00,0.216,9.723,60.0,0.0,21.758419
2023-03-31 17:00:00+00:00,0.215,10.123,58.0,0.0,21.068459
2023-03-31 18:00:00+00:00,0.214,10.223,57.0,0.0,20.345573
2023-03-31 19:00:00+00:00,0.213,10.123,58.0,0.0,17.992796
2023-03-31 20:00:00+00:00,0.213,10.172999,59.0,0.0,15.807239
2023-03-31 21:00:00+00:00,0.213,9.723,62.0,0.0,15.546833
2023-03-31 22:00:00+00:00,0.213,9.172999,65.0,0.0,14.003028
2023-03-31 23:00:00+00:00,0.213,8.323,67.0,0.0,11.212135
2023-04-01 00:00:00+00:00,0.206,6.823,72.0,0.0,8.942214
2023-04-01 01:00:00+00:00,0.206,6.2229996,75.0,0.0,7.24486
2023-04-01 02:00:00+00:00,0.207,5.023,79.0,0.0,5.04
2023-04-01 03:00:00+00:00,0.207,3.823,84.0,0.0,5.1919937
2023-04-01 04:00:00+00:00,0.208,3.373,85.0,0.0,4.452954
2023-04-01 05:00:00+00:00,0.208,2.023,91.0,0.0,5.315336
2023-04-01 06:00:00+00:00,0.209,0.423,97.0,0.0,5.1165614
2023-04-01 07:00:00+00:00,0.209,0.673,91.0,0.0,5.6002855
2023-04-01 08:00:00+00:00,0.209,0.673,88.0,0.0,5.6233797
2023-04-01 09:00:00+00:00,0.209,0.623,87.0,0.0,5.6002855
2023-04-01 10:00:00+00:00,0.21,0.973,85.0,0.0,5.1919937
2023-04-01 11:00:00+00:00,0.21,1.423,83.0,0.0,5.0142193
2023-04-01 12:00:00+00:00,0.21,1.923,78.0,0.0,2.8116899
2023-04-01 13:00:00+00:00,0.21,3.223,75.0,0.0,2.0991426
2023-04-01 14:00:00+00:00,0.209,5.023,72.0,0.0,2.8799999
2023-04-01 15:00:00+00:00,0.209,6.623,58.0,0.0,3.9763298
2023-04-01 16:00:00+00:00,0.207,7.573,52.0,0.0,7.5942073
2023-04-01 17:00:00+00:00,0.206,8.123,49.0,0.0,12.620554
2023-04-01 18:00:00+00:00,0.205,9.073,43.0,0.0,15.484185
2023-04-01 19:00:00+00:00,0.204,9.672999,42.0,0.0,17.673029
2023-04-01 20:00:00+00:00,0.203,9.873,50.0,0.0,18.782204
2023-04-01 21:00:00+00:00,0.203,9.323,61.0,0.0,21.897945
2023-04-01 22:00:00+00:00,0.204,8.223,68.0,0.0,17.28
2023-04-01 23:00:00+00:00,0.204,7.273,74.0,0.0,17.518356
2023-04-02 00:00:00+00:00,0.206,6.523,78.0,0.0,16.394829
2023-04-02 01:00:00+00:00,0.207,5.9729996,81.0,0.0,16.343367
2023-04-02 02:00:00+00:00,0.207,5.623,83.0,0.0,14.869351
2023-04-02 03:00:00+00:00,0.208,4.773,77.0,0.0,14.332341
2023-04-02 04:00:00+00:00,0.208,4.1730003,81.0,0.0,14.408997
2023-04-02 05:00:00+00:00,0.208,4.273,84.0,0.0,15.03835
2023-04-02 06:00:00+00:00,0.208,3.423,88.0,0.0,12.849528
2023-04-02 07:00:00+00:00,0.209,3.373,89.0,0.0,11.27553
2023-04-02 08:00:00+00:00,0.209,3.473,89.0,0.0,9.028754
2023-04-02 09:00:00+00:00,0.209,3.073,91.0,0.0,6.489992
2023-04-02 10:00:00+00:00,0.209,2.673,90.0,0.0,5.3517847
2023-04-02 11:00:00+00:00,0.209,2.623,90.0,0.0,5.815978
2023-04-02 12:00:00+00:00,0.209,3.423,87.0,0.0,4.452954
2023-04-02 13:00:00+00:00,0.209,5.9729996,79.0,0.0,6.6185193
2023-04-02 14:00:00+00:00,0.208,8.573,64.0,0.0,9.826088
2023-04-02 15:00:00+00:00,0.207,10.672999,54.0,0.0,13.217443
2023-04-02 16:00:00+00:00,0.205,11.873,51.0,0.0,17.654688
2023-04-02 17:00:00+00:00,0.204,13.172999,46.0,0.0,19.453327
2023-04-02 18:00:00+00:00,0.203,13.922999,41.0,0.0,19.878391
2023-04-02 19:00:00+00:00,0.202,14.073,42.0,0.0,18.35647
2023-04-02 20:00:00+00:00,0.201,14.273,43.0,0.0,17.654686
2023-04-02 21:00:00+00:00,0.201,13.672999,45.0,0.0,18.64369
2023-04-02 22:00:00+00:00,0.201,12.422999,49.0,0.0,17.294992
2023-04-02 23:00:00+00:00,0.201,11.073,52.0,0.0,13.797912
2023-04-03 00:00:00+00:00,0.194,10.073,53.0,0.0,12.429127
2023-04-03 01:00:00+00:00,0.194,9.123,56.0,0.0,8.854829
2023-04-03 02:00:00+00:00,0.194,8.323,59.0,0.0,7.653705
2023-04-03 03:00:00+00:00,0.194,7.823,62.0,0.0,7.8954163
2023-04-03 04:00:00+00:00,0.195,7.1730003,67.0,0.0,8.049845
2023-04-03 05:00:00+00:00,0.195,7.073,72.0,0.0,7.928178
2023-04-03 06:00:00+00:00,0.196,5.823,84.0,0.0,7.072878
2023-04-03 07:00:00+00:00,0.196,5.4729996,88.0,0.0,7.0911775
2023-04-03 08:00:00+00:00,0.197,4.7229996,94.0,0.0,6.9153743
2023-04-03 09:00:00+00:00,0.197,4.273,96.0,0.0,6.8777895
2023-04-03 10:00:00+00:00,0.197,3.923,97.0,0.0,6.8777895
2023-04-03 11:00:00+00:00,0.198,3.923,97.0,0.0,6.1305785
2023-04-03 12:00:00+00:00,0.198,4.273,97.0,0.0,6.193674
2023-04-03 13:00:00+00:00,0.198,6.873,86.0,0.0,8.209263
2023-04-03 14:00:00+00:00,0.197,10.323,70.0,0.0,9.346143
2023-04-03 15:00:00+00:00,0.195,13.023,53.0,0.0,12.768586
2023-04-03 16:00:00+00:00,0.193,14.273,49.0,0.0,16.563911
2023-04-03 17:00:00+00:00,0.192,14.773,48.0,0.0,18.775301
2023-04-03 18:00:00+00:00,0.189,16.373001,44.0,0.0,19.164719
2023-04-03 19:00:00+00:00,0.187,16.923,43.0,0.0,19.852295
2023-04-03 20:00:00+00:00,0.185,17.573,40.0,0.0,19.110542
2023-04-03 21:00:00+00:00,0.184,14.623,53.0,0.0,36.386723
2023-04-03 22:00:00+00:00,0.192,10.223,70.0,0.2,26.693459
2023-04-03 23:00:00+00:00,0.243,8.323,82.0,1.0,20.523157
2023-04-04 00:00:00+00:00,0.23,8.523,82.0,0.2,17.902534
2023-04-04 01:00:00+00:00,0.215,7.4729996,70.0,0.0,18.64369
2023-04-04 02:00:00+00:00,0.211,6.1730003,74.0,0.0,17.651016
2023-04-04 03:00:00+00:00,0.209,5.123,81.0,0.0,14.799459
2023-04-04 04:00:00+00:00,0.207,4.223,87.0,0.0,11.966953
2023-04-04 05:00:00+00:00,0.206,3.623,88.0,0.0,8.854829
2023-04-04 06:00:00+00:00,0.206,3.273,88.0,0.0,9.585739
2023-04-04 07:00:00+00:00,0.205,2.773,87.0,0.0,7.145796
2023-04-04 08:00:00+00:00,0.204,2.223,89.0,0.0,6.4096174
2023-04-04 09:00:00+00:00,0.204,1.873,91.0,0.0,6.0347
2023-04-04 10:00:00+00:00,0.203,1.973,89.0,0.0,6.489992
2023-04-04 11:00:00+00:00,0.203,2.273,84.0,0.0,7.208994
2023-04-04 12:00:00+00:00,0.202,2.723,77.0,0.0,6.162207
2023-04-04 13:00:00+00:00,0.202,5.9230003,65.0,0.0,10.594036
2023-04-04 14:00:00+00:00,0.2,8.922999,54.0,0.0,19.809813
2023-04-04 15:00:00+00:00,0.198,10.573,51.0,0.0,24.269983
2023-04-04 16:00:00+00:00,0.196,11.073,48.0,0.0,28.515089
2023-04-04 17:00:00+00:00,0.219,11.172999,51.0,0.4,27.887802
2023-04-04 18:00:00+00:00,0.194,11.823,43.0,0.2,23.000591
2023-04-04 19:00:00+00:00,0.193,12.422999,42.0,0.0,21.178896
2023-04-04 20:00:00+00:00,0.192,12.973,41.0,0.0,21.203358
2023-04-04 21:00:00+00:00,0.192,12.323,41.0,0.0,18.864824
2023-04-04 22:00:00+00:00,0.192,11.373,45.0,0.0,12.387348
2023-04-04 23:00:00+00:00,0.192,10.123,52.0,0.0,6.763786
2023-04-05 00:00:00+00:00,0.175,8.973,60.0,0.0,4.198285
2023-04-05 01:00:00+00:00,0.176,7.4729996,71.0,0.1,5.771239
2023-04-05 02:00:00+00:00,0.176,6.4729996,82.0,0.0,7.289444
2023-04-05 03:00:00+00:00,0.177,6.623,90.0,0.0,12.959999
2023-04-05 04:00:00+00:00,0.177,6.573,90.0,0.0,15.745627
2023-04-05 05:00:00+00:00,0.177,6.823,92.0,0.0,16.981165
2023-04-05 06:00:00+00:00,0.178,6.7229996,91.0,0.0,16.93531
2023-04-05 07:00:00+00:00,0.178,7.073,89.0,0.0,15.124284
2023-04-05 08:00:00+00:00,0.192,7.6730003,89.0,0.4,13.441071
2023-04-05 09:00:00+00:00,0.212,8.223,91.0,0.4,14.05845
2023-04-05 10:00:00+00:00,0.211,8.672999,92.0,0.1,10.829959
2023-04-05 11:00:00+00:00,0.206,8.672999,93.0,0.1,6.5693827
2023-04-05 12:00:00+00:00,0.213,8.672999,94.0,0.1,6.193674
2023-04-05 13:00:00+00:00,0.21,9.422999,91.0,0.0,4.6102495
2023-04-05 14:00:00+00:00,0.216,10.123,91.0,0.3,1.8
2023-04-05 15:00:00+00:00,0.216,12.123,81.0,0.0,10.661107
2023-04-05 16:00:00+00:00,0.22,11.422999,59.0,0.0,31.491255
2023-04-05 17:00:00+00:00,0.211,11.023,42.0,0.0,30.244286
2023-04-05 18:00:00+00:00,0.206,11.773,43.0,0.0,35.64182
2023-04-05 19:00:00+00:00,0.203,10.473,42.0,0.0,38.886665
2023-04-05 20:00:00+00:00,0.201,9.672999,48.0,0.0,36.719997
2023-04-05 21:00:00+00:00,0.199,8.723,51.0,0.0,35.038563
2023-04-05 22:00:00+00:00,0.198,7.4230003,54.0,0.0,33.21573
2023-04-05 23:00:00+00:00,0.197,6.373,59.0,0.0,27.397867
2023-04-06 00:00:00+00:00,0.19,6.123,63.0,0.0,19.443333
2023-04-06 01:00:00+00:00,0.189,5.573,67.0,0.0,17.294992
2023-04-06 02:00:00+00:00,0.189,5.023,72.0,0.0,14.799459
2023-04-06 03:00:00+00:00,0.189,4.1730003,74.0,0.0,11.177405
2023-04-06 04:00:00+00:00,0.189,3.523,73.0,0.0,8.089993
2023-04-06 05:00:00+00:00,0.189,2.873,76.0,0.0,6.193674
2023-04-06 06:00:00+00:00,0.189,2.1230001,79.0,0.0,5.00128
2023-04-06 07:00:00+00:00,0.189,1.723,84.0,0.0,4.68
2023-04-06 08:00:00+00:00,0.189,1.323,87.0,0.0,5.1544156
2023-04-06 09:00:00+00:00,0.189,1.023,87.0,0.0,5.3517847
2023-04-06 10:00:00+00:00,0.189,1.223,82.0,0.0,5.506941
2023-04-06 11:00:00+00:00,0.189,1.823,77.0,0.0,4.896529
2023-04-06 12:00:00+00:00,0.189,2.473,80.0,0.0,3.7585104
2023-04-06 13:00:00+00:00,0.189,3.773,76.0,0.0,5.8603754
2023-04-06 14:00:00+00:00,0.188,6.273,63.0,0.0,10.44
2023-04-06 15:00:00+00:00,0.186,8.723,54.0,0.0,14.799459
2023-04-06 16:00:00+00:00,0.185,9.422999,56.0,0.0,17.283749
2023-04-06 17:00:00+00:00,0.184,11.073,53.0,0.0,19.803272
2023-04-06 18:00:00+00:00,0.183,11.922999,51.0,0.0,19.93048
2023-04-06 19:00:00+00:00,0.184,11.422999,46.0,0.0,23.219301
2023-04-06 20:00:00+00:00,0.183,9.473,49.0,0.1,21.659916
2023-04-06 21:00:00+00:00,0.182,8.173,57.0,0.0,22.79684
2023-04-06 22:00:00+00:00,0.185,7.023,64.0,0.2,19.011953
2023-04-06 23:00:00+00:00,0.188,6.373,65.0,0.1,15.042659
2023-04-07 00:00:00+00:00,0.199,5.823,76.0,0.0,11.659777
2023-04-07 01:00:00+00:00,0.197,5.373,78.0,0.0,11.525623
2023-04-07 02:00:00+00:00,0.193,5.073,74.0,0.0,13.004921
2023-04-07 03:00:00+00:00,0.193,4.523,71.0,0.0,18.0036
2023-04-07 04:00:00+00:00,0.192,4.123,72.0,0.0,19.201874
2023-04-07 05:00:00+00:00,0.19,3.523,74.0,0.0,17.581125
2023-04-07 06:00:00+00:00,0.188,3.223,76.0,0.0,15.463244
2023-04-07 07:00:00+00:00,0.188,2.773,77.0,0.0,14.759999
2023-04-07 08:00:00+00:00,0.187,2.373,78.0,0.0,13.358861
2023-04-07 09:00:00+00:00,0.187,2.223,78.0,0.0,12.57426
2023-04-07 10:00:00+00:00,0.186,2.223,83.0,0.0,12.287555
2023-04-07 11:00:00+00:00,0.186,2.323,82.0,0.0,11.246759
2023-04-07 12:00:00+00:00,0.19,2.223,81.0,0.3,8.049845
2023-04-07 13:00:00+00:00,0.192,3.923,77.0,0.2,15.778516
2023-04-07 14:00:00+00:00,0.223,4.323,76.0,0.6,18.089775
2023-04-07 15:00:00+00:00,0.219,6.2229996,70.0,0.0,29.515608
2023-04-07 16:00:00+00:00,0.211,6.273,74.0,0.1,27.169865
2023-04-07 17:00:00+00:00,0.206,7.6730003,61.0,0.0,31.006012
2023-04-07 18:00:00+00:00,0.202,7.2229996,63.0,0.0,31.89608
2023-04-07 19:00:00+00:00,0.199,7.4230003,58.0,0.0,30.472675
2023-04-07 20:00:00+00:00,0.197,7.1730003,57.0,0.0,28.291512
2023-04-07 21:00:00+00:00,0.195,6.823,56.0,0.0,25.233406
2023-04-07 22:00:00+00:00,0.194,6.023,61.0,0.0,21.746502
2023-04-07 23:00:00+00:00,0.197,4.9729996,75.0,0.2,20.991426
2023-04-08 00:00:00+00:00,0.197,4.623,82.0,0.1,16.904673
2023-04-08 01:00:00+00:00,0.195,4.373,85.0,0.0,17.072504
2023-04-08 02:00:00+00:00,0.195,4.273,86.0,0.0,16.1198
2023-04-08 03:00:00+00:00,0.194,4.1730003,86.0,0.0,15.484185
2023-04-08 04:00:00+00:00,0.194,4.373,86.0,0.0,13.755579
2023-04-08 05:00:00+00:00,0.193,4.823,86.0,0.0,11.384198
2023-04-08 06:00:00+00:00,0.194,5.1730003,87.0,0.0,12.768586
2023-04-08 07:00:00+00:00,0.195,5.523,82.0,0.0,18.440998
2023-04-08 08:00:00+00:00,0.195,5.523,81.0,0.0,19.734436
2023-04-08 09:00:00+00:00,0.194,5.6730003,78.0,0.0,21.599998
2023-04-08 10:00:00+00:00,0.193,6.023,75.0,0.0,23.333443
2023-04-08 11:00:00+00:00,0.192,6.2229996,73.0,0.0,23.333443
2023-04-08 12:00:00+00:00,0.192,6.7229996,68.0,0.0,24.122686
2023-04-08 13:00:00+00:00,0.191,7.323,65.0,0.0,25.992401
2023-04-08 14:00:00+00:00,0.189,8.422999,61.0,0.0,27.07669
2023-04-08 15:00:00+00:00,0.19,8.523,63.0,0.0,30.886656
2023-04-08 16:00:00+00:00,0.24,8.323,70.0,1.1,30.760519
2023-04-08 17:00:00+00:00,0.247,7.523,70.0,0.6,30.147717
2023-04-08 18:00:00+00:00,0.249,7.1730003,62.0,0.0,28.58545
2023-04-08 19:00:00+00:00,0.239,6.823,59.0,0.0,29.427658
2023-04-08 20:00:00+00:00,0.232,6.573,51.0,0.0,29.070974
2023-04-08 21:00:00+00:00,0.226,5.773,49.0,0.0,30.413074
2023-04-08 22:00:00+00:00,0.223,4.4230003,53.0,0.0,28.910038
2023-04-08 23:00:00+00:00,0.22,3.523,56.0,0.0,27.153164
2023-04-09 00:00:00+00:00,0.216,3.073,61.0,0.0,27.112564
2023-04-09 01:00:00+00:00,0.215,2.673,62.0,0.0,26.932714
2023-04-09 02:00:00+00:00,0.213,2.323,64.0,0.0,25.984917
2023-04-09 03:00:00+00:00,0.212,2.223,65.0,0.0,25.509243
2023-04-09 04:00:00+00:00,0.211,2.223,67.0,0.0,26.82906
2023-04-09 05:00:00+00:00,0.21,2.1729999,73.0,0.0,26.27753
2023-04-09 06:00:00+00:00,0.209,2.1230001,77.0,0.0,26.758923
2023-04-09 07:00:00+00:00,0.209,1.873,78.0,0.0,23.857979
2023-04-09 08:00:00+00:00,0.208,1.673,79.0,0.0,22.104116
2023-04-09 09:00:00+00:00,0.208,1.523,81.0,0.0,20.957443
2023-04-09 10:00:00+00:00,0.208,1.473,82.0,0.0,19.917469
2023-04-09 11:00:00+00:00,0.207,1.323,77.0,0.0,18.289274
2023-04-09 12:00:00+00:00,0.206,1.523,71.0,0.0,16.808569
2023-04-09 13:00:00+00:00,0.205,2.623,69.0,0.0,20.211363
2023-04-09 14:00:00+00:00,0.203,3.973,59.0,0.0,22.91026
2023-04-09 15:00:00+00:00,0.201,4.823,52.0,0.0,24.280659
2023-04-09 16:00:00+00:00,0.198,5.4230003,47.0,0.0,25.842384
2023-04-09 17:00:00+00:00,0.195,5.6730003,45.0,0.0,26.544964
2023-04-09 18:00:00+00:00,0.193,5.4729996,45.0,0.0,29.548521
2023-04-09 19:00:00+00:00,0.191,5.2229996,46.0,0.0,30.351225
2023-04-09 20:00:00+00:00,0.19,4.773,48.0,0.0,28.236486
2023-04-09 21:00:00+00:00,0.19,4.123,52.0,0.0,25.417631
2023-04-09 22:00:00+00:00,0.19,3.273,59.0,0.0,22.148045
2023-04-09 23:00:00+00:00,0.191,2.623,66.0,0.0,20.532627
2023-04-10 00:00:00+00:00,0.197,2.1729999,73.0,0.0,21.316135
2023-04-10 01:00:00+00:00,0.197,2.073,72.0,0.0,22.42427
2023-04-10 02:00:00+00:00,0.197,2.073,75.0,0.0,24.187069
2023-04-10 03:00:00+00:00,0.197,2.1729999,72.0,0.0,23.219301
2023-04-10 04:00:00+00:00,0.197,2.1729999,80.0,0.0,22.380884
2023-04-10 05:00:00+00:00,0.197,2.723,73.0,0.0,22.782625
2023-04-10 06:00:00+00:00,0.197,2.473,79.0,0.0,23.441502
2023-04-10 07:00:00+00:00,0.197,2.623,75.0,0.0,22.668568
2023-04-10 08:00:00+00:00,0.198,2.573,84.0,0.0,21.566975
2023-04-10 09:00:00+00:00,0.198,2.873,80.0,0.0,22.553936
2023-04-10 10:00:00+00:00,0.197,3.023,77.0,0.0,21.38897
2023-04-10 11:00:00+00:00,0.197,3.073,81.0,0.0,22.314192
2023-04-10 12:00:00+00:00,0.197,3.823,75.0,0.0,24.609364
2023-04-10 13:00:00+00:00,0.196,4.523,75.0,0.0,25.630886
2023-04-10 14:00:00+00:00,0.195,5.873,70.0,0.0,27.595823
2023-04-10 15:00:00+00:00,0.194,6.873,68.0,0.0,29.660152
2023-04-10 16:00:00+00:00,0.192,7.4230003,65.0,0.0,32.169178
2023-04-10 17:00:00+00:00,0.191,7.7229996,66.0,0.0,32.169178
2023-04-10 18:00:00+00:00,0.191,8.173,60.0,0.0,33.151287
2023-04-10 19:00:00+00:00,0.19,8.023,64.0,0.0,31.526215
2023-04-10 20:00:00+00:00,0.19,7.523,68.0,0.0,30.54701
2023-04-10 21:00:00+00:00,0.19,7.2229996,73.0,0.0,29.834423
2023-04-10 22:00:00+00:00,0.19,6.773,74.0,0.0,29.574827
2023-04-10 23:00:00+00:00,0.19,6.023,76.0,0.0,28.08923
2023-04-11 00:00:00+00:00,0.184,5.873,75.0,0.0,29.574827
2023-04-11 01:00:00+00:00,0.184,5.373,75.0,0.0,27.74103
2023-04-11 02:00:00+00:00,0.184,5.2229996,76.0,0.0,27.72
2023-04-11 03:00:00+00:00,0.184,5.073,75.0,0.0,27.009598
2023-04-11 04:00:00+00:00,0.184,4.9230003,77.0,0.0,25.942488
2023-04-11 05:00:00+00:00,0.184,4.823,77.0,0.0,24.50381
2023-04-11 06:00:00+00:00,0.184,4.773,77.0,0.0,22.366402
2023-04-11 07:00:00+00:00,0.184,4.623,75.0,0.0,22.346113
2023-04-11 08:00:00+00:00,0.184,4.323,76.0,0.0,21.24305
2023-04-11 09:00:00+00:00,0.184,4.073,78.0,0.0,19.08
2023-04-11 10:00:00+00:00,0.184,3.923,79.0,0.0,16.919998
2023-04-11 11:00:00+00:00,0.184,3.623,80.0,0.0,14.759999
2023-04-11 12:00:00+00:00,0.184,3.773,80.0,0.0,12.6462
2023-04-11 13:00:00+00:00,0.184,4.873,75.0,0.0,12.261158
2023-04-11 14:00:00+00:00,0.189,6.323,68.0,0.1,10.195057
2023-04-11 15:00:00+00:00,0.226,5.9729996,68.0,0.7,14.05845
2023-04-11 16:00:00+00:00,0.214,6.523,57.0,0.2,14.336861
2023-04-11 17:00:00+00:00,0.205,6.9729996,44.0,0.0,16.343367
2023-04-11 18:00:00+00:00,0.206,7.023,45.0,0.0,18.72346
2023-04-11 19:00:00+00:00,0.202,6.623,45.0,0.0,16.575644
2023-04-11 20:00:00+00:00,0.198,6.1730003,44.0,0.0,15.905319
2023-04-11 21:00:00+00:00,0.196,5.1730003,47.0,0.0,13.202726
2023-04-11 22:00:00+00:00,0.195,3.523,56.0,0.0,6.830519
2023-04-11 23:00:00+00:00,0.195,1.973,65.0,0.0,3.5455887
2023-04-12 00:00:00+00:00,0.2,1.923,63.0,0.0,1.08
2023-04-12 01:00:00+00:00,0.2,1.523,65.0,0.0,3.8939953
2023-04-12 02:00:00+00:00,0.199,0.17300001,74.0,0.0,4.379589
2023-04-12 03:00:00+00:00,0.199,-0.727,79.0,0.0,4.3349743
2023-04-12 04:00:00+00:00,0.199,-1.327,81.0,0.0,4.0249224
2023-04-12 05:00:00+00:00,0.199,-1.627,82.0,0.0,3.6179552
2023-04-12 06:00:00+00:00,0.199,-2.277,82.0,0.0,3.319036
2023-04-12 07:00:00+00:00,0.199,-2.477,83.0,0.0,3.2599385
2023-04-12 08:00:00+00:00,0.199,-2.727,85.0,0.0,3.2599385
2023-04-12 09:00:00+00:00,0.199,-2.927,86.0,0.0,3.6179552
2023-04-12 10:00:00+00:00,0.199,-3.327,88.0,0.0,3.9763298
2023-04-12 11:00:00+00:00,0.198,-3.727,90.0,0.0,3.9763298
2023-04-12 12:00:00+00:00,0.198,-4.177,93.0,0.0,3.4152596
2023-04-12 13:00:00+00:00,0.198,-2.727,88.0,0.0,3.8773184
2023-04-12 14:00:00+00:00,0.197,0.473,74.0,0.0,5.5887027
2023-04-12 15:00:00+00:00,0.196,2.773,65.0,0.0,9.028754
2023-04-12 16:00:00+00:00,0.194,4.123,59.0,0.0,10.823973
2023-04-12 17:00:00+00:00,0.193,5.1730003,56.0,0.0,11.304229
2023-04-12 18:00:00+00:00,0.191,6.323,52.0,0.0,9.346143
2023-04-12 19:00:00+00:00,0.189,6.6730003,50.0,0.0,9.021574
2023-04-12 20:00:00+00:00,0.188,6.4230003,51.0,0.0,8.4963045
2023-04-12 21:00:00+00:00,0.188,5.6730003,56.0,0.0,7.2
2023-04-12 22:00:00+00:00,0.189,3.723,68.0,0.0,4.6800003
2023-04-12 23:00:00+00:00,0.189,2.1230001,77.0,0.0,4.510787
2023-04-13 00:00:00+00:00,0.182,0.673,83.0,0.0,3.9763298
2023-04-13 01:00:00+00:00,0.181,0.023000002,86.0,0.0,3.6
2023-04-13 02:00:00+00:00,0.181,-0.227,87.0,0.0,3.2399998
2023-04-13 03:00:00+00:00,0.18,-0.477,87.0,0.0,3.6
2023-04-13 04:00:00+00:00,0.18,-0.77699995,90.0,0.0,4.32
2023-04-13 05:00:00+00:00,0.18,-0.977,92.0,0.0,5.0528407
2023-04-13 06:00:00+00:00,0.18,-1.927,93.0,0.0,5.0528407
2023-04-13 07:00:00+00:00,0.18,-2.027,93.0,0.0,4.6938252
2023-04-13 08:00:00+00:00,0.18,-1.927,93.0,0.0,5.4119864
2023-04-13 09:00:00+00:00,0.18,-1.527,92.0,0.0,5.771239
2023-04-13 10:00:00+00:00,0.18,-1.177,89.0,0.0,6.130579
2023-04-13 11:00:00+00:00,0.18,-0.977,88.0,0.0,5.8048253
2023-04-13 12:00:00+00:00,0.18,-1.727,95.0,0.0,5.1544156
2023-04-13 13:00:00+00:00,0.18,-0.277,90.0,0.0,4.73506
2023-04-13 14:00:00+00:00,0.179,2.473,79.0,0.0,6.130579
2023-04-13 15:00:00+00:00,0.178,4.9230003,68.0,0.0,7.5942073
2023-04-13 16:00:00+00:00,0.175,6.7229996,60.0,0.0,8.825508
2023-04-13 17:00:00+00:00,0.173,7.9729996,55.0,0.0,8.473393
2023-04-13 18:00:00+00:00,0.171,8.873,53.0,0.0,7.928178
2023-04-13 19:00:00+00:00,0.17,8.973,54.0,0.0,6.830519
2023-04-13 20:00:00+00:00,0.169,8.773,56.0,0.0,6.12
2023-04-13 21:00:00+00:00,0.169,8.023,61.0,0.0,4.829907
2023-04-13 22:00:00+00:00,0.17,6.2229996,72.0,0.0,3.671294
2023-04-13 23:00:00+00:00,0.171,4.6730003,79.0,0.0,3.4152596
2023-04-14 00:00:00+00:00,0.166,3.173,83.0,0.0,2.2768397
2023-04-14 01:00:00+00:00,0.165,2.373,84.0,0.0,2.7416782
2023-04-14 02:00:00+00:00,0.165,0.973,87.0,0.0,4.452954
2023-04-14 03:00:00+00:00,0.165,-0.527,90.0,0.0,4.0249224
2023-04-14 04:00:00+00:00,0.165,-1.477,93.0,0.0,3.563818
2023-04-14 05:00:00+00:00,0.165,-1.677,92.0,0.0,3.219938
2023-04-14 06:00:00+00:00,0.165,-1.427,91.0,0.0,4.452954
2023-04-14 07:00:00+00:00,0.165,-1.427,91.0,0.0,4.3498964
2023-04-14 08:00:00+00:00,0.165,-1.027,91.0,0.0,5.5887027
2023-04-14 09:00:00+00:00,0.165,-0.427,91.0,0.0,6.638072
2023-04-14 10:00:00+00:00,0.165,0.023000002,91.0,0.0,7.8625183
2023-04-14 11:00:00+00:00,0.165,0.623,91.0,0.0,8.905908
2023-04-14 12:00:00+00:00,0.165,1.823,91.0,0.0,10.041354
2023-04-14 13:00:00+00:00,0.165,3.273,88.0,0.0,11.966954
2023-04-14 14:00:00+00:00,0.165,5.273,77.0,0.0,16.520823
2023-04-14 15:00:00+00:00,0.163,6.823,68.0,0.0,22.392462
2023-04-14 16:00:00+00:00,0.161,7.4729996,61.0,0.0,25.922499
2023-04-14 17:00:00+00:00,0.16,7.4230003,58.0,0.0,27.086262
2023-04-14 18:00:00+00:00,0.158,7.7229996,55.0,0.0,26.836306
2023-04-14 19:00:00+00:00,0.157,7.4230003,57.0,0.0,26.400545
2023-04-14 20:00:00+00:00,0.157,6.823,60.0,0.0,25.60053
2023-04-14 21:00:00+00:00,0.157,5.9729996,63.0,0.0,23.444265
2023-04-14 22:00:00+00:00,0.157,4.773,68.0,0.0,19.45333
2023-04-14 23:00:00+00:00,0.158,3.623,74.0,0.0,14.154915
2023-04-15 00:00:00+00:00,0.157,2.673,80.0,0.0,12.313893
2023-04-15 01:00:00+00:00,0.158,2.223,83.0,0.0,9.793058
2023-04-15 02:00:00+00:00,0.158,1.973,84.0,0.0,7.968939
2023-04-15 03:00:00+00:00,0.158,2.223,85.0,0.0,7.42159
2023-04-15 04:00:00+00:00,0.159,2.573,89.0,0.0,6.725354
2023-04-15 05:00:00+00:00,0.159,2.823,89.0,0.0,6.489992
2023-04-15 06:00:00+00:00,0.159,2.673,87.0,0.0,6.6185193
2023-04-15 07:00:00+00:00,0.16,3.223,87.0,0.0,8.905908
2023-04-15 08:00:00+00:00,0.16,3.373,89.0,0.0,9.826088
2023-04-15 09:00:00+00:00,0.16,3.123,93.0,0.0,10.1376915
2023-04-15 10:00:00+00:00,0.16,3.223,93.0,0.0,10.594036
2023-04-15 11:00:00+00:00,0.161,3.423,94.0,0.0,11.720751
2023-04-15 12:00:00+00:00,0.161,4.323,92.0,0.0,15.226764
2023-04-15 13:00:00+00:00,0.161,5.4729996,85.0,0.0,16.454008
2023-04-15 14:00:00+00:00,0.16,6.773,78.0,0.0,19.35314
2023-04-15 15:00:00+00:00,0.16,7.4230003,74.0,0.0,21.542923
2023-04-15 16:00:00+00:00,0.159,7.7229996,72.0,0.0,23.675303
2023-04-15 17:00:00+00:00,0.159,7.823,70.0,0.0,23.177402
2023-04-15 18:00:00+00:00,0.158,8.373,69.0,0.0,19.917469
2023-04-15 19:00:00+00:00,0.157,8.273,66.0,0.0,19.296133
2023-04-15 20:00:00+00:00,0.157,7.873,70.0,0.0,19.386591
2023-04-15 21:00:00+00:00,0.157,7.373,73.0,0.0,18.455048
2023-04-15 22:00:00+00:00,0.157,7.023,75.0,0.0,18.1041
2023-04-15 23:00:00+00:00,0.157,6.6730003,76.0,0.0,18.448023
2023-04-16 00:00:00+00:00,0.158,6.373,80.0,0.0,18.837322
2023-04-16 01:00:00+00:00,0.158,6.323,78.0,0.0,20.46941
2023-04-16 02:00:00+00:00,0.158,5.9729996,73.0,0.0,19.255793
2023-04-16 03:00:00+00:00,0.158,5.623,78.0,0.0,16.45007
2023-04-16 04:00:00+00:00,0.158,5.623,82.0,0.1,17.873556
2023-04-16 05:00:00+00:00,0.165,5.4729996,81.0,0.2,20.929594
2023-04-16 06:00:00+00:00,0.159,5.4230003,81.0,0.2,17.287498
2023-04-16 07:00:00+00:00,0.159,5.4230003,81.0,0.0,18.193361
2023-04-16 08:00:00+00:00,0.159,5.373,82.0,0.0,17.992796
2023-04-16 09:00:00+00:00,0.159,5.4230003,83.0,0.0,19.48661
2023-04-16 10:00:00+00:00,0.159,5.2229996,81.0,0.0,20.892412
2023-04-16 11:00:00+00:00,0.159,4.523,80.0,0.0,21.96
2023-04-16 12:00:00+00:00,0.159,4.223,73.0,0.0,18.25026
2023-04-16 13:00:00+00:00,0.159,4.623,61.0,0.0,19.13426
2023-04-16 14:00:00+00:00,0.157,5.773,55.0,0.0,21.829777
2023-04-16 15:00:00+00:00,0.156,6.573,48.0,0.0,25.045238
2023-04-16 16:00:00+00:00,0.154,6.873,45.0,0.0,26.544964
2023-04-16 17:00:00+00:00,0.153,6.9729996,43.0,0.0,26.61323
2023-04-16 18:00:00+00:00,0.152,6.6730003,44.0,0.0,28.03612
2023-04-16 19:00:00+00:00,0.151,6.323,46.0,0.0,26.61323
2023-04-16 20:00:00+00:00,0.15,5.623,46.0,0.0,24.735432
2023-04-16 21:00:00+00:00,0.15,4.6730003,50.0,0.0,22.104116
2023-04-16 22:00:00+00:00,0.151,3.473,57.0,0.0,18.03237
2023-04-16 23:00:00+00:00,0.151,2.623,65.0,0.0,16.454008
2023-04-17 00:00:00+00:00,0.151,2.1230001,74.0,0.0,17.902534
2023-04-17 01:00:00+00:00,0.152,1.673,79.0,0.0,18.899143
2023-04-17 02:00:00+00:00,0.153,1.723,80.0,0.0,19.694992
2023-04-17 03:00:00+00:00,0.153,2.1230001,79.0,0.0,22.104116
2023-04-17 04:00:00+00:00,0.153,2.323,75.0,0.0,23.510508
2023-04-17 05:00:00+00:00,0.153,2.1729999,76.0,0.0,22.206486
2023-04-17 06:00:00+00:00,0.154,1.373,78.0,0.0,18.792551
2023-04-17 07:00:00+00:00,0.154,1.423,77.0,0.0,17.58481
2023-04-17 08:00:00+00:00,0.154,1.823,78.0,0.0,15.459054
2023-04-17 09:00:00+00:00,0.155,2.423,78.0,0.0,16.1198
2023-04-17 10:00:00+00:00,0.155,2.823,78.0,0.0,17.373497
2023-04-17 11:00:00+00:00,0.155,2.973,79.0,0.0,18.440998
2023-04-17 12:00:00+00:00,0.156,2.673,85.0,0.1,19.453327
2023-04-17 13:00:00+00:00,0.171,2.573,86.0,0.2,20.304129
2023-04-17 14:00:00+00:00,0.187,2.423,85.0,0.3,20.68356
2023-04-17 15:00:00+00:00,0.194,2.773,83.0,0.3,21.578989
2023-04-17 16:00:00+00:00,0.203,2.723,82.0,0.3,20.771093
2023-04-17 17:00:00+00:00,0.219,2.273,84.0,0.6,18.681883
2023-04-17 18:00:00+00:00,0.223,1.873,88.0,0.8,13.849477
2023-04-17 19:00:00+00:00,0.244,1.723,91.0,0.8,8.39657
2023-04-17 20:00:00+00:00,0.242,2.023,91.0,0.4,4.510787
2023-04-17 21:00:00+00:00,0.238,2.223,91.0,0.1,5.771239
2023-04-17 22:00:00+00:00,0.23,1.873,92.0,0.0,7.072878
2023-04-17 23:00:00+00:00,0.222,1.373,95.0,0.0,8.707238
2023-04-18 00:00:00+00:00,0.217,1.473,97.0,0.0,10.1376915
2023-04-18 01:00:00+00:00,0.213,1.423,95.0,0.0,11.165805
2023-04-18 02:00:00+00:00,0.21,1.873,94.0,0.0,10.464798
2023-04-18 03:00:00+00:00,0.208,1.973,94.0,0.0,11.720751
2023-04-18 04:00:00+00:00,0.206,2.073,94.0,0.0,11.384199
2023-04-18 05:00:00+00:00,0.205,2.523,93.0,0.0,12.413476
2023-04-18 06:00:00+00:00,0.208,2.923,91.0,0.0,15.192682
2023-04-18 07:00:00+00:00,0.208,3.173,91.0,0.0,16.454008
2023-04-18 08:00:00+00:00,0.207,3.273,92.0,0.0,16.418526
2023-04-18 09:00:00+00:00,0.211,3.723,92.0,0.1,18.0
2023-04-18 10:00:00+00:00,0.216,4.623,89.0,0.1,22.19773
2023-04-18 11:00:00+00:00,0.212,5.123,83.0,0.0,26.727423
2023-04-18 12:00:00+00:00,0.207,5.123,86.0,0.0,23.675303
2023-04-18 13:00:00+00:00,0.205,5.7229996,78.0,0.0,22.127556
2023-04-18 14:00:00+00:00,0.202,7.023,67.0,0.0,18.837322
2023-04-18 15:00:00+00:00,0.198,8.173,58.0,0.0,19.161337
2023-04-18 16:00:00+00:00,0.194,8.672999,52.0,0.0,18.86139
2023-04-18 17:00:00+00:00,0.191,8.873,50.0,0.0,17.114204
2023-04-18 18:00:00+00:00,0.187,8.823,51.0,0.0,19.296133
2023-04-18 19:00:00+00:00,0.185,8.373,53.0,0.0,18.175545
2023-04-18 20:00:00+00:00,0.184,7.523,59.0,0.0,15.856356
2023-04-18 21:00:00+00:00,0.184,6.623,67.0,0.0,12.9249525
2023-04-18 22:00:00+00:00,0.184,5.823,72.0,0.0,10.009036
2023-04-18 23:00:00+00:00,0.204,4.9729996,83.0,0.7,10.233123
2023-04-19 00:00:00+00:00,0.227,4.7229996,90.0,0.6,9.19939
2023-04-19 01:00:00+00:00,0.218,5.023,89.0,0.1,6.28713
2023-04-19 02:00:00+00:00,0.213,5.123,90.0,0.0,6.1305785
2023-04-19 03:00:00+00:00,0.211,5.4230003,93.0,0.0,8.587338
2023-04-19 04:00:00+00:00,0.21,5.873,94.0,0.0,13.237039
2023-04-19 05:00:00+00:00,0.21,6.4729996,93.0,0.0,19.137648
2023-04-19 06:00:00+00:00,0.208,6.9230003,92.0,0.0,21.605999
2023-04-19 07:00:00+00:00,0.205,7.4230003,92.0,0.0,21.218632
2023-04-19 08:00:00+00:00,0.203,7.623,92.0,0.0,21.749481
2023-04-19 09:00:00+00:00,0.202,7.6730003,91.0,0.0,23.377836
2023-04-19 10:00:00+00:00,0.2,7.773,90.0,0.0,23.795427
2023-04-19 11:00:00+00:00,0.199,7.873,88.0,0.0,24.858253
2023-04-19 12:00:00+00:00,0.199,8.373,89.0,0.0,23.313995
2023-04-19 13:00:00+00:00,0.198,8.773,87.0,0.0,23.266697
2023-04-19 14:00:00+00:00,0.196,9.523,83.0,0.0,23.0653
2023-04-19 15:00:00+00:00,0.194,10.073,72.0,0.0,32.072342
2023-04-19 16:00:00+00:00,0.199,9.422999,77.0,0.2,32.048088
2023-04-19 17:00:00+00:00,0.197,9.723,72.0,0.0,36.40453
2023-04-19 18:00:00+00:00,0.189,9.523,62.0,0.0,45.60079
2023-04-19 19:00:00+00:00,0.187,8.573,62.0,0.0,43.440826
2023-04-19 20:00:00+00:00,0.185,7.573,59.0,0.0,40.83739
2023-04-19 21:00:00+00:00,0.184,6.623,64.0,0.0,36.57501
2023-04-19 22:00:00+00:00,0.184,5.773,70.0,0.0,35.463196
2023-04-19 23:00:00+00:00,0.184,5.023,70.0,0.0,33.636406
2023-04-20 00:00:00+00:00,0.18,4.7229996,70.0,0.0,30.259275
2023-04-20 01:00:00+00:00,0.18,4.4230003,72.0,0.0,29.519999
2023-04-20 02:00:00+00:00,0.179,4.373,71.0,0.0,28.802248
2023-04-20 03:00:00+00:00,0.179,4.273,72.0,0.0,28.460497
2023-04-20 04:00:00+00:00,0.179,4.223,72.0,0.0,27.36947
2023-04-20 05:00:00+00:00,0.179,4.123,73.0,0.0,26.28986
2023-04-20 06:00:00+00:00,0.179,4.323,75.0,0.0,24.57511
2023-04-20 07:00:00+00:00,0.178,4.323,75.0,0.0,24.251284
2023-04-20 08:00:00+00:00,0.178,4.223,75.0,0.0,22.505037
2023-04-20 09:00:00+00:00,0.178,4.123,75.0,0.0,20.617662
2023-04-20 10:00:00+00:00,0.178,3.923,78.0,0.0,19.296133
2023-04-20 11:00:00+00:00,0.178,3.723,80.0,0.0,17.992796
2023-04-20 12:00:00+00:00,0.178,2.973,84.0,0.0,12.538134
2023-04-20 13:00:00+00:00,0.178,4.023,80.0,0.0,12.7279215
2023-04-20 14:00:00+00:00,0.178,5.523,78.0,0.0,15.990646
2023-04-20 15:00:00+00:00,0.189,5.773,79.0,0.4,18.837322
2023-04-20 16:00:00+00:00,0.212,6.1730003,80.0,0.4,20.140705
2023-04-20 17:00:00+00:00,0.235,6.4230003,84.0,0.8,13.627795
2023-04-20 18:00:00+00:00,0.234,7.073,83.0,0.3,20.211363
2023-04-20 19:00:00+00:00,0.224,7.773,82.0,0.0,23.34455
2023-04-20 20:00:00+00:00,0.219,8.123,83.0,0.1,20.767975
2023-04-20 21:00:00+00:00,0.22,8.223,85.0,0.2,19.67195
2023-04-20 22:00:00+00:00,0.221,8.073,85.0,0.1,19.386591
2023-04-20 23:00:00+00:00,0.215,7.123,76.0,0.0,18.430452
2023-04-21 00:00:00+00:00,0.207,7.023,77.0,0.0,17.057314
2023-04-21 01:00:00+00:00,0.204,6.123,78.0,0.0,18.175545
2023-04-21 02:00:00+00:00,0.202,5.523,76.0,0.0,18.175545
2023-04-21 03:00:00+00:00,0.2,5.123,77.0,0.0,18.511143
2023-04-21 04:00:00+00:00,0.198,4.7229996,80.0,0.0,18.806337
2023-04-21 05:00:00+00:00,0.197,4.223,84.0,0.0,19.829433
2023-04-21 06:00:00+00:00,0.196,3.723,82.0,0.0,21.611998
2023-04-21 07:00:00+00:00,0.195,3.223,78.0,0.0,22.3229
2023-04-21 08:00:00+00:00,0.194,2.623,79.0,0.0,21.96295
2023-04-21 09:00:00+00:00,0.193,2.323,80.0,0.0,20.519999
2023-04-21 10:00:00+00:00,0.193,1.973,80.0,0.0,19.110542
2023-04-21 11:00:00+00:00,0.192,1.723,82.0,0.0,18.64369
2023-04-21 12:00:00+00:00,0.192,2.1230001,82.0,0.0,19.0392
2023-04-21 13:00:00+00:00,0.191,3.173,77.0,0.0,20.870687
2023-04-21 14:00:00+00:00,0.189,4.7229996,65.0,0.0,24.144165
2023-04-21 15:00:00+00:00,0.186,5.573,56.0,0.0,27.51116
2023-04-21 16:00:00+00:00,0.183,6.4230003,51.0,0.0,28.664682
2023-04-21 17:00:00+00:00,0.18,6.523,58.0,0.0,29.533169
2023-04-21 18:00:00+00:00,0.18,7.123,55.0,0.0,29.301876
2023-04-21 19:00:00+00:00,0.178,7.023,56.0,0.0,28.467329
2023-04-21 20:00:00+00:00,0.178,6.4729996,61.0,0.0,26.341572
2023-04-21 21:00:00+00:00,0.177,5.6730003,64.0,0.0,25.929996
2023-04-21 22:00:00+00:00,0.178,4.873,68.0,0.0,21.24305
2023-04-21 23:00:00+00:00,0.178,4.7229996,72.0,0.0,19.06301
2023-04-22 00:00:00+00:00,0.175,4.223,69.0,0.0,17.462782
2023-04-22 01:00:00+00:00,0.175,4.123,75.0,0.0,17.193533
2023-04-22 02:00:00+00:00,0.175,3.923,76.0,0.0,16.09969
2023-04-22 03:00:00+00:00,0.175,4.373,77.0,0.0,15.496736
2023-04-22 04:00:00+00:00,0.175,4.223,80.0,0.0,15.277749
2023-04-22 05:00:00+00:00,0.176,4.7229996,82.0,0.1,16.363178
2023-04-22 06:00:00+00:00,0.176,4.9729996,77.0,0.0,17.654688
2023-04-22 07:00:00+00:00,0.176,5.273,75.0,0.0,19.734436
2023-04-22 08:00:00+00:00,0.175,5.623,71.0,0.0,21.67487
2023-04-22 09:00:00+00:00,0.177,5.1730003,68.0,0.1,20.291357
2023-04-22 10:00:00+00:00,0.196,4.623,68.0,0.4,18.692286
2023-04-22 11:00:00+00:00,0.2,4.9230003,67.0,0.2,17.193533
2023-04-22 12:00:00+00:00,0.207,5.023,68.0,0.3,15.1884165
2023-04-22 13:00:00+00:00,0.216,5.7229996,68.0,0.3,17.826363
2023-04-22 14:00:00+00:00,0.228,7.023,69.0,0.4,22.89611
2023-04-22 15:00:00+00:00,0.221,8.073,65.0,0.1,30.684587
2023-04-22 16:00:00+00:00,0.212,8.723,63.0,0.0,32.949345
2023-04-22 17:00:00+00:00,0.206,8.823,63.0,0.1,32.26572
2023-04-22 18:00:00+00:00,0.21,9.223,60.0,0.2,29.30409
2023-04-22 19:00:00+00:00,0.217,9.273,66.0,0.3,29.853966
2023-04-22 20:00:00+00:00,0.218,9.623,69.0,0.2,32.909985
2023-04-22 21:00:00+00:00,0.213,9.573,71.0,0.1,35.141975
2023-04-22 22:00:00+00:00,0.212,9.172999,73.0,0.1,33.40249
2023-04-22 23:00:00+00:00,0.217,8.873,77.0,0.2,29.07989
2023-04-23 00:00:00+00:00,0.23,9.523,76.0,0.5,29.257614
2023-04-23 01:00:00+00:00,0.231,9.672999,76.0,0.2,29.055367
2023-04-23 02:00:00+00:00,0.235,9.223,82.0,0.3,26.476522
2023-04-23 03:00:00+00:00,0.237,7.373,70.0,0.3,23.4
2023-04-23 04:00:00+00:00,0.229,6.273,70.0,0.0,23.78453
2023-04-23 05:00:00+00:00,0.223,5.6730003,74.0,0.0,23.0653
2023-04-23 06:00:00+00:00,0.218,5.323,72.0,0.0,27.74103
2023-04-23 07:00:00+00:00,0.215,4.623,75.0,0.0,25.20257
2023-04-23 08:00:00+00:00,0.212,4.623,74.0,0.0,25.210283
2023-04-23 09:00:00+00:00,0.21,4.523,71.0,0.0,26.64
2023-04-23 10:00:00+00:00,0.208,4.323,69.0,0.0,27.038372
2023-04-23 11:00:00+00:00,0.207,4.123,70.0,0.0,25.570139
2023-04-23 12:00:00+00:00,0.205,3.573,77.0,0.0,19.959719
2023-04-23 13:00:00+00:00,0.204,4.273,75.0,0.0,19.652176
2023-04-23 14:00:00+00:00,0.202,5.4230003,71.0,0.0,20.478907
2023-04-23 15:00:00+00:00,0.2,6.573,66.0,0.0,22.505037
2023-04-23 16:00:00+00:00,0.198,7.2229996,61.0,0.0,23.828083
2023-04-23 17:00:00+00:00,0.196,7.373,62.0,0.0,23.377836
2023-04-23 18:00:00+00:00,0.196,7.9729996,53.0,0.0,23.510508
2023-04-23 19:00:00+00:00,0.194,7.873,53.0,0.0,22.19773
2023-04-23 20:00:00+00:00,0.193,7.623,55.0,0.0,18.792551
2023-04-23 21:00:00+00:00,0.193,7.023,61.0,0.0,15.990646
2023-04-23 22:00:00+00:00,0.193,6.1730003,68.0,0.0,13.608762
2023-04-23 23:00:00+00:00,0.193,5.2229996,70.0,0.0,10.44
2023-04-24 00:00:00+00:00,0.19,4.573,75.0,0.0,8.913181
2023-04-24 01:00:00+00:00,0.19,4.7229996,81.0,0.0,8.669949
2023-04-24 02:00:00+00:00,0.19,4.6730003,84.0,0.0,7.7043357
2023-04-24 03:00:00+00:00,0.19,4.4729996,85.0,0.0,6.3690495
2023-04-24 04:00:00+00:00,0.19,3.923,89.0,0.0,4.3349743
2023-04-24 05:00:00+00:00,0.19,3.773,89.0,0.0,3.096837
2023-04-24 06:00:00+00:00,0.19,3.473,89.0,0.0,1.484318
2023-04-24 07:00:00+00:00,0.19,3.623,89.0,0.0,3.096837
2023-04-24 08:00:00+00:00,0.191,3.373,92.0,0.2,3.0547013
2023-04-24 09:00:00+00:00,0.207,3.673,93.0,0.6,2.7416782
2023-04-24 10:00:00+00:00,0.23,3.423,95.0,0.6,2.9024127
2023-04-24 11:00:00+00:00,0.25,3.673,95.0,0.7,1.484318
2023-04-24 12:00:00+00:00,0.252,3.773,94.0,0.7,2.1897945
2023-04-24 13:00:00+00:00,0.263,4.123,93.0,0.7,2.2768397
2023-04-24 14:00:00+00:00,0.268,4.7229996,94.0,0.5,2.9024127
2023-04-24 15:00:00+00:00,0.271,5.123,92.0,0.5,1.4399999
2023-04-24 16:00:00+00:00,0.281,5.323,91.0,0.7,3.096837
2023-04-24 17:00:00+00:00,0.282,5.523,91.0,0.6,4.6938252
2023-04-24 18:00:00+00:00,0.303,5.9230003,92.0,0.6,5.771239
2023-04-24 19:00:00+00:00,0.303,5.873,92.0,0.8,8.287822
2023-04-24 20:00:00+00:00,0.298,5.773,94.0,0.5,8.311245
2023-04-24 21:00:00+00:00,0.306,5.623,94.0,0.8,6.489992
2023-04-24 22:00:00+00:00,0.316,5.323,95.0,1.3,7.342588
2023-04-24 23:00:00+00:00,0.302,5.273,92.0,0.2,7.2
2023-04-25 00:00:00+00:00,0.295,4.6730003,91.0,0.0,9.746631
2023-04-25 01:00:00+00:00,0.289,4.1730003,89.0,0.0,13.363711
2023-04-25 02:00:00+00:00,0.283,3.723,89.0,0.0,13.339445
2023-04-25 03:00:00+00:00,0.279,3.223,91.0,0.0,11.966953
2023-04-25 04:00:00+00:00,0.275,2.873,90.0,0.0,11.620809
2023-04-25 05:00:00+00:00,0.272,2.523,91.0,0.0,12.979984
2023-04-25 06:00:00+00:00,0.27,2.873,93.0,0.0,16.62249
2023-04-25 07:00:00+00:00,0.268,3.023,92.0,0.0,15.827721
2023-04-25 08:00:00+00:00,0.266,3.273,93.0,0.0,16.62249
2023-04-25 09:00:00+00:00,0.265,3.723,93.0,0.0,16.862455
2023-04-25 10:00:00+00:00,0.264,4.273,91.0,0.0,18.161278
2023-04-25 11:00:00+00:00,0.262,4.523,88.0,0.0,19.70815
2023-04-25 12:00:00+00:00,0.259,4.6730003,88.0,0.0,17.373497
2023-04-25 13:00:00+00:00,0.257,5.073,83.0,0.0,19.443333
2023-04-25 14:00:00+00:00,0.255,5.9729996,77.0,0.0,19.813087
2023-04-25 15:00:00+00:00,0.252,6.7229996,68.0,0.0,20.907913
2023-04-25 16:00:00+00:00,0.249,7.1730003,63.0,0.0,21.599998
2023-04-25 17:00:00+00:00,0.246,7.4729996,59.0,0.0,21.602999
2023-04-25 18:00:00+00:00,0.244,7.7229996,54.0,0.0,23.42491
2023-04-25 19:00:00+00:00,0.242,7.573,58.0,0.0,23.157824
2023-04-25 20:00:00+00:00,0.241,6.9729996,63.0,0.0,20.431387
2023-04-25 21:00:00+00:00,0.24,6.123,68.0,0.0,17.58481
2023-04-25 22:00:00+00:00,0.24,5.273,74.0,0.0,15.990646
2023-04-25 23:00:00+00:00,0.239,4.9729996,76.0,0.0,17.595861
2023-04-26 00:00:00+00:00,0.236,5.023,81.0,0.0,17.873556
2023-04-26 01:00:00+00:00,0.235,5.123,81.0,0.0,18.374111
2023-04-26 02:00:00+00:00,0.235,5.123,81.0,0.0,18.581022
2023-04-26 03:00:00+00:00,0.234,5.323,79.0,0.0,20.87379
2023-04-26 04:00:00+00:00,0.233,5.373,77.0,0.0,23.507753
2023-04-26 05:00:00+00:00,0.232,5.273,76.0,0.0,23.686249
2023-04-26 06:00:00+00:00,0.232,5.123,73.0,0.0,23.18579
2023-04-26 07:00:00+00:00,0.231,5.4230003,73.0,0.0,23.4
2023-04-26 08:00:00+00:00,0.235,5.373,74.0,0.2,24.162947
2023-04-26 09:00:00+00:00,0.244,5.323,76.0,0.3,24.57511
2023-04-26 10:00:00+00:00,0.24,5.523,75.0,0.0,23.469128
2023-04-26 11:00:00+00:00,0.237,5.523,75.0,0.0,22.90743
2023-04-26 12:00:00+00:00,0.234,5.273,79.0,0.0,17.287498
2023-04-26 13:00:00+00:00,0.232,5.873,78.0,0.0,18.043148
2023-04-26 14:00:00+00:00,0.231,6.573,76.0,0.0,18.514643
2023-04-26 15:00:00+00:00,0.229,7.273,75.0,0.0,20.188908
2023-04-26 16:00:00+00:00,0.228,7.873,72.0,0.0,20.696085
2023-04-26 17:00:00+00:00,0.226,8.173,71.0,0.0,17.418196
2023-04-26 18:00:00+00:00,0.225,8.123,70.0,0.0,17.462782
2023-04-26 19:00:00+00:00,0.224,7.6730003,73.0,0.0,15.716793
2023-04-26 20:00:00+00:00,0.224,7.323,77.0,0.0,13.202726
2023-04-26 21:00:00+00:00,0.224,7.073,77.0,0.0,12.979984
2023-04-26 22:00:00+00:00,0.223,6.4230003,77.0,0.0,15.077082
2023-04-26 23:00:00+00:00,0.223,5.773,80.0,0.0,14.186923
2023-04-27 00:00:00+00:00,0.222,6.023,82.0,0.0,13.276144
2023-04-27 01:00:00+00:00,0.221,6.273,81.0,0.0,16.199999
2023-04-27 02:00:00+00:00,0.221,6.573,79.0,0.0,18.218275
2023-04-27 03:00:00+00:00,0.22,6.823,76.0,0.0,21.817902
2023-04-27 04:00:00+00:00,0.22,7.073,72.0,0.0,23.185787
2023-04-27 05:00:00+00:00,0.219,7.2229996,69.0,0.0,23.000591
2023-04-27 06:00:00+00:00,0.218,6.9230003,69.0,0.2,21.38897
2023-04-27 07:00:00+00:00,0.218,6.823,68.0,0.1,20.633371
2023-04-27 08:00:00+00:00,0.218,6.823,68.0,0.1,20.371038
2023-04-27 09:00:00+00:00,0.218,6.623,70.0,0.0,21.129883
2023-04-27 10:00:00+00:00,0.221,6.323,76.0,0.1,21.599998
2023-04-27 11:00:00+00:00,0.222,5.9729996,80.0,0.1,19.272614
2023-04-27 12:00:00+00:00,0.221,5.9729996,81.0,0.0,21.924562
2023-04-27 13:00:00+00:00,0.221,5.6730003,79.0,0.1,23.587555
2023-04-27 14:00:00+00:00,0.219,5.873,73.0,0.0,24.014996
2023-04-27 15:00:00+00:00,0.217,5.773,61.0,0.0,27.059933
2023-04-27 16:00:00+00:00,0.215,6.023,55.0,0.0,27.908709
2023-04-27 17:00:00+00:00,0.213,6.273,54.0,0.0,30.619051
2023-04-27 18:00:00+00:00,0.211,7.2229996,53.0,0.0,30.248568
2023-04-27 19:00:00+00:00,0.21,6.873,54.0,0.0,28.802248
2023-04-27 20:00:00+00:00,0.209,6.373,58.0,0.0,23.770906
2023-04-27 21:00:00+00:00,0.209,5.4230003,63.0,0.0,20.163212
2023-04-27 22:00:00+00:00,0.209,4.623,67.0,0.0,17.81909
2023-04-27 23:00:00+00:00,0.209,4.123,69.0,0.0,17.227419
2023-04-28 00:00:00+00:00,0.208,3.473,72.0,0.0,16.862455
2023-04-28 01:00:00+00:00,0.208,3.023,75.0,0.0,16.78156
2023-04-28 02:00:00+00:00,0.208,2.773,77.0,0.0,16.595179
2023-04-28 03:00:00+00:00,0.208,2.423,80.0,0.0,16.434305
2023-04-28 04:00:00+00:00,0.208,2.273,81.0,0.0,15.646544
2023-04-28 05:00:00+00:00,0.208,1.973,84.0,0.0,12.904882
2023-04-28 06:00:00+00:00,0.209,1.073,90.0,0.0,7.729527
2023-04-28 07:00:00+00:00,0.209,0.673,94.0,0.0,4.510787
2023-04-28 08:00:00+00:00,0.209,0.573,94.0,0.0,2.4149535
2023-04-28 09:00:00+00:00,0.209,0.823,93.0,0.0,1.609969
2023-04-28 10:00:00+00:00,0.209,0.122999996,96.0,0.0,4.072935
2023-04-28 11:00:00+00:00,0.209,-0.07699999,96.0,0.0,2.9024127
2023-04-28 12:00:00+00:00,0.214,-0.02700001,97.0,0.4,3.319036
2023-04-28 13:00:00+00:00,0.211,0.473,97.0,0.6,3.8939953
2023-04-28 14:00:00+00:00,0.212,0.673,98.0,0.7,4.73506
2023-04-28 15:00:00+00:00,0.215,0.773,96.0,0.8,7.24486
2023-04-28 16:00:00+00:00,0.234,0.723,97.0,1.0,9.726664
2023-04-28 17:00:00+00:00,0.265,0.923,96.0,0.9,11.457958
2023-04-28 18:00:00+00:00,0.269,0.823,98.0,0.7,11.019764
2023-04-28 19:00:00+00:00,0.277,0.823,98.0,0.7,10.587918
2023-04-28 20:00:00+00:00,0.276,0.873,98.0,0.5,11.592894
2023-04-28 21:00:00+00:00,0.272,0.973,96.0,0.4,11.753876
2023-04-28 22:00:00+00:00,0.266,1.173,95.0,0.2,11.988594
2023-04-28 23:00:00+00:00,0.267,1.523,93.0,0.1,12.229406
2023-04-29 00:00:00+00:00,0.276,1.623,93.0,0.2,13.237038
2023-04-29 01:00:00+00:00,0.282,1.623,93.0,0.4,12.738099
2023-04-29 02:00:00+00:00,0.292,1.773,94.0,0.6,12.819235
2023-04-29 03:00:00+00:00,0.296,1.973,93.0,0.5,13.479583
2023-04-29 04:00:00+00:00,0.298,2.073,92.0,0.5,14.168641
2023-04-29 05:00:00+00:00,0.303,2.273,92.0,0.6,13.708391
2023-04-29 06:00:00+00:00,0.301,2.473,91.0,0.6,12.43434
2023-04-29 07:00:00+00:00,0.3,2.423,91.0,0.5,11.090103
2023-04-29 08:00:00+00:00,0.299,2.623,90.0,0.4,10.182337
2023-04-29 09:00:00+00:00,0.297,2.723,89.0,0.3,9.726665
2023-04-29 10:00:00+00:00,0.295,2.873,87.0,0.2,9.72
2023-04-29 11:00:00+00:00,0.291,3.023,84.0,0.1,9.72
2023-04-29 12:00:00+00:00,0.284,2.873,82.0,0.0,9.422101
2023-04-29 13:00:00+00:00,0.28,3.173,80.0,0.0,9.885262
2023-04-29 14:00:00+00:00,0.277,4.073,77.0,0.0,10.8955765
2023-04-29 15:00:00+00:00,0.273,5.123,70.0,0.0,14.417988
2023-04-29 16:00:00+00:00,0.269,5.6730003,65.0,0.0,17.313717
2023-04-29 17:00:00+00:00,0.266,6.023,62.0,0.0,18.03237
2023-04-29 18:00:00+00:00,0.262,5.4729996,60.0,0.0,19.8
2023-04-29 19:00:00+00:00,0.26,4.6730003,58.0,0.0,18.751125
2023-04-29 20:00:00+00:00,0.258,3.773,57.0,0.0,16.93531
2023-04-29 21:00:00+00:00,0.256,2.373,61.0,0.0,12.496719
2023-04-29 22:00:00+00:00,0.256,0.973,67.0,0.0,7.7879906
2023-04-29 23:00:00+00:00,0.255,0.373,69.0,0.0,6.1305785
2023-04-30 00:00:00+00:00,0.249,-0.17699999,72.0,0.0,1.835647
2023-04-30 01:00:00+00:00,0.249,-0.17699999,69.0,0.0,2.2768397
2023-04-30 02:00:00+00:00,0.249,-0.92700005,76.0,0.0,3.0547013
2023-04-30 03:00:00+00:00,0.248,-1.727,85.0,0.0,4.198285
2023-04-30 04:00:00+00:00,0.248,-2.327,89.0,0.0,4.1046314
2023-04-30 05:00:00+00:00,0.248,-2.627,88.0,0.0,5.1165614
2023-04-30 06:00:00+00:00,0.248,-2.727,82.0,0.0,5.95906
2023-04-30 07:00:00+00:00,0.248,-2.877,83.0,0.0,6.6185193
2023-04-30 08:00:00+00:00,0.248,-2.877,83.0,0.0,7.0911775
2023-04-30 09:00:00+00:00,0.247,-2.627,80.0,0.0,7.754637
2023-04-30 10:00:00+00:00,0.247,-2.277,78.0,0.0,9.360001
2023-04-30 11:00:00+00:00,0.247,-2.077,82.0,0.0,10.703569
2023-04-30 12:00:00+00:00,0.247,-1.727,83.0,0.0,11.27553
2023-04-30 13:00:00+00:00,0.246,-1.127,87.0,0.0,12.181625
2023-04-30 14:00:00+00:00,0.246,0.723,78.0,0.0,13.779114
2023-04-30 15:00:00+00:00,0.244,2.573,71.0,0.0,15.978484
2023-04-30 16:00:00+00:00,0.242,3.873,68.0,0.0,20.12461
2023-04-30 17:00:00+00:00,0.24,4.373,67.0,0.0,20.808498
2023-04-30 18:00:00+00:00,0.238,4.7229996,66.0,0.0,22.415602
2023-04-30 19:00:00+00:00,0.236,4.273,73.0,0.1,22.476227
2023-04-30 20:00:00+00:00,0.238,3.723,79.0,0.1,19.513195
2023-04-30 21:00:00+00:00,0.237,3.823,79.0,0.0,18.11841
2023-04-30 22:00:00+00:00,0.236,3.973,80.0,0.0,18.11841
2023-04-30 23:00:00+00:00,0.236,4.223,80.0,0.0,19.346441
2023-05-01 00:00:00+00:00,0.234,4.623,79.0,0.0,21.129883
2023-05-01 01:00:00+00:00,0.233,5.073,78.0,0.0,24.993437
2023-05-01 02:00:00+00:00,0.232,5.4230003,81.0,0.0,29.257614
2023-05-01 03:00:00+00:00,0.238,5.273,81.0,0.2,32.335934
2023-05-01 04:00:00+00:00,0.234,4.273,74.0,0.0,34.561874
2023-05-01 05:00:00+00:00,0.232,3.123,72.0,0.0,34.627434
2023-05-01 06:00:00+00:00,0.231,2.673,72.0,0.0,32.736256
2023-05-01 07:00:00+00:00,0.23,2.023,63.0,0.0,31.170673
2023-05-01 08:00:00+00:00,0.229,1.473,64.0,0.0,30.574575
2023-05-01 09:00:00+00:00,0.228,1.023,65.0,0.0,27.820337
2023-05-01 10:00:00+00:00,0.227,0.873,64.0,0.0,26.987997
2023-05-01 11:00:00+00:00,0.227,0.723,66.0,0.0,24.933735
2023-05-01 12:00:00+00:00,0.226,0.473,73.0,0.0,20.275383
2023-05-01 13:00:00+00:00,0.226,0.723,77.0,0.0,22.805367
2023-05-01 14:00:00+00:00,0.225,1.573,79.0,0.0,28.410364
2023-05-01 15:00:00+00:00,0.229,2.223,76.0,0.1,33.449017
2023-05-01 16:00:00+00:00,0.233,2.673,76.0,0.1,34.17157
2023-05-01 17:00:00+00:00,0.236,3.173,76.0,0.2,36.152676
2023-05-01 18:00:00+00:00,0.236,3.373,76.0,0.2,37.169018
2023-05-01 19:00:00+00:00,0.234,3.723,76.0,0.1,35.68542
2023-05-01 20:00:00+00:00,0.231,4.123,74.0,0.0,28.981676
2023-05-01 21:00:00+00:00,0.23,3.823,68.0,0.0,27.887802
2023-05-01 22:00:00+00:00,0.229,3.323,71.0,0.0,26.121714
2023-05-01 23:00:00+00:00,0.228,3.073,69.0,0.0,25.006397
2023-05-02 00:00:00+00:00,0.226,2.873,71.0,0.0,28.227306
2023-05-02 01:00:00+00:00,0.226,2.973,71.0,0.0,31.1686
2023-05-02 02:00:00+00:00,0.225,3.173,71.0,0.0,28.766228
2023-05-02 03:00:00+00:00,0.225,3.473,76.0,0.0,25.6233
2023-05-02 04:00:00+00:00,0.225,3.673,82.0,0.0,23.444265
2023-05-02 05:00:00+00:00,0.225,4.123,82.0,0.0,24.216522
2023-05-02 06:00:00+00:00,0.224,5.2229996,83.0,0.0,25.40743
2023-05-02 07:00:00+00:00,0.223,5.873,80.0,0.0,27.153164
2023-05-02 08:00:00+00:00,0.223,5.9230003,77.0,0.0,28.442278
2023-05-02 09:00:00+00:00,0.222,5.623,77.0,0.0,27.381308
2023-05-02 10:00:00+00:00,0.221,5.273,73.0,0.0,27.551172
2023-05-02 11:00:00+00:00,0.221,5.1730003,74.0,0.0,27.698952
2023-05-02 12:00:00+00:00,0.22,5.373,75.0,0.0,23.584808
2023-05-02 13:00:00+00:00,0.227,5.373,81.0,0.2,22.963936
2023-05-02 14:00:00+00:00,0.233,5.9729996,79.0,0.2,23.491207
2023-05-02 15:00:00+00:00,0.236,6.323,80.0,0.2,27.416782
2023-05-02 16:00:00+00:00,0.239,6.9230003,80.0,0.2,27.504095
2023-05-02 17:00:00+00:00,0.24,7.073,81.0,0.2,26.00486
2023-05-02 18:00:00+00:00,0.237,7.873,78.0,0.1,31.311722
2023-05-02 19:00:00+00:00,0.234,8.823,78.0,0.0,34.245445
2023-05-02 20:00:00+00:00,0.234,8.873,81.0,0.1,30.244286
2023-05-02 21:00:00+00:00,0.231,8.623,83.0,0.0,27.908709
2023-05-02 22:00:00+00:00,0.23,8.422999,83.0,0.0,27.804028
2023-05-02 23:00:00+00:00,0.229,8.373,84.0,0.0,26.220753
2023-05-03 00:00:00+00:00,0.228,7.9729996,84.0,0.0,22.553936
2023-05-03 01:00:00+00:00,0.229,7.823,86.0,0.1,21.758419
2023-05-03 02:00:00+00:00,0.236,7.573,87.0,0.2,21.746502
2023-05-03 03:00:00+00:00,0.259,7.323,88.0,0.7,19.353138
2023-05-03 04:00:00+00:00,0.27,7.1730003,91.0,0.6,15.716793
2023-05-03 05:00:00+00:00,0.266,7.323,91.0,0.1,16.42247
2023-05-03 06:00:00+00:00,0.261,8.023,85.0,0.0,20.991426
2023-05-03 07:00:00+00:00,0.255,7.823,84.0,0.0,22.101183
2023-05-03 08:00:00+00:00,0.251,7.873,83.0,0.0,21.03152
2023-05-03 09:00:00+00:00,0.248,8.023,82.0,0.0,22.461807
2023-05-03 10:00:00+00:00,0.245,8.073,81.0,0.0,22.81957
2023-05-03 11:00:00+00:00,0.244,8.073,81.0,0.0,22.782625
2023-05-03 12:00:00+00:00,0.242,7.623,79.0,0.0,21.188072
2023-05-03 13:00:00+00:00,0.241,8.023,80.0,0.0,22.380884
2023-05-03 14:00:00+00:00,0.24,9.172999,77.0,0.0,22.963936
2023-05-03 15:00:00+00:00,0.238,10.422999,74.0,0.0,26.220753
2023-05-03 16:00:00+00:00,0.236,11.123,71.0,0.0,28.623962
2023-05-03 17:00:00+00:00,0.235,11.523,68.0,0.0,27.51116
2023-05-03 18:00:00+00:00,0.233,11.623,64.0,0.0,30.0767
2023-05-03 19:00:00+00:00,0.232,10.922999,68.0,0.0,28.467329
2023-05-03 20:00:00+00:00,0.232,10.523,71.0,0.0,27.959742
2023-05-03 21:00:00+00:00,0.233,9.323,73.0,0.1,27.820337
2023-05-03 22:00:00+00:00,0.235,8.422999,79.0,0.1,25.153671
2023-05-03 23:00:00+00:00,0.234,8.023,82.0,0.0,22.963936
2023-05-04 00:00:00+00:00,0.225,7.623,81.0,0.0,21.626984
2023-05-04 01:00:00+00:00,0.224,7.323,83.0,0.0,20.570463
2023-05-04 02:00:00+00:00,0.224,7.073,84.0,0.0,18.359999
2023-05-04 03:00:00+00:00,0.224,6.6730003,86.0,0.0,15.84
2023-05-04 04:00:00+00:00,0.224,6.2229996,88.0,0.0,13.324863
2023-05-04 05:00:00+00:00,0.223,6.123,89.0,0.0,12.6462
2023-05-04 06:00:00+00:00,0.223,5.7229996,89.0,0.0,12.324414
2023-05-04 07:00:00+00:00,0.223,5.9729996,87.0,0.0,13.493999
2023-05-04 08:00:00+00:00,0.223,6.023,85.0,0.0,15.158522
2023-05-04 09:00:00+00:00,0.223,6.073,82.0,0.0,14.830076
2023-05-04 10:00:00+00:00,0.222,5.623,83.0,0.0,17.771753
2023-05-04 11:00:00+00:00,0.222,5.2229996,81.0,0.0,16.23596
2023-05-04 12:00:00+00:00,0.222,5.073,79.0,0.0,14.205182
2023-05-04 13:00:00+00:00,0.222,4.9230003,78.0,0.0,13.708391
2023-05-04 14:00:00+00:00,0.221,6.073,72.0,0.0,14.84318
2023-05-04 15:00:00+00:00,0.22,7.573,69.0,0.0,17.935081
2023-05-04 16:00:00+00:00,0.219,8.523,62.0,0.0,19.245697
2023-05-04 17:00:00+00:00,0.218,8.823,61.0,0.0,20.192118
2023-05-04 18:00:00+00:00,0.222,8.273,73.0,0.0,19.721298
2023-05-04 19:00:00+00:00,0.222,8.373,76.0,0.1,16.434305
2023-05-04 20:00:00+00:00,0.221,8.473,78.0,0.0,18.11841
2023-05-04 21:00:00+00:00,0.22,7.9230003,81.0,0.0,16.645864
2023-05-04 22:00:00+00:00,0.22,7.323,85.0,0.0,15.175612
2023-05-04 23:00:00+00:00,0.22,6.9729996,86.0,0.0,14.372974
2023-05-05 00:00:00+00:00,0.216,6.523,86.0,0.0,14.512064
2023-05-05 01:00:00+00:00,0.216,6.4729996,86.0,0.0,12.879752
2023-05-05 02:00:00+00:00,0.216,6.4230003,86.0,0.0,12.768586
2023-05-05 03:00:00+00:00,0.216,6.373,86.0,0.0,14.05845
2023-05-05 04:00:00+00:00,0.216,6.523,85.0,0.0,14.799459
2023-05-05 05:00:00+00:00,0.216,7.023,81.0,0.0,15.580141
2023-05-05 06:00:00+00:00,0.216,6.9230003,80.0,0.0,11.246759
2023-05-05 07:00:00+00:00,0.215,7.273,76.0,0.0,10.144082
2023-05-05 08:00:00+00:00,0.215,6.4729996,77.0,0.0,7.072878
2023-05-05 09:00:00+00:00,0.215,6.373,77.0,0.0,6.12
2023-05-05 10:00:00+00:00,0.22,6.323,78.0,0.4,7.2359104
2023-05-05 11:00:00+00:00,0.247,6.773,78.0,0.7,10.08
2023-05-05 12:00:00+00:00,0.239,7.4230003,73.0,0.4,9.028754
2023-05-05 13:00:00+00:00,0.239,8.523,63.0,0.1,14.917212
2023-05-05 14:00:00+00:00,0.244,9.172999,66.0,0.3,17.76081
2023-05-05 15:00:00+00:00,0.242,10.172999,66.0,0.1,20.288164
2023-05-05 16:00:00+00:00,0.264,10.723,76.0,0.8,25.233404
2023-05-05 17:00:00+00:00,0.268,11.523,79.0,0.4,28.165257
2023-05-05 18:00:00+00:00,0.248,11.723,74.0,0.3,32.90014
2023-05-05 19:00:00+00:00,0.244,11.223,72.0,0.1,29.869154
2023-05-05 20:00:00+00:00,0.24,10.523,68.0,0.0,28.943642
2023-05-05 21:00:00+00:00,0.236,9.373,64.0,0.0,26.282465
2023-05-05 22:00:00+00:00,0.234,8.173,61.0,0.0,22.366402
2023-05-05 23:00:00+00:00,0.233,7.323,63.0,0.0,17.373497
2023-05-06 00:00:00+00:00,0.231,7.023,66.0,0.0,17.518356
2023-05-06 01:00:00+00:00,0.23,6.9729996,70.0,0.0,14.494192
2023-05-06 02:00:00+00:00,0.23,6.7229996,73.0,0.0,13.493999
2023-05-06 03:00:00+00:00,0.231,6.623,78.0,0.2,15.379206
2023-05-06 04:00:00+00:00,0.234,6.523,72.0,0.1,14.8257065
2023-05-06 05:00:00+00:00,0.231,5.9729996,77.0,0.0,13.570615
2023-05-06 06:00:00+00:00,0.229,5.073,84.0,0.0,13.797913
2023-05-06 07:00:00+00:00,0.228,4.773,90.0,0.0,13.32
2023-05-06 08:00:00+00:00,0.228,5.2229996,89.0,0.0,18.214718
2023-05-06 09:00:00+00:00,0.229,5.073,80.0,0.0,22.668568
2023-05-06 10:00:00+00:00,0.228,4.9729996,76.0,0.0,23.377836
2023-05-06 11:00:00+00:00,0.227,5.123,74.0,0.0,25.099514
2023-05-06 12:00:00+00:00,0.226,5.2229996,72.0,0.0,23.313995
2023-05-06 13:00:00+00:00,0.226,5.373,72.0,0.0,24.569832
2023-05-06 14:00:00+00:00,0.225,6.273,69.0,0.0,26.168804
2023-05-06 15:00:00+00:00,0.224,7.023,64.0,0.0,31.682047
2023-05-06 16:00:00+00:00,0.223,7.4230003,62.0,0.0,32.85678
2023-05-06 17:00:00+00:00,0.222,7.7229996,60.0,0.0,31.06239
2023-05-06 18:00:00+00:00,0.22,7.823,59.0,0.0,30.293522
2023-05-06 19:00:00+00:00,0.22,7.4230003,59.0,0.0,29.522196
2023-05-06 20:00:00+00:00,0.219,6.9729996,62.0,0.0,26.302181
2023-05-06 21:00:00+00:00,0.219,6.523,66.0,0.0,22.148045
2023-05-06 22:00:00+00:00,0.22,6.323,70.0,0.0,20.523157
2023-05-06 23:00:00+00:00,0.22,6.323,71.0,0.0,22.206486
2023-05-07 00:00:00+00:00,0.216,5.823,72.0,0.0,21.746502
2023-05-07 01:00:00+00:00,0.216,5.873,74.0,0.0,21.749481
2023-05-07 02:00:00+00:00,0.216,6.1730003,73.0,0.0,22.380884
2023-05-07 03:00:00+00:00,0.216,6.323,73.0,0.0,22.881958
2023-05-07 04:00:00+00:00,0.215,6.273,74.0,0.0,22.73707
2023-05-07 05:00:00+00:00,0.215,6.323,75.0,0.1,23.03156
2023-05-07 06:00:00+00:00,0.215,6.2229996,77.0,0.1,22.26477
2023-05-07 07:00:00+00:00,0.215,6.1730003,76.0,0.0,21.868332
2023-05-07 08:00:00+00:00,0.215,6.073,78.0,0.0,21.068459
2023-05-07 09:00:00+00:00,0.215,6.023,80.0,0.0,19.386593
2023-05-07 10:00:00+00:00,0.215,6.123,80.0,0.0,19.523155
2023-05-07 11:00:00+00:00,0.214,6.373,78.0,0.0,19.855558
2023-05-07 12:00:00+00:00,0.214,6.523,80.0,0.0,18.709612
2023-05-07 13:00:00+00:00,0.214,7.2229996,77.0,0.0,19.826164
2023-05-07 14:00:00+00:00,0.213,8.223,74.0,0.0,19.513195
2023-05-07 15:00:00+00:00,0.213,8.922999,72.0,0.0,19.576189
2023-05-07 16:00:00+00:00,0.212,9.373,71.0,0.0,19.826164
2023-05-07 17:00:00+00:00,0.211,10.073,70.0,0.0,19.813087
2023-05-07 18:00:00+00:00,0.211,10.573,67.0,0.0,23.132626
2023-05-07 19:00:00+00:00,0.21,10.373,69.0,0.0,20.61766
2023-05-07 20:00:00+00:00,0.21,10.123,71.0,0.0,19.008547
2023-05-07 21:00:00+00:00,0.21,9.273,75.0,0.0,15.941944
2023-05-07 22:00:00+00:00,0.21,8.422999,81.0,0.0,12.7279215
2023-05-07 23:00:00+00:00,0.211,7.823,84.0,0.0,11.183201
2023-05-08 00:00:00+00:00,0.207,6.623,88.0,0.0,10.383987
2023-05-08 01:00:00+00:00,0.208,6.323,87.0,0.0,10.086427
2023-05-08 02:00:00+00:00,0.208,5.823,87.0,0.0,11.090103
2023-05-08 03:00:00+00:00,0.208,5.623,85.0,0.0,12.88981
2023-05-08 04:00:00+00:00,0.208,5.523,83.0,0.0,13.281023
2023-05-08 05:00:00+00:00,0.208,5.323,80.0,0.0,13.281023
2023-05-08 06:00:00+00:00,0.208,4.9729996,82.0,0.0,11.435313
2023-05-08 07:00:00+00:00,0.208,4.623,83.0,0.0,10.805998
2023-05-08 08:00:00+00:00,0.208,4.523,83.0,0.0,9.693296
2023-05-08 09:00:00+00:00,0.208,4.073,85.0,0.0,7.289445
2023-05-08 10:00:00+00:00,0.208,3.223,88.0,0.0,5.3517847
2023-05-08 11:00:00+00:00,0.209,2.723,89.0,0.0,4.452954
2023-05-08 12:00:00+00:00,0.209,2.973,87.0,0.0,2.4149535
2023-05-08 13:00:00+00:00,0.209,3.023,85.0,0.0,2.9024127
2023-05-08 14:00:00+00:00,0.209,3.973,82.0,0.0,2.9024127
2023-05-08 15:00:00+00:00,0.208,6.6730003,75.0,0.0,3.396233
2023-05-08 16:00:00+00:00,0.206,8.723,63.0,0.0,8.557102
2023-05-08 17:00:00+00:00,0.204,9.523,58.0,0.0,12.429127
2023-05-08 18:00:00+00:00,0.203,9.123,63.0,0.0,10.594036
2023-05-08 19:00:00+00:00,0.203,8.723,66.0,0.1,10.24578
2023-05-08 20:00:00+00:00,0.213,7.823,73.0,0.4,9.339208
2023-05-08 21:00:00+00:00,0.222,7.123,76.0,0.3,6.9527545
2023-05-08 22:00:00+00:00,0.226,6.523,80.0,0.2,9.0
2023-05-08 23:00:00+00:00,0.229,6.123,80.0,0.1,11.609651
2023-05-09 00:00:00+00:00,0.23,5.9230003,79.0,0.0,17.373497
2023-05-09 01:00:00+00:00,0.228,6.1730003,81.0,0.0,25.509243
2023-05-09 02:00:00+00:00,0.223,4.9729996,71.0,0.0,30.676142
2023-05-09 03:00:00+00:00,0.22,4.073,75.0,0.0,28.19285
2023-05-09 04:00:00+00:00,0.218,3.723,77.0,0.0,23.893261
2023-05-09 05:00:00+00:00,0.216,3.473,78.0,0.0,23.084955
2023-05-09 06:00:00+00:00,0.215,3.323,78.0,0.0,23.828083
2023-05-09 07:00:00+00:00,0.213,2.923,79.0,0.0,19.813087
2023-05-09 08:00:00+00:00,0.213,2.523,80.0,0.0,16.563911
2023-05-09 09:00:00+00:00,0.212,1.973,82.0,0.0,14.154915
2023-05-09 10:00:00+00:00,0.212,1.373,86.0,0.0,13.979871
2023-05-09 11:00:00+00:00,0.212,0.923,87.0,0.0,14.05845
2023-05-09 12:00:00+00:00,0.212,0.673,91.0,0.0,14.05845
2023-05-09 13:00:00+00:00,0.212,0.773,90.0,0.0,13.556282
2023-05-09 14:00:00+00:00,0.211,2.223,83.0,0.0,14.205182
2023-05-09 15:00:00+00:00,0.209,3.923,74.0,0.0,15.629972
2023-05-09 16:00:00+00:00,0.207,5.123,69.0,0.0,17.414476
2023-05-09 17:00:00+00:00,0.205,5.823,64.0,0.0,18.391735
2023-05-09 18:00:00+00:00,0.203,6.023,60.0,0.0,18.416384
2023-05-09 19:00:00+00:00,0.202,5.7229996,59.0,0.0,16.65754
2023-05-09 20:00:00+00:00,0.201,5.023,63.0,0.0,14.081478
2023-05-09 21:00:00+00:00,0.202,3.473,71.0,0.0,10.105681
2023-05-09 22:00:00+00:00,0.203,2.473,77.0,0.0,8.473393
2023-05-09 23:00:00+00:00,0.203,1.523,82.0,0.0,6.439876
2023-05-10 00:00:00+00:00,0.201,0.373,88.0,0.0,5.1919937
2023-05-10 01:00:00+00:00,0.202,-0.127,91.0,0.0,4.8433046
2023-05-10 02:00:00+00:00,0.202,-0.477,91.0,0.0,4.3349743
2023-05-10 03:00:00+00:00,0.202,-0.727,91.0,0.0,3.6
2023-05-10 04:00:00+00:00,0.203,-0.92700005,92.0,0.0,3.5455887
2023-05-10 05:00:00+00:00,0.203,-1.077,92.0,0.0,2.6208394
2023-05-10 06:00:00+00:00,0.203,-1.677,94.0,0.0,2.2768397
2023-05-10 07:00:00+00:00,0.203,-2.077,94.0,0.0,2.4149535
2023-05-10 08:00:00+00:00,0.203,-2.577,94.0,0.0,2.1897945
2023-05-10 09:00:00+00:00,0.203,-2.827,92.0,0.0,2.3051248
2023-05-10 10:00:00+00:00,0.203,-2.927,91.0,0.0,2.7416782
2023-05-10 11:00:00+00:00,0.203,-3.377,93.0,0.0,4.802999
2023-05-10 12:00:00+00:00,0.203,-3.577,99.0,0.0,5.4833565
2023-05-10 13:00:00+00:00,0.203,-3.477,99.0,0.0,5.1919937
2023-05-10 14:00:00+00:00,0.203,-1.577,94.0,0.0,5.3999996
2023-05-10 15:00:00+00:00,0.203,0.973,87.0,0.0,7.4128532
2023-05-10 16:00:00+00:00,0.202,2.223,88.0,0.0,11.090103
2023-05-10 17:00:00+00:00,0.203,2.923,90.0,0.0,11.966953
2023-05-10 18:00:00+00:00,0.203,3.623,88.0,0.0,11.159999
2023-05-10 19:00:00+00:00,0.204,4.9230003,90.0,0.0,13.53236
2023-05-10 20:00:00+00:00,0.204,5.573,90.0,0.0,14.529915
2023-05-10 21:00:00+00:00,0.212,5.773,91.0,0.3,13.237038
2023-05-10 22:00:00+00:00,0.215,5.823,92.0,0.1,10.296251
2023-05-10 23:00:00+00:00,0.221,5.823,93.0,0.2,9.504272
2023-05-11 00:00:00+00:00,0.225,5.9230003,92.0,0.2,9.793059
2023-05-11 01:00:00+00:00,0.24,5.6730003,95.0,0.5,7.42159
2023-05-11 02:00:00+00:00,0.259,5.523,96.0,0.7,5.0528407
2023-05-11 03:00:00+00:00,0.257,5.2229996,97.0,0.3,3.4152596
2023-05-11 04:00:00+00:00,0.253,5.123,97.0,0.1,1.0182338
2023-05-11 05:00:00+00:00,0.248,4.823,96.0,0.0,5.3999996
2023-05-11 06:00:00+00:00,0.247,4.7229996,93.0,0.0,7.172949
2023-05-11 07:00:00+00:00,0.245,5.073,93.0,0.0,11.367109
2023-05-11 08:00:00+00:00,0.243,5.573,92.0,0.0,16.327497
2023-05-11 09:00:00+00:00,0.242,6.373,84.0,0.0,21.67487
2023-05-11 10:00:00+00:00,0.238,6.073,84.0,0.0,20.380579
2023-05-11 11:00:00+00:00,0.235,5.823,85.0,0.0,19.242327
2023-05-11 12:00:00+00:00,0.233,5.273,87.0,0.0,12.413477
2023-05-11 13:00:00+00:00,0.231,5.123,87.0,0.0,10.144082
2023-05-11 14:00:00+00:00,0.23,5.823,84.0,0.0,10.30883
2023-05-11 15:00:00+00:00,0.228,6.6730003,82.0,0.0,9.220499
2023-05-11 16:00:00+00:00,0.227,7.573,80.0,0.0,7.9036193
2023-05-11 17:00:00+00:00,0.225,8.123,77.0,0.0,7.127636
2023-05-11 18:00:00+00:00,0.224,8.672999,77.0,0.0,8.0899935
2023-05-11 19:00:00+00:00,0.223,8.573,78.0,0.0,5.8048253
2023-05-11 20:00:00+00:00,0.223,8.123,80.0,0.1,5.1919937
2023-05-11 21:00:00+00:00,0.241,7.7229996,81.0,0.6,9.346143
2023-05-11 22:00:00+00:00,0.27,7.323,84.0,0.8,12.7279215
2023-05-11 23:00:00+00:00,0.278,7.623,85.0,0.6,14.869351
2023-05-12 00:00:00+00:00,0.293,7.623,86.0,1.1,14.332341
2023-05-12 01:00:00+00:00,0.285,7.573,87.0,0.2,12.074766
2023-05-12 02:00:00+00:00,0.274,7.4230003,86.0,0.0,7.072878
2023-05-12 03:00:00+00:00,0.269,6.9230003,85.0,0.0,7.42159
2023-05-12 04:00:00+00:00,0.275,7.373,84.0,0.3,16.418526
2023-05-12 05:00:00+00:00,0.271,7.573,85.0,0.0,22.963936
2023-05-12 06:00:00+00:00,0.265,6.1730003,68.0,0.0,26.200977
2023-05-12 07:00:00+00:00,0.261,4.7229996,72.0,0.0,19.8
2023-05-12 08:00:00+00:00,0.259,4.573,75.0,0.0,21.24
2023-05-12 09:00:00+00:00,0.256,4.4230003,76.0,0.0,20.172853
2023-05-12 10:00:00+00:00,0.255,4.273,78.0,0.0,21.611998
2023-05-12 11:00:00+00:00,0.253,3.973,77.0,0.0,21.24
2023-05-12 12:00:00+00:00,0.252,3.773,83.0,0.0,15.4800005
2023-05-12 13:00:00+00:00,0.25,3.423,78.0,0.0,16.563911
2023-05-12 14:00:00+00:00,0.248,3.823,72.0,0.0,17.414476
2023-05-12 15:00:00+00:00,0.246,4.323,68.0,0.0,18.59845
2023-05-12 16:00:00+00:00,0.243,4.823,57.0,0.0,19.930477
2023-05-12 17:00:00+00:00,0.24,5.023,54.0,0.0,19.592731
2023-05-12 18:00:00+00:00,0.237,4.823,56.0,0.0,21.915693
2023-05-12 19:00:00+00:00,0.235,4.323,59.0,0.0,20.478907
2023-05-12 20:00:00+00:00,0.234,3.523,63.0,0.0,17.731598
2023-05-12 21:00:00+00:00,0.234,2.323,72.0,0.0,13.75558
2023-05-12 22:00:00+00:00,0.235,1.273,80.0,0.0,11.27553
2023-05-12 23:00:00+00:00,0.235,0.623,86.0,0.0,10.495713
2023-05-13 00:00:00+00:00,0.238,0.122999996,87.0,0.0,9.693296
2023-05-13 01:00:00+00:00,0.238,0.023000002,87.0,0.0,8.089993
2023-05-13 02:00:00+00:00,0.238,-0.277,89.0,0.0,5.4833565
2023-05-13 03:00:00+00:00,0.238,-0.32700002,88.0,0.0,5.00128
2023-05-13 04:00:00+00:00,0.238,-0.427,89.0,0.0,4.072935
2023-05-13 05:00:00+00:00,0.238,-0.627,91.0,0.0,4.1046314
2023-05-13 06:00:00+00:00,0.238,-1.527,92.0,0.0,4.3349743
2023-05-13 07:00:00+00:00,0.238,-1.577,91.0,0.0,3.563818
2023-05-13 08:00:00+00:00,0.238,-1.177,89.0,0.0,1.9386592
2023-05-13 09:00:00+00:00,0.238,-1.077,89.0,0.0,3.5455887
2023-05-13 10:00:00+00:00,0.238,-1.227,91.0,0.0,3.6
2023-05-13 11:00:00+00:00,0.237,-1.377,93.0,0.0,3.8773184
2023-05-13 12:00:00+00:00,0.237,-1.477,97.0,0.0,5.00128
2023-05-13 13:00:00+00:00,0.237,-1.477,96.0,0.0,5.1919937
2023-05-13 14:00:00+00:00,0.237,-0.577,92.0,0.0,5.1919937
2023-05-13 15:00:00+00:00,0.236,0.723,84.0,0.0,7.289445
2023-05-13 16:00:00+00:00,0.234,1.523,83.0,0.0,8.587338
2023-05-13 17:00:00+00:00,0.234,2.073,85.0,0.0,8.0899935
2023-05-13 18:00:00+00:00,0.232,2.873,87.0,0.1,9.220499
2023-05-13 19:00:00+00:00,0.24,3.123,92.0,0.5,7.7879906
2023-05-13 20:00:00+00:00,0.281,3.173,95.0,1.3,4.0249224
2023-05-13 21:00:00+00:00,0.277,2.723,98.0,0.4,3.8939953
2023-05-13 22:00:00+00:00,0.27,2.473,98.0,0.1,3.8939953
2023-05-13 23:00:00+00:00,0.265,2.523,97.0,0.0,5.4119864
2023-05-14 00:00:00+00:00,0.259,2.023,97.0,0.0,6.130579
2023-05-14 01:00:00+00:00,0.255,1.523,97.0,0.0,7.2
2023-05-14 02:00:00+00:00,0.252,1.423,97.0,0.0,7.928178
2023-05-14 03:00:00+00:00,0.25,1.523,96.0,0.0,7.5685663
2023-05-14 04:00:00+00:00,0.249,1.873,95.0,0.0,8.350138
2023-05-14 05:00:00+00:00,0.249,2.373,93.0,0.0,9.028754
2023-05-14 06:00:00+00:00,0.247,1.773,95.0,0.0,7.2
2023-05-14 07:00:00+00:00,0.246,1.123,97.0,0.0,7.5599995
2023-05-14 08:00:00+00:00,0.245,1.073,96.0,0.0,6.849467
2023-05-14 09:00:00+00:00,0.245,0.623,98.0,0.0,4.3349743
2023-05-14 10:00:00+00:00,0.244,0.323,99.0,0.0,4.0249224
2023-05-14 11:00:00+00:00,0.244,0.223,100.0,0.0,4.379589
2023-05-14 12:00:00+00:00,0.243,0.023000002,100.0,0.0,3.319036
2023-05-14 13:00:00+00:00,0.243,-0.92700005,100.0,0.0,3.319036
2023-05-14 14:00:00+00:00,0.242,0.122999996,100.0,0.0,3.7585104
2023-05-14 15:00:00+00:00,0.243,1.273,100.0,0.0,3.6179552
2023-05-14 16:00:00+00:00,0.246,2.373,98.0,0.0,4.0249224
2023-05-14 17:00:00+00:00,0.245,3.723,94.0,0.0,5.6233797
2023-05-14 18:00:00+00:00,0.246,4.223,91.0,0.5,7.4128532
2023-05-14 19:00:00+00:00,0.246,4.373,91.0,0.0,7.5685663
2023-05-14 20:00:00+00:00,0.251,4.1730003,92.0,0.2,8.557102
2023-05-14 21:00:00+00:00,0.258,4.123,94.0,0.3,9.449572
2023-05-14 22:00:00+00:00,0.261,4.373,95.0,0.2,9.227524
2023-05-14 23:00:00+00:00,0.263,4.573,95.0,0.2,8.225035
2023-05-15 00:00:00+00:00,0.28,4.373,96.0,0.9,9.085988
2023-05-15 01:00:00+00:00,0.282,4.4230003,96.0,0.3,13.202726
2023-05-15 02:00:00+00:00,0.273,4.4729996,97.0,0.0,10.948973
2023-05-15 03:00:00+00:00,0.268,4.4230003,97.0,0.0,10.464797
2023-05-15 04:00:00+00:00,0.264,4.4729996,97.0,0.0,9.983106
2023-05-15 05:00:00+00:00,0.261,4.523,97.0,0.0,11.384198
2023-05-15 06:00:00+00:00,0.259,4.9230003,97.0,0.0,13.202726
2023-05-15 07:00:00+00:00,0.282,5.123,98.0,0.8,12.641076
2023-05-15 08:00:00+00:00,0.289,5.373,98.0,0.6,10.829958
2023-05-15 09:00:00+00:00,0.286,5.623,98.0,0.3,5.991594
2023-05-15 10:00:00+00:00,0.278,5.4230003,99.0,0.0,4.5820518
2023-05-15 11:00:00+00:00,0.273,5.123,99.0,0.0,3.319036
2023-05-15 12:00:00+00:00,0.274,5.523,100.0,0.0,5.8048253
2023-05-15 13:00:00+00:00,0.271,5.573,100.0,0.0,6.763786
2023-05-15 14:00:00+00:00,0.269,6.1730003,100.0,0.0,4.8433046
2023-05-15 15:00:00+00:00,0.266,7.2229996,97.0,0.0,5.0911684
2023-05-15 16:00:00+00:00,0.264,8.623,93.0,0.0,1.609969
2023-05-15 17:00:00+00:00,0.262,11.073,84.0,0.0,11.440979
2023-05-15 18:00:00+00:00,0.262,11.873,70.0,0.0,28.03612
2023-05-15 19:00:00+00:00,0.258,10.523,77.0,0.0,24.442911
2023-05-15 20:00:00+00:00,0.256,8.523,76.0,0.0,22.253124
2023-05-15 21:00:00+00:00,0.254,6.2229996,79.0,0.0,19.559633
2023-05-15 22:00:00+00:00,0.254,4.573,80.0,0.0,16.199999
2023-05-15 23:00:00+00:00,0.253,3.823,79.0,0.0,15.124284
2023-05-16 00:00:00+00:00,0.25,3.973,83.0,0.0,12.979984
2023-05-16 01:00:00+00:00,0.249,4.1730003,82.0,0.0,9.422101
2023-05-16 02:00:00+00:00,0.248,3.873,85.0,0.0,6.439876
2023-05-16 03:00:00+00:00,0.248,3.273,88.0,0.0,6.151683
2023-05-16 04:00:00+00:00,0.247,2.973,88.0,0.0,5.8048253
2023-05-16 05:00:00+00:00,0.247,3.023,89.0,0.0,1.8
2023-05-16 06:00:00+00:00,0.247,3.273,92.0,0.0,0.35999998
2023-05-16 07:00:00+00:00,0.252,3.123,94.0,0.3,6.28713
2023-05-16 08:00:00+00:00,0.255,3.373,96.0,0.1,10.086427
2023-05-16 09:00:00+00:00,0.256,3.273,94.0,0.1,6.9899354
2023-05-16 10:00:00+00:00,0.261,3.123,96.0,0.4,2.2768397
2023-05-16 11:00:00+00:00,0.308,3.073,94.0,1.6,5.154415
2023-05-16 12:00:00+00:00,0.265,1.923,96.0,0.9,4.73506
2023-05-16 13:00:00+00:00,0.261,1.473,95.0,0.0,7.628263
2023-05-16 14:00:00+00:00,0.26,2.023,93.0,0.0,10.028439
2023-05-16 15:00:00+00:00,0.263,3.123,89.0,0.0,14.512064
2023-05-16 16:00:00+00:00,0.259,4.273,84.0,0.0,14.799459
2023-05-16 17:00:00+00:00,0.255,4.873,83.0,0.0,9.693296
2023-05-16 18:00:00+00:00,0.252,5.1730003,81.0,0.0,9.885262
2023-05-16 19:00:00+00:00,0.252,5.123,81.0,0.1,9.028754
2023-05-16 20:00:00+00:00,0.256,4.573,84.0,0.2,6.2145634
2023-05-16 21:00:00+00:00,0.254,3.973,88.0,0.0,5.495161
2023-05-16 22:00:00+00:00,0.254,3.773,89.0,0.0,7.42159
2023-05-16 23:00:00+00:00,0.254,3.723,90.0,0.1,6.763786
2023-05-17 00:00:00+00:00,0.261,3.373,95.0,0.3,5.2416787
2023-05-17 01:00:00+00:00,0.257,2.323,97.0,0.0,4.2136917
2023-05-17 02:00:00+00:00,0.255,1.323,98.0,0.0,4.1046314
2023-05-17 03:00:00+00:00,0.254,1.173,97.0,0.0,3.319036
2023-05-17 04:00:00+00:00,0.283,2.1230001,93.0,0.8,2.9024127
2023-05-17 05:00:00+00:00,0.28,2.823,90.0,0.7,3.0758414
2023-05-17 06:00:00+00:00,0.27,1.923,92.0,0.0,7.10031
2023-05-17 07:00:00+00:00,0.266,2.523,90.0,0.0,12.738099
2023-05-17 08:00:00+00:00,0.27,3.423,83.0,0.0,17.581125
2023-05-17 09:00:00+00:00,0.27,3.673,75.0,0.0,22.159746
2023-05-17 10:00:00+00:00,0.265,3.523,75.0,0.0,26.282465
2023-05-17 11:00:00+00:00,0.261,3.223,77.0,0.0,27.288855
2023-05-17 12:00:00+00:00,0.256,2.773,80.0,0.0,16.1198
2023-05-17 13:00:00+00:00,0.254,2.473,82.0,0.0,14.480773
2023-05-17 14:00:00+00:00,0.253,3.073,81.0,0.0,14.799459
2023-05-17 15:00:00+00:00,0.251,4.1730003,76.0,0.0,20.523157
2023-05-17 16:00:00+00:00,0.249,4.823,70.0,0.0,23.4
2023-05-17 17:00:00+00:00,0.246,5.123,66.0,0.0,27.288855
2023-05-17 18:00:00+00:00,0.245,4.4729996,66.0,0.0,30.684587
2023-05-17 19:00:00+00:00,0.243,4.123,66.0,0.0,28.660158
2023-05-17 20:00:00+00:00,0.242,3.673,68.0,0.0,22.771244
2023-05-17 21:00:00+00:00,0.242,3.073,73.0,0.0,15.042659
2023-05-17 22:00:00+00:00,0.242,2.873,72.0,0.0,17.643673
2023-05-17 23:00:00+00:00,0.256,3.473,74.0,0.5,24.975283
2023-05-18 00:00:00+00:00,0.253,4.323,75.0,0.4,29.337238
2023-05-18 01:00:00+00:00,0.258,4.273,80.0,0.1,30.344818
2023-05-18 02:00:00+00:00,0.253,4.023,82.0,0.0,26.220753
2023-05-18 03:00:00+00:00,0.251,3.673,85.0,0.0,24.184391
2023-05-18 04:00:00+00:00,0.249,3.623,85.0,0.0,20.466246
2023-05-18 05:00:00+00:00,0.247,3.723,84.0,0.0,22.26768
2023-05-18 06:00:00+00:00,0.244,3.173,86.0,0.0,17.339897
2023-05-18 07:00:00+00:00,0.246,3.023,87.0,0.1,15.986593
2023-05-18 08:00:00+00:00,0.245,2.873,88.0,0.0,14.689588
2023-05-18 09:00:00+00:00,0.244,2.823,88.0,0.0,15.496736
2023-05-18 10:00:00+00:00,0.243,2.823,86.0,0.0,16.263872
2023-05-18 11:00:00+00:00,0.242,2.623,84.0,0.0,15.484185
2023-05-18 12:00:00+00:00,0.242,3.073,87.0,0.0,15.349684
2023-05-18 13:00:00+00:00,0.242,3.573,83.0,0.0,19.376562
2023-05-18 14:00:00+00:00,0.241,4.023,81.0,0.0,19.969458
2023-05-18 15:00:00+00:00,0.24,4.4729996,76.0,0.0,24.826954
2023-05-18 16:00:00+00:00,0.238,4.7229996,74.0,0.0,26.242987
2023-05-18 17:00:00+00:00,0.237,4.9230003,71.0,0.0,27.698954
2023-05-18 18:00:00+00:00,0.236,4.523,71.0,0.0,29.157776
2023-05-18 19:00:00+00:00,0.235,4.4230003,69.0,0.0,27.210379
2023-05-18 20:00:00+00:00,0.234,3.923,68.0,0.0,24.826952
2023-05-18 21:00:00+00:00,0.234,3.123,73.0,0.0,21.175835
2023-05-18 22:00:00+00:00,0.234,2.523,77.0,0.0,18.899143
2023-05-18 23:00:00+00:00,0.234,2.073,81.0,0.0,17.782688
2023-05-19 00:00:00+00:00,0.232,2.1230001,83.0,0.0,16.904673
2023-05-19 01:00:00+00:00,0.232,1.973,84.0,0.0,17.782688
2023-05-19 02:00:00+00:00,0.232,1.773,85.0,0.0,16.965895
2023-05-19 03:00:00+00:00,0.232,1.573,86.0,0.0,16.516901
2023-05-19 04:00:00+00:00,0.232,1.323,86.0,0.0,16.965895
2023-05-19 05:00:00+00:00,0.232,1.223,86.0,0.0,18.161278
2023-05-19 06:00:00+00:00,0.232,0.923,86.0,0.0,18.709612
2023-05-19 07:00:00+00:00,0.232,0.823,83.0,0.0,20.06334
2023-05-19 08:00:00+00:00,0.231,0.723,82.0,0.0,20.364674
2023-05-19 09:00:00+00:00,0.231,0.573,82.0,0.0,20.991426
2023-05-19 10:00:00+00:00,0.231,0.523,82.0,0.0,20.907913
2023-05-19 11:00:00+00:00,0.23,0.373,82.0,0.0,20.211363
2023-05-19 12:00:00+00:00,0.23,0.273,86.0,0.0,19.06301
2023-05-19 13:00:00+00:00,0.23,0.223,87.0,0.0,18.692286
2023-05-19 14:00:00+00:00,0.23,1.073,85.0,0.0,19.137648
2023-05-19 15:00:00+00:00,0.229,2.223,79.0,0.0,20.60823
2023-05-19 16:00:00+00:00,0.228,3.223,76.0,0.0,21.461555
2023-05-19 17:00:00+00:00,0.227,3.973,73.0,0.0,22.73707
2023-05-19 18:00:00+00:00,0.226,4.4230003,70.0,0.0,22.61419
2023-05-19 19:00:00+00:00,0.225,4.273,76.0,0.0,22.461807
2023-05-19 20:00:00+00:00,0.225,4.123,79.0,0.0,22.59699
2023-05-19 21:00:00+00:00,0.226,3.773,85.0,0.0,21.746502
2023-05-19 22:00:00+00:00,0.226,3.523,90.0,0.0,19.966211
2023-05-19 23:00:00+00:00,0.227,3.623,93.0,0.0,20.140705
2023-05-20 00:00:00+00:00,0.224,3.723,91.0,0.0,17.782688
2023-05-20 01:00:00+00:00,0.224,3.723,90.0,0.0,18.057508
2023-05-20 02:00:00+00:00,0.224,3.773,88.0,0.0,15.941944
2023-05-20 03:00:00+00:00,0.224,3.723,87.0,0.0,13.584932
2023-05-20 04:00:00+00:00,0.224,3.373,90.0,0.0,12.475961
2023-05-20 05:00:00+00:00,0.225,3.173,90.0,0.0,11.246759
2023-05-20 06:00:00+00:00,0.225,2.1729999,90.0,0.0,6.6087217
2023-05-20 07:00:00+00:00,0.225,1.923,88.0,0.0,5.815978
2023-05-20 08:00:00+00:00,0.225,1.673,86.0,0.0,3.096837
2023-05-20 09:00:00+00:00,0.225,0.773,91.0,0.0,5.0911684
2023-05-20 10:00:00+00:00,0.225,0.373,91.0,0.0,5.8048253
2023-05-20 11:00:00+00:00,0.225,0.373,85.0,0.0,6.4799995
2023-05-20 12:00:00+00:00,0.225,-0.477,87.0,0.0,7.2805495
2023-05-20 13:00:00+00:00,0.225,-0.32700002,92.0,0.0,6.379216
2023-05-20 14:00:00+00:00,0.226,0.17300001,94.0,0.0,4.829907
2023-05-20 15:00:00+00:00,0.227,0.923,95.0,0.2,5.154415
2023-05-20 16:00:00+00:00,0.229,1.573,94.0,0.2,6.0347
2023-05-20 17:00:00+00:00,0.233,2.573,90.0,0.0,7.072878
2023-05-20 18:00:00+00:00,0.234,3.123,91.0,0.0,8.557102
2023-05-20 19:00:00+00:00,0.233,3.473,88.0,0.0,8.089993
2023-05-20 20:00:00+00:00,0.231,3.373,89.0,0.0,6.151683
2023-05-20 21:00:00+00:00,0.23,2.623,93.0,0.0,5.3517847
2023-05-20 22:00:00+00:00,0.23,1.823,95.0,0.0,5.1919937
2023-05-20 23:00:00+00:00,0.229,1.423,96.0,0.0,3.6
2023-05-21 00:00:00+00:00,0.231,1.173,97.0,0.0,5.904439
2023-05-21 01:00:00+00:00,0.23,1.123,97.0,0.0,5.3517847
2023-05-21 02:00:00+00:00,0.23,1.123,98.0,0.0,3.319036
2023-05-21 03:00:00+00:00,0.23,0.873,99.0,0.0,2.7416782
2023-05-21 04:00:00+00:00,0.23,0.623,100.0,0.1,2.9024127
2023-05-21 05:00:00+00:00,0.23,0.523,100.0,0.0,3.319036
2023-05-21 06:00:00+00:00,0.23,0.17300001,99.0,0.0,4.73506
2023-05-21 07:00:00+00:00,0.23,-0.02700001,100.0,0.0,5.771239
2023-05-21 08:00:00+00:00,0.23,-0.17699999,97.0,0.0,7.5685663
2023-05-21 09:00:00+00:00,0.23,0.523,91.0,0.0,9.72
2023-05-21 10:00:00+00:00,0.23,0.773,87.0,0.0,12.599999
2023-05-21 11:00:00+00:00,0.23,0.523,85.0,0.0,11.525623
2023-05-21 12:00:00+00:00,0.23,0.023000002,86.0,0.0,7.2805495
2023-05-21 13:00:00+00:00,0.23,-0.17699999,87.0,0.0,7.6367526
2023-05-21 14:00:00+00:00,0.229,0.423,85.0,0.0,7.342588
2023-05-21 15:00:00+00:00,0.229,1.723,82.0,0.0,9.793058
2023-05-21 16:00:00+00:00,0.232,2.823,80.0,0.0,10.594036
2023-05-21 17:00:00+00:00,0.232,3.773,80.0,0.0,12.245294
2023-05-21 18:00:00+00:00,0.23,4.223,72.0,0.0,15.188415
2023-05-21 19:00:00+00:00,0.228,3.973,73.0,0.0,12.7279215
2023-05-21 20:00:00+00:00,0.228,3.023,79.0,0.0,9.114471
2023-05-21 21:00:00+00:00,0.228,1.873,84.0,0.0,8.287822
2023-05-21 22:00:00+00:00,0.228,1.273,86.0,0.0,7.42159
2023-05-21 23:00:00+00:00,0.228,0.873,87.0,0.0,7.072878
2023-05-22 00:00:00+00:00,0.228,0.17300001,90.0,0.0,7.2359104
2023-05-22 01:00:00+00:00,0.228,0.122999996,89.0,0.0,9.007196
2023-05-22 02:00:00+00:00,0.228,0.122999996,88.0,0.0,9.726665
2023-05-22 03:00:00+00:00,0.228,0.023000002,87.0,0.0,10.799999
2023-05-22 04:00:00+00:00,0.228,-0.127,86.0,0.0,10.805999
2023-05-22 05:00:00+00:00,0.228,-0.32700002,86.0,0.0,9.72
2023-05-22 06:00:00+00:00,0.228,-1.777,92.0,0.0,6.162207
2023-05-22 07:00:00+00:00,0.228,-2.227,93.0,0.0,5.506941
2023-05-22 08:00:00+00:00,0.228,-2.627,93.0,0.0,4.452954
2023-05-22 09:00:00+00:00,0.228,-2.877,93.0,0.0,4.1046314
2023-05-22 10:00:00+00:00,0.228,-3.077,94.0,0.0,2.9024127
2023-05-22 11:00:00+00:00,0.228,-2.927,94.0,0.0,2.52
2023-05-22 12:00:00+00:00,0.228,-3.177,99.0,0.0,4.0249224
2023-05-22 13:00:00+00:00,0.228,-3.377,100.0,0.0,3.7585104
2023-05-22 14:00:00+00:00,0.228,-2.527,100.0,0.0,2.7416782
2023-05-22 15:00:00+00:00,0.228,-1.077,95.0,0.0,0.71999997
2023-05-22 16:00:00+00:00,0.228,0.573,88.0,0.0,2.1897945
2023-05-22 17:00:00+00:00,0.227,1.873,85.0,0.0,2.1897945
2023-05-22 18:00:00+00:00,0.226,3.523,76.0,0.0,3.8939953
2023-05-22 19:00:00+00:00,0.226,3.773,75.0,0.0,1.2979984
2023-05-22 20:00:00+00:00,0.226,2.473,80.0,0.0,4.68
2023-05-22 21:00:00+00:00,0.226,1.023,85.0,0.0,5.0528407
2023-05-22 22:00:00+00:00,0.226,0.023000002,87.0,0.0,5.506941
2023-05-22 23:00:00+00:00,0.226,-0.677,87.0,0.0,5.3517847
2023-05-23 00:00:00+00:00,0.226,-2.027,92.0,0.0,5.904439
2023-05-23 01:00:00+00:00,0.226,-2.677,93.0,0.0,6.9153743
2023-05-23 02:00:00+00:00,0.226,-2.877,93.0,0.0,7.289445
2023-05-23 03:00:00+00:00,0.227,-2.777,96.0,0.0,7.729527
2023-05-23 04:00:00+00:00,0.227,-2.027,97.0,0.0,8.373386
2023-05-23 05:00:00+00:00,0.227,-1.327,96.0,0.0,9.028754
2023-05-23 06:00:00+00:00,0.227,-0.07699999,94.0,0.0,8.654986
2023-05-23 07:00:00+00:00,0.227,0.573,92.0,0.0,10.239453
2023-05-23 08:00:00+00:00,0.227,1.073,92.0,0.0,11.525623
2023-05-23 09:00:00+00:00,0.227,1.173,92.0,0.0,12.964998
2023-05-23 10:00:00+00:00,0.226,1.623,92.0,0.0,14.512064
2023-05-23 11:00:00+00:00,0.226,2.1729999,91.0,0.0,15.484185
2023-05-23 12:00:00+00:00,0.227,2.523,92.0,0.0,13.276144
2023-05-23 13:00:00+00:00,0.229,3.473,91.0,0.0,13.708391
2023-05-23 14:00:00+00:00,0.233,4.623,90.0,0.0,15.9134655
2023-05-23 15:00:00+00:00,0.233,5.773,87.0,0.0,19.107151
2023-05-23 16:00:00+00:00,0.233,6.4729996,85.0,0.0,19.881649
2023-05-23 17:00:00+00:00,0.232,6.773,85.0,0.0,17.49615
2023-05-23 18:00:00+00:00,0.236,6.523,88.0,0.1,11.480557
2023-05-23 19:00:00+00:00,0.245,5.823,93.0,0.4,6.9153743
2023-05-23 20:00:00+00:00,0.272,5.323,96.0,0.9,2.7416782
2023-05-23 21:00:00+00:00,0.309,4.523,89.0,1.6,10.823973
2023-05-23 22:00:00+00:00,0.305,3.473,90.0,0.9,11.304229
2023-05-23 23:00:00+00:00,0.3,2.873,92.0,0.5,11.928989
2023-05-24 00:00:00+00:00,0.316,3.173,95.0,0.4,10.538843
2023-05-24 01:00:00+00:00,0.308,2.823,93.0,0.6,11.367109
2023-05-24 02:00:00+00:00,0.298,2.573,93.0,0.2,10.8955765
2023-05-24 03:00:00+00:00,0.291,2.523,93.0,0.1,8.473393
2023-05-24 04:00:00+00:00,0.285,2.323,93.0,0.0,5.506941
2023-05-24 05:00:00+00:00,0.281,1.673,95.0,0.0,5.634891
2023-05-24 06:00:00+00:00,0.274,1.173,96.0,0.0,3.0758414
2023-05-24 07:00:00+00:00,0.272,1.173,95.0,0.0,2.1897945
2023-05-24 08:00:00+00:00,0.271,1.323,93.0,0.0,2.0991426
2023-05-24 09:00:00+00:00,0.269,1.173,94.0,0.0,1.835647
2023-05-24 10:00:00+00:00,0.267,1.123,94.0,0.0,0.5091169
2023-05-24 11:00:00+00:00,0.266,0.873,94.0,0.0,3.319036
2023-05-24 12:00:00+00:00,0.268,0.273,99.0,0.0,8.225035
2023-05-24 13:00:00+00:00,0.269,0.573,97.0,0.2,11.620809
2023-05-24 14:00:00+00:00,0.267,0.673,94.0,1.0,13.202726
2023-05-24 15:00:00+00:00,0.267,0.773,94.0,1.3,13.708391
2023-05-24 16:00:00+00:00,0.276,0.723,96.0,1.9,16.29174
2023-05-24 17:00:00+00:00,0.329,1.273,96.0,2.4,10.233123
2023-05-24 18:00:00+00:00,0.311,2.1230001,97.0,1.1,2.3051248
2023-05-24 19:00:00+00:00,0.299,2.323,97.0,0.1,1.2979984
2023-05-24 20:00:00+00:00,0.292,2.1230001,95.0,0.0,6.28713
2023-05-24 21:00:00+00:00,0.285,1.123,96.0,0.0,6.5693827
2023-05-24 22:00:00+00:00,0.281,0.523,97.0,0.0,4.198285
2023-05-24 23:00:00+00:00,0.279,0.573,95.0,0.0,5.495161
2023-05-25 00:00:00+00:00,0.277,0.273,95.0,0.0,3.8939953
2023-05-25 01:00:00+00:00,0.276,0.673,91.0,0.0,7.42159
2023-05-25 02:00:00+00:00,0.275,1.273,90.0,0.0,14.529915
2023-05-25 03:00:00+00:00,0.276,1.923,82.0,0.0,18.899143
2023-05-25 04:00:00+00:00,0.274,1.673,81.0,0.0,18.335276
2023-05-25 05:00:00+00:00,0.272,1.523,82.0,0.0,18.668005
2023-05-25 06:00:00+00:00,0.271,1.423,86.0,0.0,17.826363
2023-05-25 07:00:00+00:00,0.27,1.473,86.0,0.0,17.935081
2023-05-25 08:00:00+00:00,0.269,1.473,87.0,0.0,17.208603
2023-05-25 09:00:00+00:00,0.268,1.523,87.0,0.0,16.704155
2023-05-25 10:00:00+00:00,0.266,1.373,88.0,0.0,14.904173
2023-05-25 11:00:00+00:00,0.265,1.073,89.0,0.0,12.819235
2023-05-25 12:00:00+00:00,0.263,0.623,90.0,0.0,9.885262
2023-05-25 13:00:00+00:00,0.263,0.573,89.0,0.0,8.534353
2023-05-25 14:00:00+00:00,0.262,0.673,89.0,0.0,7.5170207
2023-05-25 15:00:00+00:00,0.263,1.523,88.0,0.0,8.225035
2023-05-25 16:00:00+00:00,0.269,2.223,88.0,0.0,9.983106
2023-05-25 17:00:00+00:00,0.272,2.823,87.0,0.0,11.966954
2023-05-25 18:00:00+00:00,0.269,3.123,85.0,0.0,12.313893
2023-05-25 19:00:00+00:00,0.266,2.973,84.0,0.0,12.074766
2023-05-25 20:00:00+00:00,0.263,2.223,85.0,0.0,11.570515
2023-05-25 21:00:00+00:00,0.261,1.223,88.0,0.0,11.165805
2023-05-25 22:00:00+00:00,0.26,1.073,84.0,0.0,11.212135
2023-05-25 23:00:00+00:00,0.258,0.923,83.0,0.0,11.252519
2023-05-26 00:00:00+00:00,0.258,0.423,85.0,0.0,11.542478
2023-05-26 01:00:00+00:00,0.257,0.073,87.0,0.0,12.24
2023-05-26 02:00:00+00:00,0.257,-0.32700002,90.0,0.0,12.964998
2023-05-26 03:00:00+00:00,0.257,-0.577,88.0,0.0,14.113653
2023-05-26 04:00:00+00:00,0.256,-0.827,87.0,0.0,15.629972
2023-05-26 05:00:00+00:00,0.256,-0.877,85.0,0.0,16.75064
2023-05-26 06:00:00+00:00,0.256,-1.577,89.0,0.0,15.745627
2023-05-26 07:00:00+00:00,0.256,-1.577,89.0,0.0,15.815435
2023-05-26 08:00:00+00:00,0.256,-1.577,89.0,0.0,16.071491
2023-05-26 09:00:00+00:00,0.256,-1.627,89.0,0.0,16.418526
2023-05-26 10:00:00+00:00,0.255,-1.527,88.0,0.0,17.076298
2023-05-26 11:00:00+00:00,0.255,-1.227,88.0,0.0,18.0
2023-05-26 12:00:00+00:00,0.255,-1.227,90.0,0.0,17.462782
2023-05-26 13:00:00+00:00,0.255,-0.677,91.0,0.0,17.377226
2023-05-26 14:00:00+00:00,0.255,-0.02700001,90.0,0.0,16.965895
2023-05-26 15:00:00+00:00,0.254,0.923,88.0,0.0,19.05281
2023-05-26 16:00:00+00:00,0.256,1.673,85.0,0.0,20.275385
2023-05-26 17:00:00+00:00,0.258,2.1230001,82.0,0.0,21.288757
2023-05-26 18:00:00+00:00,0.258,2.823,79.0,0.0,22.682856
2023-05-26 19:00:00+00:00,0.257,2.573,79.0,0.0,24.216522
2023-05-26 20:00:00+00:00,0.256,2.1729999,79.0,0.0,23.73271
2023-05-26 21:00:00+00:00,0.254,1.673,76.0,0.0,21.915693
2023-05-26 22:00:00+00:00,0.253,1.423,74.0,0.0,20.265795
2023-05-26 23:00:00+00:00,0.252,1.223,75.0,0.0,20.275383
2023-05-27 00:00:00+00:00,0.251,1.373,76.0,0.0,23.084955
2023-05-27 01:00:00+00:00,0.25,1.373,78.0,0.0,24.842607
2023-05-27 02:00:00+00:00,0.249,1.623,79.0,0.0,27.729347
2023-05-27 03:00:00+00:00,0.249,1.673,81.0,0.0,30.619051
2023-05-27 04:00:00+00:00,0.248,1.873,83.0,0.0,30.602118
2023-05-27 05:00:00+00:00,0.248,2.073,82.0,0.0,30.962095
2023-05-27 06:00:00+00:00,0.246,2.423,80.0,0.0,34.32105
2023-05-27 07:00:00+00:00,0.246,2.673,79.0,0.0,34.679794
2023-05-27 08:00:00+00:00,0.246,2.723,79.0,0.0,35.069984
2023-05-27 09:00:00+00:00,0.246,2.773,78.0,0.0,34.32105
2023-05-27 10:00:00+00:00,0.245,2.773,77.0,0.0,32.47192
2023-05-27 11:00:00+00:00,0.245,2.673,82.0,0.0,30.619051
2023-05-27 12:00:00+00:00,0.245,3.223,78.0,0.0,35.346058
2023-05-27 13:00:00+00:00,0.244,3.223,76.0,0.0,33.574707
2023-05-27 14:00:00+00:00,0.244,3.623,81.0,0.0,34.589985
2023-05-27 15:00:00+00:00,0.244,4.4230003,78.0,0.0,33.497414
2023-05-27 16:00:00+00:00,0.243,4.9729996,73.0,0.0,33.21573
2023-05-27 17:00:00+00:00,0.243,4.9230003,76.0,0.0,36.721764
2023-05-27 18:00:00+00:00,0.242,4.9729996,72.0,0.0,36.028786
2023-05-27 19:00:00+00:00,0.241,4.6730003,78.0,0.0,33.497414
2023-05-27 20:00:00+00:00,0.239,4.373,80.0,0.0,31.68818
2023-05-27 21:00:00+00:00,0.239,4.273,80.0,0.0,27.36947
2023-05-27 22:00:00+00:00,0.239,4.223,85.0,0.0,26.220753
2023-05-27 23:00:00+00:00,0.239,4.223,86.0,0.0,25.153671
2023-05-28 00:00:00+00:00,0.239,4.273,86.0,0.0,26.795223
2023-05-28 01:00:00+00:00,0.239,4.223,86.0,0.0,26.33911
2023-05-28 02:00:00+00:00,0.239,4.073,87.0,0.0,24.014996
2023-05-28 03:00:00+00:00,0.239,4.023,88.0,0.0,22.104116
2023-05-28 04:00:00+00:00,0.239,3.973,89.0,0.0,20.730501
2023-05-28 05:00:00+00:00,0.239,3.823,90.0,0.0,19.386593
2023-05-28 06:00:00+00:00,0.239,3.173,92.0,0.0,18.58451
2023-05-28 07:00:00+00:00,0.239,3.273,92.0,0.0,18.532133
2023-05-28 08:00:00+00:00,0.238,3.373,93.0,0.0,18.204042
2023-05-28 09:00:00+00:00,0.238,3.473,93.0,0.0,17.551615
2023-05-28 10:00:00+00:00,0.239,3.573,93.0,0.0,17.22742
2023-05-28 11:00:00+00:00,0.239,3.973,93.0,0.0,17.22742
2023-05-28 12:00:00+00:00,0.239,3.223,92.0,0.0,15.716793
2023-05-28 13:00:00+00:00,0.239,3.373,92.0,0.0,16.179985
2023-05-28 14:00:00+00:00,0.239,3.923,90.0,0.0,16.73516
2023-05-28 15:00:00+00:00,0.238,5.1730003,86.0,0.0,17.076298
2023-05-28 16:00:00+00:00,0.238,6.373,83.0,0.0,18.448023
2023-05-28 17:00:00+00:00,0.237,7.1730003,81.0,0.0,19.242327
2023-05-28 18:00:00+00:00,0.236,7.9729996,81.0,0.0,23.051247
2023-05-28 19:00:00+00:00,0.236,7.773,83.0,0.0,22.26477
2023-05-28 20:00:00+00:00,0.236,7.2229996,87.0,0.0,20.176065
2023-05-28 21:00:00+00:00,0.236,6.4729996,91.0,0.0,18.345877
2023-05-28 22:00:00+00:00,0.236,6.1730003,92.0,0.0,17.418196
2023-05-28 23:00:00+00:00,0.236,6.073,92.0,0.0,16.766108
2023-05-29 00:00:00+00:00,0.235,5.823,93.0,0.0,16.418526
2023-05-29 01:00:00+00:00,0.235,5.9729996,93.0,0.0,16.766108
2023-05-29 02:00:00+00:00,0.235,5.9729996,93.0,0.0,16.418526
2023-05-29 03:00:00+00:00,0.235,5.873,93.0,0.0,14.799459
2023-05-29 04:00:00+00:00,0.235,5.873,93.0,0.0,13.009903
2023-05-29 05:00:00+00:00,0.235,5.873,93.0,0.0,13.358861
2023-05-29 06:00:00+00:00,0.236,5.9230003,94.0,0.0,12.758432
2023-05-29 07:00:00+00:00,0.237,6.123,94.0,0.0,13.207634
2023-05-29 08:00:00+00:00,0.237,6.4230003,93.0,0.0,13.441071
2023-05-29 09:00:00+00:00,0.24,6.4729996,93.0,0.1,13.237039
2023-05-29 10:00:00+00:00,0.249,6.573,92.0,0.3,14.658676
2023-05-29 11:00:00+00:00,0.251,6.6730003,91.0,0.1,14.973577
2023-05-29 12:00:00+00:00,0.247,6.623,90.0,0.1,13.049689
2023-05-29 13:00:00+00:00,0.25,6.6730003,90.0,0.1,13.0447235
2023-05-29 14:00:00+00:00,0.247,7.1730003,88.0,0.0,13.217443
2023-05-29 15:00:00+00:00,0.245,7.823,84.0,0.0,14.081477
2023-05-29 16:00:00+00:00,0.243,8.323,81.0,0.0,14.20062
2023-05-29 17:00:00+00:00,0.241,8.823,77.0,0.0,16.263872
2023-05-29 18:00:00+00:00,0.239,9.123,74.0,0.0,18.03237
2023-05-29 19:00:00+00:00,0.238,8.773,76.0,0.0,17.58481
2023-05-29 20:00:00+00:00,0.237,8.373,78.0,0.0,15.7908325
2023-05-29 21:00:00+00:00,0.237,7.873,82.0,0.0,13.363711
2023-05-29 22:00:00+00:00,0.237,7.373,85.0,0.0,12.397806
2023-05-29 23:00:00+00:00,0.236,7.2229996,86.0,0.0,9.83268
2023-05-30 00:00:00+00:00,0.234,7.123,88.0,0.0,7.8625183
2023-05-30 01:00:00+00:00,0.234,6.6730003,90.0,0.0,5.0142193
2023-05-30 02:00:00+00:00,0.234,6.4230003,90.0,0.0,1.2979984
2023-05-30 03:00:00+00:00,0.234,6.2229996,90.0,0.0,1.8
2023-05-30 04:00:00+00:00,0.234,5.1730003,93.0,0.0,4.802999
2023-05-30 05:00:00+00:00,0.234,4.7229996,95.0,0.0,4.5536795
2023-05-30 06:00:00+00:00,0.244,4.9729996,95.0,0.3,5.00128
2023-05-30 07:00:00+00:00,0.281,5.2229996,96.0,1.0,4.829907
2023-05-30 08:00:00+00:00,0.288,5.4230003,96.0,0.7,5.692099
2023-05-30 09:00:00+00:00,0.283,5.7229996,94.0,0.3,7.24486
2023-05-30 10:00:00+00:00,0.277,5.573,94.0,0.1,5.495161
2023-05-30 11:00:00+00:00,0.275,5.373,95.0,0.2,5.634891
2023-05-30 12:00:00+00:00,0.272,4.823,94.0,0.5,6.193674
2023-05-30 13:00:00+00:00,0.268,4.7229996,93.0,0.0,5.1165614
2023-05-30 14:00:00+00:00,0.264,4.7229996,94.0,0.0,3.7064266
2023-05-30 15:00:00+00:00,0.262,5.023,93.0,0.0,2.9024127
2023-05-30 16:00:00+00:00,0.275,5.073,94.0,0.6,5.8048253
2023-05-30 17:00:00+00:00,0.271,5.6730003,93.0,0.0,5.00128
2023-05-30 18:00:00+00:00,0.27,6.273,93.0,0.0,7.754637
2023-05-30 19:00:00+00:00,0.267,6.323,94.0,0.0,3.219938
2023-05-30 20:00:00+00:00,0.265,5.9729996,96.0,0.0,4.379589
2023-05-30 21:00:00+00:00,0.263,5.023,98.0,0.0,3.5455887
2023-05-30 22:00:00+00:00,0.261,4.273,100.0,0.0,2.9024127
2023-05-30 23:00:00+00:00,0.26,4.4230003,99.0,0.0,1.2979984
2023-05-31 00:00:00+00:00,0.259,4.523,99.0,0.0,1.2979984
2023-05-31 01:00:00+00:00,0.259,6.073,90.0,0.0,9.422101
2023-05-31 02:00:00+00:00,0.264,8.973,80.0,0.0,26.865265
2023-05-31 03:00:00+00:00,0.26,8.973,78.0,0.0,31.087412
2023-05-31 04:00:00+00:00,0.257,8.422999,81.0,0.0,28.820242
2023-05-31 05:00:00+00:00,0.256,8.023,83.0,0.0,27.416782
2023-05-31 06:00:00+00:00,0.255,8.123,82.0,0.0,26.654589
2023-05-31 07:00:00+00:00,0.253,7.7229996,73.0,0.0,33.04361
2023-05-31 08:00:00+00:00,0.252,7.4230003,77.0,0.0,28.58545
2023-05-31 09:00:00+00:00,0.251,7.2229996,77.0,0.0,27.117346
2023-05-31 10:00:00+00:00,0.25,6.9230003,74.0,0.0,26.319422
2023-05-31 11:00:00+00:00,0.249,6.023,78.0,0.0,18.733839
2023-05-31 12:00:00+00:00,0.249,4.573,86.0,0.0,10.636766
2023-05-31 13:00:00+00:00,0.248,4.7229996,88.0,0.0,10.630672
2023-05-31 14:00:00+00:00,0.248,4.9729996,86.0,0.0,9.290511
2023-05-31 15:00:00+00:00,0.247,5.6730003,83.0,0.0,10.799999
2023-05-31 16:00:00+00:00,0.246,6.773,80.0,0.0,10.948973
2023-05-31 17:00:00+00:00,0.245,7.4729996,79.0,0.0,7.42159
2023-05-31 18:00:00+00:00,0.244,7.7229996,77.0,0.0,6.989936
2023-05-31 19:00:00+00:00,0.244,7.823,80.0,0.0,4.1046314
2023-05-31 20:00:00+00:00,0.244,7.023,82.0,0.0,4.39436
2023-05-31 21:00:00+00:00,0.244,6.273,82.0,0.1,7.628263
2023-05-31 22:00:00+00:00,0.248,6.2229996,85.0,0.2,10.24578
2023-05-31 23:00:00+00:00,0.248,6.573,83.0,0.0,14.4
2023-06-01 00:00:00+00:00,0.273,6.523,84.0,0.0,16.80857
2023-06-01 01:00:00+00:00,0.27,6.123,85.0,0.0,16.299694
2023-06-01 02:00:00+00:00,0.268,5.4729996,88.0,0.0,15.484185
2023-06-01 03:00:00+00:00,0.267,4.873,92.0,0.0,13.556282
2023-06-01 04:00:00+00:00,0.265,4.023,90.0,0.0,10.8955765
2023-06-01 05:00:00+00:00,0.264,3.473,91.0,0.0,8.049845
2023-06-01 06:00:00+00:00,0.263,2.523,96.0,0.0,6.0347
2023-06-01 07:00:00+00:00,0.262,1.773,96.0,0.0,4.2136917
2023-06-01 08:00:00+00:00,0.262,1.573,95.0,0.0,2.0991426
2023-06-01 09:00:00+00:00,0.261,1.273,95.0,0.0,2.4149535
2023-06-01 10:00:00+00:00,0.26,1.073,96.0,0.0,3.8268526
2023-06-01 11:00:00+00:00,0.26,0.473,98.0,0.0,2.3051248
2023-06-01 12:00:00+00:00,0.261,-0.527,99.0,0.0,5.937272
2023-06-01 13:00:00+00:00,0.261,-0.577,99.0,0.0,7.42159
2023-06-01 14:00:00+00:00,0.26,-0.07699999,97.0,0.0,6.638072
2023-06-01 15:00:00+00:00,0.26,1.323,92.0,0.0,6.1305785
2023-06-01 16:00:00+00:00,0.259,2.923,89.0,0.0,7.42159
2023-06-01 17:00:00+00:00,0.259,3.823,88.0,0.0,10.009036
2023-06-01 18:00:00+00:00,0.255,4.9230003,91.0,0.0,13.37825
2023-06-01 19:00:00+00:00,0.254,5.073,91.0,0.0,14.118243
2023-06-01 20:00:00+00:00,0.254,4.9230003,92.0,0.0,14.332341
2023-06-01 21:00:00+00:00,0.253,4.523,92.0,0.0,15.84
2023-06-01 22:00:00+00:00,0.253,4.223,92.0,0.0,16.575644
2023-06-01 23:00:00+00:00,0.253,3.973,92.0,0.0,16.919998
2023-06-02 00:00:00+00:00,0.258,3.623,90.0,0.0,16.595179
2023-06-02 01:00:00+00:00,0.257,4.023,88.0,0.0,16.343367
2023-06-02 02:00:00+00:00,0.257,4.9230003,87.0,0.0,17.418196
2023-06-02 03:00:00+00:00,0.256,5.773,79.0,0.0,20.456745
2023-06-02 04:00:00+00:00,0.257,6.123,76.0,0.1,21.980644
2023-06-02 05:00:00+00:00,0.256,6.2229996,75.0,0.0,23.770906
2023-06-02 06:00:00+00:00,0.261,6.373,76.0,0.2,24.567198
2023-06-02 07:00:00+00:00,0.257,6.323,77.0,0.0,22.42427
2023-06-02 08:00:00+00:00,0.255,6.4729996,80.0,0.0,20.364674
2023-06-02 09:00:00+00:00,0.256,6.573,85.0,0.1,17.826363
2023-06-02 10:00:00+00:00,0.268,6.4729996,90.0,0.5,14.255272
2023-06-02 11:00:00+00:00,0.264,6.373,92.0,0.0,11.753877
2023-06-02 12:00:00+00:00,0.261,6.373,94.0,0.0,9.114471
2023-06-02 13:00:00+00:00,0.257,6.073,95.0,0.0,8.647496
2023-06-02 14:00:00+00:00,0.256,6.123,96.0,0.0,9.028754
2023-06-02 15:00:00+00:00,0.255,6.573,95.0,0.0,9.3669195
2023-06-02 16:00:00+00:00,0.254,7.023,92.0,0.0,7.289444
2023-06-02 17:00:00+00:00,0.261,7.373,89.0,0.1,6.638072
2023-06-02 18:00:00+00:00,0.278,7.1730003,89.0,0.8,15.188415
2023-06-02 19:00:00+00:00,0.277,6.4729996,88.0,0.4,10.538843
2023-06-02 20:00:00+00:00,0.269,5.773,89.0,0.0,9.605998
2023-06-02 21:00:00+00:00,0.265,4.9230003,88.0,0.0,9.0
2023-06-02 22:00:00+00:00,0.263,4.323,89.0,0.0,9.565437
2023-06-02 23:00:00+00:00,0.261,3.623,90.0,0.0,6.28713
2023-06-03 00:00:00+00:00,0.259,2.773,92.0,0.0,4.39436
2023-06-03 01:00:00+00:00,0.258,2.723,90.0,0.0,1.08
2023-06-03 02:00:00+00:00,0.258,2.223,91.0,0.0,4.829907
2023-06-03 03:00:00+00:00,0.259,1.023,96.0,0.0,4.32
2023-06-03 04:00:00+00:00,0.258,0.823,98.0,0.0,4.1046314
2023-06-03 05:00:00+00:00,0.257,0.623,100.0,0.0,4.5536795
2023-06-03 06:00:00+00:00,0.258,-0.02700001,99.0,0.0,4.510787
2023-06-03 07:00:00+00:00,0.258,-0.427,100.0,0.0,3.319036
2023-06-03 08:00:00+00:00,0.258,-0.477,100.0,0.0,3.5455887
2023-06-03 09:00:00+00:00,0.258,-1.227,100.0,0.0,2.9024127
2023-06-03 10:00:00+00:00,0.257,-1.577,100.0,0.0,3.396233
2023-06-03 11:00:00+00:00,0.257,-1.977,100.0,0.0,5.1919937
2023-06-03 12:00:00+00:00,0.257,-2.127,100.0,0.0,4.896529
2023-06-03 13:00:00+00:00,0.256,-2.127,100.0,0.0,4.2136917
2023-06-03 14:00:00+00:00,0.256,-1.477,100.0,0.0,3.563818
2023-06-03 15:00:00+00:00,0.256,-0.477,100.0,0.0,4.2136917
2023-06-03 16:00:00+00:00,0.255,0.623,100.0,0.0,4.829907
2023-06-03 17:00:00+00:00,0.255,1.623,97.0,0.0,7.2
2023-06-03 18:00:00+00:00,0.254,2.023,96.0,0.0,7.4128532
2023-06-03 19:00:00+00:00,0.254,2.1729999,95.0,0.0,4.3349743
2023-06-03 20:00:00+00:00,0.253,1.973,95.0,0.0,2.968636
2023-06-03 21:00:00+00:00,0.253,1.723,95.0,0.0,2.5455842
2023-06-03 22:00:00+00:00,0.253,1.573,95.0,0.0,3.096837
2023-06-03 23:00:00+00:00,0.252,1.023,97.0,0.0,4.829907
2023-06-04 00:00:00+00:00,0.253,0.323,99.0,0.0,4.802999
2023-06-04 01:00:00+00:00,0.252,0.273,99.0,0.0,4.6938252
2023-06-04 02:00:00+00:00,0.252,0.223,99.0,0.0,4.896529
2023-06-04 03:00:00+00:00,0.252,0.023000002,99.0,0.0,5.0528407
2023-06-04 04:00:00+00:00,0.252,0.073,98.0,0.0,5.8048253
2023-06-04 05:00:00+00:00,0.252,0.023000002,98.0,0.0,6.849467
2023-06-04 06:00:00+00:00,0.25,0.473,96.0,0.0,6.130579
2023-06-04 07:00:00+00:00,0.25,0.573,93.0,0.0,7.2
2023-06-04 08:00:00+00:00,0.25,0.623,90.0,0.0,9.3669195
2023-06-04 09:00:00+00:00,0.25,1.423,85.0,0.0,14.044615
2023-06-04 10:00:00+00:00,0.249,1.523,93.0,0.0,15.84
2023-06-04 11:00:00+00:00,0.249,1.823,90.0,0.0,17.654688
2023-06-04 12:00:00+00:00,0.249,1.373,92.0,0.0,16.263872
2023-06-04 13:00:00+00:00,0.249,0.973,92.0,0.0,15.546833
2023-06-04 14:00:00+00:00,0.248,1.223,92.0,0.0,14.417988
2023-06-04 15:00:00+00:00,0.25,2.273,87.0,0.0,14.764389
2023-06-04 16:00:00+00:00,0.252,3.273,82.0,0.0,14.77755
2023-06-04 17:00:00+00:00,0.248,3.923,78.0,0.0,14.830076
2023-06-04 18:00:00+00:00,0.246,4.273,71.0,0.0,16.199999
2023-06-04 19:00:00+00:00,0.245,3.723,74.0,0.0,12.605142
2023-06-04 20:00:00+00:00,0.245,2.323,82.0,0.0,6.28713
2023-06-04 21:00:00+00:00,0.245,1.023,88.0,0.0,4.6800003
2023-06-04 22:00:00+00:00,0.245,0.473,89.0,0.0,2.7416782
2023-06-04 23:00:00+00:00,0.245,0.122999996,89.0,0.0,1.609969
2023-06-05 00:00:00+00:00,0.245,-0.577,90.0,0.0,3.219938
2023-06-05 01:00:00+00:00,0.244,-1.377,95.0,0.0,3.4152596
2023-06-05 02:00:00+00:00,0.244,-1.577,94.0,0.0,4.3349743
2023-06-05 03:00:00+00:00,0.244,-1.977,96.0,0.0,6.28713
2023-06-05 04:00:00+00:00,0.244,-2.177,96.0,0.0,6.9527545
2023-06-05 05:00:00+00:00,0.244,-1.927,93.0,0.0,8.766573
2023-06-05 06:00:00+00:00,0.244,-0.877,93.0,0.0,10.464797
2023-06-05 07:00:00+00:00,0.243,0.073,94.0,0.0,12.313893
2023-06-05 08:00:00+00:00,0.243,0.573,91.0,0.2,14.408997
2023-06-05 09:00:00+00:00,0.243,0.973,92.0,0.5,14.799459
2023-06-05 10:00:00+00:00,0.244,1.923,91.0,1.0,16.676977
2023-06-05 11:00:00+00:00,0.269,3.023,90.0,1.1,20.111729
2023-06-05 12:00:00+00:00,0.29,3.323,93.0,1.1,6.489992
2023-06-05 13:00:00+00:00,0.29,3.023,96.0,0.5,5.8603754
2023-06-05 14:00:00+00:00,0.282,2.823,98.0,0.1,5.8603754
2023-06-05 15:00:00+00:00,0.28,3.323,97.0,0.1,5.4119864
2023-06-05 16:00:00+00:00,0.275,3.973,96.0,0.0,5.4119864
2023-06-05 17:00:00+00:00,0.31,4.123,96.0,1.2,5.506941
2023-06-05 18:00:00+00:00,0.275,4.873,94.0,1.1,5.815978
2023-06-05 19:00:00+00:00,0.271,4.7229996,94.0,0.0,6.28713
2023-06-05 20:00:00+00:00,0.269,4.373,96.0,0.0,7.289445
2023-06-05 21:00:00+00:00,0.267,3.923,96.0,0.0,8.905908
2023-06-05 22:00:00+00:00,0.265,3.623,96.0,0.0,5.4833565
2023-06-05 23:00:00+00:00,0.263,3.423,97.0,0.0,4.3349743
2023-06-06 00:00:00+00:00,0.262,3.173,98.0,0.0,5.815978
2023-06-06 01:00:00+00:00,0.262,3.373,98.0,0.0,6.379216
2023-06-06 02:00:00+00:00,0.261,3.173,98.0,0.0,4.1046314
2023-06-06 03:00:00+00:00,0.26,2.923,99.0,0.0,4.8433046
2023-06-06 04:00:00+00:00,0.259,2.673,98.0,0.0,2.9024127
2023-06-06 05:00:00+00:00,0.258,2.573,99.0,0.0,1.484318
2023-06-06 06:00:00+00:00,0.26,2.473,99.0,0.0,2.3051248
2023-06-06 07:00:00+00:00,0.258,2.373,100.0,0.0,1.08
2023-06-06 08:00:00+00:00,0.257,2.023,100.0,0.0,4.6938257
2023-06-06 09:00:00+00:00,0.256,1.773,100.0,0.0,5.506941
2023-06-06 10:00:00+00:00,0.256,1.773,100.0,0.0,6.830519
2023-06-06 11:00:00+00:00,0.255,1.523,100.0,0.0,8.669949
2023-06-06 12:00:00+00:00,0.257,0.973,99.0,0.0,12.979984
2023-06-06 13:00:00+00:00,0.256,0.673,98.0,0.0,13.324863
2023-06-06 14:00:00+00:00,0.256,1.373,94.0,0.0,14.471821
2023-06-06 15:00:00+00:00,0.26,2.723,88.0,0.1,14.113653
2023-06-06 16:00:00+00:00,0.262,3.923,84.0,0.1,15.4800005
2023-06-06 17:00:00+00:00,0.258,4.773,79.0,0.0,17.283749
2023-06-06 18:00:00+00:00,0.255,5.7229996,77.0,0.0,22.319998
2023-06-06 19:00:00+00:00,0.253,5.523,79.0,0.0,24.522316
2023-06-06 20:00:00+00:00,0.253,4.9230003,82.0,0.0,28.137634
2023-06-06 21:00:00+00:00,0.252,4.273,81.0,0.0,26.28
2023-06-06 22:00:00+00:00,0.251,3.923,78.0,0.0,25.582806
2023-06-06 23:00:00+00:00,0.251,3.723,82.0,0.0,24.648829
2023-06-07 00:00:00+00:00,0.248,3.323,84.0,0.0,19.839235
2023-06-07 01:00:00+00:00,0.248,2.823,88.0,0.0,17.992796
2023-06-07 02:00:00+00:00,0.248,2.223,90.0,0.0,14.81259
2023-06-07 03:00:00+00:00,0.248,1.723,92.0,0.0,11.298495
2023-06-07 04:00:00+00:00,0.248,2.1729999,90.0,0.0,9.957108
2023-06-07 05:00:00+00:00,0.248,1.973,90.0,0.0,9.957108
2023-06-07 06:00:00+00:00,0.248,2.073,94.0,0.0,13.089354
2023-06-07 07:00:00+00:00,0.247,2.873,93.0,0.0,18.25026
2023-06-07 08:00:00+00:00,0.247,2.823,92.0,0.0,20.380579
2023-06-07 09:00:00+00:00,0.247,2.723,86.0,0.0,21.398056
2023-06-07 10:00:00+00:00,0.246,2.223,81.0,0.0,19.93048
2023-06-07 11:00:00+00:00,0.246,2.023,88.0,0.0,21.175835
2023-06-07 12:00:00+00:00,0.246,1.873,89.0,0.0,21.9718
2023-06-07 13:00:00+00:00,0.246,1.923,85.0,0.0,23.584808
2023-06-07 14:00:00+00:00,0.245,2.1230001,83.0,0.0,23.863409
2023-06-07 15:00:00+00:00,0.244,2.773,80.0,0.0,23.73271
2023-06-07 16:00:00+00:00,0.243,3.223,75.0,0.0,25.455843
2023-06-07 17:00:00+00:00,0.242,3.523,72.0,0.0,26.437336
2023-06-07 18:00:00+00:00,0.241,3.873,69.0,0.0,24.522316
2023-06-07 19:00:00+00:00,0.241,3.523,70.0,0.0,22.782625
2023-06-07 20:00:00+00:00,0.24,2.923,73.0,0.0,21.707731
2023-06-07 21:00:00+00:00,0.24,2.223,76.0,0.0,18.888851
2023-06-07 22:00:00+00:00,0.241,1.573,80.0,0.0,16.394829
2023-06-07 23:00:00+00:00,0.241,0.973,81.0,0.0,13.358861
2023-06-08 00:00:00+00:00,0.24,0.273,87.0,0.0,10.30883
2023-06-08 01:00:00+00:00,0.24,-0.07699999,85.0,0.0,9.885262
2023-06-08 02:00:00+00:00,0.24,-0.32700002,85.0,0.0,8.0899935
2023-06-08 03:00:00+00:00,0.24,-0.77699995,87.0,0.0,6.4096174
2023-06-08 04:00:00+00:00,0.24,-1.077,90.0,0.0,6.3690495
2023-06-08 05:00:00+00:00,0.241,-1.227,93.0,0.0,5.904439
2023-06-08 06:00:00+00:00,0.241,-2.127,97.0,0.0,5.634891
2023-06-08 07:00:00+00:00,0.241,-2.477,98.0,0.0,5.4833565
2023-06-08 08:00:00+00:00,0.241,-2.677,99.0,0.0,5.1544156
2023-06-08 09:00:00+00:00,0.241,-2.677,99.0,0.0,5.0528407
2023-06-08 10:00:00+00:00,0.241,-3.077,100.0,0.0,3.96
2023-06-08 11:00:00+00:00,0.241,-3.077,99.0,0.0,4.2136917
2023-06-08 12:00:00+00:00,0.241,-2.677,100.0,0.0,2.4149535
2023-06-08 13:00:00+00:00,0.241,-3.277,100.0,0.0,1.484318
2023-06-08 14:00:00+00:00,0.241,-3.9269998,100.0,0.0,0.5091169
2023-06-08 15:00:00+00:00,0.241,-3.177,100.0,0.0,0.0
2023-06-08 16:00:00+00:00,0.241,-2.477,100.0,0.0,0.35999998
2023-06-08 17:00:00+00:00,0.24,-1.277,96.0,0.0,1.2979984
2023-06-08 18:00:00+00:00,0.24,-0.77699995,95.0,0.0,2.9024127
2023-06-08 19:00:00+00:00,0.24,-0.02700001,90.0,0.0,3.4152596
2023-06-08 20:00:00+00:00,0.24,-0.227,89.0,0.0,4.452954
2023-06-08 21:00:00+00:00,0.24,-1.177,90.0,0.0,5.3517847
2023-06-08 22:00:00+00:00,0.24,-1.8770001,92.0,0.0,5.6920996
2023-06-08 23:00:00+00:00,0.24,-2.327,93.0,0.0,5.937272
2023-06-09 00:00:00+00:00,0.243,-2.677,96.0,0.0,6.162207
2023-06-09 01:00:00+00:00,0.244,-2.977,97.0,0.0,5.771239
2023-06-09 02:00:00+00:00,0.245,-3.177,98.0,0.0,5.8048253
2023-06-09 03:00:00+00:00,0.246,-3.427,98.0,0.0,5.8048253
2023-06-09 04:00:00+00:00,0.246,-3.477,98.0,0.0,5.771239
2023-06-09 05:00:00+00:00,0.247,-3.427,97.0,0.0,6.130579
2023-06-09 06:00:00+00:00,0.247,-3.227,97.0,0.0,6.162207
2023-06-09 07:00:00+00:00,0.247,-2.627,94.0,0.0,6.849467
2023-06-09 08:00:00+00:00,0.248,-2.227,93.0,0.0,6.849467
2023-06-09 09:00:00+00:00,0.248,-1.977,93.0,0.0,7.5685663
2023-06-09 10:00:00+00:00,0.248,-1.677,92.0,0.0,7.5599995
2023-06-09 11:00:00+00:00,0.248,-1.377,92.0,0.0,7.92
2023-06-09 12:00:00+00:00,0.249,-1.677,94.0,0.0,7.5599995
2023-06-09 13:00:00+00:00,0.249,-1.8269999,94.0,0.0,7.208994
2023-06-09 14:00:00+00:00,0.249,-1.577,94.0,0.0,6.5693827
2023-06-09 15:00:00+00:00,0.249,-0.577,91.0,0.0,6.28713
2023-06-09 16:00:00+00:00,0.249,0.673,89.0,0.0,6.638072
2023-06-09 17:00:00+00:00,0.248,1.623,87.0,0.0,8.049845
2023-06-09 18:00:00+00:00,0.25,2.473,86.0,0.0,10.853866
2023-06-09 19:00:00+00:00,0.249,2.023,88.0,0.0,9.028754
2023-06-09 20:00:00+00:00,0.249,1.473,89.0,0.0,7.6367526
2023-06-09 21:00:00+00:00,0.249,0.823,91.0,0.0,6.924738
2023-06-09 22:00:00+00:00,0.25,0.17300001,92.0,0.0,6.924738
2023-06-09 23:00:00+00:00,0.25,-0.427,92.0,0.0,6.87779
2023-06-10 00:00:00+00:00,0.25,-0.727,89.0,0.0,7.2
2023-06-10 01:00:00+00:00,0.25,-1.227,88.0,0.0,6.849467
2023-06-10 02:00:00+00:00,0.25,-1.577,89.0,0.0,6.924738
2023-06-10 03:00:00+00:00,0.25,-1.8269999,90.0,0.0,7.342588
2023-06-10 04:00:00+00:00,0.25,-1.777,89.0,0.0,8.049845
2023-06-10 05:00:00+00:00,0.25,-1.377,88.0,0.0,9.531505
2023-06-10 06:00:00+00:00,0.25,-0.727,86.0,0.0,12.6462
2023-06-10 07:00:00+00:00,0.25,-0.627,83.0,0.0,13.004921
2023-06-10 08:00:00+00:00,0.249,-0.827,84.0,0.0,13.849476
2023-06-10 09:00:00+00:00,0.249,-1.077,89.0,0.0,14.764389
2023-06-10 10:00:00+00:00,0.249,-0.527,91.0,0.0,16.65754
2023-06-10 11:00:00+00:00,0.249,0.073,88.0,0.0,18.844202
2023-06-10 12:00:00+00:00,0.249,0.523,86.0,0.0,18.374111
2023-06-10 13:00:00+00:00,0.249,0.873,88.0,0.0,20.008356
2023-06-10 14:00:00+00:00,0.249,1.773,88.0,0.0,22.505037
2023-06-10 15:00:00+00:00,0.251,2.823,84.0,0.0,27.908709
2023-06-10 16:00:00+00:00,0.252,3.473,80.0,0.0,30.141266
2023-06-10 17:00:00+00:00,0.251,3.523,81.0,0.0,29.09103
2023-06-10 18:00:00+00:00,0.251,3.973,80.0,0.1,31.427404
2023-06-10 19:00:00+00:00,0.253,3.923,83.0,0.1,31.259945
2023-06-10 20:00:00+00:00,0.255,3.723,86.0,0.1,32.24161
2023-06-10 21:00:00+00:00,0.258,3.923,86.0,0.1,32.283787
2023-06-10 22:00:00+00:00,0.258,4.4729996,84.0,0.1,33.847656
2023-06-10 23:00:00+00:00,0.255,4.223,78.0,0.0,35.538033
2023-06-11 00:00:00+00:00,0.251,2.973,61.0,0.0,36.26006
2023-06-11 01:00:00+00:00,0.25,1.973,66.0,0.0,31.89608
2023-06-11 02:00:00+00:00,0.249,1.923,66.0,0.0,29.598919
2023-06-11 03:00:00+00:00,0.247,1.773,60.0,0.0,31.557035
2023-06-11 04:00:00+00:00,0.246,1.323,61.0,0.0,32.042023
2023-06-11 05:00:00+00:00,0.245,0.973,60.0,0.0,32.042023
2023-06-11 06:00:00+00:00,0.243,0.673,63.0,0.0,30.918108
2023-06-11 07:00:00+00:00,0.242,0.423,59.0,0.0,31.716797
2023-06-11 08:00:00+00:00,0.24,0.323,60.0,0.0,32.058197
2023-06-11 09:00:00+00:00,0.239,0.223,63.0,0.0,32.058197
2023-06-11 10:00:00+00:00,0.238,0.323,63.0,0.0,31.435646
2023-06-11 11:00:00+00:00,0.237,0.473,63.0,0.0,32.862694
2023-06-11 12:00:00+00:00,0.237,0.623,65.0,0.0,32.623226
2023-06-11 13:00:00+00:00,0.236,0.623,63.0,0.0,31.404713
2023-06-11 14:00:00+00:00,0.235,0.823,66.0,0.0,30.599998
2023-06-11 15:00:00+00:00,0.235,1.623,59.0,0.0,29.387999
2023-06-11 16:00:00+00:00,0.234,2.073,57.0,0.0,27.859905
2023-06-11 17:00:00+00:00,0.234,2.1729999,62.0,0.0,25.992397
2023-06-11 18:00:00+00:00,0.234,2.1230001,64.0,0.0,23.667091
2023-06-11 19:00:00+00:00,0.233,1.923,64.0,0.0,21.749481
2023-06-11 20:00:00+00:00,0.233,1.273,71.0,0.0,21.068459
2023-06-11 21:00:00+00:00,0.234,0.673,78.0,0.0,18.25026
2023-06-11 22:00:00+00:00,0.234,0.223,80.0,0.0,16.62249
2023-06-11 23:00:00+00:00,0.234,-0.127,87.0,0.0,12.979984
2023-06-12 00:00:00+00:00,0.239,-0.07699999,90.0,0.0,12.783802
2023-06-12 01:00:00+00:00,0.239,-0.17699999,92.0,0.0,12.224107
2023-06-12 02:00:00+00:00,0.239,0.023000002,93.0,0.0,11.440978
2023-06-12 03:00:00+00:00,0.239,0.223,94.0,0.0,11.525623
2023-06-12 04:00:00+00:00,0.239,0.473,95.0,0.0,12.783802
2023-06-12 05:00:00+00:00,0.239,1.023,94.0,0.0,15.84409
2023-06-12 06:00:00+00:00,0.239,1.873,91.0,0.0,19.164719
2023-06-12 07:00:00+00:00,0.239,2.323,90.0,0.0,20.991426
2023-06-12 08:00:00+00:00,0.239,2.623,88.0,0.0,20.929596
2023-06-12 09:00:00+00:00,0.239,2.723,88.0,0.0,20.883104
2023-06-12 10:00:00+00:00,0.239,2.923,87.0,0.0,21.96
2023-06-12 11:00:00+00:00,0.239,3.123,87.0,0.0,22.68
2023-06-12 12:00:00+00:00,0.239,2.823,84.0,0.0,20.163212
2023-06-12 13:00:00+00:00,0.239,3.173,83.0,0.0,21.611998
2023-06-12 14:00:00+00:00,0.239,3.823,81.0,0.0,23.40277
2023-06-12 15:00:00+00:00,0.239,5.2229996,75.0,0.0,28.19285
2023-06-12 16:00:00+00:00,0.237,6.023,69.0,0.0,31.97319
2023-06-12 17:00:00+00:00,0.235,6.023,68.0,0.0,31.616526
2023-06-12 18:00:00+00:00,0.234,6.123,68.0,0.0,34.62369
2023-06-12 19:00:00+00:00,0.233,5.773,67.0,0.0,32.846916
2023-06-12 20:00:00+00:00,0.233,5.023,72.0,0.0,31.845251
2023-06-12 21:00:00+00:00,0.232,4.523,71.0,0.0,29.784426
2023-06-12 22:00:00+00:00,0.233,4.073,79.0,0.0,27.834309
2023-06-12 23:00:00+00:00,0.232,3.823,70.0,0.0,26.836306
2023-06-13 00:00:00+00:00,0.232,3.123,76.0,0.0,25.210283
2023-06-13 01:00:00+00:00,0.232,2.873,82.0,0.0,20.907913
2023-06-13 02:00:00+00:00,0.233,2.823,83.0,0.0,19.44
2023-06-13 03:00:00+00:00,0.233,2.723,83.0,0.0,18.751125
2023-06-13 04:00:00+00:00,0.233,2.423,85.0,0.0,17.731598
2023-06-13 05:00:00+00:00,0.233,2.1729999,88.0,0.0,17.015474
2023-06-13 06:00:00+00:00,0.233,1.723,85.0,0.0,15.683776
2023-06-13 07:00:00+00:00,0.233,1.323,80.0,0.0,13.979871
2023-06-13 08:00:00+00:00,0.233,1.123,83.0,0.0,13.627795
2023-06-13 09:00:00+00:00,0.233,1.173,89.0,0.0,13.556282
2023-06-13 10:00:00+00:00,0.233,1.473,90.0,0.0,12.015589
2023-06-13 11:00:00+00:00,0.233,1.923,89.0,0.0,10.182337
2023-06-13 12:00:00+00:00,0.234,1.073,90.0,0.0,5.2416787
2023-06-13 13:00:00+00:00,0.234,0.723,92.0,0.0,4.0249224
2023-06-13 14:00:00+00:00,0.234,0.823,91.0,0.0,1.9386592
2023-06-13 15:00:00+00:00,0.234,1.623,88.0,0.0,0.8049845
2023-06-13 16:00:00+00:00,0.234,2.523,85.0,0.0,1.609969
2023-06-13 17:00:00+00:00,0.233,3.223,85.0,0.0,1.484318
2023-06-13 18:00:00+00:00,0.232,4.6730003,79.0,0.0,2.8116899
2023-06-13 19:00:00+00:00,0.232,4.573,80.0,0.0,0.8049845
2023-06-13 20:00:00+00:00,0.232,3.673,82.0,0.0,3.319036
2023-06-13 21:00:00+00:00,0.232,2.823,87.0,0.0,2.9024127
2023-06-13 22:00:00+00:00,0.233,2.873,86.0,0.2,1.1384199
2023-06-13 23:00:00+00:00,0.234,2.923,84.0,0.1,2.16
2023-06-14 00:00:00+00:00,0.231,1.473,93.0,0.1,3.7585104
2023-06-14 01:00:00+00:00,0.234,1.523,92.0,0.2,3.671294
2023-06-14 02:00:00+00:00,0.242,1.623,91.0,0.4,3.319036
2023-06-14 03:00:00+00:00,0.248,1.523,92.0,0.3,2.3051248
2023-06-14 04:00:00+00:00,0.258,1.423,93.0,0.4,2.5959969
2023-06-14 05:00:00+00:00,0.255,1.073,95.0,0.3,3.563818
2023-06-14 06:00:00+00:00,0.244,0.423,99.0,0.0,3.7064266
2023-06-14 07:00:00+00:00,0.243,0.223,99.0,0.0,4.3498964
2023-06-14 08:00:00+00:00,0.241,0.373,99.0,0.0,5.4119864
2023-06-14 09:00:00+00:00,0.241,0.823,98.0,0.0,6.439876
2023-06-14 10:00:00+00:00,0.24,1.173,97.0,0.0,6.439876
2023-06-14 11:00:00+00:00,0.239,1.473,96.0,0.0,8.287822
2023-06-14 12:00:00+00:00,0.241,2.023,99.0,0.0,9.83268
2023-06-14 13:00:00+00:00,0.243,2.423,96.0,0.0,12.10157
2023-06-14 14:00:00+00:00,0.263,2.873,94.0,0.0,14.118243
2023-06-14 15:00:00+00:00,0.264,3.673,87.0,0.0,15.725037
2023-06-14 16:00:00+00:00,0.262,4.4729996,79.0,0.0,19.914217
2023-06-14 17:00:00+00:00,0.254,4.9230003,73.0,0.0,22.101183
2023-06-14 18:00:00+00:00,0.249,4.873,72.0,0.0,20.345573
2023-06-14 19:00:00+00:00,0.246,4.573,78.0,0.0,20.150354
2023-06-14 20:00:00+00:00,0.248,3.723,84.0,0.1,18.720001
2023-06-14 21:00:00+00:00,0.246,3.273,85.0,0.0,18.25026
2023-06-14 22:00:00+00:00,0.245,2.823,85.0,0.0,18.11841
2023-06-14 23:00:00+00:00,0.244,2.423,82.0,0.0,18.25026
2023-06-15 00:00:00+00:00,0.242,1.873,83.0,0.0,19.64558
2023-06-15 01:00:00+00:00,0.241,1.473,79.0,0.0,20.898611
2023-06-15 02:00:00+00:00,0.24,1.073,82.0,0.0,20.617662
2023-06-15 03:00:00+00:00,0.24,0.823,82.0,0.0,19.562946
2023-06-15 04:00:00+00:00,0.24,0.623,83.0,0.0,18.947083
2023-06-15 05:00:00+00:00,0.239,0.523,83.0,0.0,18.59845
2023-06-15 06:00:00+00:00,0.239,0.073,87.0,0.0,18.430452
2023-06-15 07:00:00+00:00,0.239,-0.02700001,89.0,0.0,18.692286
2023-06-15 08:00:00+00:00,0.239,-0.02700001,88.0,0.0,19.0392
2023-06-15 09:00:00+00:00,0.239,0.223,88.0,0.0,20.082708
2023-06-15 10:00:00+00:00,0.239,0.523,86.0,0.0,18.692286
2023-06-15 11:00:00+00:00,0.239,0.773,86.0,0.0,18.792551
2023-06-15 12:00:00+00:00,0.239,0.973,87.0,0.0,15.042659
2023-06-15 13:00:00+00:00,0.239,1.173,88.0,0.0,15.629971
2023-06-15 14:00:00+00:00,0.239,1.573,87.0,0.0,17.068707
2023-06-15 15:00:00+00:00,0.238,2.573,81.0,0.0,19.483284
2023-06-15 16:00:00+00:00,0.237,3.473,76.0,0.0,22.065973
2023-06-15 17:00:00+00:00,0.236,3.923,74.0,0.0,23.993399
2023-06-15 18:00:00+00:00,0.234,4.823,72.0,0.0,28.657898
2023-06-15 19:00:00+00:00,0.233,5.023,72.0,0.0,30.274265
2023-06-15 20:00:00+00:00,0.234,4.9230003,75.0,0.1,27.381308
2023-06-15 21:00:00+00:00,0.234,4.7229996,78.0,0.0,25.872454
2023-06-15 22:00:00+00:00,0.233,4.4230003,81.0,0.0,23.906818
2023-06-15 23:00:00+00:00,0.233,4.1730003,84.0,0.0,23.006226
2023-06-16 00:00:00+00:00,0.234,4.223,82.0,0.0,24.162947
2023-06-16 01:00:00+00:00,0.234,4.4230003,80.0,0.0,24.696104
2023-06-16 02:00:00+00:00,0.233,4.573,80.0,0.0,25.661207
2023-06-16 03:00:00+00:00,0.234,4.623,80.0,0.0,25.77962
2023-06-16 04:00:00+00:00,0.233,4.7229996,79.0,0.0,27.288855
2023-06-16 05:00:00+00:00,0.234,4.573,79.0,0.1,28.082308
2023-06-16 06:00:00+00:00,0.233,4.4729996,78.0,0.0,27.155552
2023-06-16 07:00:00+00:00,0.235,4.1730003,78.0,0.1,26.250393
2023-06-16 08:00:00+00:00,0.237,4.1730003,78.0,0.1,26.230639
2023-06-16 09:00:00+00:00,0.24,3.973,78.0,0.1,26.478971
2023-06-16 10:00:00+00:00,0.246,3.973,78.0,0.2,26.987997
2023-06-16 11:00:00+00:00,0.258,3.723,81.0,0.4,26.250393
2023-06-16 12:00:00+00:00,0.25,4.023,73.0,0.2,25.537172
2023-06-16 13:00:00+00:00,0.247,4.073,74.0,0.0,24.967497
2023-06-16 14:00:00+00:00,0.244,4.273,72.0,0.0,23.977188
2023-06-16 15:00:00+00:00,0.242,4.773,73.0,0.0,22.725668
2023-06-16 16:00:00+00:00,0.24,5.4230003,73.0,0.0,23.838959
2023-06-16 17:00:00+00:00,0.239,5.773,75.0,0.0,24.192429
2023-06-16 18:00:00+00:00,0.237,5.7229996,73.0,0.0,23.979893
2023-06-16 19:00:00+00:00,0.237,5.7229996,75.0,0.0,24.162947
2023-06-16 20:00:00+00:00,0.236,5.573,78.0,0.0,24.079666
2023-06-16 21:00:00+00:00,0.236,5.4729996,80.0,0.0,22.782625
2023-06-16 22:00:00+00:00,0.236,5.373,81.0,0.0,21.068459
2023-06-16 23:00:00+00:00,0.236,5.1730003,82.0,0.0,19.469976
2023-06-17 00:00:00+00:00,0.237,4.623,85.0,0.0,17.654688
2023-06-17 01:00:00+00:00,0.237,4.573,84.0,0.0,18.218275
2023-06-17 02:00:00+00:00,0.237,4.773,83.0,0.0,17.884428
2023-06-17 03:00:00+00:00,0.237,5.1730003,79.0,0.0,20.111729
2023-06-17 04:00:00+00:00,0.236,5.4230003,77.0,0.0,24.216522
2023-06-17 05:00:00+00:00,0.235,5.123,77.0,0.0,24.43761
2023-06-17 06:00:00+00:00,0.235,5.023,71.0,0.0,22.961115
2023-06-17 07:00:00+00:00,0.235,5.073,70.0,0.1,21.566973
2023-06-17 08:00:00+00:00,0.238,5.1730003,67.0,0.1,21.67786
2023-06-17 09:00:00+00:00,0.237,5.2229996,66.0,0.0,21.385939
2023-06-17 10:00:00+00:00,0.24,5.373,65.0,0.1,20.87379
2023-06-17 11:00:00+00:00,0.239,5.523,62.0,0.0,21.385939
2023-06-17 12:00:00+00:00,0.236,6.4729996,51.0,0.1,19.008547
2023-06-17 13:00:00+00:00,0.237,6.2229996,52.0,0.0,19.995398
2023-06-17 14:00:00+00:00,0.236,6.4729996,48.0,0.0,20.497883
2023-06-17 15:00:00+00:00,0.237,6.773,52.0,0.1,24.408424
2023-06-17 16:00:00+00:00,0.248,5.7229996,66.0,0.3,23.871555
2023-06-17 17:00:00+00:00,0.243,5.623,67.0,0.0,20.172853
2023-06-17 18:00:00+00:00,0.243,4.9230003,70.0,0.0,22.734219
2023-06-17 19:00:00+00:00,0.241,4.373,68.0,0.0,19.416653
2023-06-17 20:00:00+00:00,0.239,3.673,65.0,0.0,17.651016
2023-06-17 21:00:00+00:00,0.238,3.023,65.0,0.0,15.281989
2023-06-17 22:00:00+00:00,0.238,2.323,71.0,0.0,13.570615
2023-06-17 23:00:00+00:00,0.237,1.773,75.0,0.0,13.237039
2023-06-18 00:00:00+00:00,0.234,1.273,80.0,0.0,13.661038
2023-06-18 01:00:00+00:00,0.234,1.173,81.0,0.0,14.345898
2023-06-18 02:00:00+00:00,0.234,0.923,82.0,0.0,14.241629
2023-06-18 03:00:00+00:00,0.234,0.623,84.0,0.0,14.003029
2023-06-18 04:00:00+00:00,0.234,0.373,86.0,0.0,14.345898
2023-06-18 05:00:00+00:00,0.234,0.323,84.0,0.0,15.379206
2023-06-18 06:00:00+00:00,0.234,-0.02700001,84.0,0.0,17.163355
2023-06-18 07:00:00+00:00,0.234,-0.02700001,82.0,0.0,17.114204
2023-06-18 08:00:00+00:00,0.234,0.023000002,80.0,0.0,17.208603
2023-06-18 09:00:00+00:00,0.233,0.023000002,80.0,0.0,17.193533
2023-06-18 10:00:00+00:00,0.233,0.122999996,80.0,0.0,17.58481
2023-06-18 11:00:00+00:00,0.233,0.423,79.0,0.0,18.532133
2023-06-18 12:00:00+00:00,0.233,0.573,83.0,0.0,19.130875
2023-06-18 13:00:00+00:00,0.233,0.673,81.0,0.0,19.734436
2023-06-18 14:00:00+00:00,0.232,0.823,81.0,0.0,19.914217
2023-06-18 15:00:00+00:00,0.232,1.373,77.0,0.0,21.129885
2023-06-18 16:00:00+00:00,0.231,2.1230001,72.0,0.0,22.104116
2023-06-18 17:00:00+00:00,0.23,2.473,68.0,0.0,22.392462
2023-06-18 18:00:00+00:00,0.23,2.873,67.0,0.0,23.762726
2023-06-18 19:00:00+00:00,0.229,2.573,69.0,0.0,22.346113
2023-06-18 20:00:00+00:00,0.229,2.1230001,72.0,0.0,18.888851
2023-06-18 21:00:00+00:00,0.229,1.673,78.0,0.0,16.516901
2023-06-18 22:00:00+00:00,0.229,1.523,81.0,0.0,14.973577
2023-06-18 23:00:00+00:00,0.229,1.873,83.0,0.1,15.683774
2023-06-19 00:00:00+00:00,0.232,2.073,84.0,0.0,17.414474
2023-06-19 01:00:00+00:00,0.232,2.523,85.0,0.0,19.33639
2023-06-19 02:00:00+00:00,0.233,2.923,86.0,0.0,21.194187
2023-06-19 03:00:00+00:00,0.234,3.223,88.0,0.0,21.629978
2023-06-19 04:00:00+00:00,0.235,3.923,88.0,0.0,23.34455
2023-06-19 05:00:00+00:00,0.235,4.523,84.0,0.0,25.40743
2023-06-19 06:00:00+00:00,0.234,4.773,82.0,0.0,28.357857
2023-06-19 07:00:00+00:00,0.233,4.9230003,82.0,0.0,28.66694
2023-06-19 08:00:00+00:00,0.233,5.073,80.0,0.0,28.19285
2023-06-19 09:00:00+00:00,0.232,5.1730003,78.0,0.0,28.1169
2023-06-19 10:00:00+00:00,0.232,5.023,75.0,0.0,27.729347
2023-06-19 11:00:00+00:00,0.231,4.623,79.0,0.0,24.288662
2023-06-19 12:00:00+00:00,0.231,4.573,82.0,0.0,25.671307
2023-06-19 13:00:00+00:00,0.231,4.573,80.0,0.0,25.699057
2023-06-19 14:00:00+00:00,0.231,4.7229996,76.0,0.0,25.984917
2023-06-19 15:00:00+00:00,0.23,4.9230003,72.0,0.0,25.567604
2023-06-19 16:00:00+00:00,0.229,5.2229996,72.0,0.0,25.567604
2023-06-19 17:00:00+00:00,0.229,5.373,72.0,0.0,24.64094
2023-06-19 18:00:00+00:00,0.228,5.623,71.0,0.0,23.266697
2023-06-19 19:00:00+00:00,0.228,5.523,69.0,0.0,23.110207
2023-06-19 20:00:00+00:00,0.228,5.123,71.0,0.0,20.721119
2023-06-19 21:00:00+00:00,0.228,4.773,74.0,0.0,19.734436
2023-06-19 22:00:00+00:00,0.227,4.373,74.0,0.0,19.386591
2023-06-19 23:00:00+00:00,0.227,3.823,77.0,0.0,17.533146
2023-06-20 00:00:00+00:00,0.227,3.123,78.0,0.0,19.694992
2023-06-20 01:00:00+00:00,0.227,2.923,80.0,0.0,18.331741
2023-06-20 02:00:00+00:00,0.227,2.773,81.0,0.0,17.782688
2023-06-20 03:00:00+00:00,0.227,2.773,81.0,0.0,17.917007
2023-06-20 04:00:00+00:00,0.227,2.623,82.0,0.0,17.399586
2023-06-20 05:00:00+00:00,0.227,2.1729999,87.0,0.0,14.8257065
2023-06-20 06:00:00+00:00,0.228,0.873,90.0,0.0,10.685391
2023-06-20 07:00:00+00:00,0.228,0.823,90.0,0.0,10.1887
2023-06-20 08:00:00+00:00,0.228,0.923,88.0,0.0,8.891343
2023-06-20 09:00:00+00:00,0.228,0.873,86.0,0.0,7.9932966
2023-06-20 10:00:00+00:00,0.228,0.823,84.0,0.0,7.42159
2023-06-20 11:00:00+00:00,0.228,0.673,81.0,0.0,6.792466
2023-06-20 12:00:00+00:00,0.228,0.073,82.0,0.0,6.151683
2023-06-20 13:00:00+00:00,0.228,-0.277,81.0,0.0,5.5887027
2023-06-20 14:00:00+00:00,0.228,-0.427,80.0,0.0,4.6938252
2023-06-20 15:00:00+00:00,0.228,0.273,78.0,0.0,3.6
2023-06-20 16:00:00+00:00,0.228,1.373,76.0,0.0,2.9024127
2023-06-20 17:00:00+00:00,0.228,2.323,74.0,0.0,2.5455842
2023-06-20 18:00:00+00:00,0.228,2.723,72.0,0.0,1.5273507
2023-06-20 19:00:00+00:00,0.228,2.673,71.0,0.0,1.1384199
2023-06-20 20:00:00+00:00,0.228,2.323,69.0,0.0,1.8
2023-06-20 21:00:00+00:00,0.228,1.673,70.0,0.0,2.0364676
2023-06-20 22:00:00+00:00,0.228,1.223,70.0,0.0,1.8
2023-06-20 23:00:00+00:00,0.228,0.823,70.0,0.0,2.0364676
2023-06-21 00:00:00+00:00,0.231,-0.427,78.0,0.0,2.0991426
2023-06-21 01:00:00+00:00,0.231,-1.027,78.0,0.0,2.2768397
2023-06-21 02:00:00+00:00,0.231,-2.177,83.0,0.0,3.7585104
2023-06-21 03:00:00+00:00,0.231,-4.0270004,91.0,0.0,4.510787
2023-06-21 04:00:00+00:00,0.231,-4.877,94.0,0.0,4.3349743
2023-06-21 05:00:00+00:00,0.231,-4.977,95.0,0.0,4.198285
2023-06-21 06:00:00+00:00,0.231,-3.227,100.0,0.0,5.1919937
2023-06-21 07:00:00+00:00,0.231,-2.427,100.0,0.0,4.8433046
2023-06-21 08:00:00+00:00,0.231,-1.8269999,100.0,0.0,4.6102495
2023-06-21 09:00:00+00:00,0.231,-1.527,99.0,0.0,3.7585104
2023-06-21 10:00:00+00:00,0.231,-1.427,97.0,0.0,3.0758414
2023-06-21 11:00:00+00:00,0.231,-1.577,97.0,0.0,2.1897945
2023-06-21 12:00:00+00:00,0.231,-2.327,98.0,0.0,3.4152596
2023-06-21 13:00:00+00:00,0.231,-2.877,99.0,0.0,4.6938252
2023-06-21 14:00:00+00:00,0.231,-2.827,99.0,0.0,6.2145634
2023-06-21 15:00:00+00:00,0.231,-2.927,100.0,0.0,9.007196
2023-06-21 16:00:00+00:00,0.231,-2.777,97.0,0.0,7.6367526
2023-06-21 17:00:00+00:00,0.23,-2.127,93.0,0.1,5.937272
2023-06-21 18:00:00+00:00,0.23,-1.277,93.0,0.2,6.151683
2023-06-21 19:00:00+00:00,0.23,-0.977,92.0,0.0,3.5455887
2023-06-21 20:00:00+00:00,0.23,-0.977,93.0,0.0,1.8
2023-06-21 21:00:00+00:00,0.23,-1.277,94.0,0.1,1.1384199
2023-06-21 22:00:00+00:00,0.23,-1.477,94.0,0.0,1.8
2023-06-21 23:00:00+00:00,0.23,-1.777,94.0,0.0,3.319036
2023-06-22 00:00:00+00:00,0.235,-2.077,96.0,0.0,4.3349743
2023-06-22 01:00:00+00:00,0.235,-2.127,94.0,0.0,3.7064266
2023-06-22 02:00:00+00:00,0.235,-2.177,93.0,0.0,3.7064266
2023-06-22 03:00:00+00:00,0.235,-2.277,92.0,0.0,3.319036
2023-06-22 04:00:00+00:00,0.234,-2.177,93.0,0.0,3.096837
2023-06-22 05:00:00+00:00,0.234,-2.227,93.0,0.0,3.096837
2023-06-22 06:00:00+00:00,0.236,-2.127,94.0,0.0,2.3051248
2023-06-22 07:00:00+00:00,0.24,-2.027,95.0,0.1,1.484318
2023-06-22 08:00:00+00:00,0.242,-1.977,95.0,0.3,3.319036
2023-06-22 09:00:00+00:00,0.242,-1.727,94.0,0.2,2.8116899
2023-06-22 10:00:00+00:00,0.241,-1.927,95.0,0.0,3.4152596
2023-06-22 11:00:00+00:00,0.241,-1.977,95.0,0.0,4.3349743
2023-06-22 12:00:00+00:00,0.241,-1.227,95.0,0.0,5.0142193
2023-06-22 13:00:00+00:00,0.241,-0.627,94.0,0.0,4.198285
2023-06-22 14:00:00+00:00,0.24,-0.02700001,92.0,0.0,3.563818
2023-06-22 15:00:00+00:00,0.241,0.573,91.0,0.0,3.9763298
2023-06-22 16:00:00+00:00,0.242,0.773,92.0,0.1,3.8773184
2023-06-22 17:00:00+00:00,0.242,0.923,93.0,0.2,2.3051248
2023-06-22 18:00:00+00:00,0.242,1.223,94.0,0.2,0.71999997
2023-06-22 19:00:00+00:00,0.242,1.373,93.0,0.2,0.71999997
2023-06-22 20:00:00+00:00,0.242,1.473,93.0,0.2,0.8049845
2023-06-22 21:00:00+00:00,0.242,1.473,93.0,0.2,1.0182338
2023-06-22 22:00:00+00:00,0.242,1.273,93.0,0.1,2.1897945
2023-06-22 23:00:00+00:00,0.242,0.923,94.0,0.1,1.835647
2023-06-23 00:00:00+00:00,0.242,0.673,97.0,0.1,3.6
2023-06-23 01:00:00+00:00,0.245,0.373,97.0,0.1,2.7416782
2023-06-23 02:00:00+00:00,0.242,0.223,97.0,0.2,2.9024127
2023-06-23 03:00:00+00:00,0.241,0.073,97.0,0.3,3.6
2023-06-23 04:00:00+00:00,0.24,-0.02700001,96.0,0.3,5.1165614
2023-06-23 05:00:00+00:00,0.239,-0.227,97.0,0.2,4.8433046
2023-06-23 06:00:00+00:00,0.238,-0.17699999,95.0,0.1,2.3051248
2023-06-23 07:00:00+00:00,0.238,-0.277,94.0,0.0,1.1384199
2023-06-23 08:00:00+00:00,0.238,-0.427,94.0,0.0,2.0991426
2023-06-23 09:00:00+00:00,0.237,-0.627,94.0,0.0,2.2768397
2023-06-23 10:00:00+00:00,0.237,-0.877,93.0,0.0,3.2599385
2023-06-23 11:00:00+00:00,0.237,-1.227,92.0,0.0,3.6179552
2023-06-23 12:00:00+00:00,0.237,-2.227,93.0,0.0,4.3498964
2023-06-23 13:00:00+00:00,0.237,-2.377,92.0,0.0,3.7064266
2023-06-23 14:00:00+00:00,0.237,-2.477,91.0,0.0,3.4152596
2023-06-23 15:00:00+00:00,0.236,-1.927,91.0,0.0,3.671294
2023-06-23 16:00:00+00:00,0.236,-1.227,86.0,0.0,4.802999
2023-06-23 17:00:00+00:00,0.235,-0.877,83.0,0.0,6.2145634
2023-06-23 18:00:00+00:00,0.234,-0.92700005,82.0,0.0,6.638072
2023-06-23 19:00:00+00:00,0.234,-1.027,83.0,0.0,6.924738
2023-06-23 20:00:00+00:00,0.233,-1.677,87.0,0.0,5.3999996
2023-06-23 21:00:00+00:00,0.234,-2.477,90.0,0.0,4.452954
2023-06-23 22:00:00+00:00,0.234,-2.977,91.0,0.0,4.2136917
2023-06-23 23:00:00+00:00,0.234,-3.127,91.0,0.0,4.2136917
2023-06-24 00:00:00+00:00,0.234,-3.327,91.0,0.0,4.1046314
2023-06-24 01:00:00+00:00,0.234,-3.377,90.0,0.0,4.510787
2023-06-24 02:00:00+00:00,0.234,-3.477,89.0,0.0,4.6938257
2023-06-24 03:00:00+00:00,0.234,-3.677,88.0,0.0,4.39436
2023-06-24 04:00:00+00:00,0.234,-3.877,88.0,0.0,3.8268526
2023-06-24 05:00:00+00:00,0.234,-4.127,88.0,0.0,3.8939953
2023-06-24 06:00:00+00:00,0.234,-4.3269997,87.0,0.0,3.6
2023-06-24 07:00:00+00:00,0.234,-4.427,87.0,0.0,3.396233
2023-06-24 08:00:00+00:00,0.234,-4.477,87.0,0.0,2.8116899
2023-06-24 09:00:00+00:00,0.233,-4.477,88.0,0.0,2.8116899
2023-06-24 10:00:00+00:00,0.233,-4.5270004,90.0,0.0,2.5959969
2023-06-24 11:00:00+00:00,0.233,-4.427,92.0,0.1,2.8116899
2023-06-24 12:00:00+00:00,0.233,-4.127,93.0,0.1,4.510787
2023-06-24 13:00:00+00:00,0.233,-4.0769997,94.0,0.2,4.39436
2023-06-24 14:00:00+00:00,0.233,-3.677,94.0,0.2,4.39436
2023-06-24 15:00:00+00:00,0.233,-3.227,95.0,0.3,4.1046314
2023-06-24 16:00:00+00:00,0.233,-2.727,95.0,0.3,4.1046314
2023-06-24 17:00:00+00:00,0.233,-2.177,95.0,0.2,4.072935
2023-06-24 18:00:00+00:00,0.233,-1.527,95.0,0.1,4.39436
2023-06-24 19:00:00+00:00,0.233,-1.277,95.0,0.1,4.6938257
2023-06-24 20:00:00+00:00,0.233,-1.377,96.0,0.0,3.8939953
2023-06-24 21:00:00+00:00,0.233,-1.677,96.0,0.0,3.563818
2023-06-24 22:00:00+00:00,0.233,-1.727,97.0,0.0,3.8268526
2023-06-24 23:00:00+00:00,0.233,-1.777,97.0,0.0,3.096837
2023-06-25 00:00:00+00:00,0.233,-1.577,97.0,0.0,3.8268526
2023-06-25 01:00:00+00:00,0.233,-1.427,97.0,0.0,3.319036
2023-06-25 02:00:00+00:00,0.233,-1.377,97.0,0.0,2.5455842
2023-06-25 03:00:00+00:00,0.233,-1.427,97.0,0.0,2.7416782
2023-06-25 04:00:00+00:00,0.233,-1.477,97.0,0.0,2.5455842
2023-06-25 05:00:00+00:00,0.233,-1.427,98.0,0.0,1.8
2023-06-25 06:00:00+00:00,0.233,-1.427,98.0,0.0,2.2768397
2023-06-25 07:00:00+00:00,0.233,-1.527,98.0,0.0,2.968636
2023-06-25 08:00:00+00:00,0.233,-1.727,99.0,0.0,3.6179552
2023-06-25 09:00:00+00:00,0.233,-1.777,98.0,0.0,3.6179552
2023-06-25 10:00:00+00:00,0.233,-1.977,98.0,0.0,3.9763298
2023-06-25 11:00:00+00:00,0.233,-2.077,98.0,0.0,3.96
2023-06-25 12:00:00+00:00,0.233,-2.177,99.0,0.0,3.671294
2023-06-25 13:00:00+00:00,0.233,-2.427,99.0,0.0,3.0758414
2023-06-25 14:00:00+00:00,0.233,-2.527,99.0,0.0,3.219938
2023-06-25 15:00:00+00:00,0.233,-1.8770001,98.0,0.0,2.968636
2023-06-25 16:00:00+00:00,0.233,-0.977,98.0,0.0,3.2399998
2023-06-25 17:00:00+00:00,0.233,-0.37699997,96.0,0.0,4.0249224
2023-06-25 18:00:00+00:00,0.233,0.023000002,96.0,0.0,2.968636
2023-06-25 19:00:00+00:00,0.233,0.073,97.0,0.0,2.5455842
2023-06-25 20:00:00+00:00,0.233,-0.227,98.0,0.0,2.2768397
2023-06-25 21:00:00+00:00,0.233,-1.027,99.0,0.0,1.835647
2023-06-25 22:00:00+00:00,0.233,-1.227,100.0,0.0,1.0182338
2023-06-25 23:00:00+00:00,0.233,-1.477,100.0,0.0,1.9386592
2023-06-26 00:00:00+00:00,0.233,-2.677,100.0,0.0,2.1897945
2023-06-26 01:00:00+00:00,0.233,-2.277,100.0,0.0,2.3051248
2023-06-26 02:00:00+00:00,0.233,-1.727,97.0,0.0,2.9024127
2023-06-26 03:00:00+00:00,0.233,-1.227,94.0,0.0,3.7064266
2023-06-26 04:00:00+00:00,0.233,-0.677,92.0,0.0,5.315336
2023-06-26 05:00:00+00:00,0.233,-0.127,91.0,0.0,7.0911775
2023-06-26 06:00:00+00:00,0.233,-0.427,90.0,0.0,7.289444
2023-06-26 07:00:00+00:00,0.233,-0.527,88.0,0.0,8.766573
2023-06-26 08:00:00+00:00,0.233,-0.727,88.0,0.0,9.028754
2023-06-26 09:00:00+00:00,0.233,-0.92700005,88.0,0.0,9.659814
2023-06-26 10:00:00+00:00,0.233,-1.227,87.0,0.0,9.983106
2023-06-26 11:00:00+00:00,0.232,-1.377,85.0,0.0,10.028439
2023-06-26 12:00:00+00:00,0.232,-2.077,86.0,0.0,7.69592
2023-06-26 13:00:00+00:00,0.232,-2.377,85.0,0.0,7.69592
2023-06-26 14:00:00+00:00,0.232,-2.327,84.0,0.0,7.771331
2023-06-26 15:00:00+00:00,0.232,-1.577,80.0,0.0,9.605998
2023-06-26 16:00:00+00:00,0.231,-1.027,79.0,0.0,10.587917
2023-06-26 17:00:00+00:00,0.23,-0.527,78.0,0.0,11.440979
2023-06-26 18:00:00+00:00,0.229,-0.32700002,79.0,0.0,10.966713
2023-06-26 19:00:00+00:00,0.229,-0.527,80.0,0.0,10.787993
2023-06-26 20:00:00+00:00,0.229,-1.477,84.0,0.0,8.891343
2023-06-26 21:00:00+00:00,0.229,-2.377,84.0,0.0,6.9153743
2023-06-26 22:00:00+00:00,0.229,-3.327,87.0,0.0,5.6002855
2023-06-26 23:00:00+00:00,0.229,-4.0769997,88.0,0.0,5.1165614
2023-06-27 00:00:00+00:00,0.23,-4.3269997,82.0,0.0,5.1165614
2023-06-27 01:00:00+00:00,0.23,-4.877,84.0,0.0,4.39436
2023-06-27 02:00:00+00:00,0.23,-5.5270004,86.0,0.0,4.1046314
2023-06-27 03:00:00+00:00,0.23,-6.127,88.0,0.0,3.396233
2023-06-27 04:00:00+00:00,0.23,-6.8269997,91.0,0.0,3.5455887
2023-06-27 05:00:00+00:00,0.23,-7.477,93.0,0.0,3.9763298
2023-06-27 06:00:00+00:00,0.23,-7.727,90.0,0.0,3.96
2023-06-27 07:00:00+00:00,0.23,-7.927,90.0,0.0,3.96
2023-06-27 08:00:00+00:00,0.23,-8.177,90.0,0.0,3.96
2023-06-27 09:00:00+00:00,0.23,-8.427,91.0,0.0,3.9763298
2023-06-27 10:00:00+00:00,0.23,-8.627,91.0,0.0,4.0249224
2023-06-27 11:00:00+00:00,0.23,-8.727,91.0,0.0,4.0249224
2023-06-27 12:00:00+00:00,0.23,-8.077001,90.0,0.0,3.8773184
2023-06-27 13:00:00+00:00,0.23,-7.877,89.0,0.0,3.8773184
2023-06-27 14:00:00+00:00,0.23,-7.177,86.0,0.0,3.7064266
2023-06-27 15:00:00+00:00,0.23,-5.927,85.0,0.0,3.396233
2023-06-27 16:00:00+00:00,0.23,-4.377,85.0,0.0,3.096837
2023-06-27 17:00:00+00:00,0.23,-2.927,83.0,0.0,3.0547013
2023-06-27 18:00:00+00:00,0.229,-2.277,82.0,0.0,2.6208394
2023-06-27 19:00:00+00:00,0.229,-2.077,80.0,0.0,1.9386592
2023-06-27 20:00:00+00:00,0.229,-2.427,80.0,0.0,1.609969
2023-06-27 21:00:00+00:00,0.229,-3.027,80.0,0.0,1.8
2023-06-27 22:00:00+00:00,0.229,-3.7770002,84.0,0.0,2.3051248
2023-06-27 23:00:00+00:00,0.229,-4.677,89.0,0.0,3.396233
2023-06-28 00:00:00+00:00,0.229,-4.377,88.0,0.0,3.0758414
2023-06-28 01:00:00+00:00,0.229,-4.427,89.0,0.0,2.9024127
2023-06-28 02:00:00+00:00,0.229,-4.5270004,89.0,0.0,2.9024127
2023-06-28 03:00:00+00:00,0.229,-4.677,90.0,0.0,2.52
2023-06-28 04:00:00+00:00,0.23,-4.8269997,91.0,0.0,2.52
2023-06-28 05:00:00+00:00,0.23,-4.927,92.0,0.0,2.9024127
2023-06-28 06:00:00+00:00,0.23,-4.227,90.0,0.0,3.0758414
2023-06-28 07:00:00+00:00,0.23,-4.2770004,90.0,0.0,2.9024127
2023-06-28 08:00:00+00:00,0.23,-4.3269997,91.0,0.0,3.0547013
2023-06-28 09:00:00+00:00,0.23,-4.427,93.0,0.0,3.0547013
2023-06-28 10:00:00+00:00,0.23,-4.427,94.0,0.0,3.096837
2023-06-28 11:00:00+00:00,0.23,-4.5270004,94.0,0.0,2.8116899
2023-06-28 12:00:00+00:00,0.23,-4.177,95.0,0.0,4.3498964
2023-06-28 13:00:00+00:00,0.23,-4.177,95.0,0.1,4.6938257
2023-06-28 14:00:00+00:00,0.23,-3.977,94.0,0.1,5.1919937
2023-06-28 15:00:00+00:00,0.23,-3.377,93.0,0.1,5.904439
2023-06-28 16:00:00+00:00,0.23,-2.827,92.0,0.1,6.989936
2023-06-28 17:00:00+00:00,0.229,-2.327,91.0,0.1,7.9932966
2023-06-28 18:00:00+00:00,0.229,-2.177,92.0,0.1,7.42159
2023-06-28 19:00:00+00:00,0.229,-2.177,93.0,0.1,7.2
2023-06-28 20:00:00+00:00,0.229,-2.377,93.0,0.1,6.4096174
2023-06-28 21:00:00+00:00,0.229,-2.677,93.0,0.0,5.692099
2023-06-28 22:00:00+00:00,0.229,-2.727,93.0,0.0,5.8603754
2023-06-28 23:00:00+00:00,0.229,-2.727,92.0,0.0,6.1094027
2023-06-29 00:00:00+00:00,0.229,-2.827,91.0,0.0,6.4096174
2023-06-29 01:00:00+00:00,0.229,-2.777,91.0,0.0,6.6087217
2023-06-29 02:00:00+00:00,0.229,-2.777,92.0,0.1,6.439876
2023-06-29 03:00:00+00:00,0.229,-2.827,93.0,0.0,6.6087217
2023-06-29 04:00:00+00:00,0.229,-2.877,93.0,0.0,6.792466
2023-06-29 05:00:00+00:00,0.229,-2.727,93.0,0.0,7.10031
2023-06-29 06:00:00+00:00,0.229,-1.927,95.0,0.1,10.028439
2023-06-29 07:00:00+00:00,0.229,-1.727,95.0,0.2,10.931203
2023-06-29 08:00:00+00:00,0.229,-1.377,96.0,0.1,11.792404
2023-06-29 09:00:00+00:00,0.229,-0.977,96.0,0.2,11.659777
2023-06-29 10:00:00+00:00,0.229,-0.627,96.0,0.1,10.1376915
2023-06-29 11:00:00+00:00,0.229,-0.527,96.0,0.0,7.342588
2023-06-29 12:00:00+00:00,0.229,-0.577,96.0,0.0,7.5170207
2023-06-29 13:00:00+00:00,0.23,-0.577,97.0,0.0,6.792466
2023-06-29 14:00:00+00:00,0.23,-0.427,97.0,0.0,6.9247384
2023-06-29 15:00:00+00:00,0.23,0.023000002,97.0,0.0,5.991594
2023-06-29 16:00:00+00:00,0.23,0.323,98.0,0.0,5.634891
2023-06-29 17:00:00+00:00,0.23,0.423,98.0,0.0,5.154415
2023-06-29 18:00:00+00:00,0.232,0.873,98.0,0.0,5.3517847
2023-06-29 19:00:00+00:00,0.232,1.023,98.0,0.0,5.154415
2023-06-29 20:00:00+00:00,0.232,0.823,99.0,0.0,5.00128
2023-06-29 21:00:00+00:00,0.232,0.673,99.0,0.0,4.6938257
2023-06-29 22:00:00+00:00,0.231,0.523,99.0,0.0,4.3349743
2023-06-29 23:00:00+00:00,0.231,0.473,99.0,0.0,4.3349743
2023-06-30 00:00:00+00:00,0.23,0.223,99.0,0.0,4.1046314
2023-06-30 01:00:00+00:00,0.23,0.073,99.0,0.0,3.4152596
2023-06-30 02:00:00+00:00,0.23,-0.127,99.0,0.0,3.219938
2023-06-30 03:00:00+00:00,0.23,-0.227,99.0,0.0,3.563818
2023-06-30 04:00:00+00:00,0.23,-0.32700002,98.0,0.0,3.219938
2023-06-30 05:00:00+00:00,0.23,-0.527,99.0,0.0,3.5455887
2023-06-30 06:00:00+00:00,0.23,-0.37699997,98.0,0.0,3.319036
2023-06-30 07:00:00+00:00,0.23,-0.527,98.0,0.0,3.8268526
2023-06-30 08:00:00+00:00,0.23,-0.677,98.0,0.0,3.8268526
2023-06-30 09:00:00+00:00,0.23,-0.577,98.0,0.0,4.8965297
2023-06-30 10:00:00+00:00,0.23,-0.477,99.0,0.0,5.154415
2023-06-30 11:00:00+00:00,0.23,-0.32700002,98.0,0.0,5.0142193
2023-06-30 12:00:00+00:00,0.23,-0.32700002,99.0,0.0,6.379216
2023-06-30 13:00:00+00:00,0.23,-0.17699999,98.0,0.0,7.2359104
2023-06-30 14:00:00+00:00,0.23,0.073,98.0,0.0,7.9526596
2023-06-30 15:00:00+00:00,0.23,0.373,97.0,0.0,8.707238
2023-06-30 16:00:00+00:00,0.245,1.173,96.0,0.0,9.779817
2023-06-30 17:00:00+00:00,0.249,1.573,95.0,0.0,11.726277
2023-06-30 18:00:00+00:00,0.247,1.623,94.0,0.0,10.630672
2023-06-30 19:00:00+00:00,0.246,2.023,93.0,0.0,9.693296
2023-06-30 20:00:00+00:00,0.245,2.1230001,94.0,0.0,8.669949
2023-06-30 21:00:00+00:00,0.243,1.723,96.0,0.0,7.771331
2023-06-30 22:00:00+00:00,0.242,1.823,96.0,0.0,7.9932976
2023-06-30 23:00:00+00:00,0.241,1.923,96.0,0.0,6.849467
2023-07-01 00:00:00+00:00,0.242,2.1230001,95.0,0.0,7.2359104
2023-07-01 01:00:00+00:00,0.242,1.973,96.0,0.0,7.928178
2023-07-01 02:00:00+00:00,0.261,1.823,97.0,0.9,6.12
2023-07-01 03:00:00+00:00,0.278,1.973,96.0,1.4,5.4119864
2023-07-01 04:00:00+00:00,0.269,1.723,96.0,0.3,5.2416787
2023-07-01 05:00:00+00:00,0.263,1.573,96.0,0.0,3.0758414
2023-07-01 06:00:00+00:00,0.265,1.673,97.0,0.0,4.8433046
2023-07-01 07:00:00+00:00,0.261,1.473,98.0,0.0,4.1046314
2023-07-01 08:00:00+00:00,0.259,1.373,98.0,0.0,4.198285
2023-07-01 09:00:00+00:00,0.257,1.473,98.0,0.0,4.2136917
2023-07-01 10:00:00+00:00,0.256,1.623,98.0,0.0,3.671294
2023-07-01 11:00:00+00:00,0.255,1.523,99.0,0.0,7.342588
2023-07-01 12:00:00+00:00,0.259,2.023,98.0,0.0,12.371645
2023-07-01 13:00:00+00:00,0.261,2.1230001,97.0,0.0,14.404499
2023-07-01 14:00:00+00:00,0.264,2.423,97.0,0.0,15.124284
2023-07-01 15:00:00+00:00,0.263,2.773,95.0,0.0,15.546833
2023-07-01 16:00:00+00:00,0.259,3.173,95.0,0.0,16.199999
2023-07-01 17:00:00+00:00,0.256,3.623,93.0,0.0,18.532133
2023-07-01 18:00:00+00:00,0.255,3.873,94.0,0.0,18.0036
2023-07-01 19:00:00+00:00,0.254,4.073,93.0,0.0,20.598795
2023-07-01 20:00:00+00:00,0.253,4.123,92.0,0.0,21.605999
2023-07-01 21:00:00+00:00,0.265,4.4230003,91.0,0.4,24.312662
2023-07-01 22:00:00+00:00,0.282,4.823,90.0,0.6,24.567198
2023-07-01 23:00:00+00:00,0.283,5.123,89.0,0.3,24.951921
2023-07-02 00:00:00+00:00,0.294,5.323,88.0,0.7,25.20257
2023-07-02 01:00:00+00:00,0.307,5.523,91.0,1.0,26.87491
2023-07-02 02:00:00+00:00,0.298,5.9230003,89.0,0.3,26.785547
2023-07-02 03:00:00+00:00,0.288,6.023,88.0,0.0,22.768396
2023-07-02 04:00:00+00:00,0.282,5.823,89.0,0.0,17.81909
2023-07-02 05:00:00+00:00,0.279,5.6730003,91.0,0.0,15.30741
2023-07-02 06:00:00+00:00,0.278,5.4729996,92.0,0.0,9.693296
2023-07-02 07:00:00+00:00,0.28,4.9729996,95.0,0.2,5.937272
2023-07-02 08:00:00+00:00,0.304,4.573,97.0,0.9,3.219938
2023-07-02 09:00:00+00:00,0.315,4.323,97.0,0.9,3.6
2023-07-02 10:00:00+00:00,0.321,4.073,94.0,1.1,8.891344
2023-07-02 11:00:00+00:00,0.313,3.823,94.0,0.4,12.9249525
2023-07-02 12:00:00+00:00,0.307,3.473,95.0,0.0,12.522619
2023-07-02 13:00:00+00:00,0.3,3.373,94.0,0.0,15.978484
2023-07-02 14:00:00+00:00,0.296,3.423,94.0,0.0,16.42247
2023-07-02 15:00:00+00:00,0.292,3.773,91.0,0.0,15.137133
2023-07-02 16:00:00+00:00,0.289,4.9230003,79.0,0.0,17.238699
2023-07-02 17:00:00+00:00,0.286,5.6730003,69.0,0.0,18.057508
2023-07-02 18:00:00+00:00,0.283,5.823,69.0,0.0,17.388409
2023-07-02 19:00:00+00:00,0.281,5.573,67.0,0.0,19.008545
2023-07-02 20:00:00+00:00,0.279,4.7229996,66.0,0.0,17.782686
2023-07-02 21:00:00+00:00,0.278,3.473,74.0,0.0,8.669949
2023-07-02 22:00:00+00:00,0.277,2.323,79.0,0.0,4.6938257
2023-07-02 23:00:00+00:00,0.276,1.073,85.0,0.0,6.9899354
2023-07-03 00:00:00+00:00,0.277,0.673,87.0,0.0,9.0
2023-07-03 01:00:00+00:00,0.276,1.073,84.0,0.0,11.177405
2023-07-03 02:00:00+00:00,0.276,1.373,84.0,0.0,12.397806
2023-07-03 03:00:00+00:00,0.275,2.473,80.0,0.0,15.408671
2023-07-03 04:00:00+00:00,0.274,3.973,73.0,0.0,17.786331
2023-07-03 05:00:00+00:00,0.272,4.873,71.0,0.0,20.523157
2023-07-03 06:00:00+00:00,0.271,5.4729996,72.0,0.3,25.006397
2023-07-03 07:00:00+00:00,0.27,5.523,71.0,0.0,24.84
2023-07-03 08:00:00+00:00,0.268,5.1730003,73.0,0.0,22.065973
2023-07-03 09:00:00+00:00,0.267,4.523,76.0,0.0,16.595179
2023-07-03 10:00:00+00:00,0.266,3.823,79.0,0.0,5.506941
2023-07-03 11:00:00+00:00,0.266,3.573,78.0,0.0,4.1046314
2023-07-03 12:00:00+00:00,0.265,1.173,93.0,0.0,5.692099
2023-07-03 13:00:00+00:00,0.266,1.123,94.0,0.0,5.1544156
2023-07-03 14:00:00+00:00,0.274,1.223,94.0,0.3,2.0991426
2023-07-03 15:00:00+00:00,0.279,0.973,96.0,0.5,3.0547013
2023-07-03 16:00:00+00:00,0.276,1.073,96.0,0.2,3.219938
2023-07-03 17:00:00+00:00,0.275,1.423,96.0,0.0,3.5455887
2023-07-03 18:00:00+00:00,0.282,1.873,96.0,0.0,4.0249224
2023-07-03 19:00:00+00:00,0.279,1.973,94.0,0.0,3.6
2023-07-03 20:00:00+00:00,0.276,1.473,94.0,0.0,4.73506
2023-07-03 21:00:00+00:00,0.274,1.023,94.0,0.0,6.87779
2023-07-03 22:00:00+00:00,0.274,1.223,90.0,0.0,8.049845
2023-07-03 23:00:00+00:00,0.273,1.173,87.0,0.0,9.107359
2023-07-04 00:00:00+00:00,0.274,0.623,90.0,0.0,9.693296
2023-07-04 01:00:00+00:00,0.274,0.573,93.0,0.0,10.703569
2023-07-04 02:00:00+00:00,0.274,0.523,93.0,0.0,11.27553
2023-07-04 03:00:00+00:00,0.274,0.573,93.0,0.0,11.525623
2023-07-04 04:00:00+00:00,0.274,0.523,93.0,0.0,10.829959
2023-07-04 05:00:00+00:00,0.274,0.523,93.0,0.0,10.931203
2023-07-04 06:00:00+00:00,0.274,0.323,93.0,0.0,10.703569
2023-07-04 07:00:00+00:00,0.274,0.223,92.0,0.0,9.449572
2023-07-04 08:00:00+00:00,0.274,-0.07699999,93.0,0.0,7.172949
2023-07-04 09:00:00+00:00,0.274,-0.37699997,94.0,0.0,5.5887027
2023-07-04 10:00:00+00:00,0.274,-0.677,94.0,0.0,4.896529
2023-07-04 11:00:00+00:00,0.274,-0.877,94.0,0.0,4.510787
2023-07-04 12:00:00+00:00,0.274,-1.077,93.0,0.0,3.219938
2023-07-04 13:00:00+00:00,0.274,-0.977,90.0,0.0,2.5959969
2023-07-04 14:00:00+00:00,0.274,-0.727,88.0,0.0,1.8
2023-07-04 15:00:00+00:00,0.274,-0.427,87.0,0.0,2.9024127
2023-07-04 16:00:00+00:00,0.273,0.223,89.0,0.0,2.5455842
2023-07-04 17:00:00+00:00,0.273,1.273,86.0,0.0,2.0991426
2023-07-04 18:00:00+00:00,0.277,1.823,83.0,0.0,0.8049845
2023-07-04 19:00:00+00:00,0.277,1.823,83.0,0.0,2.3051248
2023-07-04 20:00:00+00:00,0.276,1.373,84.0,0.0,1.9386592
2023-07-04 21:00:00+00:00,0.276,0.823,84.0,0.0,1.835647
2023-07-04 22:00:00+00:00,0.276,0.17300001,86.0,0.0,2.16
2023-07-04 23:00:00+00:00,0.275,-0.277,87.0,0.0,2.0991426
2023-07-05 00:00:00+00:00,0.275,-2.227,97.0,0.0,0.5091169
2023-07-05 01:00:00+00:00,0.275,-2.577,97.0,0.0,2.5455842
2023-07-05 02:00:00+00:00,0.275,-3.177,97.0,0.0,2.52
2023-07-05 03:00:00+00:00,0.275,-3.277,95.0,0.0,2.8116899
2023-07-05 04:00:00+00:00,0.275,-3.077,94.0,0.0,3.0758414
2023-07-05 05:00:00+00:00,0.275,-3.027,94.0,0.0,2.9024127
2023-07-05 06:00:00+00:00,0.275,-3.627,99.0,0.0,3.671294
2023-07-05 07:00:00+00:00,0.275,-3.827,99.0,0.0,3.219938
2023-07-05 08:00:00+00:00,0.275,-4.177,100.0,0.0,2.5455842
2023-07-05 09:00:00+00:00,0.275,-4.2770004,99.0,0.0,2.0991426
2023-07-05 10:00:00+00:00,0.275,-4.377,99.0,0.0,3.0758414
2023-07-05 11:00:00+00:00,0.275,-4.7770004,100.0,0.0,3.4152596
2023-07-05 12:00:00+00:00,0.275,-5.0270004,100.0,0.0,2.9024127
2023-07-05 13:00:00+00:00,0.275,-5.0769997,100.0,0.0,2.1897945
2023-07-05 14:00:00+00:00,0.275,-5.0769997,100.0,0.0,2.3051248
2023-07-05 15:00:00+00:00,0.275,-4.477,100.0,0.0,3.6
2023-07-05 16:00:00+00:00,0.274,-3.227,96.0,0.0,3.0547013
2023-07-05 17:00:00+00:00,0.274,-1.927,91.0,0.0,2.968636
2023-07-05 18:00:00+00:00,0.274,-0.477,94.0,0.0,2.9024127
2023-07-05 19:00:00+00:00,0.273,-0.17699999,92.0,0.0,3.319036
2023-07-05 20:00:00+00:00,0.273,-0.627,92.0,0.0,3.319036
2023-07-05 21:00:00+00:00,0.273,-1.177,93.0,0.0,3.6179552
2023-07-05 22:00:00+00:00,0.273,-1.527,95.0,0.0,3.319036
2023-07-05 23:00:00+00:00,0.273,-1.927,96.0,0.0,3.7585104
2023-07-06 00:00:00+00:00,0.273,-2.877,98.0,0.0,4.0249224
2023-07-06 01:00:00+00:00,0.273,-3.227,99.0,0.0,4.0249224
2023-07-06 02:00:00+00:00,0.273,-3.377,100.0,0.0,3.7585104
2023-07-06 03:00:00+00:00,0.273,-3.277,99.0,0.0,4.0249224
2023-07-06 04:00:00+00:00,0.273,-3.427,100.0,0.0,4.379589
2023-07-06 05:00:00+00:00,0.273,-3.727,99.0,0.0,4.0249224
2023-07-06 06:00:00+00:00,0.273,-3.477,99.0,0.0,5.0911684
2023-07-06 07:00:00+00:00,0.273,-3.827,99.0,0.0,5.0528407
2023-07-06 08:00:00+00:00,0.273,-4.177,100.0,0.0,4.3349743
2023-07-06 09:00:00+00:00,0.273,-4.377,100.0,0.0,4.6938252
2023-07-06 10:00:00+00:00,0.273,-4.477,100.0,0.0,4.6938252
2023-07-06 11:00:00+00:00,0.273,-4.5769997,99.0,0.0,5.3999996
2023-07-06 12:00:00+00:00,0.273,-4.8269997,99.0,0.0,5.4119864
2023-07-06 13:00:00+00:00,0.273,-4.8269997,99.0,0.0,5.3999996
2023-07-06 14:00:00+00:00,0.273,-4.377,99.0,0.0,5.8048253
2023-07-06 15:00:00+00:00,0.273,-2.777,95.0,0.0,6.130579
2023-07-06 16:00:00+00:00,0.273,-0.627,90.0,0.0,7.2
2023-07-06 17:00:00+00:00,0.272,1.123,85.0,0.0,9.746631
2023-07-06 18:00:00+00:00,0.272,1.473,87.0,0.0,11.165805
2023-07-06 19:00:00+00:00,0.272,1.373,87.0,0.0,11.165805
2023-07-06 20:00:00+00:00,0.271,0.973,87.0,0.0,10.8955765
2023-07-06 21:00:00+00:00,0.271,0.423,85.0,0.0,10.8955765
2023-07-06 22:00:00+00:00,0.271,-0.02700001,85.0,0.0,10.8955765
2023-07-06 23:00:00+00:00,0.271,-0.02700001,85.0,0.0,9.826088
2023-07-07 00:00:00+00:00,0.271,0.17300001,88.0,0.0,10.308831
2023-07-07 01:00:00+00:00,0.271,0.223,88.0,0.0,9.422101
2023-07-07 02:00:00+00:00,0.271,0.073,87.0,0.0,9.007196
2023-07-07 03:00:00+00:00,0.271,-0.17699999,88.0,0.0,9.0
2023-07-07 04:00:00+00:00,0.271,-0.277,89.0,0.0,8.350138
2023-07-07 05:00:00+00:00,0.271,-0.37699997,90.0,0.0,6.924738
2023-07-07 06:00:00+00:00,0.271,-0.92700005,92.0,0.0,5.4119864
2023-07-07 07:00:00+00:00,0.271,-1.177,92.0,0.0,4.73506
2023-07-07 08:00:00+00:00,0.271,-1.627,93.0,0.0,3.8939953
2023-07-07 09:00:00+00:00,0.271,-2.127,94.0,0.0,3.7064266
2023-07-07 10:00:00+00:00,0.271,-2.677,95.0,0.0,3.8773184
2023-07-07 11:00:00+00:00,0.271,-3.177,96.0,0.0,3.8773184
2023-07-07 12:00:00+00:00,0.271,-3.227,91.0,0.0,2.52
2023-07-07 13:00:00+00:00,0.271,-4.0270004,94.0,0.0,2.968636
2023-07-07 14:00:00+00:00,0.271,-4.477,95.0,0.0,3.219938
2023-07-07 15:00:00+00:00,0.271,-3.577,94.0,0.0,3.2599385
2023-07-07 16:00:00+00:00,0.27,-1.927,90.0,0.0,3.96
2023-07-07 17:00:00+00:00,0.27,-0.577,88.0,0.0,3.9763298
2023-07-07 18:00:00+00:00,0.269,0.373,82.0,0.0,5.506941
2023-07-07 19:00:00+00:00,0.269,0.623,82.0,0.0,6.2145634
2023-07-07 20:00:00+00:00,0.269,0.373,82.0,0.0,6.87779
2023-07-07 21:00:00+00:00,0.269,-0.627,84.0,0.0,6.4799995
2023-07-07 22:00:00+00:00,0.269,-1.527,85.0,0.0,6.130579
2023-07-07 23:00:00+00:00,0.269,-2.227,86.0,0.0,5.506941
2023-07-08 00:00:00+00:00,0.269,-3.027,89.0,0.0,5.4119864
2023-07-08 01:00:00+00:00,0.269,-3.477,89.0,0.0,4.68
2023-07-08 02:00:00+00:00,0.269,-3.877,90.0,0.0,3.96
2023-07-08 03:00:00+00:00,0.269,-4.2770004,91.0,0.0,3.6179552
2023-07-08 04:00:00+00:00,0.269,-4.627,92.0,0.0,3.96
2023-07-08 05:00:00+00:00,0.269,-4.8269997,92.0,0.0,4.6938252
2023-07-08 06:00:00+00:00,0.269,-4.727,91.0,0.0,5.506941
2023-07-08 07:00:00+00:00,0.269,-4.477,90.0,0.0,5.4477882
2023-07-08 08:00:00+00:00,0.269,-4.427,89.0,0.0,4.73506
2023-07-08 09:00:00+00:00,0.269,-4.427,89.0,0.0,5.04
2023-07-08 10:00:00+00:00,0.269,-4.427,90.0,0.0,5.4477882
2023-07-08 11:00:00+00:00,0.269,-4.2770004,90.0,0.0,5.3999996
2023-07-08 12:00:00+00:00,0.269,-4.5769997,89.0,0.0,5.771239
2023-07-08 13:00:00+00:00,0.269,-4.477,89.0,0.0,5.4119864
2023-07-08 14:00:00+00:00,0.269,-3.9269998,90.0,0.0,5.1544156
2023-07-08 15:00:00+00:00,0.269,-3.027,90.0,0.0,5.0911684
2023-07-08 16:00:00+00:00,0.269,-2.027,90.0,0.0,4.73506
2023-07-08 17:00:00+00:00,0.269,-1.077,90.0,0.0,4.3349743
2023-07-08 18:00:00+00:00,0.268,0.223,87.0,0.0,4.6938252
2023-07-08 19:00:00+00:00,0.268,0.423,88.0,0.0,4.452954
2023-07-08 20:00:00+00:00,0.268,0.023000002,89.0,0.0,4.1046314
2023-07-08 21:00:00+00:00,0.268,-0.92700005,89.0,0.0,4.1046314
2023-07-08 22:00:00+00:00,0.268,-1.8269999,90.0,0.0,3.9763298
2023-07-08 23:00:00+00:00,0.268,-2.577,91.0,0.0,3.7585104
2023-07-09 00:00:00+00:00,0.268,-3.277,90.0,0.0,3.671294
2023-07-09 01:00:00+00:00,0.268,-3.977,93.0,0.0,3.0758414
2023-07-09 02:00:00+00:00,0.268,-4.727,95.0,0.0,2.8116899
2023-07-09 03:00:00+00:00,0.268,-5.427,98.0,0.0,3.096837
2023-07-09 04:00:00+00:00,0.268,-5.427,97.0,0.0,2.9024127
2023-07-09 05:00:00+00:00,0.268,-5.377,96.0,0.0,3.0758414
2023-07-09 06:00:00+00:00,0.268,-5.2770004,93.0,0.0,5.0911684
2023-07-09 07:00:00+00:00,0.268,-5.5270004,93.0,0.0,5.1544156
2023-07-09 08:00:00+00:00,0.268,-5.727,93.0,0.0,4.5536795
2023-07-09 09:00:00+00:00,0.268,-5.927,93.0,0.0,4.802999
2023-07-09 10:00:00+00:00,0.268,-6.0270004,93.0,0.0,4.73506
2023-07-09 11:00:00+00:00,0.268,-6.127,94.0,0.0,5.0528407
2023-07-09 12:00:00+00:00,0.268,-6.2770004,93.0,0.0,5.0911684
2023-07-09 13:00:00+00:00,0.268,-6.177,93.0,0.0,5.0911684
2023-07-09 14:00:00+00:00,0.268,-5.727,93.0,0.0,5.1544156
2023-07-09 15:00:00+00:00,0.268,-4.427,93.0,0.0,5.0911684
2023-07-09 16:00:00+00:00,0.268,-2.527,92.0,0.0,5.4477882
2023-07-09 17:00:00+00:00,0.268,-0.827,91.0,0.0,5.771239
2023-07-09 18:00:00+00:00,0.268,0.122999996,89.0,0.0,5.4119864
2023-07-09 19:00:00+00:00,0.268,0.423,91.0,0.0,5.2416787
2023-07-09 20:00:00+00:00,0.268,0.323,92.0,0.0,4.5536795
2023-07-09 21:00:00+00:00,0.268,-0.127,92.0,0.0,4.3498964
2023-07-09 22:00:00+00:00,0.268,-0.627,93.0,0.0,3.8939953
2023-07-09 23:00:00+00:00,0.268,-1.077,94.0,0.0,3.8773184
2023-07-10 00:00:00+00:00,0.268,-1.577,95.0,0.0,4.2136917
2023-07-10 01:00:00+00:00,0.268,-1.527,95.0,0.0,4.0249224
2023-07-10 02:00:00+00:00,0.268,-1.527,95.0,0.0,3.5455887
2023-07-10 03:00:00+00:00,0.268,-1.427,94.0,0.0,3.0758414
2023-07-10 04:00:00+00:00,0.268,-1.527,94.0,0.0,2.5959969
2023-07-10 05:00:00+00:00,0.268,-1.727,95.0,0.0,2.7416782
2023-07-10 06:00:00+00:00,0.268,-3.027,98.0,0.0,3.671294
2023-07-10 07:00:00+00:00,0.268,-3.7770002,98.0,0.0,3.96
2023-07-10 08:00:00+00:00,0.268,-3.977,98.0,0.0,4.1046314
2023-07-10 09:00:00+00:00,0.268,-4.377,98.0,0.0,4.0249224
2023-07-10 10:00:00+00:00,0.268,-4.8269997,98.0,0.0,3.6
2023-07-10 11:00:00+00:00,0.268,-4.877,97.0,0.0,3.9763298
2023-07-10 12:00:00+00:00,0.268,-5.8269997,96.0,0.0,5.4477882
2023-07-10 13:00:00+00:00,0.268,-5.727,95.0,0.0,4.6938252
2023-07-10 14:00:00+00:00,0.268,-5.5270004,95.0,0.0,4.68
2023-07-10 15:00:00+00:00,0.268,-4.5270004,94.0,0.0,3.671294
2023-07-10 16:00:00+00:00,0.268,-3.077,93.0,0.0,3.9763298
2023-07-10 17:00:00+00:00,0.267,-1.777,93.0,0.0,3.6179552
2023-07-10 18:00:00+00:00,0.267,-0.877,91.0,0.0,3.9763298
2023-07-10 19:00:00+00:00,0.267,-0.577,92.0,0.0,3.2399998
2023-07-10 20:00:00+00:00,0.267,-0.877,92.0,0.0,2.9024127
2023-07-10 21:00:00+00:00,0.267,-1.577,93.0,0.0,2.968636
2023-07-10 22:00:00+00:00,0.267,-2.327,95.0,0.0,3.0758414
2023-07-10 23:00:00+00:00,0.267,-3.027,96.0,0.0,2.968636
2023-07-11 00:00:00+00:00,0.267,-3.027,95.0,0.0,3.6179552
2023-07-11 01:00:00+00:00,0.267,-3.227,96.0,0.0,3.2399998
2023-07-11 02:00:00+00:00,0.267,-3.327,96.0,0.0,2.6208394
2023-07-11 03:00:00+00:00,0.267,-3.477,96.0,0.0,2.5959969
2023-07-11 04:00:00+00:00,0.267,-3.727,97.0,0.0,2.3051248
2023-07-11 05:00:00+00:00,0.267,-4.0769997,97.0,0.0,1.8
2023-07-11 06:00:00+00:00,0.267,-4.377,97.0,0.0,2.3051248
2023-07-11 07:00:00+00:00,0.267,-4.927,98.0,0.0,2.0991426
2023-07-11 08:00:00+00:00,0.267,-5.2770004,98.0,0.0,2.0364676
2023-07-11 09:00:00+00:00,0.267,-5.7770004,98.0,0.0,2.5455842
2023-07-11 10:00:00+00:00,0.267,-6.377,98.0,0.0,2.9024127
2023-07-11 11:00:00+00:00,0.267,-6.927,98.0,0.0,2.7416782
2023-07-11 12:00:00+00:00,0.267,-7.2770004,95.0,0.0,3.2399998
2023-07-11 13:00:00+00:00,0.267,-7.3269997,94.0,0.0,3.319036
2023-07-11 14:00:00+00:00,0.267,-7.127,94.0,0.0,3.219938
2023-07-11 15:00:00+00:00,0.267,-6.127,94.0,0.0,2.5959969
2023-07-11 16:00:00+00:00,0.267,-4.477,93.0,0.0,2.0364676
2023-07-11 17:00:00+00:00,0.267,-2.877,93.0,0.0,1.2979984
2023-07-11 18:00:00+00:00,0.267,-1.677,93.0,0.0,1.609969
2023-07-11 19:00:00+00:00,0.266,-1.227,93.0,0.0,2.0364676
2023-07-11 20:00:00+00:00,0.267,-1.477,92.0,0.0,1.8
2023-07-11 21:00:00+00:00,0.267,-1.927,92.0,0.0,1.9386592
2023-07-11 22:00:00+00:00,0.267,-2.477,92.0,0.0,1.8
2023-07-11 23:00:00+00:00,0.267,-2.977,93.0,0.0,1.9386592
2023-07-12 00:00:00+00:00,0.267,-2.777,92.0,0.0,0.8049845
2023-07-12 01:00:00+00:00,0.267,-3.077,92.0,0.0,1.2979984
2023-07-12 02:00:00+00:00,0.267,-3.427,93.0,0.0,2.0991426
2023-07-12 03:00:00+00:00,0.267,-4.0270004,94.0,0.0,2.2768397
2023-07-12 04:00:00+00:00,0.267,-4.5270004,94.0,0.0,2.1897945
2023-07-12 05:00:00+00:00,0.267,-5.0270004,94.0,0.0,2.52
2023-07-12 06:00:00+00:00,0.267,-5.477,94.0,0.0,2.7416782
2023-07-12 07:00:00+00:00,0.267,-5.627,94.0,0.0,2.3051248
2023-07-12 08:00:00+00:00,0.267,-5.5270004,94.0,0.0,1.8
2023-07-12 09:00:00+00:00,0.267,-5.227,93.0,0.0,1.8
2023-07-12 10:00:00+00:00,0.267,-4.677,92.0,0.0,2.3051248
2023-07-12 11:00:00+00:00,0.267,-4.177,91.0,0.0,3.396233
2023-07-12 12:00:00+00:00,0.267,-3.477,92.0,0.0,2.6208394
2023-07-12 13:00:00+00:00,0.267,-3.477,92.0,0.0,4.3349743
2023-07-12 14:00:00+00:00,0.267,-3.277,93.0,0.0,3.319036
2023-07-12 15:00:00+00:00,0.267,-2.677,93.0,0.0,4.0249224
2023-07-12 16:00:00+00:00,0.267,-1.977,93.0,0.0,4.452954
2023-07-12 17:00:00+00:00,0.266,-1.277,92.0,0.0,6.0347
2023-07-12 18:00:00+00:00,0.266,-0.92700005,89.0,0.1,5.937272
2023-07-12 19:00:00+00:00,0.266,-0.727,90.0,0.1,6.28713
2023-07-12 20:00:00+00:00,0.266,-0.827,92.0,0.1,5.0528407
2023-07-12 21:00:00+00:00,0.266,-1.327,94.0,0.0,5.2416787
2023-07-12 22:00:00+00:00,0.266,-1.727,95.0,0.0,5.634891
2023-07-12 23:00:00+00:00,0.266,-1.8770001,95.0,0.0,5.00128
2023-07-13 00:00:00+00:00,0.266,-1.727,95.0,0.0,6.151683
2023-07-13 01:00:00+00:00,0.266,-1.527,94.0,0.0,6.379216
2023-07-13 02:00:00+00:00,0.266,-1.427,94.0,0.0,5.6920996
2023-07-13 03:00:00+00:00,0.266,-1.427,93.0,0.0,5.04
2023-07-13 04:00:00+00:00,0.266,-1.327,92.0,0.0,4.0249224
2023-07-13 05:00:00+00:00,0.266,-1.427,94.0,0.0,4.3498964
2023-07-13 06:00:00+00:00,0.266,-1.227,96.0,0.0,4.8965297
2023-07-13 07:00:00+00:00,0.266,-1.227,97.0,0.1,5.1919937
2023-07-13 08:00:00+00:00,0.266,-1.177,97.0,0.0,5.00128
2023-07-13 09:00:00+00:00,0.266,-1.127,97.0,0.0,4.3498964
2023-07-13 10:00:00+00:00,0.266,-1.077,97.0,0.0,4.896529
2023-07-13 11:00:00+00:00,0.266,-0.92700005,96.0,0.0,4.0249224
2023-07-13 12:00:00+00:00,0.267,-0.727,92.0,0.0,5.8048253
2023-07-13 13:00:00+00:00,0.267,-0.677,92.0,0.0,5.0528407
2023-07-13 14:00:00+00:00,0.267,-0.527,93.0,0.1,3.9763298
2023-07-13 15:00:00+00:00,0.267,-0.477,95.0,0.2,2.7416782
2023-07-13 16:00:00+00:00,0.267,-0.37699997,96.0,0.1,2.2768397
2023-07-13 17:00:00+00:00,0.267,-0.37699997,97.0,0.0,1.5273507
2023-07-13 18:00:00+00:00,0.266,-0.02700001,98.0,0.1,1.2979984
2023-07-13 19:00:00+00:00,0.266,-0.02700001,99.0,0.1,3.4152596
2023-07-13 20:00:00+00:00,0.266,-0.17699999,98.0,0.0,2.0991426
2023-07-13 21:00:00+00:00,0.266,-0.627,98.0,0.0,1.8
2023-07-13 22:00:00+00:00,0.266,-1.177,100.0,0.0,1.484318
2023-07-13 23:00:00+00:00,0.266,-1.627,100.0,0.0,2.2768397
2023-07-14 00:00:00+00:00,0.266,-3.377,100.0,0.0,2.4149535
2023-07-14 01:00:00+00:00,0.266,-3.377,100.0,0.0,2.8116899
2023-07-14 02:00:00+00:00,0.266,-3.477,100.0,0.0,2.5959969
2023-07-14 03:00:00+00:00,0.266,-3.9269998,100.0,0.0,2.2768397
2023-07-14 04:00:00+00:00,0.266,-4.127,100.0,0.0,1.9386592
2023-07-14 05:00:00+00:00,0.266,-4.0270004,100.0,0.0,1.8
2023-07-14 06:00:00+00:00,0.266,-3.127,100.0,0.0,2.0991426
2023-07-14 07:00:00+00:00,0.266,-3.177,100.0,0.0,1.0182338
2023-07-14 08:00:00+00:00,0.266,-3.127,100.0,0.0,0.5091169
2023-07-14 09:00:00+00:00,0.266,-3.027,100.0,0.0,1.1384199
2023-07-14 10:00:00+00:00,0.266,-2.927,100.0,0.0,1.8
2023-07-14 11:00:00+00:00,0.266,-2.927,100.0,0.0,2.1897945
2023-07-14 12:00:00+00:00,0.266,-3.277,100.0,0.0,1.2979984
2023-07-14 13:00:00+00:00,0.266,-3.377,100.0,0.0,0.0
2023-07-14 14:00:00+00:00,0.266,-3.377,100.0,0.0,0.8049845
2023-07-14 15:00:00+00:00,0.266,-3.277,100.0,0.0,1.08
2023-07-14 16:00:00+00:00,0.265,-3.077,100.0,0.0,0.5091169
2023-07-14 17:00:00+00:00,0.265,-2.827,100.0,0.0,0.35999998
2023-07-14 18:00:00+00:00,0.265,-2.577,100.0,0.0,2.5455842
2023-07-14 19:00:00+00:00,0.264,-2.377,99.0,0.0,3.671294
2023-07-14 20:00:00+00:00,0.264,-2.377,99.0,0.0,5.5887027
2023-07-14 21:00:00+00:00,0.264,-2.477,100.0,0.0,5.0911684
2023-07-14 22:00:00+00:00,0.264,-2.527,100.0,0.0,4.379589
2023-07-14 23:00:00+00:00,0.264,-2.627,100.0,0.0,3.5455887
2023-07-15 00:00:00+00:00,0.264,-3.327,100.0,0.0,4.0249224
2023-07-15 01:00:00+00:00,0.264,-3.377,100.0,0.0,4.32
2023-07-15 02:00:00+00:00,0.264,-3.377,100.0,0.0,4.379589
2023-07-15 03:00:00+00:00,0.264,-3.227,99.0,0.0,3.6
2023-07-15 04:00:00+00:00,0.264,-3.127,99.0,0.0,3.7064266
2023-07-15 05:00:00+00:00,0.264,-3.077,98.0,0.0,3.7064266
2023-07-15 06:00:00+00:00,0.264,-3.377,98.0,0.0,3.6179552
2023-07-15 07:00:00+00:00,0.264,-3.327,98.0,0.0,3.219938
2023-07-15 08:00:00+00:00,0.264,-3.277,97.0,0.2,1.835647
2023-07-15 09:00:00+00:00,0.264,-3.477,96.0,0.1,3.0758414
2023-07-15 10:00:00+00:00,0.264,-3.877,95.0,0.0,4.32
2023-07-15 11:00:00+00:00,0.264,-4.177,94.0,0.0,6.5693827
2023-07-15 12:00:00+00:00,0.264,-3.9269998,97.0,0.0,7.072878
2023-07-15 13:00:00+00:00,0.264,-3.577,96.0,0.0,9.47012
2023-07-15 14:00:00+00:00,0.264,-2.327,92.0,0.1,11.659777
2023-07-15 15:00:00+00:00,0.264,-1.127,90.0,0.0,14.154915
2023-07-15 16:00:00+00:00,0.264,-0.127,83.0,0.0,17.163355
2023-07-15 17:00:00+00:00,0.263,0.473,80.0,0.0,19.493261
2023-07-15 18:00:00+00:00,0.262,0.823,78.0,0.0,23.444265
2023-07-15 19:00:00+00:00,0.261,0.723,76.0,0.0,23.0653
2023-07-15 20:00:00+00:00,0.26,0.223,76.0,0.0,20.5484
2023-07-15 21:00:00+00:00,0.26,-0.727,79.0,0.0,18.374111
2023-07-15 22:00:00+00:00,0.26,-1.577,83.0,0.0,17.015474
2023-07-15 23:00:00+00:00,0.26,-2.127,86.0,0.0,16.263872
2023-07-16 00:00:00+00:00,0.26,-2.627,89.0,0.0,16.700275
2023-07-16 01:00:00+00:00,0.261,-2.777,89.0,0.0,16.09969
2023-07-16 02:00:00+00:00,0.261,-3.027,90.0,0.0,14.973576
2023-07-16 03:00:00+00:00,0.261,-2.877,89.0,0.0,13.441071
2023-07-16 04:00:00+00:00,0.261,-2.677,88.0,0.0,13.849476
2023-07-16 05:00:00+00:00,0.261,-2.527,89.0,0.0,14.154915
2023-07-16 06:00:00+00:00,0.261,-2.227,91.0,0.0,13.779114
2023-07-16 07:00:00+00:00,0.261,-2.077,94.0,0.0,13.570615
2023-07-16 08:00:00+00:00,0.261,-1.727,94.0,0.0,13.32
2023-07-16 09:00:00+00:00,0.261,-1.477,94.0,0.0,14.145756
2023-07-16 10:00:00+00:00,0.262,-1.177,93.0,0.0,14.332341
2023-07-16 11:00:00+00:00,0.262,-0.827,92.0,0.0,13.441071
2023-07-16 12:00:00+00:00,0.262,-0.92700005,93.0,0.0,12.224107
2023-07-16 13:00:00+00:00,0.262,-0.677,92.0,0.0,12.496719
2023-07-16 14:00:00+00:00,0.262,-0.32700002,92.0,0.0,13.493999
2023-07-16 15:00:00+00:00,0.262,0.373,92.0,0.0,14.973576
2023-07-16 16:00:00+00:00,0.262,1.023,92.0,0.0,17.377226
2023-07-16 17:00:00+00:00,0.28,1.523,93.0,0.0,19.483284
2023-07-16 18:00:00+00:00,0.284,2.373,90.0,0.0,16.055353
2023-07-16 19:00:00+00:00,0.283,2.423,89.0,0.0,18.556595
2023-07-16 20:00:00+00:00,0.282,2.373,88.0,0.0,18.59845
2023-07-16 21:00:00+00:00,0.28,1.923,88.0,0.0,17.026896
2023-07-16 22:00:00+00:00,0.279,1.773,90.0,0.0,18.0
2023-07-16 23:00:00+00:00,0.278,1.723,89.0,0.0,17.654686
2023-07-17 00:00:00+00:00,0.278,1.423,90.0,0.0,14.241629
2023-07-17 01:00:00+00:00,0.277,1.473,90.0,0.0,15.141414
2023-07-17 02:00:00+00:00,0.277,1.473,90.0,0.0,15.716793
2023-07-17 03:00:00+00:00,0.276,1.523,90.0,0.0,15.716793
2023-07-17 04:00:00+00:00,0.276,1.523,90.0,0.0,16.055353
2023-07-17 05:00:00+00:00,0.275,1.523,90.0,0.0,16.965895
2023-07-17 06:00:00+00:00,0.275,1.473,90.0,0.0,17.31746
2023-07-17 07:00:00+00:00,0.274,1.473,91.0,0.0,17.418196
2023-07-17 08:00:00+00:00,0.274,1.523,92.0,0.0,18.0
2023-07-17 09:00:00+00:00,0.273,1.673,91.0,0.0,18.35647
2023-07-17 10:00:00+00:00,0.273,1.573,91.0,0.0,17.114204
2023-07-17 11:00:00+00:00,0.273,1.423,91.0,0.0,17.208603
2023-07-17 12:00:00+00:00,0.273,1.223,91.0,0.0,17.076298
2023-07-17 13:00:00+00:00,0.272,1.423,89.0,0.0,18.792551
2023-07-17 14:00:00+00:00,0.272,1.823,87.0,0.0,21.2522
2023-07-17 15:00:00+00:00,0.273,2.423,83.0,0.0,21.188072
2023-07-17 16:00:00+00:00,0.276,2.873,79.0,0.0,22.027763
2023-07-17 17:00:00+00:00,0.276,3.373,78.0,0.0,24.64094
2023-07-17 18:00:00+00:00,0.269,4.1730003,76.0,0.0,24.288662
2023-07-17 19:00:00+00:00,0.268,4.123,74.0,0.0,23.73271
2023-07-17 20:00:00+00:00,0.266,3.723,76.0,0.0,21.38897
2023-07-17 21:00:00+00:00,0.266,2.823,84.0,0.0,18.448023
2023-07-17 22:00:00+00:00,0.266,2.473,89.0,0.0,18.455048
2023-07-17 23:00:00+00:00,0.265,2.523,85.0,0.0,19.586117
2023-07-18 00:00:00+00:00,0.266,2.1729999,86.0,0.0,19.809813
2023-07-18 01:00:00+00:00,0.266,2.273,84.0,0.0,20.833395
2023-07-18 02:00:00+00:00,0.266,2.523,79.0,0.0,23.233253
2023-07-18 03:00:00+00:00,0.265,2.523,79.0,0.0,22.530937
2023-07-18 04:00:00+00:00,0.265,2.573,80.0,0.0,23.664352
2023-07-18 05:00:00+00:00,0.265,2.523,81.0,0.0,22.963936
2023-07-18 06:00:00+00:00,0.265,2.1230001,85.0,0.0,21.288757
2023-07-18 07:00:00+00:00,0.265,2.223,85.0,0.0,22.104116
2023-07-18 08:00:00+00:00,0.265,2.1230001,86.0,0.0,21.41319
2023-07-18 09:00:00+00:00,0.265,2.1230001,86.0,0.0,20.620806
2023-07-18 10:00:00+00:00,0.265,2.073,86.0,0.0,19.809813
2023-07-18 11:00:00+00:00,0.265,1.923,88.0,0.0,19.386593
2023-07-18 12:00:00+00:00,0.265,1.823,86.0,0.0,20.056877
2023-07-18 13:00:00+00:00,0.265,1.873,87.0,0.0,19.66536
2023-07-18 14:00:00+00:00,0.265,2.1230001,85.0,0.0,19.008547
2023-07-18 15:00:00+00:00,0.264,2.673,80.0,0.0,19.164717
2023-07-18 16:00:00+00:00,0.263,3.323,77.0,0.0,20.94507
2023-07-18 17:00:00+00:00,0.263,3.773,75.0,0.0,21.413193
2023-07-18 18:00:00+00:00,0.262,4.073,73.0,0.0,21.194187
2023-07-18 19:00:00+00:00,0.261,3.773,77.0,0.0,20.188908
2023-07-18 20:00:00+00:00,0.261,3.373,78.0,0.0,18.532133
2023-07-18 21:00:00+00:00,0.261,2.473,83.0,0.0,15.807239
2023-07-18 22:00:00+00:00,0.261,1.873,86.0,0.0,13.896187
2023-07-18 23:00:00+00:00,0.261,1.623,86.0,0.0,13.044722
2023-07-19 00:00:00+00:00,0.262,1.323,87.0,0.0,11.525623
2023-07-19 01:00:00+00:00,0.262,1.273,87.0,0.0,10.883676
2023-07-19 02:00:00+00:00,0.262,1.323,87.0,0.0,9.339208
2023-07-19 03:00:00+00:00,0.262,1.273,87.0,0.0,7.5170207
2023-07-19 04:00:00+00:00,0.262,0.973,89.0,0.0,5.4477882
2023-07-19 05:00:00+00:00,0.262,0.773,90.0,0.0,4.829907
2023-07-19 06:00:00+00:00,0.262,0.17300001,92.0,0.0,2.7416782
2023-07-19 07:00:00+00:00,0.262,0.073,92.0,0.0,1.9386592
2023-07-19 08:00:00+00:00,0.262,0.17300001,91.0,0.0,0.35999998
2023-07-19 09:00:00+00:00,0.263,-0.17699999,92.0,0.0,3.2599385
2023-07-19 10:00:00+00:00,0.263,-0.677,94.0,0.0,1.835647
2023-07-19 11:00:00+00:00,0.263,-0.877,95.0,0.0,2.6208394
2023-07-19 12:00:00+00:00,0.263,-1.327,96.0,0.0,2.968636
2023-07-19 13:00:00+00:00,0.263,-1.927,97.0,0.0,3.096837
2023-07-19 14:00:00+00:00,0.263,-2.027,98.0,0.0,3.396233
2023-07-19 15:00:00+00:00,0.263,-1.177,95.0,0.0,2.3051248
2023-07-19 16:00:00+00:00,0.262,-0.02700001,92.0,0.0,1.9386592
2023-07-19 17:00:00+00:00,0.262,0.673,87.0,0.0,2.5455842
2023-07-19 18:00:00+00:00,0.261,1.423,84.0,0.0,2.7416782
2023-07-19 19:00:00+00:00,0.261,1.423,84.0,0.0,1.484318
2023-07-19 20:00:00+00:00,0.261,1.073,88.0,0.0,1.2979984
2023-07-19 21:00:00+00:00,0.261,0.473,89.0,0.0,1.2979984
2023-07-19 22:00:00+00:00,0.261,0.17300001,90.0,0.0,2.1897945
2023-07-19 23:00:00+00:00,0.261,-0.32700002,92.0,0.0,2.3051248
2023-07-20 00:00:00+00:00,0.261,-0.577,96.0,0.0,1.8
2023-07-20 01:00:00+00:00,0.261,-0.527,94.0,0.0,1.835647
2023-07-20 02:00:00+00:00,0.261,-0.577,92.0,0.0,2.968636
2023-07-20 03:00:00+00:00,0.261,-0.677,91.0,0.0,4.32
2023-07-20 04:00:00+00:00,0.261,-0.427,89.0,0.1,5.771239
2023-07-20 05:00:00+00:00,0.261,-0.527,91.0,0.1,5.771239
2023-07-20 06:00:00+00:00,0.261,-1.077,96.0,0.1,6.489992
2023-07-20 07:00:00+00:00,0.262,-1.027,96.0,0.0,7.2
2023-07-20 08:00:00+00:00,0.262,-1.127,96.0,0.0,7.9526596
2023-07-20 09:00:00+00:00,0.262,-1.177,96.0,0.0,8.311245
2023-07-20 10:00:00+00:00,0.262,-1.227,96.0,0.0,7.928178
2023-07-20 11:00:00+00:00,0.262,-0.977,95.0,0.0,7.5942073
2023-07-20 12:00:00+00:00,0.262,-0.677,94.0,0.0,6.87779
2023-07-20 13:00:00+00:00,0.262,-1.127,95.0,0.0,4.802999
2023-07-20 14:00:00+00:00,0.262,-0.92700005,95.0,0.0,2.968636
2023-07-20 15:00:00+00:00,0.262,-0.477,94.0,0.0,0.35999998
2023-07-20 16:00:00+00:00,0.263,-0.277,96.0,0.1,1.8
2023-07-20 17:00:00+00:00,0.263,-0.02700001,98.0,0.5,2.968636
2023-07-20 18:00:00+00:00,0.264,0.023000002,98.0,0.6,4.3349743
2023-07-20 19:00:00+00:00,0.264,0.473,93.0,0.5,7.8954163
2023-07-20 20:00:00+00:00,0.264,0.073,96.0,0.3,7.754637
2023-07-20 21:00:00+00:00,0.263,-0.32700002,96.0,0.3,9.0645685
2023-07-20 22:00:00+00:00,0.263,-0.727,93.0,0.3,11.212135
2023-07-20 23:00:00+00:00,0.262,-1.027,91.0,0.2,10.799999
2023-07-21 00:00:00+00:00,0.262,-1.277,92.0,0.1,8.669949
2023-07-21 01:00:00+00:00,0.262,-1.777,92.0,0.1,7.9526596
2023-07-21 02:00:00+00:00,0.262,-1.927,92.0,0.0,7.5599995
2023-07-21 03:00:00+00:00,0.262,-2.177,90.0,0.0,5.771239
2023-07-21 04:00:00+00:00,0.261,-2.627,87.0,0.0,4.2136917
2023-07-21 05:00:00+00:00,0.261,-2.977,85.0,0.0,4.510787
2023-07-21 06:00:00+00:00,0.261,-3.027,85.0,0.0,5.04
2023-07-21 07:00:00+00:00,0.261,-3.477,84.0,0.0,4.379589
2023-07-21 08:00:00+00:00,0.261,-3.7770002,85.0,0.0,3.9763298
2023-07-21 09:00:00+00:00,0.26,-4.0270004,85.0,0.0,3.0758414
2023-07-21 10:00:00+00:00,0.26,-4.5270004,85.0,0.0,2.7416782
2023-07-21 11:00:00+00:00,0.26,-5.127,86.0,0.0,3.096837
2023-07-21 12:00:00+00:00,0.26,-4.877,88.0,0.0,3.2599385
2023-07-21 13:00:00+00:00,0.26,-5.727,90.0,0.0,2.5455842
2023-07-21 14:00:00+00:00,0.261,-5.7770004,92.0,0.0,2.5455842
2023-07-21 15:00:00+00:00,0.26,-4.627,91.0,0.0,2.9024127
2023-07-21 16:00:00+00:00,0.26,-2.877,89.0,0.0,2.9024127
2023-07-21 17:00:00+00:00,0.259,-1.977,79.0,0.0,3.671294
2023-07-21 18:00:00+00:00,0.258,-1.627,74.0,0.0,5.4477882
2023-07-21 19:00:00+00:00,0.258,-1.727,78.0,0.0,5.1544156
2023-07-21 20:00:00+00:00,0.257,-2.577,84.0,0.0,4.452954
2023-07-21 21:00:00+00:00,0.257,-4.0769997,88.0,0.0,4.0249224
2023-07-21 22:00:00+00:00,0.258,-4.877,89.0,0.0,3.9763298
2023-07-21 23:00:00+00:00,0.258,-5.627,89.0,0.0,3.96
2023-07-22 00:00:00+00:00,0.258,-6.427,89.0,0.0,4.6938252
2023-07-22 01:00:00+00:00,0.258,-7.0270004,89.0,0.0,4.6938252
2023-07-22 02:00:00+00:00,0.258,-7.477,89.0,0.0,4.73506
2023-07-22 03:00:00+00:00,0.258,-7.8270006,88.0,0.0,5.0528407
2023-07-22 04:00:00+00:00,0.258,-8.127,88.0,0.0,5.3999996
2023-07-22 05:00:00+00:00,0.258,-8.377,88.0,0.0,5.4119864
2023-07-22 06:00:00+00:00,0.258,-8.577001,87.0,0.0,6.130579
2023-07-22 07:00:00+00:00,0.258,-8.627,87.0,0.0,5.8048253
2023-07-22 08:00:00+00:00,0.258,-8.777,87.0,0.0,5.771239
2023-07-22 09:00:00+00:00,0.259,-8.977,87.0,0.0,5.771239
2023-07-22 10:00:00+00:00,0.259,-9.127,87.0,0.0,5.8048253
2023-07-22 11:00:00+00:00,0.259,-9.277,88.0,0.0,5.506941
2023-07-22 12:00:00+00:00,0.259,-9.227,89.0,0.0,4.379589
2023-07-22 13:00:00+00:00,0.259,-9.427,89.0,0.0,4.379589
2023-07-22 14:00:00+00:00,0.259,-8.727,89.0,0.0,3.7585104
2023-07-22 15:00:00+00:00,0.258,-6.8269997,87.0,0.0,3.0758414
2023-07-22 16:00:00+00:00,0.258,-4.627,87.0,0.0,3.0758414
2023-07-22 17:00:00+00:00,0.257,-3.127,84.0,0.0,3.4152596
2023-07-22 18:00:00+00:00,0.257,-2.177,87.0,0.0,4.6938252
2023-07-22 19:00:00+00:00,0.257,-1.8269999,90.0,0.0,3.6
2023-07-22 20:00:00+00:00,0.257,-2.227,92.0,0.0,3.2399998
2023-07-22 21:00:00+00:00,0.257,-3.177,93.0,0.0,3.319036
2023-07-22 22:00:00+00:00,0.257,-4.177,93.0,0.0,3.7585104
2023-07-22 23:00:00+00:00,0.258,-5.0769997,94.0,0.0,3.7064266
2023-07-23 00:00:00+00:00,0.258,-6.177,94.0,0.0,3.8773184
2023-07-23 01:00:00+00:00,0.258,-7.0270004,94.0,0.0,3.7064266
2023-07-23 02:00:00+00:00,0.258,-7.677,93.0,0.0,3.6
2023-07-23 03:00:00+00:00,0.258,-8.227,92.0,0.0,3.396233
2023-07-23 04:00:00+00:00,0.258,-8.577001,92.0,0.0,3.5455887
2023-07-23 05:00:00+00:00,0.258,-8.927,91.0,0.0,4.0249224
2023-07-23 06:00:00+00:00,0.258,-9.077001,92.0,0.0,4.452954
2023-07-23 07:00:00+00:00,0.258,-9.327001,92.0,0.0,4.1046314
2023-07-23 08:00:00+00:00,0.258,-9.477,91.0,0.0,4.1046314
2023-07-23 09:00:00+00:00,0.258,-9.627,91.0,0.0,4.1046314
2023-07-23 10:00:00+00:00,0.258,-9.777,90.0,0.0,4.1046314
2023-07-23 11:00:00+00:00,0.258,-9.877,90.0,0.0,4.452954
2023-07-23 12:00:00+00:00,0.258,-10.127,89.0,0.0,5.0528407
2023-07-23 13:00:00+00:00,0.258,-10.077001,89.0,0.0,4.896529
2023-07-23 14:00:00+00:00,0.258,-9.077001,89.0,0.0,5.154415
2023-07-23 15:00:00+00:00,0.258,-6.877,88.0,0.0,5.3517847
2023-07-23 16:00:00+00:00,0.258,-4.2770004,88.0,0.0,6.2145634
2023-07-23 17:00:00+00:00,0.257,-2.027,86.0,0.0,6.9899354
2023-07-23 18:00:00+00:00,0.257,-1.127,87.0,0.0,6.924738
2023-07-23 19:00:00+00:00,0.257,-0.827,90.0,0.0,6.489992
2023-07-23 20:00:00+00:00,0.257,-1.377,93.0,0.0,5.4119864
2023-07-23 21:00:00+00:00,0.257,-2.577,93.0,0.0,3.9763298
2023-07-23 22:00:00+00:00,0.257,-3.627,93.0,0.0,3.2599385
2023-07-23 23:00:00+00:00,0.257,-4.5769997,94.0,0.0,2.6208394
2023-07-24 00:00:00+00:00,0.257,-5.727,95.0,0.0,3.319036
2023-07-24 01:00:00+00:00,0.257,-6.5270004,95.0,0.0,3.4152596
2023-07-24 02:00:00+00:00,0.257,-7.177,95.0,0.0,3.096837
2023-07-24 03:00:00+00:00,0.258,-7.7770004,94.0,0.0,3.396233
2023-07-24 04:00:00+00:00,0.258,-8.227,94.0,0.0,3.396233
2023-07-24 05:00:00+00:00,0.258,-8.677,93.0,0.0,3.396233
2023-07-24 06:00:00+00:00,0.258,-9.277,93.0,0.0,3.219938
2023-07-24 07:00:00+00:00,0.258,-9.727,93.0,0.0,3.219938
2023-07-24 08:00:00+00:00,0.258,-10.027,93.0,0.0,3.096837
2023-07-24 09:00:00+00:00,0.258,-10.227,92.0,0.0,3.319036
2023-07-24 10:00:00+00:00,0.258,-10.427,92.0,0.0,3.096837
2023-07-24 11:00:00+00:00,0.258,-10.627,91.0,0.0,2.8116899
2023-07-24 12:00:00+00:00,0.258,-10.677,92.0,0.0,3.319036
2023-07-24 13:00:00+00:00,0.258,-10.727,91.0,0.0,2.9024127
2023-07-24 14:00:00+00:00,0.258,-9.777,91.0,0.0,3.0547013
2023-07-24 15:00:00+00:00,0.258,-8.127,90.0,0.0,2.3051248
2023-07-24 16:00:00+00:00,0.257,-6.3269997,89.0,0.0,1.609969
2023-07-24 17:00:00+00:00,0.257,-5.227,89.0,0.0,1.609969
2023-07-24 18:00:00+00:00,0.257,-4.2770004,91.0,0.0,1.0182338
2023-07-24 19:00:00+00:00,0.256,-3.7770002,92.0,0.0,0.71999997
2023-07-24 20:00:00+00:00,0.256,-3.9269998,94.0,0.0,1.2979984
2023-07-24 21:00:00+00:00,0.257,-4.5270004,94.0,0.0,2.52
2023-07-24 22:00:00+00:00,0.257,-5.177,95.0,0.0,2.6208394
2023-07-24 23:00:00+00:00,0.257,-5.427,95.0,0.0,2.0991426
2023-07-25 00:00:00+00:00,0.257,-6.477,95.0,0.0,3.8773184
2023-07-25 01:00:00+00:00,0.257,-6.877,94.0,0.0,4.2136917
2023-07-25 02:00:00+00:00,0.257,-7.127,93.0,0.0,3.4152596
2023-07-25 03:00:00+00:00,0.257,-7.227,93.0,0.0,3.319036
2023-07-25 04:00:00+00:00,0.257,-7.427,92.0,0.0,4.3349743
2023-07-25 05:00:00+00:00,0.257,-6.8269997,92.0,0.0,3.671294
2023-07-25 06:00:00+00:00,0.257,-5.977,92.0,0.0,3.319036
2023-07-25 07:00:00+00:00,0.257,-5.7770004,92.0,0.0,2.7416782
2023-07-25 08:00:00+00:00,0.257,-5.7770004,92.0,0.0,2.4149535
2023-07-25 09:00:00+00:00,0.257,-6.177,92.0,0.0,3.5455887
2023-07-25 10:00:00+00:00,0.257,-6.5769997,92.0,0.0,4.3498964
2023-07-25 11:00:00+00:00,0.257,-7.127,92.0,0.0,4.6800003
2023-07-25 12:00:00+00:00,0.257,-6.927,93.0,0.0,6.379216
2023-07-25 13:00:00+00:00,0.257,-7.2770004,92.0,0.0,7.42159
2023-07-25 14:00:00+00:00,0.257,-6.177,92.0,0.0,7.771331
2023-07-25 15:00:00+00:00,0.257,-4.227,90.0,0.0,9.028754
2023-07-25 16:00:00+00:00,0.257,-2.677,86.0,0.0,10.440001
2023-07-25 17:00:00+00:00,0.256,-1.577,87.0,0.0,11.542478
2023-07-25 18:00:00+00:00,0.256,-0.877,86.0,0.0,11.901798
2023-07-25 19:00:00+00:00,0.255,-0.627,87.0,0.0,11.901798
2023-07-25 20:00:00+00:00,0.255,-0.977,88.0,0.0,11.885453
2023-07-25 21:00:00+00:00,0.255,-1.677,89.0,0.0,10.495713
2023-07-25 22:00:00+00:00,0.256,-2.127,89.0,0.0,10.041354
2023-07-25 23:00:00+00:00,0.256,-2.127,89.0,0.0,12.224107
2023-07-26 00:00:00+00:00,0.256,-2.177,88.0,0.0,14.145756
2023-07-26 01:00:00+00:00,0.256,-2.277,89.0,0.0,14.05845
2023-07-26 02:00:00+00:00,0.256,-2.277,91.0,0.0,14.205182
2023-07-26 03:00:00+00:00,0.256,-2.227,92.0,0.0,14.05845
2023-07-26 04:00:00+00:00,0.256,-2.127,90.0,0.0,12.605142
2023-07-26 05:00:00+00:00,0.256,-2.127,88.0,0.0,12.261158
2023-07-26 06:00:00+00:00,0.257,-2.377,89.0,0.0,12.287555
2023-07-26 07:00:00+00:00,0.257,-2.477,89.0,0.0,11.879999
2023-07-26 08:00:00+00:00,0.257,-2.477,88.0,0.0,11.5199995
2023-07-26 09:00:00+00:00,0.257,-2.827,86.0,0.0,11.183201
2023-07-26 10:00:00+00:00,0.257,-3.077,85.0,0.0,10.853866
2023-07-26 11:00:00+00:00,0.257,-3.377,85.0,0.0,10.538843
2023-07-26 12:00:00+00:00,0.257,-4.0270004,89.0,0.0,9.605998
2023-07-26 13:00:00+00:00,0.257,-4.127,89.0,0.0,9.255571
2023-07-26 14:00:00+00:00,0.257,-3.127,88.0,0.0,10.594036
2023-07-26 15:00:00+00:00,0.257,-1.977,88.0,0.0,12.7279215
2023-07-26 16:00:00+00:00,0.256,-0.877,88.0,0.0,14.440443
2023-07-26 17:00:00+00:00,0.255,0.023000002,88.0,0.0,16.23596
2023-07-26 18:00:00+00:00,0.255,0.623,84.0,0.0,16.299694
2023-07-26 19:00:00+00:00,0.255,0.673,83.0,0.0,15.941944
2023-07-26 20:00:00+00:00,0.254,0.423,83.0,0.0,13.849476
2023-07-26 21:00:00+00:00,0.254,-0.627,86.0,0.0,11.609651
2023-07-26 22:00:00+00:00,0.254,-1.327,86.0,0.0,10.823973
2023-07-26 23:00:00+00:00,0.255,-1.927,88.0,0.0,10.495713
2023-07-27 00:00:00+00:00,0.255,-2.327,90.0,0.0,10.948973
2023-07-27 01:00:00+00:00,0.255,-2.727,90.0,0.0,9.178235
2023-07-27 02:00:00+00:00,0.255,-3.277,90.0,0.0,7.9526596
2023-07-27 03:00:00+00:00,0.255,-3.7770002,91.0,0.0,6.87779
2023-07-27 04:00:00+00:00,0.255,-4.227,91.0,0.0,6.849467
2023-07-27 05:00:00+00:00,0.255,-4.5769997,91.0,0.0,6.489992
2023-07-27 06:00:00+00:00,0.255,-4.877,91.0,0.0,6.5693827
2023-07-27 07:00:00+00:00,0.255,-5.177,91.0,0.0,6.162207
2023-07-27 08:00:00+00:00,0.255,-5.427,90.0,0.0,6.519877
2023-07-27 09:00:00+00:00,0.255,-5.627,90.0,0.0,6.519877
2023-07-27 10:00:00+00:00,0.255,-5.7770004,90.0,0.0,6.87779
2023-07-27 11:00:00+00:00,0.256,-5.8269997,90.0,0.0,6.87779
2023-07-27 12:00:00+00:00,0.256,-5.7770004,90.0,0.0,7.6367526
2023-07-27 13:00:00+00:00,0.256,-5.477,89.0,0.0,7.6367526
2023-07-27 14:00:00+00:00,0.256,-4.427,88.0,0.0,7.6367526
2023-07-27 15:00:00+00:00,0.256,-2.277,87.0,0.0,8.473393
2023-07-27 16:00:00+00:00,0.255,-0.627,87.0,0.0,11.090103
2023-07-27 17:00:00+00:00,0.256,0.423,88.0,0.0,12.9249525
2023-07-27 18:00:00+00:00,0.257,0.923,85.0,0.0,15.39184
2023-07-27 19:00:00+00:00,0.258,1.073,83.0,0.0,15.542662
2023-07-27 20:00:00+00:00,0.257,0.723,85.0,0.0,13.661038
2023-07-27 21:00:00+00:00,0.257,-0.127,87.0,0.0,11.631956
2023-07-27 22:00:00+00:00,0.257,-0.877,88.0,0.0,9.178235
2023-07-27 23:00:00+00:00,0.257,-1.277,89.0,0.0,7.9036193
2023-07-28 00:00:00+00:00,0.257,-1.677,89.0,0.0,6.792466
2023-07-28 01:00:00+00:00,0.257,-1.927,89.0,0.0,5.315336
2023-07-28 02:00:00+00:00,0.257,-2.627,89.0,0.0,3.6
2023-07-28 03:00:00+00:00,0.257,-3.077,89.0,0.0,1.609969
2023-07-28 04:00:00+00:00,0.257,-3.527,89.0,0.0,1.609969
2023-07-28 05:00:00+00:00,0.257,-4.3269997,91.0,0.0,1.8
2023-07-28 06:00:00+00:00,0.257,-5.5270004,95.0,0.0,4.1046314
2023-07-28 07:00:00+00:00,0.257,-6.477,94.0,0.0,4.829907
2023-07-28 08:00:00+00:00,0.257,-6.5270004,92.0,0.0,5.00128
2023-07-28 09:00:00+00:00,0.257,-6.377,91.0,0.0,6.297428
2023-07-28 10:00:00+00:00,0.257,-5.8269997,89.0,0.0,7.5685663
2023-07-28 11:00:00+00:00,0.257,-5.177,84.0,0.0,10.144082
2023-07-28 12:00:00+00:00,0.257,-4.677,84.0,0.0,9.885262
2023-07-28 13:00:00+00:00,0.256,-3.827,89.0,0.0,10.233123
2023-07-28 14:00:00+00:00,0.256,-3.177,94.0,0.2,9.885262
2023-07-28 15:00:00+00:00,0.256,-2.477,96.0,1.6,9.449572
2023-07-28 16:00:00+00:00,0.257,-1.477,96.0,1.6,9.422101
2023-07-28 17:00:00+00:00,0.257,-0.37699997,97.0,0.7,6.12
2023-07-28 18:00:00+00:00,0.259,-0.477,96.0,0.1,4.3349743
2023-07-28 19:00:00+00:00,0.265,-0.37699997,96.0,0.0,4.1046314
2023-07-28 20:00:00+00:00,0.265,-0.677,97.0,0.0,3.096837
2023-07-28 21:00:00+00:00,0.264,-1.777,98.0,0.0,3.6
2023-07-28 22:00:00+00:00,0.264,-2.327,99.0,0.0,1.8
2023-07-28 23:00:00+00:00,0.263,-1.927,98.0,0.0,1.8
2023-07-29 00:00:00+00:00,0.263,-1.177,95.0,0.0,4.0249224
2023-07-29 01:00:00+00:00,0.262,-0.577,94.0,0.0,1.4399999
2023-07-29 02:00:00+00:00,0.262,0.17300001,93.0,0.0,2.52
2023-07-29 03:00:00+00:00,0.262,1.373,90.0,0.1,4.5536795
2023-07-29 04:00:00+00:00,0.262,2.1729999,88.0,0.1,6.6185193
2023-07-29 05:00:00+00:00,0.267,2.873,85.0,0.1,9.83268
2023-07-29 06:00:00+00:00,0.269,3.023,83.0,0.2,9.504272
2023-07-29 07:00:00+00:00,0.28,3.073,85.0,0.1,11.090103
2023-07-29 08:00:00+00:00,0.288,3.173,85.0,0.1,11.480557
2023-07-29 09:00:00+00:00,0.296,3.123,86.0,0.1,10.195057
2023-07-29 10:00:00+00:00,0.295,2.973,87.0,0.0,8.78872
2023-07-29 11:00:00+00:00,0.295,2.973,87.0,0.1,8.707237
2023-07-29 12:00:00+00:00,0.295,3.423,83.0,0.1,4.73506
2023-07-29 13:00:00+00:00,0.299,3.473,82.0,0.1,6.28713
2023-07-29 14:00:00+00:00,0.303,3.723,81.0,0.0,7.7043357
2023-07-29 15:00:00+00:00,0.314,3.923,82.0,0.0,10.233123
2023-07-29 16:00:00+00:00,0.323,4.373,84.0,0.0,12.074766
2023-07-29 17:00:00+00:00,0.323,4.873,85.0,0.0,13.207634
2023-07-29 18:00:00+00:00,0.317,5.573,85.0,0.0,17.447933
2023-07-29 19:00:00+00:00,0.312,5.4230003,88.0,0.0,19.011953
2023-07-29 20:00:00+00:00,0.307,4.873,91.0,0.0,18.175545
2023-07-29 21:00:00+00:00,0.302,3.873,92.0,0.0,18.391735
2023-07-29 22:00:00+00:00,0.299,3.223,83.0,0.0,17.58481
2023-07-29 23:00:00+00:00,0.296,2.1230001,78.0,0.1,15.328561
2023-07-30 00:00:00+00:00,0.294,1.473,80.0,0.0,19.559633
2023-07-30 01:00:00+00:00,0.292,1.173,79.0,0.0,24.448214
2023-07-30 02:00:00+00:00,0.29,0.723,75.0,0.0,25.772078
2023-07-30 03:00:00+00:00,0.288,0.223,68.0,0.0,24.993439
2023-07-30 04:00:00+00:00,0.286,-0.17699999,68.0,0.0,23.441502
2023-07-30 05:00:00+00:00,0.284,-0.527,66.0,0.0,20.240196
2023-07-30 06:00:00+00:00,0.283,-1.477,70.0,0.0,18.0036
2023-07-30 07:00:00+00:00,0.283,-1.8770001,74.0,0.0,17.313717
2023-07-30 08:00:00+00:00,0.282,-2.127,78.0,0.0,15.158522
2023-07-30 09:00:00+00:00,0.282,-2.427,80.0,0.0,14.471821
2023-07-30 10:00:00+00:00,0.281,-2.677,82.0,0.0,14.205182
2023-07-30 11:00:00+00:00,0.281,-2.727,82.0,0.0,15.683776
2023-07-30 12:00:00+00:00,0.281,-2.877,81.0,0.0,14.869351
2023-07-30 13:00:00+00:00,0.281,-2.977,81.0,0.0,14.471821
2023-07-30 14:00:00+00:00,0.281,-2.277,78.0,0.0,15.273505
2023-07-30 15:00:00+00:00,0.28,-0.977,74.0,0.0,17.227419
2023-07-30 16:00:00+00:00,0.278,0.423,70.0,0.0,21.349546
2023-07-30 17:00:00+00:00,0.277,1.223,65.0,0.0,23.411074
2023-07-30 18:00:00+00:00,0.277,1.623,66.0,0.0,25.199999
2023-07-30 19:00:00+00:00,0.276,1.673,69.0,0.0,25.942488
2023-07-30 20:00:00+00:00,0.275,1.323,73.0,0.0,25.364037
2023-07-30 21:00:00+00:00,0.275,1.073,77.0,0.0,24.74329
2023-07-30 22:00:00+00:00,0.275,1.123,78.0,0.0,26.079508
2023-07-30 23:00:00+00:00,0.274,1.173,78.0,0.0,26.932714
2023-07-31 00:00:00+00:00,0.274,1.123,81.0,0.0,27.51116
2023-07-31 01:00:00+00:00,0.274,1.123,81.0,0.0,27.475807
2023-07-31 02:00:00+00:00,0.273,1.073,80.0,0.0,26.400545
2023-07-31 03:00:00+00:00,0.273,1.023,82.0,0.0,25.40743
2023-07-31 04:00:00+00:00,0.273,1.023,83.0,0.0,25.050413
2023-07-31 05:00:00+00:00,0.273,0.923,83.0,0.0,23.535301
2023-07-31 06:00:00+00:00,0.273,0.373,85.0,0.0,20.617662
2023-07-31 07:00:00+00:00,0.273,0.17300001,89.0,0.0,19.930477
2023-07-31 08:00:00+00:00,0.273,0.17300001,90.0,0.0,19.469975
2023-07-31 09:00:00+00:00,0.273,0.223,90.0,0.0,17.31746
2023-07-31 10:00:00+00:00,0.273,0.17300001,90.0,0.0,14.658676
2023-07-31 11:00:00+00:00,0.273,-0.17699999,92.0,0.0,11.592894
2023-07-31 12:00:00+00:00,0.273,0.023000002,91.0,0.0,7.42159
2023-07-31 13:00:00+00:00,0.273,-0.127,91.0,0.0,6.489992
2023-07-31 14:00:00+00:00,0.273,-0.17699999,91.0,0.0,2.52
2023-07-31 15:00:00+00:00,0.273,-0.07699999,91.0,0.0,4.198285
2023-07-31 16:00:00+00:00,0.274,0.673,86.0,0.0,6.489992
2023-07-31 17:00:00+00:00,0.274,1.023,82.0,0.0,10.163227
2023-07-31 18:00:00+00:00,0.274,0.823,81.0,0.0,13.797913
2023-07-31 19:00:00+00:00,0.273,0.523,84.0,0.0,16.575644
2023-07-31 20:00:00+00:00,0.273,0.523,91.0,0.2,18.532133
2023-07-31 21:00:00+00:00,0.272,0.323,95.0,1.3,21.218632
2023-07-31 22:00:00+00:00,0.272,0.473,95.0,1.3,22.728518
2023-07-31 23:00:00+00:00,0.272,0.473,95.0,1.0,20.140705
2023-08-01 00:00:00+00:00,0.271,0.623,95.0,0.4,19.803272
2023-08-01 01:00:00+00:00,0.271,0.573,96.0,0.4,15.629971
2023-08-01 02:00:00+00:00,0.271,0.523,97.0,0.2,11.212135
2023-08-01 03:00:00+00:00,0.271,0.473,98.0,0.0,6.792466
2023-08-01 04:00:00+00:00,0.272,0.573,98.0,0.0,6.696387
2023-08-01 05:00:00+00:00,0.272,0.523,98.0,0.0,4.8433046
2023-08-01 06:00:00+00:00,0.272,0.473,98.0,0.0,4.6102495
2023-08-01 07:00:00+00:00,0.271,0.373,98.0,0.0,4.3349743
2023-08-01 08:00:00+00:00,0.271,0.423,97.0,0.0,5.6920996
2023-08-01 09:00:00+00:00,0.271,0.423,96.0,0.0,9.3876505
2023-08-01 10:00:00+00:00,0.271,0.17300001,95.0,0.0,15.188415
2023-08-01 11:00:00+00:00,0.271,0.223,91.0,0.0,20.774214
2023-08-01 12:00:00+00:00,0.271,0.773,94.0,0.0,27.595823
2023-08-01 13:00:00+00:00,0.274,1.273,91.0,0.0,33.487743
2023-08-01 14:00:00+00:00,0.285,1.623,86.0,0.0,35.66908
2023-08-01 15:00:00+00:00,0.293,1.873,82.0,0.0,35.287346
2023-08-01 16:00:00+00:00,0.303,2.273,79.0,0.0,32.809414
2023-08-01 17:00:00+00:00,0.307,2.473,78.0,0.0,30.05515
2023-08-01 18:00:00+00:00,0.306,2.773,78.0,0.0,28.036118
2023-08-01 19:00:00+00:00,0.303,2.723,78.0,0.0,28.930204
2023-08-01 20:00:00+00:00,0.3,2.1230001,83.0,0.0,26.183659
2023-08-01 21:00:00+00:00,0.295,1.273,86.0,0.0,24.923338
2023-08-01 22:00:00+00:00,0.292,0.823,84.0,0.0,25.721743
2023-08-01 23:00:00+00:00,0.29,0.323,79.0,0.0,30.703587
2023-08-02 00:00:00+00:00,0.287,0.423,74.0,0.0,30.293522
2023-08-02 01:00:00+00:00,0.285,-0.277,76.0,0.0,29.88217
2023-08-02 02:00:00+00:00,0.283,-0.92700005,76.0,0.0,29.888672
2023-08-02 03:00:00+00:00,0.281,-1.477,75.0,0.0,31.32207
2023-08-02 04:00:00+00:00,0.279,-1.8269999,75.0,0.0,31.712711
2023-08-02 05:00:00+00:00,0.278,-2.077,75.0,0.0,30.293522
2023-08-02 06:00:00+00:00,0.277,-2.277,80.0,0.0,24.288662
2023-08-02 07:00:00+00:00,0.277,-2.327,80.0,0.0,23.051247
2023-08-02 08:00:00+00:00,0.276,-2.477,82.0,0.0,20.545246
2023-08-02 09:00:00+00:00,0.276,-2.727,82.0,0.0,20.570463
2023-08-02 10:00:00+00:00,0.275,-2.927,78.0,0.0,22.33161
2023-08-02 11:00:00+00:00,0.275,-3.177,74.0,0.0,22.725668
2023-08-02 12:00:00+00:00,0.274,-3.527,75.0,0.0,20.532627
2023-08-02 13:00:00+00:00,0.274,-3.577,77.0,0.0,19.959719
2023-08-02 14:00:00+00:00,0.273,-2.827,78.0,0.0,21.2522
2023-08-02 15:00:00+00:00,0.272,-1.577,75.0,0.0,23.73271
2023-08-02 16:00:00+00:00,0.27,-0.427,73.0,0.0,27.038372
2023-08-02 17:00:00+00:00,0.269,0.623,70.0,0.0,31.883888
2023-08-02 18:00:00+00:00,0.268,0.773,70.0,0.0,29.660152
2023-08-02 19:00:00+00:00,0.268,1.123,71.0,0.0,29.5551
2023-08-02 20:00:00+00:00,0.268,1.073,77.0,0.0,27.36947
2023-08-02 21:00:00+00:00,0.269,0.823,81.0,0.0,25.570139
2023-08-02 22:00:00+00:00,0.269,0.673,87.0,0.0,24.29133
2023-08-02 23:00:00+00:00,0.269,0.623,90.0,0.0,23.023119
2023-08-03 00:00:00+00:00,0.269,0.523,93.0,0.0,18.671474
2023-08-03 01:00:00+00:00,0.27,0.673,95.0,0.1,18.556595
2023-08-03 02:00:00+00:00,0.271,1.223,95.0,0.1,25.96496
2023-08-03 03:00:00+00:00,0.278,1.873,93.0,0.1,32.587456
2023-08-03 04:00:00+00:00,0.285,1.823,93.0,0.2,33.626774
2023-08-03 05:00:00+00:00,0.295,1.973,93.0,0.4,34.75445
2023-08-03 06:00:00+00:00,0.295,2.1230001,91.0,0.3,36.67232
2023-08-03 07:00:00+00:00,0.301,2.023,90.0,0.2,37.29086
2023-08-03 08:00:00+00:00,0.304,2.023,90.0,0.3,36.23861
2023-08-03 09:00:00+00:00,0.309,1.673,93.0,0.5,33.12978
2023-08-03 10:00:00+00:00,0.314,1.873,92.0,0.5,33.014175
2023-08-03 11:00:00+00:00,0.322,2.073,91.0,0.5,33.588207
2023-08-03 12:00:00+00:00,0.326,2.773,90.0,0.5,43.375145
2023-08-03 13:00:00+00:00,0.329,2.573,90.0,0.5,38.6208
2023-08-03 14:00:00+00:00,0.322,3.223,85.0,0.1,38.479603
2023-08-03 15:00:00+00:00,0.315,3.723,80.0,0.0,38.221085
2023-08-03 16:00:00+00:00,0.31,3.723,76.0,0.0,38.221085
2023-08-03 17:00:00+00:00,0.306,3.573,73.0,0.0,39.96
2023-08-03 18:00:00+00:00,0.303,3.623,73.0,0.0,38.939953
2023-08-03 19:00:00+00:00,0.3,3.373,74.0,0.0,37.883907
2023-08-03 20:00:00+00:00,0.299,2.823,75.0,0.0,36.78347
2023-08-03 21:00:00+00:00,0.297,2.223,78.0,0.0,34.651752
2023-08-03 22:00:00+00:00,0.296,1.773,79.0,0.0,34.268143
2023-08-03 23:00:00+00:00,0.294,1.473,77.0,0.0,37.10795
2023-08-04 00:00:00+00:00,0.29,1.123,76.0,0.0,35.397354
2023-08-04 01:00:00+00:00,0.29,0.873,75.0,0.0,36.217144
2023-08-04 02:00:00+00:00,0.289,0.823,75.0,0.0,37.064266
2023-08-04 03:00:00+00:00,0.288,0.823,76.0,0.0,35.821354
2023-08-04 04:00:00+00:00,0.287,0.773,75.0,0.0,36.973244
2023-08-04 05:00:00+00:00,0.286,0.623,73.0,0.0,36.457886
2023-08-04 06:00:00+00:00,0.281,0.773,73.0,0.0,36.50052
2023-08-04 07:00:00+00:00,0.279,0.373,68.0,0.0,41.213318
2023-08-04 08:00:00+00:00,0.276,-0.277,65.0,0.0,41.982853
2023-08-04 09:00:00+00:00,0.273,-0.527,65.0,0.0,39.575443
2023-08-04 10:00:00+00:00,0.271,-0.527,63.0,0.0,32.096577
2023-08-04 11:00:00+00:00,0.269,-0.92700005,65.0,0.0,28.038431
2023-08-04 12:00:00+00:00,0.269,-1.177,70.0,0.0,25.099514
2023-08-04 13:00:00+00:00,0.268,-1.177,68.0,0.0,25.277023
2023-08-04 14:00:00+00:00,0.266,-0.577,67.0,0.0,24.442911
2023-08-04 15:00:00+00:00,0.265,0.122999996,67.0,0.0,25.325686
2023-08-04 16:00:00+00:00,0.264,0.823,65.0,0.0,29.237675
2023-08-04 17:00:00+00:00,0.263,1.123,62.0,0.0,31.983318
2023-08-04 18:00:00+00:00,0.264,1.323,64.0,0.0,28.528723
2023-08-04 19:00:00+00:00,0.263,1.273,67.0,0.0,26.727423
2023-08-04 20:00:00+00:00,0.263,0.923,74.0,0.0,24.490587
2023-08-04 21:00:00+00:00,0.264,0.573,79.0,0.0,23.0653
2023-08-04 22:00:00+00:00,0.264,0.473,83.0,0.0,21.707731
2023-08-04 23:00:00+00:00,0.264,0.473,86.0,0.0,21.485697
2023-08-05 00:00:00+00:00,0.262,0.573,84.0,0.0,20.545246
2023-08-05 01:00:00+00:00,0.262,0.523,86.0,0.0,17.555305
2023-08-05 02:00:00+00:00,0.262,0.673,90.0,0.1,15.1884165
2023-08-05 03:00:00+00:00,0.263,0.873,91.0,0.1,11.808878
2023-08-05 04:00:00+00:00,0.263,1.223,91.0,0.1,15.629971
2023-08-05 05:00:00+00:00,0.264,1.973,92.0,0.2,23.023117
2023-08-05 06:00:00+00:00,0.27,2.823,91.0,0.2,26.944744
2023-08-05 07:00:00+00:00,0.275,2.923,91.0,0.2,28.696312
2023-08-05 08:00:00+00:00,0.278,3.373,89.0,0.2,30.5173
2023-08-05 09:00:00+00:00,0.277,3.573,88.0,0.1,31.205997
2023-08-05 10:00:00+00:00,0.275,3.523,89.0,0.1,30.659237
2023-08-05 11:00:00+00:00,0.273,3.573,88.0,0.0,29.620802
2023-08-05 12:00:00+00:00,0.275,4.023,87.0,0.1,26.339111
2023-08-05 13:00:00+00:00,0.276,4.123,88.0,0.1,27.609911
2023-08-05 14:00:00+00:00,0.291,4.323,87.0,0.6,26.944744
2023-08-05 15:00:00+00:00,0.3,4.4230003,86.0,0.6,29.024128
2023-08-05 16:00:00+00:00,0.311,4.323,86.0,0.9,30.631746
2023-08-05 17:00:00+00:00,0.313,4.373,85.0,0.7,32.569557
2023-08-05 18:00:00+00:00,0.303,4.823,84.0,0.4,36.702347
2023-08-05 19:00:00+00:00,0.296,4.9729996,83.0,0.1,37.11319
2023-08-05 20:00:00+00:00,0.292,4.773,82.0,0.0,36.94168
2023-08-05 21:00:00+00:00,0.296,4.123,79.0,0.3,35.010807
2023-08-05 22:00:00+00:00,0.29,3.173,74.0,0.0,35.64727
2023-08-05 23:00:00+00:00,0.287,2.073,72.0,0.0,33.48
2023-08-06 00:00:00+00:00,0.286,2.273,81.0,0.0,33.151287
2023-08-06 01:00:00+00:00,0.284,1.323,78.0,0.0,37.08175
2023-08-06 02:00:00+00:00,0.282,0.473,74.0,0.0,37.212578
2023-08-06 03:00:00+00:00,0.281,-0.227,67.0,0.0,37.022285
2023-08-06 04:00:00+00:00,0.278,-0.877,63.0,0.0,40.10406
2023-08-06 05:00:00+00:00,0.276,-1.377,63.0,0.0,41.780167
2023-08-06 06:00:00+00:00,0.275,-1.127,66.0,0.0,42.354733
2023-08-06 07:00:00+00:00,0.273,-0.827,65.0,0.0,38.344646
2023-08-06 08:00:00+00:00,0.271,-0.677,65.0,0.0,33.75948
2023-08-06 09:00:00+00:00,0.27,-0.727,66.0,0.0,31.487143
2023-08-06 10:00:00+00:00,0.269,-0.877,67.0,0.0,30.513052
2023-08-06 11:00:00+00:00,0.267,-1.177,67.0,0.0,26.758923
2023-08-06 12:00:00+00:00,0.266,-2.077,69.0,0.0,25.922499
2023-08-06 13:00:00+00:00,0.265,-1.977,71.0,0.0,23.444265
2023-08-06 14:00:00+00:00,0.264,-1.077,68.0,0.0,24.57511
2023-08-06 15:00:00+00:00,0.262,0.073,63.0,0.0,27.193705
2023-08-06 16:00:00+00:00,0.26,0.873,57.0,0.0,31.559088
2023-08-06 17:00:00+00:00,0.259,1.223,56.0,0.0,34.139313
2023-08-06 18:00:00+00:00,0.261,1.373,61.0,0.0,33.441265
2023-08-06 19:00:00+00:00,0.26,1.173,63.0,0.0,31.63087
2023-08-06 20:00:00+00:00,0.26,0.923,70.0,0.0,29.947151
2023-08-06 21:00:00+00:00,0.26,0.523,75.0,0.0,28.19285
2023-08-06 22:00:00+00:00,0.261,0.273,78.0,0.0,27.0024
2023-08-06 23:00:00+00:00,0.261,0.17300001,80.0,0.0,25.922499
2023-08-07 00:00:00+00:00,0.258,-0.37699997,79.0,0.0,23.828083
2023-08-07 01:00:00+00:00,0.258,-0.37699997,79.0,0.0,23.469128
2023-08-07 02:00:00+00:00,0.258,-0.527,80.0,0.0,23.42491
2023-08-07 03:00:00+00:00,0.258,-0.727,81.0,0.0,21.67487
2023-08-07 04:00:00+00:00,0.258,-0.977,83.0,0.0,20.275383
2023-08-07 05:00:00+00:00,0.258,-1.177,84.0,0.0,18.584509
2023-08-07 06:00:00+00:00,0.258,-1.077,83.0,0.0,18.0036
2023-08-07 07:00:00+00:00,0.259,-1.077,84.0,0.0,17.811815
2023-08-07 08:00:00+00:00,0.259,-1.027,83.0,0.0,17.377226
2023-08-07 09:00:00+00:00,0.259,-0.877,83.0,0.0,17.727943
2023-08-07 10:00:00+00:00,0.259,-0.877,83.0,0.0,16.595179
2023-08-07 11:00:00+00:00,0.259,-0.92700005,83.0,0.0,15.328561
2023-08-07 12:00:00+00:00,0.26,-1.127,89.0,0.0,11.252519
2023-08-07 13:00:00+00:00,0.26,-0.827,86.0,0.0,9.9571085
2023-08-07 14:00:00+00:00,0.26,-0.32700002,85.0,0.0,10.390226
2023-08-07 15:00:00+00:00,0.26,0.423,84.0,0.0,11.177405
2023-08-07 16:00:00+00:00,0.259,1.473,82.0,0.0,12.661564
2023-08-07 17:00:00+00:00,0.259,2.1729999,81.0,0.0,14.332341
2023-08-07 18:00:00+00:00,0.26,2.773,77.0,0.0,11.720751
2023-08-07 19:00:00+00:00,0.26,3.223,76.0,0.0,11.27553
2023-08-07 20:00:00+00:00,0.26,2.923,79.0,0.0,7.968939
2023-08-07 21:00:00+00:00,0.261,1.923,84.0,0.0,4.896529
2023-08-07 22:00:00+00:00,0.262,1.473,86.0,0.0,4.2136917
2023-08-07 23:00:00+00:00,0.263,1.173,87.0,0.0,3.7585104
2023-08-08 00:00:00+00:00,0.263,0.723,89.0,0.0,3.7585104
2023-08-08 01:00:00+00:00,0.264,0.473,89.0,0.0,2.8799999
2023-08-08 02:00:00+00:00,0.264,0.273,89.0,0.0,1.4399999
2023-08-08 03:00:00+00:00,0.264,0.273,88.0,0.0,1.484318
2023-08-08 04:00:00+00:00,0.264,-0.07699999,90.0,0.0,2.8116899
2023-08-08 05:00:00+00:00,0.265,-0.577,94.0,0.0,3.5455887
2023-08-08 06:00:00+00:00,0.265,-1.127,97.0,0.0,3.7064266
2023-08-08 07:00:00+00:00,0.265,-0.977,97.0,0.0,4.6938257
2023-08-08 08:00:00+00:00,0.265,-0.877,95.0,0.0,5.154415
2023-08-08 09:00:00+00:00,0.265,-0.77699995,92.0,0.0,5.4477882
2023-08-08 10:00:00+00:00,0.265,-0.877,91.0,0.0,6.489992
2023-08-08 11:00:00+00:00,0.265,-0.827,90.0,0.0,5.00128
2023-08-08 12:00:00+00:00,0.265,-0.32700002,90.0,0.0,5.8048253
2023-08-08 13:00:00+00:00,0.265,-0.02700001,91.0,0.0,4.072935
2023-08-08 14:00:00+00:00,0.265,0.273,92.0,0.0,3.7064266
2023-08-08 15:00:00+00:00,0.265,0.423,92.0,0.0,4.0249224
2023-08-08 16:00:00+00:00,0.266,1.073,91.0,0.1,5.904439
2023-08-08 17:00:00+00:00,0.267,1.623,89.0,0.0,3.4152596
2023-08-08 18:00:00+00:00,0.267,2.673,88.0,0.0,3.4152596
2023-08-08 19:00:00+00:00,0.266,2.823,87.0,0.0,2.8116899
2023-08-08 20:00:00+00:00,0.264,2.523,90.0,0.0,4.73506
2023-08-08 21:00:00+00:00,0.264,1.823,94.0,0.0,6.379216
2023-08-08 22:00:00+00:00,0.264,1.173,96.0,0.0,6.849467
2023-08-08 23:00:00+00:00,0.264,0.573,97.0,0.0,4.3498964
2023-08-09 00:00:00+00:00,0.265,-0.127,98.0,0.0,5.5887027
2023-08-09 01:00:00+00:00,0.265,-0.577,99.0,0.0,5.4477882
2023-08-09 02:00:00+00:00,0.265,-0.827,100.0,0.0,3.671294
2023-08-09 03:00:00+00:00,0.265,-0.877,99.0,0.0,5.4477882
2023-08-09 04:00:00+00:00,0.265,-0.77699995,98.0,0.0,3.396233
2023-08-09 05:00:00+00:00,0.265,-0.37699997,97.0,0.0,3.8268526
2023-08-09 06:00:00+00:00,0.266,0.122999996,97.0,0.1,3.8939953
2023-08-09 07:00:00+00:00,0.266,0.373,95.0,0.0,4.6102495
2023-08-09 08:00:00+00:00,0.266,0.473,94.0,0.0,3.563818
2023-08-09 09:00:00+00:00,0.266,0.273,94.0,0.0,4.6102495
2023-08-09 10:00:00+00:00,0.266,-0.277,96.0,0.0,4.802999
2023-08-09 11:00:00+00:00,0.266,-0.577,97.0,0.0,3.671294
2023-08-09 12:00:00+00:00,0.266,-1.527,99.0,0.0,4.452954
2023-08-09 13:00:00+00:00,0.266,-1.427,99.0,0.0,4.198285
2023-08-09 14:00:00+00:00,0.266,-0.37699997,96.0,0.0,6.12
2023-08-09 15:00:00+00:00,0.266,1.773,90.0,0.0,8.654986
2023-08-09 16:00:00+00:00,0.266,2.773,87.0,0.0,13.276144
2023-08-09 17:00:00+00:00,0.266,3.423,89.0,0.0,14.471821
2023-08-09 18:00:00+00:00,0.265,4.573,88.0,0.0,17.902534
2023-08-09 19:00:00+00:00,0.264,4.7229996,90.0,0.0,12.605142
2023-08-09 20:00:00+00:00,0.264,4.273,92.0,0.1,11.304229
2023-08-09 21:00:00+00:00,0.267,3.323,95.0,0.2,6.489992
2023-08-09 22:00:00+00:00,0.27,2.323,97.0,0.2,5.692099
2023-08-09 23:00:00+00:00,0.268,1.173,99.0,0.0,4.32
2023-08-10 00:00:00+00:00,0.267,0.573,100.0,0.0,3.2599385
2023-08-10 01:00:00+00:00,0.267,0.973,100.0,0.0,1.8
2023-08-10 02:00:00+00:00,0.267,0.873,100.0,0.0,2.6208394
2023-08-10 03:00:00+00:00,0.267,0.773,97.0,0.0,3.6
2023-08-10 04:00:00+00:00,0.267,0.973,95.0,0.0,5.495161
2023-08-10 05:00:00+00:00,0.267,1.323,94.0,0.0,6.12
2023-08-10 06:00:00+00:00,0.267,0.223,96.0,0.0,5.6920996
2023-08-10 07:00:00+00:00,0.267,0.423,96.0,0.0,6.28713
2023-08-10 08:00:00+00:00,0.267,0.623,96.0,0.0,6.519877
2023-08-10 09:00:00+00:00,0.267,0.723,96.0,0.0,6.87779
2023-08-10 10:00:00+00:00,0.267,0.923,95.0,0.0,7.6367526
2023-08-10 11:00:00+00:00,0.267,0.973,94.0,0.0,7.2805495
2023-08-10 12:00:00+00:00,0.267,-0.127,96.0,0.0,6.0347
2023-08-10 13:00:00+00:00,0.267,-0.17699999,94.0,0.0,5.5887027
2023-08-10 14:00:00+00:00,0.267,0.473,93.0,0.0,4.73506
2023-08-10 15:00:00+00:00,0.27,1.823,92.0,0.0,4.73506
2023-08-10 16:00:00+00:00,0.277,3.023,90.0,0.0,4.1046314
2023-08-10 17:00:00+00:00,0.278,3.273,92.0,0.0,2.5959969
2023-08-10 18:00:00+00:00,0.276,4.9230003,86.0,0.4,3.096837
2023-08-10 19:00:00+00:00,0.294,4.373,91.0,0.7,3.0758414
2023-08-10 20:00:00+00:00,0.315,3.773,90.0,1.0,3.096837
2023-08-10 21:00:00+00:00,0.325,2.873,91.0,1.1,4.3349743
2023-08-10 22:00:00+00:00,0.319,1.923,94.0,0.7,5.495161
2023-08-10 23:00:00+00:00,0.317,1.373,95.0,0.5,5.1165614
2023-08-11 00:00:00+00:00,0.314,0.423,100.0,0.5,4.3349743
2023-08-11 01:00:00+00:00,0.309,0.523,99.0,0.4,3.671294
2023-08-11 02:00:00+00:00,0.307,0.423,98.0,0.0,1.609969
2023-08-11 03:00:00+00:00,0.307,0.623,96.0,0.0,0.8049845
2023-08-11 04:00:00+00:00,0.307,0.773,93.0,0.0,2.7416782
2023-08-11 05:00:00+00:00,0.307,0.473,90.0,0.0,5.154415
2023-08-11 06:00:00+00:00,0.31,-0.877,89.0,0.0,8.654986
2023-08-11 07:00:00+00:00,0.31,-1.027,90.0,0.0,9.107359
2023-08-11 08:00:00+00:00,0.311,-1.177,89.0,0.0,9.826088
2023-08-11 09:00:00+00:00,0.311,-1.127,89.0,0.0,10.805999
2023-08-11 10:00:00+00:00,0.311,-1.027,90.0,0.0,11.966953
2023-08-11 11:00:00+00:00,0.311,-1.127,88.0,0.0,12.074766
2023-08-11 12:00:00+00:00,0.311,-1.377,88.0,0.0,10.8955765
2023-08-11 13:00:00+00:00,0.311,-1.327,86.0,0.0,11.928989
2023-08-11 14:00:00+00:00,0.31,-0.77699995,85.0,0.0,13.004921
2023-08-11 15:00:00+00:00,0.309,0.273,85.0,0.0,14.113653
2023-08-11 16:00:00+00:00,0.329,1.223,80.0,0.0,15.5843
2023-08-11 17:00:00+00:00,0.341,1.873,73.0,0.0,17.643673
2023-08-11 18:00:00+00:00,0.315,2.723,70.0,0.0,19.083395
2023-08-11 19:00:00+00:00,0.31,2.523,73.0,0.0,19.959719
2023-08-11 20:00:00+00:00,0.307,2.1230001,76.0,0.0,18.584509
2023-08-11 21:00:00+00:00,0.306,1.523,82.0,0.0,15.893093
2023-08-11 22:00:00+00:00,0.306,1.073,87.0,0.0,14.84318
2023-08-11 23:00:00+00:00,0.307,0.973,89.0,0.0,14.494192
2023-08-12 00:00:00+00:00,0.308,0.423,91.0,0.0,12.864649
2023-08-12 01:00:00+00:00,0.308,0.373,91.0,0.0,13.358861
2023-08-12 02:00:00+00:00,0.308,0.373,91.0,0.0,14.869351
2023-08-12 03:00:00+00:00,0.309,0.573,87.0,0.0,15.496736
2023-08-12 04:00:00+00:00,0.308,0.623,88.0,0.0,16.65754
2023-08-12 05:00:00+00:00,0.308,0.973,85.0,0.0,17.313717
2023-08-12 06:00:00+00:00,0.308,0.973,83.0,0.0,18.844202
2023-08-12 07:00:00+00:00,0.308,0.773,83.0,0.0,18.584509
2023-08-12 08:00:00+00:00,0.308,0.573,84.0,0.0,17.651016
2023-08-12 09:00:00+00:00,0.308,0.373,86.0,0.0,17.298738
2023-08-12 10:00:00+00:00,0.308,0.323,86.0,0.0,16.946787
2023-08-12 11:00:00+00:00,0.307,0.17300001,85.0,0.0,16.766108
2023-08-12 12:00:00+00:00,0.308,-0.627,92.0,0.0,12.303366
2023-08-12 13:00:00+00:00,0.308,-0.477,93.0,0.0,12.181625
2023-08-12 14:00:00+00:00,0.308,0.673,91.0,0.0,12.661564
2023-08-12 15:00:00+00:00,0.307,2.223,87.0,0.0,14.145756
2023-08-12 16:00:00+00:00,0.305,3.323,78.0,0.0,17.227419
2023-08-12 17:00:00+00:00,0.304,3.723,73.0,0.0,16.299694
2023-08-12 18:00:00+00:00,0.299,4.073,71.0,0.0,16.418526
2023-08-12 19:00:00+00:00,0.298,3.873,72.0,0.0,13.905509
2023-08-12 20:00:00+00:00,0.297,3.323,73.0,0.0,10.805998
2023-08-12 21:00:00+00:00,0.296,2.1729999,79.0,0.0,6.989936
2023-08-12 22:00:00+00:00,0.298,1.223,83.0,0.0,4.5820518
2023-08-12 23:00:00+00:00,0.298,0.673,86.0,0.0,3.7064266
2023-08-13 00:00:00+00:00,0.299,0.323,89.0,0.0,3.396233
2023-08-13 01:00:00+00:00,0.299,0.273,88.0,0.0,2.968636
2023-08-13 02:00:00+00:00,0.299,0.073,87.0,0.0,3.2399998
2023-08-13 03:00:00+00:00,0.299,-0.07699999,85.0,0.0,3.319036
2023-08-13 04:00:00+00:00,0.299,-0.277,83.0,0.0,3.096837
2023-08-13 05:00:00+00:00,0.299,-0.677,85.0,0.0,3.9763298
2023-08-13 06:00:00+00:00,0.299,-1.377,91.0,0.0,3.2599385
2023-08-13 07:00:00+00:00,0.299,-1.677,90.0,0.0,3.4152596
2023-08-13 08:00:00+00:00,0.299,-2.127,91.0,0.0,3.7064266
2023-08-13 09:00:00+00:00,0.299,-2.377,92.0,0.0,3.396233
2023-08-13 10:00:00+00:00,0.299,-2.227,90.0,0.0,3.396233
2023-08-13 11:00:00+00:00,0.299,-2.177,91.0,0.0,2.8116899
2023-08-13 12:00:00+00:00,0.299,-2.677,90.0,0.0,1.5273507
2023-08-13 13:00:00+00:00,0.299,-2.427,90.0,0.0,1.4399999
2023-08-13 14:00:00+00:00,0.299,-1.627,91.0,0.0,2.5455842
2023-08-13 15:00:00+00:00,0.299,-0.877,89.0,0.0,3.0758414
2023-08-13 16:00:00+00:00,0.299,-0.07699999,87.0,0.0,5.5887027
2023-08-13 17:00:00+00:00,0.299,0.523,83.0,0.0,8.209263
2023-08-13 18:00:00+00:00,0.293,1.573,80.0,0.0,12.6462
2023-08-13 19:00:00+00:00,0.292,1.973,77.0,0.0,13.722565
2023-08-13 20:00:00+00:00,0.291,1.973,78.0,0.0,13.441071
2023-08-13 21:00:00+00:00,0.291,1.273,83.0,0.0,11.090103
2023-08-13 22:00:00+00:00,0.292,0.523,90.0,0.0,10.587917
2023-08-13 23:00:00+00:00,0.293,0.223,95.0,0.0,9.565437
2023-08-14 00:00:00+00:00,0.293,0.023000002,95.0,0.0,6.830519
2023-08-14 01:00:00+00:00,0.293,-0.02700001,94.0,0.0,4.6800003
2023-08-14 02:00:00+00:00,0.293,0.122999996,93.0,0.0,2.968636
2023-08-14 03:00:00+00:00,0.294,0.473,92.0,0.1,3.8939953
2023-08-14 04:00:00+00:00,0.294,1.223,90.0,0.1,6.489992
2023-08-14 05:00:00+00:00,0.294,1.523,89.0,0.0,9.0
2023-08-14 06:00:00+00:00,0.295,1.473,90.0,0.0,10.703569
2023-08-14 07:00:00+00:00,0.295,1.423,91.0,0.0,12.682018
2023-08-14 08:00:00+00:00,0.295,1.623,91.0,0.0,15.629971
2023-08-14 09:00:00+00:00,0.295,2.023,90.0,0.0,18.86139
2023-08-14 10:00:00+00:00,0.295,2.073,91.0,0.0,19.694992
2023-08-14 11:00:00+00:00,0.295,1.673,86.0,0.0,19.211996
2023-08-14 12:00:00+00:00,0.294,1.123,82.0,0.0,17.076298
2023-08-14 13:00:00+00:00,0.294,1.023,83.0,0.0,17.654688
2023-08-14 14:00:00+00:00,0.295,2.023,76.0,0.0,21.288757
2023-08-14 15:00:00+00:00,0.3,2.823,68.0,0.0,26.052162
2023-08-14 16:00:00+00:00,0.295,2.973,64.0,0.0,26.341572
2023-08-14 17:00:00+00:00,0.292,2.873,61.0,0.0,26.64
2023-08-14 18:00:00+00:00,0.286,2.873,59.0,0.0,24.842607
2023-08-14 19:00:00+00:00,0.285,2.473,58.0,0.0,23.411074
2023-08-14 20:00:00+00:00,0.284,1.923,59.0,0.0,20.188908
2023-08-14 21:00:00+00:00,0.284,1.123,65.0,0.0,18.089775
2023-08-14 22:00:00+00:00,0.284,0.273,66.0,0.0,16.65754
2023-08-14 23:00:00+00:00,0.284,-0.37699997,67.0,0.0,15.119999
2023-08-15 00:00:00+00:00,0.283,-1.227,73.0,0.0,14.471821
2023-08-15 01:00:00+00:00,0.283,-1.677,73.0,0.0,12.429127
2023-08-15 02:00:00+00:00,0.282,-2.027,75.0,0.0,11.043261
2023-08-15 03:00:00+00:00,0.282,-2.127,74.0,0.0,10.028439
2023-08-15 04:00:00+00:00,0.282,-2.377,74.0,0.0,9.0
2023-08-15 05:00:00+00:00,0.281,-2.827,75.0,0.0,7.968939
2023-08-15 06:00:00+00:00,0.282,-3.627,77.0,0.0,7.928178
2023-08-15 07:00:00+00:00,0.281,-3.7770002,76.0,0.0,8.64
2023-08-15 08:00:00+00:00,0.281,-3.877,78.0,0.0,8.28
2023-08-15 09:00:00+00:00,0.281,-3.977,81.0,0.0,8.287822
2023-08-15 10:00:00+00:00,0.281,-4.177,82.0,0.0,7.928178
2023-08-15 11:00:00+00:00,0.281,-4.427,82.0,0.0,7.2359104
2023-08-15 12:00:00+00:00,0.281,-4.227,80.0,0.0,6.830519
2023-08-15 13:00:00+00:00,0.281,-3.9269998,79.0,0.0,6.5693827
2023-08-15 14:00:00+00:00,0.281,-2.327,71.0,0.0,8.647496
2023-08-15 15:00:00+00:00,0.279,-0.677,63.0,0.0,11.165805
2023-08-15 16:00:00+00:00,0.276,0.673,56.0,0.0,14.685176
2023-08-15 17:00:00+00:00,0.274,1.323,51.0,0.0,15.827721
2023-08-15 18:00:00+00:00,0.275,1.373,47.0,0.0,14.039999
2023-08-15 19:00:00+00:00,0.274,1.473,49.0,0.0,14.24163
2023-08-15 20:00:00+00:00,0.273,1.223,53.0,0.0,12.758432
2023-08-15 21:00:00+00:00,0.273,0.623,62.0,0.0,10.086427
2023-08-15 22:00:00+00:00,0.273,-0.227,70.0,0.0,9.255571
2023-08-15 23:00:00+00:00,0.273,-0.727,74.0,0.0,8.766573
2023-08-16 00:00:00+00:00,0.273,-1.327,78.0,0.0,8.534353
2023-08-16 01:00:00+00:00,0.274,-1.777,81.0,0.0,7.4128532
2023-08-16 02:00:00+00:00,0.274,-2.177,83.0,0.0,6.763786
2023-08-16 03:00:00+00:00,0.274,-2.477,86.0,0.0,6.6185193
2023-08-16 04:00:00+00:00,0.275,-2.577,88.0,0.0,6.830519
2023-08-16 05:00:00+00:00,0.275,-2.677,90.0,0.0,6.924738
2023-08-16 06:00:00+00:00,0.275,-2.527,91.0,0.0,7.968939
2023-08-16 07:00:00+00:00,0.275,-2.327,92.0,0.0,8.473393
2023-08-16 08:00:00+00:00,0.276,-2.277,92.0,0.0,8.287822
2023-08-16 09:00:00+00:00,0.276,-2.377,93.0,0.0,7.5599995
2023-08-16 10:00:00+00:00,0.276,-2.627,94.0,0.0,6.849467
2023-08-16 11:00:00+00:00,0.276,-2.877,95.0,0.0,6.924738
2023-08-16 12:00:00+00:00,0.276,-3.327,96.0,0.0,6.12
2023-08-16 13:00:00+00:00,0.276,-2.827,95.0,0.0,6.12
2023-08-16 14:00:00+00:00,0.276,-0.827,89.0,0.0,6.849467
2023-08-16 15:00:00+00:00,0.276,1.323,81.0,0.0,9.422101
2023-08-16 16:00:00+00:00,0.274,2.823,76.0,0.0,10.446206
2023-08-16 17:00:00+00:00,0.273,3.723,72.0,0.0,10.182337
2023-08-16 18:00:00+00:00,0.273,4.223,65.0,0.0,7.8625183
2023-08-16 19:00:00+00:00,0.273,4.373,64.0,0.0,6.9527545
2023-08-16 20:00:00+00:00,0.273,4.023,66.0,0.0,4.896529
2023-08-16 21:00:00+00:00,0.273,2.823,75.0,0.0,1.9386592
2023-08-16 22:00:00+00:00,0.274,2.273,75.0,0.0,1.4399999
2023-08-16 23:00:00+00:00,0.275,1.673,76.0,0.0,1.8
2023-08-17 00:00:00+00:00,0.275,0.373,84.0,0.0,2.8116899
2023-08-17 01:00:00+00:00,0.276,-0.577,91.0,0.0,3.319036
2023-08-17 02:00:00+00:00,0.276,-1.277,97.0,0.0,2.8116899
2023-08-17 03:00:00+00:00,0.276,-1.627,100.0,0.0,2.0991426
2023-08-17 04:00:00+00:00,0.276,-1.627,100.0,0.0,1.8
2023-08-17 05:00:00+00:00,0.276,-1.577,100.0,0.0,1.2979984
2023-08-17 06:00:00+00:00,0.276,-1.577,97.0,0.0,2.9024127
2023-08-17 07:00:00+00:00,0.276,-1.527,95.0,0.0,2.7416782
2023-08-17 08:00:00+00:00,0.277,-1.977,92.0,0.0,3.0758414
2023-08-17 09:00:00+00:00,0.277,-2.527,90.0,0.0,2.968636
2023-08-17 10:00:00+00:00,0.277,-2.877,88.0,0.0,2.52
2023-08-17 11:00:00+00:00,0.277,-3.577,88.0,0.0,2.4149535
2023-08-17 12:00:00+00:00,0.277,-4.177,90.0,0.0,3.0547013
2023-08-17 13:00:00+00:00,0.277,-4.5270004,91.0,0.0,3.096837
2023-08-17 14:00:00+00:00,0.277,-3.427,88.0,0.0,2.1897945
2023-08-17 15:00:00+00:00,0.276,-0.977,75.0,0.0,2.9024127
2023-08-17 16:00:00+00:00,0.274,0.523,66.0,0.0,3.671294
2023-08-17 17:00:00+00:00,0.272,1.323,65.0,0.0,4.2136917
2023-08-17 18:00:00+00:00,0.272,1.523,64.0,0.0,4.32
2023-08-17 19:00:00+00:00,0.272,1.373,69.0,0.0,7.42159
2023-08-17 20:00:00+00:00,0.272,0.923,79.0,0.0,7.69592
2023-08-17 21:00:00+00:00,0.272,0.373,88.0,0.1,7.8625183
2023-08-17 22:00:00+00:00,0.272,0.122999996,93.0,0.1,8.557102
2023-08-17 23:00:00+00:00,0.273,0.122999996,96.0,0.2,8.557102
2023-08-18 00:00:00+00:00,0.273,-0.127,96.0,0.2,8.373386
2023-08-18 01:00:00+00:00,0.273,-0.02700001,97.0,0.2,7.289444
2023-08-18 02:00:00+00:00,0.274,0.023000002,98.0,0.1,6.0347
2023-08-18 03:00:00+00:00,0.274,0.073,98.0,0.1,5.5887027
2023-08-18 04:00:00+00:00,0.274,0.17300001,97.0,0.0,5.2416787
2023-08-18 05:00:00+00:00,0.274,0.223,97.0,0.0,5.3517847
2023-08-18 06:00:00+00:00,0.274,0.373,97.0,0.0,5.95906
2023-08-18 07:00:00+00:00,0.274,0.423,97.0,0.1,6.0347
2023-08-18 08:00:00+00:00,0.275,0.373,97.0,0.1,5.4477882
2023-08-18 09:00:00+00:00,0.275,0.373,97.0,0.0,5.0911684
2023-08-18 10:00:00+00:00,0.275,0.323,98.0,0.0,4.896529
2023-08-18 11:00:00+00:00,0.275,0.373,98.0,0.0,4.896529
2023-08-18 12:00:00+00:00,0.276,0.873,98.0,0.0,6.162207
2023-08-18 13:00:00+00:00,0.276,1.123,98.0,0.0,6.379216
2023-08-18 14:00:00+00:00,0.278,1.623,98.0,0.2,7.2
2023-08-18 15:00:00+00:00,0.289,1.623,97.0,0.5,9.504273
2023-08-18 16:00:00+00:00,0.292,1.973,95.0,0.2,8.209263
2023-08-18 17:00:00+00:00,0.293,2.723,91.0,0.1,9.693296
2023-08-18 18:00:00+00:00,0.291,2.573,92.0,0.2,9.19939
2023-08-18 19:00:00+00:00,0.292,2.423,92.0,0.2,9.504273
2023-08-18 20:00:00+00:00,0.292,2.323,94.0,0.1,9.021574
2023-08-18 21:00:00+00:00,0.29,2.1230001,95.0,0.1,8.4963045
2023-08-18 22:00:00+00:00,0.288,1.673,96.0,0.1,7.7879906
2023-08-18 23:00:00+00:00,0.287,1.373,97.0,0.1,7.5942082
2023-08-19 00:00:00+00:00,0.287,0.973,98.0,0.1,8.049845
2023-08-19 01:00:00+00:00,0.287,0.873,98.0,0.1,8.225035
2023-08-19 02:00:00+00:00,0.291,0.723,99.0,0.3,8.0899935
2023-08-19 03:00:00+00:00,0.289,0.673,98.0,0.2,7.24486
2023-08-19 04:00:00+00:00,0.287,0.623,98.0,0.1,7.5685663
2023-08-19 05:00:00+00:00,0.287,0.573,97.0,0.1,6.638072
2023-08-19 06:00:00+00:00,0.284,0.623,99.0,0.1,6.130579
2023-08-19 07:00:00+00:00,0.283,0.723,99.0,0.2,5.771239
2023-08-19 08:00:00+00:00,0.283,0.923,98.0,0.1,5.7599998
2023-08-19 09:00:00+00:00,0.282,1.073,98.0,0.1,5.7599998
2023-08-19 10:00:00+00:00,0.282,1.273,97.0,0.1,5.8603754
2023-08-19 11:00:00+00:00,0.283,1.373,97.0,0.1,6.28713
2023-08-19 12:00:00+00:00,0.286,1.273,98.0,0.2,5.1544156
2023-08-19 13:00:00+00:00,0.291,1.523,97.0,0.2,4.5536795
2023-08-19 14:00:00+00:00,0.299,2.073,96.0,0.1,3.7585104
2023-08-19 15:00:00+00:00,0.299,2.573,93.0,0.1,7.289445
2023-08-19 16:00:00+00:00,0.297,3.323,89.0,0.1,6.830519
2023-08-19 17:00:00+00:00,0.296,3.823,86.0,0.1,7.342588
2023-08-19 18:00:00+00:00,0.297,4.273,85.0,0.1,6.849467
2023-08-19 19:00:00+00:00,0.296,4.1730003,86.0,0.2,4.896529
2023-08-19 20:00:00+00:00,0.3,3.823,90.0,0.3,7.289444
2023-08-19 21:00:00+00:00,0.298,3.373,92.0,0.1,5.00128
2023-08-19 22:00:00+00:00,0.301,3.023,94.0,0.3,6.439876
2023-08-19 23:00:00+00:00,0.298,2.823,93.0,0.1,5.991594
2023-08-20 00:00:00+00:00,0.296,2.673,95.0,0.0,6.193674
2023-08-20 01:00:00+00:00,0.297,2.423,95.0,0.2,7.24486
2023-08-20 02:00:00+00:00,0.294,2.1230001,95.0,0.0,6.439876
2023-08-20 03:00:00+00:00,0.293,1.973,95.0,0.0,5.8048253
2023-08-20 04:00:00+00:00,0.292,1.923,96.0,0.0,5.904439
2023-08-20 05:00:00+00:00,0.291,1.823,96.0,0.0,5.8603754
2023-08-20 06:00:00+00:00,0.292,1.973,97.0,0.0,6.1305785
2023-08-20 07:00:00+00:00,0.292,1.873,97.0,0.1,6.1305785
2023-08-20 08:00:00+00:00,0.293,1.623,97.0,0.2,6.9153743
2023-08-20 09:00:00+00:00,0.291,1.423,97.0,0.1,5.1165614
2023-08-20 10:00:00+00:00,0.289,1.173,97.0,0.0,5.154415
2023-08-20 11:00:00+00:00,0.289,1.223,97.0,0.0,5.3517847
2023-08-20 12:00:00+00:00,0.289,1.573,97.0,0.0,6.28713
2023-08-20 13:00:00+00:00,0.293,2.073,97.0,0.1,8.049845
2023-08-20 14:00:00+00:00,0.296,2.573,96.0,0.0,8.287822
2023-08-20 15:00:00+00:00,0.297,3.023,94.0,0.1,11.525623
2023-08-20 16:00:00+00:00,0.295,3.973,87.0,0.0,14.48972
2023-08-20 17:00:00+00:00,0.293,4.773,79.0,0.1,17.651016
2023-08-20 18:00:00+00:00,0.291,5.023,79.0,0.0,17.298738
2023-08-20 19:00:00+00:00,0.289,5.2229996,77.0,0.0,16.62249
2023-08-20 20:00:00+00:00,0.288,4.6730003,80.0,0.0,15.7908325
2023-08-20 21:00:00+00:00,0.287,3.773,86.0,0.0,13.392774
2023-08-20 22:00:00+00:00,0.287,3.223,87.0,0.0,11.966954
2023-08-20 23:00:00+00:00,0.286,2.573,89.0,0.0,11.246759
2023-08-21 00:00:00+00:00,0.286,2.1729999,89.0,0.0,9.0
2023-08-21 01:00:00+00:00,0.285,1.923,92.0,0.0,9.565437
2023-08-21 02:00:00+00:00,0.284,1.723,93.0,0.0,10.182337
2023-08-21 03:00:00+00:00,0.284,1.473,94.0,0.0,9.9571085
2023-08-21 04:00:00+00:00,0.283,1.473,96.0,0.0,10.041354
2023-08-21 05:00:00+00:00,0.283,1.473,97.0,0.0,9.779817
2023-08-21 06:00:00+00:00,0.287,1.773,97.0,0.2,10.829959
2023-08-21 07:00:00+00:00,0.289,1.773,97.0,0.2,9.0645685
2023-08-21 08:00:00+00:00,0.294,2.323,96.0,0.3,9.19939
2023-08-21 09:00:00+00:00,0.302,2.723,94.0,0.3,10.44
2023-08-21 10:00:00+00:00,0.301,2.773,94.0,0.1,10.514218
2023-08-21 11:00:00+00:00,0.298,2.673,95.0,0.1,9.021574
2023-08-21 12:00:00+00:00,0.298,2.773,98.0,0.1,8.707238
2023-08-21 13:00:00+00:00,0.299,3.023,97.0,0.2,8.209263
2023-08-21 14:00:00+00:00,0.298,3.423,97.0,0.1,8.427383
2023-08-21 15:00:00+00:00,0.297,3.873,95.0,0.1,9.659814
2023-08-21 16:00:00+00:00,0.295,4.273,94.0,0.0,10.495713
2023-08-21 17:00:00+00:00,0.297,4.573,91.0,0.2,12.738099
2023-08-21 18:00:00+00:00,0.301,4.6730003,89.0,0.4,13.004922
2023-08-21 19:00:00+00:00,0.316,4.023,89.0,0.9,14.4
2023-08-21 20:00:00+00:00,0.313,3.823,90.0,0.4,12.738099
2023-08-21 21:00:00+00:00,0.317,3.623,91.0,0.6,13.513193
2023-08-21 22:00:00+00:00,0.318,3.473,93.0,0.6,13.551501
2023-08-21 23:00:00+00:00,0.318,3.273,94.0,0.5,13.104198
2023-08-22 00:00:00+00:00,0.311,2.923,96.0,0.6,11.119281
2023-08-22 01:00:00+00:00,0.31,2.773,97.0,0.2,9.360001
2023-08-22 02:00:00+00:00,0.307,2.773,98.0,0.1,8.707237
2023-08-22 03:00:00+00:00,0.303,2.773,99.0,0.0,7.172949
2023-08-22 04:00:00+00:00,0.301,2.723,99.0,0.0,7.072878
2023-08-22 05:00:00+00:00,0.301,2.673,99.0,0.1,6.130579
2023-08-22 06:00:00+00:00,0.3,2.523,100.0,0.0,5.5887027
2023-08-22 07:00:00+00:00,0.298,2.423,100.0,0.0,4.2136917
2023-08-22 08:00:00+00:00,0.297,2.273,100.0,0.0,3.096837
2023-08-22 09:00:00+00:00,0.298,2.1230001,100.0,0.2,2.5959969
2023-08-22 10:00:00+00:00,0.298,2.023,100.0,0.2,1.484318
2023-08-22 11:00:00+00:00,0.297,1.773,100.0,0.1,2.0991426
2023-08-22 12:00:00+00:00,0.297,1.573,100.0,0.0,1.835647
2023-08-22 13:00:00+00:00,0.299,1.623,100.0,0.1,2.52
2023-08-22 14:00:00+00:00,0.303,2.073,97.0,0.1,4.68
2023-08-22 15:00:00+00:00,0.303,2.473,94.0,0.1,7.928178
2023-08-22 16:00:00+00:00,0.301,3.573,85.0,0.1,10.464798
2023-08-22 17:00:00+00:00,0.298,4.273,80.0,0.0,11.013882
2023-08-22 18:00:00+00:00,0.297,4.323,82.0,0.0,10.853866
2023-08-22 19:00:00+00:00,0.295,4.223,83.0,0.0,12.371645
2023-08-22 20:00:00+00:00,0.295,3.873,85.0,0.1,12.324414
2023-08-22 21:00:00+00:00,0.294,3.173,89.0,0.0,10.495713
2023-08-22 22:00:00+00:00,0.293,2.273,92.0,0.0,11.183201
2023-08-22 23:00:00+00:00,0.292,1.573,88.0,0.0,13.679999
2023-08-23 00:00:00+00:00,0.289,0.773,84.0,0.0,16.923828
2023-08-23 01:00:00+00:00,0.289,0.223,81.0,0.0,19.134262
2023-08-23 02:00:00+00:00,0.289,-0.37699997,80.0,0.0,18.359999
2023-08-23 03:00:00+00:00,0.288,-0.977,79.0,0.0,18.532133
2023-08-23 04:00:00+00:00,0.288,-1.377,83.0,0.0,15.542662
2023-08-23 05:00:00+00:00,0.288,-1.427,85.0,0.0,13.450708
2023-08-23 06:00:00+00:00,0.288,-0.92700005,85.0,0.0,12.979984
2023-08-23 07:00:00+00:00,0.288,-0.627,85.0,0.0,14.689589
2023-08-23 08:00:00+00:00,0.288,-0.277,87.0,0.0,18.079027
2023-08-23 09:00:00+00:00,0.288,-0.17699999,86.0,0.0,18.775301
2023-08-23 10:00:00+00:00,0.287,-0.227,78.0,0.0,19.245697
2023-08-23 11:00:00+00:00,0.287,-0.627,76.0,0.0,18.775301
2023-08-23 12:00:00+00:00,0.286,-1.277,82.0,0.0,16.93531
2023-08-23 13:00:00+00:00,0.285,-0.77699995,80.0,0.0,17.057314
2023-08-23 14:00:00+00:00,0.284,0.523,74.0,0.0,19.201874
2023-08-23 15:00:00+00:00,0.282,1.623,64.0,0.0,23.0653
2023-08-23 16:00:00+00:00,0.279,2.273,57.0,0.0,23.266697
2023-08-23 17:00:00+00:00,0.278,2.523,55.0,0.0,24.031178
2023-08-23 18:00:00+00:00,0.279,2.673,55.0,0.0,25.050413
2023-08-23 19:00:00+00:00,0.278,2.523,53.0,0.0,25.277023
2023-08-23 20:00:00+00:00,0.278,1.723,62.0,0.0,20.991426
2023-08-23 21:00:00+00:00,0.279,1.023,70.0,0.0,16.343367
2023-08-23 22:00:00+00:00,0.28,0.423,76.0,0.0,13.570615
2023-08-23 23:00:00+00:00,0.281,0.073,80.0,0.0,12.413477
2023-08-24 00:00:00+00:00,0.277,-0.127,84.0,0.0,13.979872
2023-08-24 01:00:00+00:00,0.277,0.17300001,86.0,0.0,17.709658
2023-08-24 02:00:00+00:00,0.277,0.573,88.0,0.0,20.268991
2023-08-24 03:00:00+00:00,0.276,0.773,85.0,0.0,19.255793
2023-08-24 04:00:00+00:00,0.277,0.973,86.0,0.0,22.38378
2023-08-24 05:00:00+00:00,0.277,1.173,86.0,0.0,24.33664
2023-08-24 06:00:00+00:00,0.277,1.373,85.0,0.0,27.598173
2023-08-24 07:00:00+00:00,0.28,1.373,88.0,0.1,26.089447
2023-08-24 08:00:00+00:00,0.282,1.573,88.0,0.1,27.416782
2023-08-24 09:00:00+00:00,0.283,1.623,89.0,0.2,26.64
2023-08-24 10:00:00+00:00,0.285,1.223,93.0,0.8,23.34455
2023-08-24 11:00:00+00:00,0.283,1.573,78.0,0.0,26.727423
2023-08-24 12:00:00+00:00,0.278,2.023,82.0,0.0,29.195534
2023-08-24 13:00:00+00:00,0.277,1.623,75.0,0.0,32.431984
2023-08-24 14:00:00+00:00,0.275,2.023,67.0,0.0,32.335934
2023-08-24 15:00:00+00:00,0.271,1.923,57.0,0.0,34.04808
2023-08-24 16:00:00+00:00,0.269,1.773,50.0,0.0,34.145008
2023-08-24 17:00:00+00:00,0.267,1.423,49.0,0.0,34.651752
2023-08-24 18:00:00+00:00,0.266,0.623,49.0,0.0,36.869694
2023-08-24 19:00:00+00:00,0.265,0.273,50.0,0.0,36.233246
2023-08-24 20:00:00+00:00,0.265,-0.32700002,52.0,0.0,35.127216
2023-08-24 21:00:00+00:00,0.264,-0.92700005,55.0,0.0,32.427986
2023-08-24 22:00:00+00:00,0.263,-1.777,59.0,0.0,28.236486
2023-08-24 23:00:00+00:00,0.262,-2.227,61.0,0.0,25.582806
2023-08-25 00:00:00+00:00,0.26,-2.577,63.0,0.0,22.608458
2023-08-25 01:00:00+00:00,0.259,-2.777,64.0,0.0,22.461807
2023-08-25 02:00:00+00:00,0.259,-2.877,66.0,0.0,22.81957
2023-08-25 03:00:00+00:00,0.258,-3.077,67.0,0.0,22.033648
2023-08-25 04:00:00+00:00,0.257,-3.127,68.0,0.0,20.892412
2023-08-25 05:00:00+00:00,0.257,-3.227,70.0,0.0,19.803272
2023-08-25 06:00:00+00:00,0.257,-3.527,74.0,0.0,17.163355
2023-08-25 07:00:00+00:00,0.257,-3.477,78.0,0.0,16.87398
2023-08-25 08:00:00+00:00,0.257,-3.377,77.0,0.0,16.700275
2023-08-25 09:00:00+00:00,0.257,-3.327,77.0,0.0,15.986595
2023-08-25 10:00:00+00:00,0.258,-3.277,76.0,0.0,16.09969
2023-08-25 11:00:00+00:00,0.258,-3.227,79.0,0.0,17.227419
2023-08-25 12:00:00+00:00,0.258,-2.827,87.0,0.0,18.430452
2023-08-25 13:00:00+00:00,0.259,-1.677,79.0,0.0,20.478907
2023-08-25 14:00:00+00:00,0.258,-0.17699999,76.0,0.0,24.648829
2023-08-25 15:00:00+00:00,0.256,0.823,66.0,0.0,27.729347
2023-08-25 16:00:00+00:00,0.254,1.673,57.0,0.0,27.804028
2023-08-25 17:00:00+00:00,0.253,1.473,70.0,0.0,26.693459
2023-08-25 18:00:00+00:00,0.257,2.673,63.0,0.0,25.006397
2023-08-25 19:00:00+00:00,0.257,2.773,65.0,0.0,23.319553
2023-08-25 20:00:00+00:00,0.257,2.923,65.0,0.0,21.38897
2023-08-25 21:00:00+00:00,0.258,2.223,69.0,0.0,17.81909
2023-08-25 22:00:00+00:00,0.259,1.123,78.0,0.0,14.345898
2023-08-25 23:00:00+00:00,0.26,0.573,83.0,0.0,11.592895
2023-08-26 00:00:00+00:00,0.26,-0.477,87.0,0.0,11.753877
2023-08-26 01:00:00+00:00,0.26,-0.17699999,90.0,0.0,11.923557
2023-08-26 02:00:00+00:00,0.261,0.073,89.0,0.0,11.923557
2023-08-26 03:00:00+00:00,0.261,0.273,91.0,0.0,12.413477
2023-08-26 04:00:00+00:00,0.262,0.423,93.0,0.0,12.783802
2023-08-26 05:00:00+00:00,0.262,0.623,93.0,0.0,12.904882
2023-08-26 06:00:00+00:00,0.262,0.473,94.0,0.0,11.753876
2023-08-26 07:00:00+00:00,0.263,0.673,93.0,0.0,12.229406
2023-08-26 08:00:00+00:00,0.263,1.073,92.0,0.0,13.493999
2023-08-26 09:00:00+00:00,0.263,1.373,89.0,0.0,14.76439
2023-08-26 10:00:00+00:00,0.266,1.023,91.0,0.4,13.779114
2023-08-26 11:00:00+00:00,0.27,1.323,87.0,0.3,13.0447235
2023-08-26 12:00:00+00:00,0.28,1.873,83.0,0.5,10.30883
2023-08-26 13:00:00+00:00,0.295,2.373,81.0,0.4,10.00256
2023-08-26 14:00:00+00:00,0.303,3.073,79.0,0.2,10.163227
2023-08-26 15:00:00+00:00,0.299,4.073,74.0,0.0,10.464797
2023-08-26 16:00:00+00:00,0.293,5.123,68.0,0.0,13.0447235
2023-08-26 17:00:00+00:00,0.291,5.273,67.0,0.2,14.007655
2023-08-26 18:00:00+00:00,0.292,5.523,65.0,0.3,11.298495
2023-08-26 19:00:00+00:00,0.294,5.6730003,66.0,0.3,12.181624
2023-08-26 20:00:00+00:00,0.295,5.323,68.0,0.2,12.387348
2023-08-26 21:00:00+00:00,0.296,4.9729996,72.0,0.2,12.475961
2023-08-26 22:00:00+00:00,0.294,4.4230003,77.0,0.1,12.984975
2023-08-26 23:00:00+00:00,0.29,3.773,82.0,0.0,11.246759
2023-08-27 00:00:00+00:00,0.291,3.473,84.0,0.0,10.383987
2023-08-27 01:00:00+00:00,0.29,3.173,88.0,0.0,8.707237
2023-08-27 02:00:00+00:00,0.29,2.923,90.0,0.0,7.289445
2023-08-27 03:00:00+00:00,0.289,2.373,91.0,0.0,5.6002855
2023-08-27 04:00:00+00:00,0.289,2.023,92.0,0.0,4.510787
2023-08-27 05:00:00+00:00,0.29,2.073,91.0,0.0,3.6
2023-08-27 06:00:00+00:00,0.292,1.473,91.0,0.0,2.4149535
2023-08-27 07:00:00+00:00,0.292,1.223,91.0,0.0,3.2599385
2023-08-27 08:00:00+00:00,0.292,1.073,90.0,0.0,2.2768397
2023-08-27 09:00:00+00:00,0.292,1.073,90.0,0.0,2.0991426
2023-08-27 10:00:00+00:00,0.296,1.423,89.0,0.3,4.452954
2023-08-27 11:00:00+00:00,0.323,2.023,91.0,0.9,1.484318
2023-08-27 12:00:00+00:00,0.326,2.323,92.0,0.6,4.39436
2023-08-27 13:00:00+00:00,0.338,1.473,97.0,0.4,3.8268526
2023-08-27 14:00:00+00:00,0.349,2.023,97.0,0.2,3.219938
2023-08-27 15:00:00+00:00,0.348,3.523,93.0,0.2,2.0991426
2023-08-27 16:00:00+00:00,0.34,4.4729996,91.0,0.1,0.5091169
2023-08-27 17:00:00+00:00,0.331,5.4230003,87.0,0.0,5.5887027
2023-08-27 18:00:00+00:00,0.304,6.623,82.0,0.0,10.739833
2023-08-27 19:00:00+00:00,0.299,7.073,81.0,0.0,7.342588
2023-08-27 20:00:00+00:00,0.297,7.1730003,81.0,0.0,5.1544156
2023-08-27 21:00:00+00:00,0.295,6.323,86.0,0.0,3.5455887
2023-08-27 22:00:00+00:00,0.293,5.1730003,88.0,0.0,5.0911684
2023-08-27 23:00:00+00:00,0.291,4.7229996,89.0,0.0,4.73506
2023-08-28 00:00:00+00:00,0.291,3.423,90.0,0.0,2.9024127
2023-08-28 01:00:00+00:00,0.289,3.123,90.0,0.0,1.9386592
2023-08-28 02:00:00+00:00,0.289,2.823,90.0,0.0,2.968636
2023-08-28 03:00:00+00:00,0.288,2.473,90.0,0.0,2.968636
2023-08-28 04:00:00+00:00,0.287,2.323,91.0,0.0,3.6
2023-08-28 05:00:00+00:00,0.287,1.823,93.0,0.0,4.3498964
2023-08-28 06:00:00+00:00,0.29,0.17300001,97.0,0.0,4.73506
2023-08-28 07:00:00+00:00,0.29,0.073,96.0,0.0,5.0911684
2023-08-28 08:00:00+00:00,0.291,0.17300001,95.0,0.0,5.6920996
2023-08-28 09:00:00+00:00,0.291,0.373,95.0,0.0,5.815978
2023-08-28 10:00:00+00:00,0.291,0.573,95.0,0.0,6.28713
2023-08-28 11:00:00+00:00,0.292,0.773,95.0,0.0,6.2145634
2023-08-28 12:00:00+00:00,0.292,1.173,94.0,0.1,8.759178
2023-08-28 13:00:00+00:00,0.309,1.823,95.0,0.2,11.212135
2023-08-28 14:00:00+00:00,0.315,2.823,91.0,0.1,13.722565
2023-08-28 15:00:00+00:00,0.309,4.623,82.0,0.0,19.523155
2023-08-28 16:00:00+00:00,0.302,5.9230003,74.0,0.0,19.416653
2023-08-28 17:00:00+00:00,0.296,6.6730003,67.0,0.0,22.101183
2023-08-28 18:00:00+00:00,0.292,6.9230003,66.0,0.0,20.966715
2023-08-28 19:00:00+00:00,0.288,6.623,62.0,0.0,21.129883
2023-08-28 20:00:00+00:00,0.286,6.123,61.0,0.0,18.430452
2023-08-28 21:00:00+00:00,0.285,4.9230003,66.0,0.0,15.158522
2023-08-28 22:00:00+00:00,0.285,2.873,78.0,0.0,10.495713
2023-08-28 23:00:00+00:00,0.286,2.023,83.0,0.0,8.12197
2023-08-29 00:00:00+00:00,0.287,0.723,92.0,0.0,4.8965297
2023-08-29 01:00:00+00:00,0.287,0.17300001,95.0,0.0,4.6102495
2023-08-29 02:00:00+00:00,0.288,0.122999996,96.0,0.0,3.219938
2023-08-29 03:00:00+00:00,0.288,0.473,93.0,0.0,4.1046314
2023-08-29 04:00:00+00:00,0.288,1.073,90.0,0.1,4.829907
2023-08-29 05:00:00+00:00,0.289,1.373,89.0,0.1,2.7416782
2023-08-29 06:00:00+00:00,0.29,0.773,92.0,0.0,3.9763298
2023-08-29 07:00:00+00:00,0.291,0.673,94.0,0.1,5.506941
2023-08-29 08:00:00+00:00,0.293,0.773,93.0,0.1,5.5887027
2023-08-29 09:00:00+00:00,0.293,0.873,93.0,0.1,5.3517847
2023-08-29 10:00:00+00:00,0.296,1.123,92.0,0.2,5.8048253
2023-08-29 11:00:00+00:00,0.297,0.973,93.0,0.1,5.634891
2023-08-29 12:00:00+00:00,0.295,0.723,95.0,0.1,7.42159
2023-08-29 13:00:00+00:00,0.295,1.173,94.0,0.0,8.0899935
2023-08-29 14:00:00+00:00,0.307,2.323,91.0,0.0,8.766573
2023-08-29 15:00:00+00:00,0.311,3.523,89.0,0.0,9.793058
2023-08-29 16:00:00+00:00,0.304,4.623,86.0,0.0,11.043261
2023-08-29 17:00:00+00:00,0.299,5.6730003,82.0,0.0,11.304229
2023-08-29 18:00:00+00:00,0.293,6.773,79.0,0.0,11.620809
2023-08-29 19:00:00+00:00,0.29,6.523,82.0,0.0,11.609651
2023-08-29 20:00:00+00:00,0.288,6.073,81.0,0.0,10.182337
2023-08-29 21:00:00+00:00,0.287,4.7229996,87.0,0.0,9.746631
2023-08-29 22:00:00+00:00,0.287,3.273,92.0,0.0,8.4042845
2023-08-29 23:00:00+00:00,0.286,2.223,94.0,0.0,8.217153
2023-08-30 00:00:00+00:00,0.288,1.273,96.0,0.0,6.1305785
2023-08-30 01:00:00+00:00,0.288,1.173,96.0,0.0,5.00128
2023-08-30 02:00:00+00:00,0.288,1.023,97.0,0.1,3.319036
2023-08-30 03:00:00+00:00,0.291,0.873,98.0,0.4,3.319036
2023-08-30 04:00:00+00:00,0.294,0.673,98.0,0.4,5.8048253
2023-08-30 05:00:00+00:00,0.302,0.823,97.0,0.6,6.489992
2023-08-30 06:00:00+00:00,0.3,0.373,97.0,0.0,3.9763298
2023-08-30 07:00:00+00:00,0.299,-0.127,99.0,0.0,4.5536795
2023-08-30 08:00:00+00:00,0.299,-0.577,100.0,0.0,3.7585104
2023-08-30 09:00:00+00:00,0.299,-0.92700005,100.0,0.0,4.6938252
2023-08-30 10:00:00+00:00,0.298,-1.177,99.0,0.0,6.130579
2023-08-30 11:00:00+00:00,0.298,-0.977,94.0,0.0,7.928178
2023-08-30 12:00:00+00:00,0.299,-0.677,93.0,0.0,7.208994
2023-08-30 13:00:00+00:00,0.299,0.423,90.0,0.0,6.924738
2023-08-30 14:00:00+00:00,0.329,2.423,85.0,0.0,10.483357
2023-08-30 15:00:00+00:00,0.33,4.223,79.0,0.0,19.06301
2023-08-30 16:00:00+00:00,0.318,4.9230003,72.0,0.0,21.38897
2023-08-30 17:00:00+00:00,0.309,5.523,67.0,0.0,22.42427
2023-08-30 18:00:00+00:00,0.297,5.873,60.0,0.0,22.392462
2023-08-30 19:00:00+00:00,0.297,5.1730003,63.0,0.2,22.33161
2023-08-30 20:00:00+00:00,0.293,4.7229996,66.0,0.0,19.523155
2023-08-30 21:00:00+00:00,0.291,3.873,71.0,0.0,14.345898
2023-08-30 22:00:00+00:00,0.29,2.1230001,82.0,0.0,11.298495
2023-08-30 23:00:00+00:00,0.29,1.373,86.0,0.0,9.290511
2023-08-31 00:00:00+00:00,0.289,0.523,87.0,0.0,9.19939
2023-08-31 01:00:00+00:00,0.29,0.273,90.0,0.0,9.511088
2023-08-31 02:00:00+00:00,0.29,0.223,92.0,0.0,11.298495
2023-08-31 03:00:00+00:00,0.29,0.023000002,94.0,0.0,13.527572
2023-08-31 04:00:00+00:00,0.291,0.373,91.0,0.0,15.7908325
2023-08-31 05:00:00+00:00,0.291,0.873,88.0,0.0,18.837322
2023-08-31 06:00:00+00:00,0.291,1.073,88.0,0.0,19.995398
2023-08-31 07:00:00+00:00,0.291,1.023,88.0,0.0,19.64228
2023-08-31 08:00:00+00:00,0.291,0.923,85.0,0.0,18.218275
2023-08-31 09:00:00+00:00,0.29,0.923,84.0,0.0,18.892282
2023-08-31 10:00:00+00:00,0.29,1.123,84.0,0.0,20.46941
2023-08-31 11:00:00+00:00,0.29,1.273,82.0,0.0,21.67786
2023-08-31 12:00:00+00:00,0.29,1.473,85.0,0.0,19.67195
2023-08-31 13:00:00+00:00,0.289,2.273,81.0,0.0,21.30093
2023-08-31 14:00:00+00:00,0.288,3.273,76.0,0.0,24.795612
2023-08-31 15:00:00+00:00,0.286,4.223,69.0,0.0,24.162947
2023-08-31 16:00:00+00:00,0.284,4.623,66.0,0.0,23.828083
2023-08-31 17:00:00+00:00,0.282,4.7229996,67.0,0.0,23.090569
2023-08-31 18:00:00+00:00,0.281,4.523,67.0,0.1,24.696102
2023-08-31 19:00:00+00:00,0.279,4.4729996,68.0,0.0,21.479664
2023-08-31 20:00:00+00:00,0.279,4.223,68.0,0.0,17.610588
2023-08-31 21:00:00+00:00,0.278,3.423,73.0,0.0,12.229406
2023-08-31 22:00:00+00:00,0.279,2.223,82.0,0.0,7.289445
2023-08-31 23:00:00+00:00,0.279,1.373,87.0,0.0,5.0911684
2023-09-01 00:00:00+00:00,0.281,0.573,92.0,0.0,4.32
2023-09-01 01:00:00+00:00,0.281,0.122999996,95.0,0.0,5.0911684
2023-09-01 02:00:00+00:00,0.281,-0.227,95.0,0.0,5.506941
2023-09-01 03:00:00+00:00,0.282,-0.37699997,94.0,0.0,5.4477882
2023-09-01 04:00:00+00:00,0.282,-0.677,93.0,0.0,5.3517847
2023-09-01 05:00:00+00:00,0.282,-1.127,94.0,0.0,5.2416787
2023-09-01 06:00:00+00:00,0.282,-2.477,96.0,0.0,5.5887027
2023-09-01 07:00:00+00:00,0.282,-2.777,97.0,0.0,5.0528407
2023-09-01 08:00:00+00:00,0.282,-3.077,98.0,0.0,4.802999
2023-09-01 09:00:00+00:00,0.282,-3.327,99.0,0.0,4.896529
2023-09-01 10:00:00+00:00,0.282,-3.527,100.0,0.0,4.896529
2023-09-01 11:00:00+00:00,0.282,-3.577,99.0,0.0,4.73506
2023-09-01 12:00:00+00:00,0.282,-3.7770002,99.0,0.0,4.379589
2023-09-01 13:00:00+00:00,0.282,-2.327,94.0,0.0,5.4119864
2023-09-01 14:00:00+00:00,0.281,1.023,78.0,0.0,8.647496
2023-09-01 15:00:00+00:00,0.279,3.323,70.0,0.0,15.39184
2023-09-01 16:00:00+00:00,0.276,4.4729996,61.0,0.0,19.721298
2023-09-01 17:00:00+00:00,0.274,4.9729996,56.0,0.0,22.66857
2023-09-01 18:00:00+00:00,0.273,4.7229996,58.0,0.0,23.110205
2023-09-01 19:00:00+00:00,0.271,4.373,55.0,0.0,24.248613
2023-09-01 20:00:00+00:00,0.27,3.723,55.0,0.0,23.565567
2023-09-01 21:00:00+00:00,0.27,2.673,59.0,0.0,20.431387
2023-09-01 22:00:00+00:00,0.271,1.473,66.0,0.0,17.015474
2023-09-01 23:00:00+00:00,0.271,0.623,73.0,0.0,15.905319
2023-09-02 00:00:00+00:00,0.271,0.073,79.0,0.0,16.700275
2023-09-02 01:00:00+00:00,0.272,-0.227,82.0,0.0,16.394829
2023-09-02 02:00:00+00:00,0.272,-0.477,84.0,0.0,16.394829
2023-09-02 03:00:00+00:00,0.272,-0.627,84.0,0.0,16.454008
2023-09-02 04:00:00+00:00,0.272,-0.77699995,85.0,0.0,16.520823
2023-09-02 05:00:00+00:00,0.273,-0.877,85.0,0.0,16.520823
2023-09-02 06:00:00+00:00,0.272,-1.477,86.0,0.0,14.494192
2023-09-02 07:00:00+00:00,0.273,-1.477,86.0,0.0,14.264361
2023-09-02 08:00:00+00:00,0.273,-1.627,88.0,0.0,13.849476
2023-09-02 09:00:00+00:00,0.273,-1.727,89.0,0.0,13.441071
2023-09-02 10:00:00+00:00,0.273,-1.777,89.0,0.0,12.371645
2023-09-02 11:00:00+00:00,0.273,-1.627,89.0,0.0,12.015589
2023-09-02 12:00:00+00:00,0.274,-1.227,90.0,0.0,11.525623
2023-09-02 13:00:00+00:00,0.273,-0.227,85.0,0.0,11.367109
2023-09-02 14:00:00+00:00,0.272,1.473,78.0,0.0,13.441071
2023-09-02 15:00:00+00:00,0.271,2.923,73.0,0.0,15.986595
2023-09-02 16:00:00+00:00,0.269,4.073,63.0,0.0,17.309973
2023-09-02 17:00:00+00:00,0.268,4.373,61.0,0.0,18.792551
2023-09-02 18:00:00+00:00,0.267,4.623,56.0,0.0,22.057161
2023-09-02 19:00:00+00:00,0.266,4.323,55.0,0.0,20.94507
2023-09-02 20:00:00+00:00,0.266,3.723,57.0,0.0,19.652176
2023-09-02 21:00:00+00:00,0.266,2.923,61.0,0.0,16.746773
2023-09-02 22:00:00+00:00,0.266,1.573,69.0,0.0,12.522619
2023-09-02 23:00:00+00:00,0.267,0.523,76.0,0.0,10.661107
2023-09-03 00:00:00+00:00,0.267,-0.07699999,78.0,0.0,13.441071
2023-09-03 01:00:00+00:00,0.268,-0.477,79.0,0.0,13.708391
2023-09-03 02:00:00+00:00,0.268,-0.827,82.0,0.0,12.641076
2023-09-03 03:00:00+00:00,0.268,-1.127,79.0,0.0,11.165805
2023-09-03 04:00:00+00:00,0.268,-1.277,74.0,0.0,9.6932955
2023-09-03 05:00:00+00:00,0.268,-1.627,74.0,0.0,9.114471
2023-09-03 06:00:00+00:00,0.267,-2.577,80.0,0.0,7.92
2023-09-03 07:00:00+00:00,0.268,-2.877,83.0,0.0,7.928178
2023-09-03 08:00:00+00:00,0.268,-3.027,86.0,0.0,7.9932976
2023-09-03 09:00:00+00:00,0.268,-3.177,88.0,0.0,7.6367526
2023-09-03 10:00:00+00:00,0.268,-3.277,89.0,0.0,7.9932976
2023-09-03 11:00:00+00:00,0.268,-3.327,89.0,0.0,7.9932976
2023-09-03 12:00:00+00:00,0.268,-3.027,86.0,0.0,7.5685663
2023-09-03 13:00:00+00:00,0.268,-1.227,79.0,0.0,9.422101
2023-09-03 14:00:00+00:00,0.267,0.873,71.0,0.0,12.57426
2023-09-03 15:00:00+00:00,0.265,2.273,61.0,0.0,16.179987
2023-09-03 16:00:00+00:00,0.264,2.873,56.0,0.0,16.263872
2023-09-03 17:00:00+00:00,0.263,3.423,50.0,0.0,16.516901
2023-09-03 18:00:00+00:00,0.262,3.723,50.0,0.0,20.176065
2023-09-03 19:00:00+00:00,0.262,3.573,49.0,0.0,21.288757
2023-09-03 20:00:00+00:00,0.261,3.073,49.0,0.0,22.768398
2023-09-03 21:00:00+00:00,0.261,2.1230001,57.0,0.0,21.41319
2023-09-03 22:00:00+00:00,0.262,1.023,62.0,0.0,19.416653
2023-09-03 23:00:00+00:00,0.262,0.273,63.0,0.0,16.75064
2023-09-04 00:00:00+00:00,0.261,-0.477,73.0,0.0,14.77755
2023-09-04 01:00:00+00:00,0.261,-0.92700005,78.0,0.0,15.226764
2023-09-04 02:00:00+00:00,0.262,-1.027,87.0,0.0,15.941944
2023-09-04 03:00:00+00:00,0.262,-0.977,78.0,0.0,15.905319
2023-09-04 04:00:00+00:00,0.262,-1.377,79.0,0.0,15.328561
2023-09-04 05:00:00+00:00,0.262,-1.627,83.0,0.0,16.454008
2023-09-04 06:00:00+00:00,0.262,-1.577,85.0,0.0,17.377226
2023-09-04 07:00:00+00:00,0.262,-1.577,86.0,0.0,16.87398
2023-09-04 08:00:00+00:00,0.262,-1.427,86.0,0.0,15.683776
2023-09-04 09:00:00+00:00,0.263,-1.227,85.0,0.0,15.986595
2023-09-04 10:00:00+00:00,0.263,-0.92700005,81.0,0.0,18.03237
2023-09-04 11:00:00+00:00,0.262,-0.977,73.0,0.0,16.62249
2023-09-04 12:00:00+00:00,0.262,-0.877,77.0,0.0,16.454008
2023-09-04 13:00:00+00:00,0.262,0.273,75.0,0.0,18.486622
2023-09-04 14:00:00+00:00,0.261,1.973,69.0,0.0,21.602999
2023-09-04 15:00:00+00:00,0.259,3.173,62.0,0.0,23.023119
2023-09-04 16:00:00+00:00,0.258,3.873,55.0,0.0,22.206486
2023-09-04 17:00:00+00:00,0.257,4.4230003,52.0,0.0,21.868332
2023-09-04 18:00:00+00:00,0.257,4.823,48.0,0.0,23.933907
2023-09-04 19:00:00+00:00,0.257,4.623,50.0,0.0,22.73707
2023-09-04 20:00:00+00:00,0.257,4.073,52.0,0.0,20.774214
2023-09-04 21:00:00+00:00,0.257,3.173,57.0,0.0,17.477621
2023-09-04 22:00:00+00:00,0.258,1.723,66.0,0.0,11.119281
2023-09-04 23:00:00+00:00,0.258,0.673,73.0,0.0,7.172949
2023-09-05 00:00:00+00:00,0.259,-0.227,75.0,0.0,6.5693827
2023-09-05 01:00:00+00:00,0.259,-0.877,79.0,0.0,5.4119864
2023-09-05 02:00:00+00:00,0.259,-1.277,81.0,0.0,2.9024127
2023-09-05 03:00:00+00:00,0.259,-1.477,82.0,0.0,0.71999997
2023-09-05 04:00:00+00:00,0.26,-1.8770001,84.0,0.0,0.35999998
2023-09-05 05:00:00+00:00,0.26,-2.327,86.0,0.0,1.0182338
2023-09-05 06:00:00+00:00,0.26,-3.227,92.0,0.0,1.9386592
2023-09-05 07:00:00+00:00,0.26,-3.327,93.0,0.0,2.6208394
2023-09-05 08:00:00+00:00,0.26,-3.377,94.0,0.0,2.2768397
2023-09-05 09:00:00+00:00,0.26,-3.277,94.0,0.0,1.835647
2023-09-05 10:00:00+00:00,0.26,-3.227,93.0,0.0,1.484318
2023-09-05 11:00:00+00:00,0.26,-3.227,93.0,0.0,1.8
2023-09-05 12:00:00+00:00,0.261,-3.627,94.0,0.0,2.8799999
2023-09-05 13:00:00+00:00,0.261,-2.627,91.0,0.0,1.835647
2023-09-05 14:00:00+00:00,0.26,-0.17699999,77.0,0.0,2.5455842
2023-09-05 15:00:00+00:00,0.259,1.523,70.0,0.0,2.1897945
2023-09-05 16:00:00+00:00,0.257,2.823,60.0,0.0,2.5455842
2023-09-05 17:00:00+00:00,0.256,3.673,51.0,0.0,2.7416782
2023-09-05 18:00:00+00:00,0.255,4.1730003,52.0,0.0,4.0249224
2023-09-05 19:00:00+00:00,0.254,4.273,52.0,0.0,4.0249224
2023-09-05 20:00:00+00:00,0.254,4.023,53.0,0.0,3.8939953
2023-09-05 21:00:00+00:00,0.255,3.373,58.0,0.0,5.0911684
2023-09-05 22:00:00+00:00,0.255,1.873,68.0,0.0,5.4477882
2023-09-05 23:00:00+00:00,0.256,1.023,75.0,0.0,6.6185193
2023-09-06 00:00:00+00:00,0.257,0.623,86.0,0.0,8.942214
2023-09-06 01:00:00+00:00,0.257,0.122999996,87.0,0.0,6.3690495
2023-09-06 02:00:00+00:00,0.257,-0.527,89.0,0.0,5.1919937
2023-09-06 03:00:00+00:00,0.258,-0.877,92.0,0.0,5.2416787
2023-09-06 04:00:00+00:00,0.258,-1.077,95.0,0.0,5.0528407
2023-09-06 05:00:00+00:00,0.258,-1.527,97.0,0.0,5.4477882
2023-09-06 06:00:00+00:00,0.258,-1.527,98.0,0.0,6.0347
2023-09-06 07:00:00+00:00,0.258,-1.527,98.0,0.0,5.95906
2023-09-06 08:00:00+00:00,0.258,-1.627,98.0,0.0,5.506941
2023-09-06 09:00:00+00:00,0.259,-1.577,97.0,0.0,5.4477882
2023-09-06 10:00:00+00:00,0.259,-1.627,97.0,0.0,6.0347
2023-09-06 11:00:00+00:00,0.259,-1.777,97.0,0.0,6.6185193
2023-09-06 12:00:00+00:00,0.259,-1.027,94.0,0.0,9.028754
2023-09-06 13:00:00+00:00,0.259,0.473,86.0,0.0,10.182337
2023-09-06 14:00:00+00:00,0.259,1.973,79.0,0.0,13.75558
2023-09-06 15:00:00+00:00,0.257,3.223,76.0,0.0,17.193533
2023-09-06 16:00:00+00:00,0.259,3.873,71.0,0.1,19.881649
2023-09-06 17:00:00+00:00,0.26,4.7229996,62.0,0.0,23.188583
2023-09-06 18:00:00+00:00,0.254,4.273,65.0,0.0,24.514387
2023-09-06 19:00:00+00:00,0.253,3.873,68.0,0.0,23.893261
2023-09-06 20:00:00+00:00,0.253,3.423,71.0,0.0,22.476227
2023-09-06 21:00:00+00:00,0.254,2.923,75.0,0.0,19.376562
2023-09-06 22:00:00+00:00,0.254,1.923,79.0,0.0,14.76439
2023-09-06 23:00:00+00:00,0.255,1.173,85.0,0.0,11.269782
2023-09-07 00:00:00+00:00,0.255,0.723,93.0,0.0,11.440978
2023-09-07 01:00:00+00:00,0.256,0.523,93.0,0.0,10.1376915
2023-09-07 02:00:00+00:00,0.256,0.673,92.0,0.0,12.758432
2023-09-07 03:00:00+00:00,0.256,0.673,93.0,0.2,13.708391
2023-09-07 04:00:00+00:00,0.256,0.623,95.0,0.2,14.561099
2023-09-07 05:00:00+00:00,0.257,0.773,96.0,0.1,14.404499
2023-09-07 06:00:00+00:00,0.257,1.423,96.0,0.1,17.581125
2023-09-07 07:00:00+00:00,0.257,1.073,98.0,0.2,18.0036
2023-09-07 08:00:00+00:00,0.257,0.773,99.0,0.2,16.75064
2023-09-07 09:00:00+00:00,0.258,0.823,99.0,0.3,15.827721
2023-09-07 10:00:00+00:00,0.258,0.873,98.0,0.4,15.042659
2023-09-07 11:00:00+00:00,0.26,0.923,98.0,0.5,14.372974
2023-09-07 12:00:00+00:00,0.264,0.973,99.0,0.6,15.137133
2023-09-07 13:00:00+00:00,0.277,1.523,98.0,0.5,14.24163
2023-09-07 14:00:00+00:00,0.293,2.573,94.0,0.4,14.799459
2023-09-07 15:00:00+00:00,0.294,3.473,91.0,0.4,16.62249
2023-09-07 16:00:00+00:00,0.293,4.023,88.0,0.3,16.299694
2023-09-07 17:00:00+00:00,0.291,4.6730003,85.0,0.3,16.299694
2023-09-07 18:00:00+00:00,0.291,4.6730003,87.0,0.2,14.440443
2023-09-07 19:00:00+00:00,0.288,4.623,86.0,0.2,13.679999
2023-09-07 20:00:00+00:00,0.285,4.323,88.0,0.1,11.720751
2023-09-07 21:00:00+00:00,0.282,4.073,90.0,0.0,9.983106
2023-09-07 22:00:00+00:00,0.281,3.623,93.0,0.0,8.435069
2023-09-07 23:00:00+00:00,0.279,3.173,93.0,0.0,6.9153743
2023-09-08 00:00:00+00:00,0.278,2.873,94.0,0.0,7.7043357
2023-09-08 01:00:00+00:00,0.277,2.723,93.0,0.0,6.6087217
2023-09-08 02:00:00+00:00,0.276,2.373,94.0,0.0,4.802999
2023-09-08 03:00:00+00:00,0.275,1.873,95.0,0.0,4.1046314
2023-09-08 04:00:00+00:00,0.275,1.123,98.0,0.0,4.379589
2023-09-08 05:00:00+00:00,0.274,0.873,98.0,0.0,5.04
2023-09-08 06:00:00+00:00,0.273,1.123,96.0,0.0,5.7599998
2023-09-08 07:00:00+00:00,0.273,0.773,96.0,0.0,6.12
2023-09-08 08:00:00+00:00,0.273,0.473,97.0,0.0,6.162207
2023-09-08 09:00:00+00:00,0.273,0.17300001,98.0,0.0,6.12
2023-09-08 10:00:00+00:00,0.273,-0.17699999,100.0,0.0,6.12
2023-09-08 11:00:00+00:00,0.273,-0.37699997,99.0,0.0,6.12
2023-09-08 12:00:00+00:00,0.273,-0.07699999,99.0,0.0,6.130579
2023-09-08 13:00:00+00:00,0.272,1.373,95.0,0.0,5.4119864
2023-09-08 14:00:00+00:00,0.272,3.573,87.0,0.0,7.208994
2023-09-08 15:00:00+00:00,0.269,5.4230003,78.0,0.0,10.24578
2023-09-08 16:00:00+00:00,0.266,6.4230003,75.0,0.0,9.339208
2023-09-08 17:00:00+00:00,0.263,7.073,70.0,0.0,8.373386
2023-09-08 18:00:00+00:00,0.26,7.523,67.0,0.0,7.8625183
2023-09-08 19:00:00+00:00,0.259,7.7229996,64.0,0.0,7.754637
2023-09-08 20:00:00+00:00,0.258,7.573,65.0,0.0,6.6185193
2023-09-08 21:00:00+00:00,0.258,6.823,72.0,0.0,4.5536795
2023-09-08 22:00:00+00:00,0.259,5.073,82.0,0.0,2.8799999
2023-09-08 23:00:00+00:00,0.26,3.173,88.0,0.0,3.6179552
2023-09-09 00:00:00+00:00,0.253,1.823,91.0,0.0,3.2399998
2023-09-09 01:00:00+00:00,0.254,0.523,97.0,0.0,2.968636
2023-09-09 02:00:00+00:00,0.254,-0.227,100.0,0.0,2.4149535
2023-09-09 03:00:00+00:00,0.255,-0.427,99.0,0.0,2.4149535
2023-09-09 04:00:00+00:00,0.255,-0.727,100.0,0.0,1.609969
2023-09-09 05:00:00+00:00,0.255,-1.077,100.0,0.0,1.835647
2023-09-09 06:00:00+00:00,0.255,-1.327,100.0,0.0,1.8
2023-09-09 07:00:00+00:00,0.256,-1.8269999,100.0,0.0,2.4149535
2023-09-09 08:00:00+00:00,0.256,-1.8770001,100.0,0.0,2.8116899
2023-09-09 09:00:00+00:00,0.256,-1.427,100.0,0.0,3.7585104
2023-09-09 10:00:00+00:00,0.256,-1.077,100.0,0.0,3.671294
2023-09-09 11:00:00+00:00,0.256,-0.977,100.0,0.0,5.04
2023-09-09 12:00:00+00:00,0.256,-0.727,100.0,0.0,6.638072
2023-09-09 13:00:00+00:00,0.256,-0.427,100.0,0.0,6.162207
2023-09-09 14:00:00+00:00,0.256,-0.02700001,100.0,0.0,7.5685663
2023-09-09 15:00:00+00:00,0.256,0.273,100.0,0.0,8.4042845
2023-09-09 16:00:00+00:00,0.255,0.873,99.0,0.0,8.4042845
2023-09-09 17:00:00+00:00,0.255,1.823,96.0,0.0,9.6932955
2023-09-09 18:00:00+00:00,0.254,2.073,94.0,0.0,8.654986
2023-09-09 19:00:00+00:00,0.254,2.373,93.0,0.0,9.028754
2023-09-09 20:00:00+00:00,0.254,2.523,93.0,0.0,9.339208
2023-09-09 21:00:00+00:00,0.254,2.773,93.0,0.0,9.504273
2023-09-09 22:00:00+00:00,0.254,2.523,93.0,0.0,8.557102
2023-09-09 23:00:00+00:00,0.254,2.073,94.0,0.0,9.511088
2023-09-10 00:00:00+00:00,0.258,1.273,97.0,0.0,11.269782
2023-09-10 01:00:00+00:00,0.258,1.123,96.0,0.0,10.163227
2023-09-10 02:00:00+00:00,0.258,1.173,95.0,0.0,10.163227
2023-09-10 03:00:00+00:00,0.258,1.073,96.0,0.0,7.289444
2023-09-10 04:00:00+00:00,0.259,0.973,96.0,0.0,7.386582
2023-09-10 05:00:00+00:00,0.259,0.923,96.0,0.0,7.2
2023-09-10 06:00:00+00:00,0.26,0.973,96.0,0.0,7.2
2023-09-10 07:00:00+00:00,0.261,0.923,97.0,0.1,6.6087217
2023-09-10 08:00:00+00:00,0.261,0.973,98.0,0.0,6.489992
2023-09-10 09:00:00+00:00,0.26,1.123,98.0,0.0,6.162207
2023-09-10 10:00:00+00:00,0.26,1.223,98.0,0.0,6.162207
2023-09-10 11:00:00+00:00,0.26,1.223,98.0,0.0,6.28713
2023-09-10 12:00:00+00:00,0.26,1.523,98.0,0.0,6.9899354
2023-09-10 13:00:00+00:00,0.26,2.073,96.0,0.0,9.114471
2023-09-10 14:00:00+00:00,0.261,2.773,94.0,0.0,10.440001
2023-09-10 15:00:00+00:00,0.262,3.173,92.0,0.0,12.287555
2023-09-10 16:00:00+00:00,0.263,3.673,88.0,0.1,14.578888
2023-09-10 17:00:00+00:00,0.265,3.873,87.0,0.1,14.658676
2023-09-10 18:00:00+00:00,0.271,4.273,87.0,0.2,16.299694
2023-09-10 19:00:00+00:00,0.276,4.223,86.0,0.3,16.199999
2023-09-10 20:00:00+00:00,0.285,3.923,88.0,0.5,15.530151
2023-09-10 21:00:00+00:00,0.289,3.373,90.0,0.5,11.885453
2023-09-10 22:00:00+00:00,0.294,2.873,93.0,0.5,9.449572
2023-09-10 23:00:00+00:00,0.3,2.623,95.0,0.6,9.6932955
2023-09-11 00:00:00+00:00,0.299,2.323,95.0,0.6,11.013882
2023-09-11 01:00:00+00:00,0.301,2.1729999,95.0,0.5,10.8955765
2023-09-11 02:00:00+00:00,0.305,2.023,96.0,0.5,11.885453
2023-09-11 03:00:00+00:00,0.308,1.823,96.0,0.6,11.928989
2023-09-11 04:00:00+00:00,0.312,1.673,97.0,0.7,11.792404
2023-09-11 05:00:00+00:00,0.315,1.423,98.0,0.7,11.27553
2023-09-11 06:00:00+00:00,0.307,0.673,99.0,0.8,10.636766
2023-09-11 07:00:00+00:00,0.298,0.623,99.0,0.4,10.630672
2023-09-11 08:00:00+00:00,0.294,0.573,99.0,0.4,10.495713
2023-09-11 09:00:00+00:00,0.292,0.573,99.0,0.4,9.290511
2023-09-11 10:00:00+00:00,0.289,0.573,99.0,0.5,7.928177
2023-09-11 11:00:00+00:00,0.287,0.473,99.0,0.5,6.618519
2023-09-11 12:00:00+00:00,0.288,0.523,100.0,0.5,6.1094027
2023-09-11 13:00:00+00:00,0.3,0.873,99.0,0.4,6.1305785
2023-09-11 14:00:00+00:00,0.31,1.773,94.0,0.2,10.44
2023-09-11 15:00:00+00:00,0.305,2.873,89.0,0.1,8.78872
2023-09-11 16:00:00+00:00,0.3,3.723,84.0,0.0,7.491114
2023-09-11 17:00:00+00:00,0.295,4.4230003,82.0,0.0,4.6102495
2023-09-11 18:00:00+00:00,0.295,4.073,81.0,0.0,8.373386
2023-09-11 19:00:00+00:00,0.291,4.4230003,81.0,0.0,5.8603754
2023-09-11 20:00:00+00:00,0.289,4.4230003,82.0,0.0,4.3349743
2023-09-11 21:00:00+00:00,0.286,4.373,85.0,0.0,3.2599385
2023-09-11 22:00:00+00:00,0.284,3.323,90.0,0.0,3.096837
2023-09-11 23:00:00+00:00,0.283,1.473,95.0,0.0,4.198285
2023-09-12 00:00:00+00:00,0.28,1.873,91.0,0.0,1.1384199
2023-09-12 01:00:00+00:00,0.279,1.573,92.0,0.0,2.16
2023-09-12 02:00:00+00:00,0.282,0.973,95.0,0.0,1.8
2023-09-12 03:00:00+00:00,0.285,1.073,94.0,0.1,2.52
2023-09-12 04:00:00+00:00,0.282,0.973,94.0,0.0,1.8
2023-09-12 05:00:00+00:00,0.281,0.923,94.0,0.0,1.8
2023-09-12 06:00:00+00:00,0.279,0.573,95.0,0.0,1.4399999
2023-09-12 07:00:00+00:00,0.279,0.673,94.0,0.0,0.35999998
2023-09-12 08:00:00+00:00,0.278,0.673,94.0,0.0,3.219938
2023-09-12 09:00:00+00:00,0.282,0.723,94.0,0.3,3.6
2023-09-12 10:00:00+00:00,0.284,1.123,91.0,0.2,1.5273507
2023-09-12 11:00:00+00:00,0.283,1.173,90.0,0.1,1.8
2023-09-12 12:00:00+00:00,0.281,0.073,98.0,0.0,3.396233
2023-09-12 13:00:00+00:00,0.282,1.323,95.0,0.0,5.3999996
2023-09-12 14:00:00+00:00,0.294,2.873,89.0,0.0,12.224107
2023-09-12 15:00:00+00:00,0.292,3.923,86.0,0.0,19.245697
2023-09-12 16:00:00+00:00,0.285,4.9729996,80.0,0.0,23.042812
2023-09-12 17:00:00+00:00,0.279,6.123,66.0,0.0,26.27753
2023-09-12 18:00:00+00:00,0.273,6.4729996,59.0,0.0,27.466372
2023-09-12 19:00:00+00:00,0.269,6.623,56.0,0.0,25.772078
2023-09-12 20:00:00+00:00,0.268,6.4230003,58.0,0.0,21.03152
2023-09-12 21:00:00+00:00,0.267,5.773,61.0,0.0,17.373497
2023-09-12 22:00:00+00:00,0.267,4.223,72.0,0.0,9.904906
2023-09-12 23:00:00+00:00,0.268,2.423,81.0,0.0,5.495161
2023-09-13 00:00:00+00:00,0.263,1.673,82.0,0.0,5.6920996
2023-09-13 01:00:00+00:00,0.264,1.223,82.0,0.0,5.0911684
2023-09-13 02:00:00+00:00,0.264,0.673,85.0,0.0,6.1305785
2023-09-13 03:00:00+00:00,0.264,0.373,86.0,0.0,6.6087217
2023-09-13 04:00:00+00:00,0.273,1.273,84.0,1.1,10.805999
2023-09-13 05:00:00+00:00,0.269,1.073,90.0,0.8,14.081477
2023-09-13 06:00:00+00:00,0.268,1.423,85.0,0.0,16.78156
2023-09-13 07:00:00+00:00,0.269,1.323,87.0,0.2,13.18308
2023-09-13 08:00:00+00:00,0.267,1.473,85.0,0.0,4.1046314
2023-09-13 09:00:00+00:00,0.267,1.473,83.0,0.0,3.096837
2023-09-13 10:00:00+00:00,0.267,1.223,85.0,0.0,9.387651
2023-09-13 11:00:00+00:00,0.267,0.973,92.0,0.0,15.978484
2023-09-13 12:00:00+00:00,0.267,2.223,82.0,0.0,19.191748
2023-09-13 13:00:00+00:00,0.268,3.173,78.0,0.0,20.966715
2023-09-13 14:00:00+00:00,0.261,4.623,67.0,0.0,27.887802
2023-09-13 15:00:00+00:00,0.259,5.7229996,59.0,0.0,29.738703
2023-09-13 16:00:00+00:00,0.257,6.273,56.0,0.0,28.551426
2023-09-13 17:00:00+00:00,0.255,6.573,54.0,0.0,26.121714
2023-09-13 18:00:00+00:00,0.253,6.9230003,51.0,0.0,26.341572
2023-09-13 19:00:00+00:00,0.252,7.073,50.0,0.0,22.782625
2023-09-13 20:00:00+00:00,0.251,7.023,50.0,0.0,19.770523
2023-09-13 21:00:00+00:00,0.251,6.4729996,51.0,0.0,16.179985
2023-09-13 22:00:00+00:00,0.252,4.9230003,60.0,0.0,9.387651
2023-09-13 23:00:00+00:00,0.253,3.123,70.0,0.0,4.8433046
2023-09-14 00:00:00+00:00,0.244,1.823,75.0,0.0,4.3349743
2023-09-14 01:00:00+00:00,0.245,1.073,80.0,0.0,2.968636
2023-09-14 02:00:00+00:00,0.245,0.423,85.0,0.0,2.2768397
2023-09-14 03:00:00+00:00,0.245,0.023000002,88.0,0.0,1.8
2023-09-14 04:00:00+00:00,0.246,-0.02700001,88.0,0.0,2.2768397
2023-09-14 05:00:00+00:00,0.246,0.17300001,86.0,0.0,2.1897945
2023-09-14 06:00:00+00:00,0.246,-0.32700002,90.0,0.0,3.6
2023-09-14 07:00:00+00:00,0.246,-0.527,93.0,0.0,4.1046314
2023-09-14 08:00:00+00:00,0.246,-0.677,95.0,0.0,5.0528407
2023-09-14 09:00:00+00:00,0.246,-0.827,97.0,0.0,6.2145634
2023-09-14 10:00:00+00:00,0.247,-0.977,98.0,0.0,7.628263
2023-09-14 11:00:00+00:00,0.247,-0.727,98.0,0.0,7.5170207
2023-09-14 12:00:00+00:00,0.247,-0.477,100.0,0.0,6.9899354
2023-09-14 13:00:00+00:00,0.247,1.123,91.0,0.0,15.629972
2023-09-14 14:00:00+00:00,0.246,2.473,81.0,0.0,16.923828
2023-09-14 15:00:00+00:00,0.245,3.673,70.0,0.0,17.414476
2023-09-14 16:00:00+00:00,0.243,4.9230003,61.0,0.0,19.06301
2023-09-14 17:00:00+00:00,0.241,5.4729996,58.0,0.0,20.12461
2023-09-14 18:00:00+00:00,0.24,5.623,58.0,0.0,19.13426
2023-09-14 19:00:00+00:00,0.239,5.623,58.0,0.0,18.511143
2023-09-14 20:00:00+00:00,0.239,5.273,60.0,0.0,17.902534
2023-09-14 21:00:00+00:00,0.239,4.4729996,64.0,0.0,16.171976
2023-09-14 22:00:00+00:00,0.24,3.273,71.0,0.0,11.440978
2023-09-14 23:00:00+00:00,0.241,1.673,79.0,0.0,7.208994
2023-09-15 00:00:00+00:00,0.242,0.823,80.0,0.0,8.4042845
2023-09-15 01:00:00+00:00,0.243,0.273,84.0,0.0,7.771331
2023-09-15 02:00:00+00:00,0.243,-0.17699999,87.0,0.0,7.69592
2023-09-15 03:00:00+00:00,0.244,-0.627,89.0,0.0,7.2359104
2023-09-15 04:00:00+00:00,0.244,-1.027,91.0,0.0,6.849467
2023-09-15 05:00:00+00:00,0.245,-1.327,92.0,0.0,7.2
2023-09-15 06:00:00+00:00,0.244,-2.927,98.0,0.0,5.8048253
2023-09-15 07:00:00+00:00,0.244,-3.227,98.0,0.0,6.130579
2023-09-15 08:00:00+00:00,0.245,-3.477,98.0,0.0,6.12
2023-09-15 09:00:00+00:00,0.245,-3.527,97.0,0.0,6.130579
2023-09-15 10:00:00+00:00,0.245,-3.527,96.0,0.0,6.489992
2023-09-15 11:00:00+00:00,0.245,-3.377,95.0,0.0,6.519877
2023-09-15 12:00:00+00:00,0.245,-2.227,95.0,0.0,6.130579
2023-09-15 13:00:00+00:00,0.245,0.673,81.0,0.0,8.647496
2023-09-15 14:00:00+00:00,0.242,2.773,71.0,0.0,12.429127
2023-09-15 15:00:00+00:00,0.241,4.123,63.0,0.0,14.986553
2023-09-15 16:00:00+00:00,0.239,5.123,54.0,0.0,15.778518
2023-09-15 17:00:00+00:00,0.237,5.6730003,50.0,0.0,17.238699
2023-09-15 18:00:00+00:00,0.235,6.073,48.0,0.0,17.477621
2023-09-15 19:00:00+00:00,0.236,6.023,48.0,0.0,17.906157
2023-09-15 20:00:00+00:00,0.235,5.623,51.0,0.0,17.786331
2023-09-15 21:00:00+00:00,0.235,4.9729996,54.0,0.0,15.7908325
2023-09-15 22:00:00+00:00,0.236,3.573,62.0,0.0,10.182337
2023-09-15 23:00:00+00:00,0.237,1.623,74.0,0.0,6.1094027
2023-09-16 00:00:00+00:00,0.235,0.573,78.0,0.0,5.8603754
2023-09-16 01:00:00+00:00,0.235,-0.127,81.0,0.0,5.6233797
2023-09-16 02:00:00+00:00,0.235,-0.827,83.0,0.0,5.6233797
2023-09-16 03:00:00+00:00,0.236,-1.027,82.0,0.0,5.4833565
2023-09-16 04:00:00+00:00,0.236,-0.92700005,80.0,0.0,5.0142193
2023-09-16 05:00:00+00:00,0.236,-1.027,81.0,0.0,3.7585104
2023-09-16 06:00:00+00:00,0.236,-1.427,85.0,0.0,3.219938
2023-09-16 07:00:00+00:00,0.237,-2.127,89.0,0.0,3.319036
2023-09-16 08:00:00+00:00,0.237,-2.927,94.0,0.0,3.5455887
2023-09-16 09:00:00+00:00,0.237,-3.827,100.0,0.0,3.7064266
2023-09-16 10:00:00+00:00,0.237,-4.127,100.0,0.0,3.396233
2023-09-16 11:00:00+00:00,0.237,-4.3269997,100.0,0.0,3.096837
2023-09-16 12:00:00+00:00,0.237,-3.477,99.0,0.0,1.8
2023-09-16 13:00:00+00:00,0.237,-0.32700002,87.0,0.0,0.8049845
2023-09-16 14:00:00+00:00,0.235,2.373,70.0,0.0,1.1384199
2023-09-16 15:00:00+00:00,0.233,3.823,60.0,0.0,4.0249224
2023-09-16 16:00:00+00:00,0.232,4.4729996,54.0,0.0,8.049845
2023-09-16 17:00:00+00:00,0.231,4.823,53.0,0.1,9.0
2023-09-16 18:00:00+00:00,0.245,4.823,57.0,0.2,7.8625183
2023-09-16 19:00:00+00:00,0.248,4.823,56.0,0.2,6.924738
2023-09-16 20:00:00+00:00,0.246,4.9230003,52.0,0.0,6.28713
2023-09-16 21:00:00+00:00,0.243,4.523,54.0,0.0,5.154415
2023-09-16 22:00:00+00:00,0.245,3.573,65.0,0.1,2.0364676
2023-09-16 23:00:00+00:00,0.248,2.573,69.0,0.2,2.2768397
2023-09-17 00:00:00+00:00,0.244,1.273,84.0,0.2,3.4152596
2023-09-17 01:00:00+00:00,0.243,0.573,91.0,0.1,5.154415
2023-09-17 02:00:00+00:00,0.243,0.473,89.0,0.0,5.634891
2023-09-17 03:00:00+00:00,0.243,0.023000002,89.0,0.0,5.154415
2023-09-17 04:00:00+00:00,0.243,-0.527,91.0,0.0,4.802999
2023-09-17 05:00:00+00:00,0.243,-0.877,91.0,0.0,3.9763298
2023-09-17 06:00:00+00:00,0.243,-1.027,89.0,0.0,1.8
2023-09-17 07:00:00+00:00,0.243,-1.227,90.0,0.0,1.8
2023-09-17 08:00:00+00:00,0.243,-1.327,91.0,0.0,1.2979984
2023-09-17 09:00:00+00:00,0.243,-1.627,92.0,0.0,2.968636
2023-09-17 10:00:00+00:00,0.244,-2.577,96.0,0.0,3.563818
2023-09-17 11:00:00+00:00,0.244,-3.077,97.0,0.0,3.8773184
2023-09-17 12:00:00+00:00,0.243,-1.577,92.0,0.0,5.937272
2023-09-17 13:00:00+00:00,0.245,0.373,80.0,0.0,9.36
2023-09-17 14:00:00+00:00,0.262,1.873,70.0,0.0,12.904882
2023-09-17 15:00:00+00:00,0.253,3.023,65.0,0.0,14.84318
2023-09-17 16:00:00+00:00,0.246,3.723,59.0,0.0,13.493999
2023-09-17 17:00:00+00:00,0.242,4.373,54.0,0.0,11.457958
2023-09-17 18:00:00+00:00,0.238,4.873,47.0,0.0,12.599998
2023-09-17 19:00:00+00:00,0.236,4.9230003,46.0,0.0,11.923557
2023-09-17 20:00:00+00:00,0.235,4.573,47.0,0.0,12.397806
2023-09-17 21:00:00+00:00,0.235,3.923,48.0,0.0,12.55879
2023-09-17 22:00:00+00:00,0.235,2.823,54.0,0.0,10.464797
2023-09-17 23:00:00+00:00,0.236,1.223,66.0,0.0,7.628263
2023-09-18 00:00:00+00:00,0.233,0.623,73.0,0.0,7.5685663
2023-09-18 01:00:00+00:00,0.233,0.17300001,77.0,0.0,7.5685663
2023-09-18 02:00:00+00:00,0.233,-0.127,75.0,0.0,7.92
2023-09-18 03:00:00+00:00,0.233,-0.677,77.0,0.0,7.5942073
2023-09-18 04:00:00+00:00,0.233,-1.127,79.0,0.0,6.9899354
2023-09-18 05:00:00+00:00,0.233,-1.377,79.0,0.0,6.830519
2023-09-18 06:00:00+00:00,0.233,-1.677,78.0,0.0,5.315336
2023-09-18 07:00:00+00:00,0.233,-1.777,77.0,0.0,4.8965297
2023-09-18 08:00:00+00:00,0.233,-1.927,78.0,0.0,4.6938257
2023-09-18 09:00:00+00:00,0.233,-2.327,80.0,0.0,4.39436
2023-09-18 10:00:00+00:00,0.234,-2.627,82.0,0.0,4.0249224
2023-09-18 11:00:00+00:00,0.234,-2.777,83.0,0.0,3.8939953
2023-09-18 12:00:00+00:00,0.234,-1.077,78.0,0.0,4.896529
2023-09-18 13:00:00+00:00,0.233,1.223,66.0,0.0,7.289444
2023-09-18 14:00:00+00:00,0.232,2.773,51.0,0.0,10.948973
2023-09-18 15:00:00+00:00,0.231,3.523,44.0,0.0,9.826088
2023-09-18 16:00:00+00:00,0.23,4.1730003,40.0,0.0,10.966713
2023-09-18 17:00:00+00:00,0.228,4.573,36.0,0.0,11.770403
2023-09-18 18:00:00+00:00,0.227,4.623,38.0,0.0,12.682018
2023-09-18 19:00:00+00:00,0.226,4.7229996,37.0,0.0,13.608762
2023-09-18 20:00:00+00:00,0.225,4.323,40.0,0.0,14.05845
2023-09-18 21:00:00+00:00,0.225,3.723,44.0,0.0,13.551501
2023-09-18 22:00:00+00:00,0.226,2.573,50.0,0.0,10.464797
2023-09-18 23:00:00+00:00,0.227,1.023,62.0,0.0,6.4096174
2023-09-19 00:00:00+00:00,0.224,-0.02700001,67.0,0.0,6.519877
2023-09-19 01:00:00+00:00,0.224,-0.77699995,72.0,0.0,7.2359104
2023-09-19 02:00:00+00:00,0.224,-1.127,74.0,0.0,7.9932976
2023-09-19 03:00:00+00:00,0.224,-1.227,74.0,0.0,9.178235
2023-09-19 04:00:00+00:00,0.224,-1.227,73.0,0.0,10.829959
2023-09-19 05:00:00+00:00,0.225,-1.577,77.0,0.0,12.57426
2023-09-19 06:00:00+00:00,0.225,-1.677,84.0,0.0,15.5843
2023-09-19 07:00:00+00:00,0.225,-1.427,84.0,0.0,16.263872
2023-09-19 08:00:00+00:00,0.225,-1.277,82.0,0.0,16.65754
2023-09-19 09:00:00+00:00,0.225,-1.077,81.0,0.0,17.298738
2023-09-19 10:00:00+00:00,0.225,-0.977,84.0,0.0,18.511143
2023-09-19 11:00:00+00:00,0.226,-0.577,86.0,0.0,18.511143
2023-09-19 12:00:00+00:00,0.226,1.023,85.0,0.0,18.448023
2023-09-19 13:00:00+00:00,0.225,2.823,71.0,0.0,22.104116
2023-09-19 14:00:00+00:00,0.224,4.573,63.0,0.0,27.943514
2023-09-19 15:00:00+00:00,0.223,5.373,58.0,0.0,25.620771
2023-09-19 16:00:00+00:00,0.221,6.023,52.0,0.0,26.674032
2023-09-19 17:00:00+00:00,0.219,6.2229996,49.0,0.0,26.882141
2023-09-19 18:00:00+00:00,0.218,6.373,50.0,0.0,29.714724
2023-09-19 19:00:00+00:00,0.217,6.023,50.0,0.0,28.58545
2023-09-19 20:00:00+00:00,0.217,5.4230003,54.0,0.0,28.639803
2023-09-19 21:00:00+00:00,0.217,4.573,58.0,0.0,27.534704
2023-09-19 22:00:00+00:00,0.218,3.423,63.0,0.0,26.437336
2023-09-19 23:00:00+00:00,0.219,2.623,73.0,0.0,25.20257
2023-09-20 00:00:00+00:00,0.219,2.423,78.0,0.0,24.251284
2023-09-20 01:00:00+00:00,0.22,2.1729999,77.0,0.0,25.6233
2023-09-20 02:00:00+00:00,0.22,1.623,80.0,0.0,23.933907
2023-09-20 03:00:00+00:00,0.22,1.473,82.0,0.0,25.006397
2023-09-20 04:00:00+00:00,0.22,1.573,79.0,0.0,27.381308
2023-09-20 05:00:00+00:00,0.221,1.673,75.0,0.0,27.038372
2023-09-20 06:00:00+00:00,0.221,1.873,77.0,0.0,26.932714
2023-09-20 07:00:00+00:00,0.221,1.823,74.0,0.0,27.908709
2023-09-20 08:00:00+00:00,0.221,1.823,76.0,0.0,27.193705
2023-09-20 09:00:00+00:00,0.221,1.873,75.0,0.0,27.419146
2023-09-20 10:00:00+00:00,0.221,1.723,78.0,0.0,26.400545
2023-09-20 11:00:00+00:00,0.221,1.873,74.0,0.0,28.880886
2023-09-20 12:00:00+00:00,0.221,2.473,70.0,0.0,32.078403
2023-09-20 13:00:00+00:00,0.22,3.423,67.0,0.0,34.162083
2023-09-20 14:00:00+00:00,0.22,4.323,65.0,0.0,36.537785
2023-09-20 15:00:00+00:00,0.219,5.123,60.0,0.0,39.606544
2023-09-20 16:00:00+00:00,0.217,5.9729996,55.0,0.0,41.039997
2023-09-20 17:00:00+00:00,0.216,6.323,56.0,0.0,40.326424
2023-09-20 18:00:00+00:00,0.216,6.273,55.0,0.0,40.345707
2023-09-20 19:00:00+00:00,0.215,5.9729996,58.0,0.0,41.401566
2023-09-20 20:00:00+00:00,0.215,5.6730003,64.0,0.0,37.095722
2023-09-20 21:00:00+00:00,0.216,4.773,68.0,0.0,33.497414
2023-09-20 22:00:00+00:00,0.216,3.723,69.0,0.0,30.248568
2023-09-20 23:00:00+00:00,0.217,2.823,69.0,0.0,28.19285
2023-09-21 00:00:00+00:00,0.215,2.1230001,76.0,0.0,28.856194
2023-09-21 01:00:00+00:00,0.215,1.673,76.0,0.0,27.595823
2023-09-21 02:00:00+00:00,0.216,1.173,70.0,0.0,26.901417
2023-09-21 03:00:00+00:00,0.216,0.573,70.0,0.0,25.38702
2023-09-21 04:00:00+00:00,0.216,0.023000002,75.0,0.0,22.702845
2023-09-21 05:00:00+00:00,0.217,-0.32700002,78.0,0.0,19.839235
2023-09-21 06:00:00+00:00,0.216,-0.32700002,71.0,0.0,16.520823
2023-09-21 07:00:00+00:00,0.216,-0.77699995,68.0,0.0,14.84318
2023-09-21 08:00:00+00:00,0.216,-1.177,69.0,0.0,12.979984
2023-09-21 09:00:00+00:00,0.216,-1.427,70.0,0.0,9.83268
2023-09-21 10:00:00+00:00,0.216,-1.527,71.0,0.0,7.9932976
2023-09-21 11:00:00+00:00,0.216,-1.577,69.0,0.0,9.36
2023-09-21 12:00:00+00:00,0.215,-0.627,66.0,0.0,12.7279215
2023-09-21 13:00:00+00:00,0.214,0.823,58.0,0.0,15.141414
2023-09-21 14:00:00+00:00,0.213,2.1230001,49.0,0.0,16.965895
2023-09-21 15:00:00+00:00,0.212,2.973,43.0,0.0,16.676977
2023-09-21 16:00:00+00:00,0.21,3.523,44.0,0.0,19.296133
2023-09-21 17:00:00+00:00,0.208,3.873,43.0,0.0,21.746502
2023-09-21 18:00:00+00:00,0.207,4.323,42.0,0.0,23.358425
2023-09-21 19:00:00+00:00,0.206,4.223,44.0,0.0,24.162947
2023-09-21 20:00:00+00:00,0.206,4.073,46.0,0.0,23.540806
2023-09-21 21:00:00+00:00,0.206,3.673,50.0,0.0,21.9718
2023-09-21 22:00:00+00:00,0.207,3.073,57.0,0.0,18.64369
2023-09-21 23:00:00+00:00,0.209,2.473,69.0,0.0,16.23596
2023-09-22 00:00:00+00:00,0.205,1.973,81.0,0.0,15.893093
2023-09-22 01:00:00+00:00,0.206,2.073,85.0,0.0,17.651016
2023-09-22 02:00:00+00:00,0.207,1.873,86.0,0.0,17.935081
2023-09-22 03:00:00+00:00,0.208,1.673,85.0,0.0,18.25026
2023-09-22 04:00:00+00:00,0.208,1.473,87.0,0.0,19.137648
2023-09-22 05:00:00+00:00,0.209,1.673,86.0,0.0,20.870687
2023-09-22 06:00:00+00:00,0.21,1.123,85.0,0.0,19.0392
2023-09-22 07:00:00+00:00,0.21,1.073,87.0,0.0,19.386591
2023-09-22 08:00:00+00:00,0.211,1.073,88.0,0.0,19.0392
2023-09-22 09:00:00+00:00,0.211,1.373,87.0,0.0,20.082708
2023-09-22 10:00:00+00:00,0.212,1.823,85.0,0.0,22.180206
2023-09-22 11:00:00+00:00,0.212,2.023,84.0,0.0,22.530937
2023-09-22 12:00:00+00:00,0.212,2.873,83.0,0.0,23.510508
2023-09-22 13:00:00+00:00,0.212,4.273,76.0,0.0,27.952787
2023-09-22 14:00:00+00:00,0.211,5.9729996,68.0,0.0,30.293522
2023-09-22 15:00:00+00:00,0.209,6.9230003,63.0,0.0,32.09052
2023-09-22 16:00:00+00:00,0.208,7.323,61.0,0.0,33.528355
2023-09-22 17:00:00+00:00,0.207,7.623,59.0,0.0,36.40453
2023-09-22 18:00:00+00:00,0.207,7.823,58.0,0.0,38.183765
2023-09-22 19:00:00+00:00,0.206,7.7229996,60.0,0.0,35.543507
2023-09-22 20:00:00+00:00,0.206,7.2229996,62.0,0.0,32.078403
2023-09-22 21:00:00+00:00,0.207,6.273,64.0,0.0,30.317043
2023-09-22 22:00:00+00:00,0.207,5.273,64.0,0.0,27.952787
2023-09-22 23:00:00+00:00,0.208,4.6730003,69.0,0.0,24.187069
2023-09-23 00:00:00+00:00,0.205,4.123,71.0,0.0,25.922499
2023-09-23 01:00:00+00:00,0.205,3.673,70.0,0.0,27.0024
2023-09-23 02:00:00+00:00,0.205,3.123,69.0,0.0,30.978832
2023-09-23 03:00:00+00:00,0.206,2.423,73.0,0.0,32.04202
2023-09-23 04:00:00+00:00,0.206,2.1230001,75.0,0.0,32.760002
2023-09-23 05:00:00+00:00,0.207,2.1729999,76.0,0.0,34.567497
2023-09-23 06:00:00+00:00,0.207,2.723,73.0,0.0,37.806854
2023-09-23 07:00:00+00:00,0.207,2.623,75.0,0.0,38.526726
2023-09-23 08:00:00+00:00,0.208,2.623,77.0,0.0,38.881668
2023-09-23 09:00:00+00:00,0.208,2.723,77.0,0.0,37.14286
2023-09-23 10:00:00+00:00,0.208,2.973,78.0,0.0,36.424103
2023-09-23 11:00:00+00:00,0.208,2.973,80.0,0.0,35.756172
2023-09-23 12:00:00+00:00,0.209,4.323,75.0,0.0,33.21573
2023-09-23 13:00:00+00:00,0.208,5.273,72.0,0.0,33.168877
2023-09-23 14:00:00+00:00,0.208,6.573,68.0,0.0,32.169178
2023-09-23 15:00:00+00:00,0.207,7.4729996,63.0,0.0,30.926489
2023-09-23 16:00:00+00:00,0.206,8.473,58.0,0.0,30.758411
2023-09-23 17:00:00+00:00,0.205,8.773,56.0,0.0,31.079071
2023-09-23 18:00:00+00:00,0.204,9.172999,56.0,0.0,34.22841
2023-09-23 19:00:00+00:00,0.204,8.873,57.0,0.0,33.280045
2023-09-23 20:00:00+00:00,0.204,8.422999,59.0,0.0,32.305862
2023-09-23 21:00:00+00:00,0.204,7.6730003,62.0,0.0,30.302078
2023-09-23 22:00:00+00:00,0.205,6.7229996,67.0,0.0,26.6327
2023-09-23 23:00:00+00:00,0.205,5.623,73.0,0.0,23.469128
2023-09-24 00:00:00+00:00,0.199,4.9729996,77.0,0.0,22.33161
2023-09-24 01:00:00+00:00,0.2,4.573,80.0,0.0,20.883104
2023-09-24 02:00:00+00:00,0.201,4.123,84.0,0.0,18.374111
2023-09-24 03:00:00+00:00,0.201,3.823,87.0,0.0,17.28
2023-09-24 04:00:00+00:00,0.202,3.623,88.0,0.0,18.359999
2023-09-24 05:00:00+00:00,0.202,3.673,89.0,0.0,18.733839
2023-09-24 06:00:00+00:00,0.203,4.4230003,88.0,0.0,21.67487
2023-09-24 07:00:00+00:00,0.203,4.573,86.0,0.0,22.366402
2023-09-24 08:00:00+00:00,0.203,4.4729996,86.0,0.0,22.033648
2023-09-24 09:00:00+00:00,0.204,4.323,86.0,0.0,21.485697
2023-09-24 10:00:00+00:00,0.204,4.273,85.0,0.0,21.322214
2023-09-24 11:00:00+00:00,0.204,4.523,84.0,0.0,23.400002
2023-09-24 12:00:00+00:00,0.204,6.073,72.0,0.0,26.302181
2023-09-24 13:00:00+00:00,0.204,7.2229996,63.0,0.0,30.619051
2023-09-24 14:00:00+00:00,0.203,8.173,59.0,0.0,33.933697
2023-09-24 15:00:00+00:00,0.202,8.672999,54.0,0.0,35.821354
2023-09-24 16:00:00+00:00,0.201,8.523,53.0,0.0,38.491394
2023-09-24 17:00:00+00:00,0.2,8.422999,52.0,0.0,39.122574
2023-09-24 18:00:00+00:00,0.2,8.873,52.0,0.0,36.67232
2023-09-24 19:00:00+00:00,0.2,8.823,55.0,0.0,35.516148
2023-09-24 20:00:00+00:00,0.2,8.273,55.0,0.0,36.161636
2023-09-24 21:00:00+00:00,0.2,7.373,59.0,0.0,32.283787
2023-09-24 22:00:00+00:00,0.2,6.773,65.0,0.0,30.37683
2023-09-24 23:00:00+00:00,0.201,5.9729996,69.0,0.0,27.74103
2023-09-25 00:00:00+00:00,0.199,5.4230003,73.0,0.0,24.144165
2023-09-25 01:00:00+00:00,0.199,5.123,76.0,0.0,23.97989
2023-09-25 02:00:00+00:00,0.2,4.9729996,77.0,0.0,23.675303
2023-09-25 03:00:00+00:00,0.2,4.6730003,79.0,0.0,21.398056
2023-09-25 04:00:00+00:00,0.201,4.273,79.0,0.0,20.523157
2023-09-25 05:00:00+00:00,0.201,3.873,82.0,0.0,19.93048
2023-09-25 06:00:00+00:00,0.201,3.373,83.0,0.0,18.1041
2023-09-25 07:00:00+00:00,0.202,3.123,84.0,0.0,17.208603
2023-09-25 08:00:00+00:00,0.202,2.623,87.0,0.0,15.034041
2023-09-25 09:00:00+00:00,0.203,2.223,90.0,0.0,14.145756
2023-09-25 10:00:00+00:00,0.203,1.923,91.0,0.0,12.641076
2023-09-25 11:00:00+00:00,0.203,1.873,92.0,0.0,12.10157
2023-09-25 12:00:00+00:00,0.204,3.473,84.0,0.0,14.84318
2023-09-25 13:00:00+00:00,0.203,5.7229996,72.0,0.0,19.809813
2023-09-25 14:00:00+00:00,0.202,7.323,63.0,0.0,23.000591
2023-09-25 15:00:00+00:00,0.202,8.223,59.0,0.0,24.703976
2023-09-25 16:00:00+00:00,0.201,8.723,56.0,0.0,25.537172
2023-09-25 17:00:00+00:00,0.2,8.922999,55.0,0.0,26.64
2023-09-25 18:00:00+00:00,0.2,8.873,55.0,0.0,28.551426
2023-09-25 19:00:00+00:00,0.2,8.523,57.0,0.0,28.99062
2023-09-25 20:00:00+00:00,0.199,8.323,55.0,0.0,28.03612
2023-09-25 21:00:00+00:00,0.199,8.023,56.0,0.0,27.534704
2023-09-25 22:00:00+00:00,0.2,6.9729996,62.0,0.0,27.06472
2023-09-25 23:00:00+00:00,0.2,6.023,65.0,0.0,25.264202
2023-09-26 00:00:00+00:00,0.199,5.773,68.0,0.1,25.683926
2023-09-26 01:00:00+00:00,0.203,5.4729996,71.0,0.1,24.962307
2023-09-26 02:00:00+00:00,0.205,5.6730003,70.0,0.0,24.192429
2023-09-26 03:00:00+00:00,0.203,5.573,71.0,0.0,25.1614
2023-09-26 04:00:00+00:00,0.203,5.4230003,73.0,0.0,25.460936
2023-09-26 05:00:00+00:00,0.203,5.523,73.0,0.0,25.455843
2023-09-26 06:00:00+00:00,0.203,5.073,72.0,0.0,23.042812
2023-09-26 07:00:00+00:00,0.203,4.873,76.0,0.0,20.63023
2023-09-26 08:00:00+00:00,0.203,4.773,78.0,0.0,19.513195
2023-09-26 09:00:00+00:00,0.203,4.573,81.0,0.0,17.10284
2023-09-26 10:00:00+00:00,0.203,4.623,80.0,0.0,16.485485
2023-09-26 11:00:00+00:00,0.203,4.9230003,80.0,0.0,16.676977
2023-09-26 12:00:00+00:00,0.211,6.1730003,76.0,0.0,17.873556
2023-09-26 13:00:00+00:00,0.227,6.4729996,75.0,0.2,21.734581
2023-09-26 14:00:00+00:00,0.248,6.9230003,73.0,0.6,22.702845
2023-09-26 15:00:00+00:00,0.249,7.573,65.0,0.4,23.710857
2023-09-26 16:00:00+00:00,0.245,8.073,61.0,0.2,25.772078
2023-09-26 17:00:00+00:00,0.243,8.422999,60.0,0.2,25.603062
2023-09-26 18:00:00+00:00,0.242,8.373,59.0,0.3,29.168886
2023-09-26 19:00:00+00:00,0.245,8.173,59.0,0.3,27.504095
2023-09-26 20:00:00+00:00,0.236,7.9230003,58.0,0.0,24.64094
2023-09-26 21:00:00+00:00,0.232,7.273,58.0,0.0,21.077686
2023-09-26 22:00:00+00:00,0.23,6.2229996,60.0,0.0,16.93531
2023-09-26 23:00:00+00:00,0.228,5.2229996,62.0,0.0,13.324863
2023-09-27 00:00:00+00:00,0.225,4.223,68.0,0.0,12.964998
2023-09-27 01:00:00+00:00,0.224,3.273,73.0,0.0,12.620554
2023-09-27 02:00:00+00:00,0.223,2.1729999,78.0,0.0,12.429127
2023-09-27 03:00:00+00:00,0.223,1.473,81.0,0.0,13.1041975
2023-09-27 04:00:00+00:00,0.223,0.773,80.0,0.0,12.181625
2023-09-27 05:00:00+00:00,0.222,0.373,76.0,0.0,10.24578
2023-09-27 06:00:00+00:00,0.222,-0.277,83.0,0.0,4.452954
2023-09-27 07:00:00+00:00,0.223,-0.07699999,83.0,0.0,1.08
2023-09-27 08:00:00+00:00,0.222,-0.07699999,84.0,0.2,2.6208394
2023-09-27 09:00:00+00:00,0.222,-0.227,87.0,0.0,2.9024127
2023-09-27 10:00:00+00:00,0.222,-0.17699999,88.0,0.0,1.2979984
2023-09-27 11:00:00+00:00,0.222,0.073,86.0,0.0,1.2979984
2023-09-27 12:00:00+00:00,0.221,0.723,84.0,0.0,2.8116899
2023-09-27 13:00:00+00:00,0.22,2.223,72.0,0.0,0.35999998
2023-09-27 14:00:00+00:00,0.219,3.573,61.0,0.0,1.2979984
2023-09-27 15:00:00+00:00,0.218,4.773,54.0,0.0,4.1046314
2023-09-27 16:00:00+00:00,0.216,5.823,48.0,0.0,7.729527
2023-09-27 17:00:00+00:00,0.215,6.2229996,45.0,0.0,10.931203
2023-09-27 18:00:00+00:00,0.214,5.9230003,48.0,0.0,11.966953
2023-09-27 19:00:00+00:00,0.213,5.873,50.0,0.0,13.75558
2023-09-27 20:00:00+00:00,0.213,5.873,49.0,0.0,13.202726
2023-09-27 21:00:00+00:00,0.212,5.823,46.0,0.0,12.864649
2023-09-27 22:00:00+00:00,0.212,5.2229996,46.0,0.0,12.43434
2023-09-27 23:00:00+00:00,0.212,3.673,52.0,0.0,10.163227
2023-09-28 00:00:00+00:00,0.219,2.473,60.0,0.0,10.931203
2023-09-28 01:00:00+00:00,0.219,1.423,65.0,0.0,11.043261
2023-09-28 02:00:00+00:00,0.219,0.623,67.0,0.0,12.181625
2023-09-28 03:00:00+00:00,0.219,0.273,69.0,0.0,13.358861
2023-09-28 04:00:00+00:00,0.219,0.223,72.0,0.0,15.273505
2023-09-28 05:00:00+00:00,0.219,0.223,72.0,0.0,16.516901
2023-09-28 06:00:00+00:00,0.219,-0.07699999,78.0,0.0,16.610792
2023-09-28 07:00:00+00:00,0.22,-0.02700001,80.0,0.0,18.388212
2023-09-28 08:00:00+00:00,0.22,0.223,82.0,0.0,18.899143
2023-09-28 09:00:00+00:00,0.22,0.623,83.0,0.0,18.792551
2023-09-28 10:00:00+00:00,0.22,1.223,81.0,0.0,19.130875
2023-09-28 11:00:00+00:00,0.22,1.723,81.0,0.0,19.809813
2023-09-28 12:00:00+00:00,0.22,2.973,78.0,0.0,19.242327
2023-09-28 13:00:00+00:00,0.219,5.073,73.0,0.0,21.479666
2023-09-28 14:00:00+00:00,0.218,7.373,61.0,0.0,25.210283
2023-09-28 15:00:00+00:00,0.216,8.623,53.0,0.0,26.882141
2023-09-28 16:00:00+00:00,0.215,9.172999,54.0,0.0,28.30983
2023-09-28 17:00:00+00:00,0.213,9.873,49.0,0.0,29.381382
2023-09-28 18:00:00+00:00,0.213,9.773,46.0,0.0,29.070974
2023-09-28 19:00:00+00:00,0.212,10.073,44.0,0.0,28.835976
2023-09-28 20:00:00+00:00,0.211,9.773,48.0,0.0,26.642431
2023-09-28 21:00:00+00:00,0.211,9.123,51.0,0.0,26.400545
2023-09-28 22:00:00+00:00,0.211,8.123,55.0,0.0,23.535301
2023-09-28 23:00:00+00:00,0.211,7.2229996,58.0,0.0,18.079027
2023-09-29 00:00:00+00:00,0.205,6.4230003,66.0,0.0,14.81259
2023-09-29 01:00:00+00:00,0.205,5.823,75.0,0.0,15.192682
2023-09-29 02:00:00+00:00,0.205,5.623,70.0,0.0,17.208603
2023-09-29 03:00:00+00:00,0.206,5.573,69.0,0.0,19.171478
2023-09-29 04:00:00+00:00,0.206,5.273,70.0,0.0,20.018072
2023-09-29 05:00:00+00:00,0.206,5.273,69.0,0.0,21.479664
2023-09-29 06:00:00+00:00,0.206,5.023,67.0,0.0,20.972897
2023-09-29 07:00:00+00:00,0.206,4.9230003,66.0,0.0,19.64228
2023-09-29 08:00:00+00:00,0.206,4.9230003,65.0,0.0,19.64228
2023-09-29 09:00:00+00:00,0.206,5.073,64.0,0.0,21.758419
2023-09-29 10:00:00+00:00,0.206,4.873,66.0,0.0,21.470612
2023-09-29 11:00:00+00:00,0.207,4.9729996,68.0,0.1,23.090569
2023-09-29 12:00:00+00:00,0.208,6.7229996,63.0,0.1,16.923828
2023-09-29 13:00:00+00:00,0.21,7.323,60.0,0.1,19.201874
2023-09-29 14:00:00+00:00,0.21,8.672999,53.0,0.1,22.104116
2023-09-29 15:00:00+00:00,0.21,9.373,51.0,0.1,24.57511
2023-09-29 16:00:00+00:00,0.207,10.473,45.0,0.0,26.407907
2023-09-29 17:00:00+00:00,0.205,10.873,43.0,0.0,26.576681
2023-09-29 18:00:00+00:00,0.204,10.473,46.0,0.0,28.357855
2023-09-29 19:00:00+00:00,0.204,10.123,46.0,0.0,24.079666
2023-09-29 20:00:00+00:00,0.203,10.773,42.0,0.0,22.9724
2023-09-29 21:00:00+00:00,0.202,10.573,42.0,0.0,19.969458
2023-09-29 22:00:00+00:00,0.202,9.773,46.0,0.0,13.18308
2023-09-29 23:00:00+00:00,0.203,8.123,55.0,0.0,6.12
2023-09-30 00:00:00+00:00,0.203,7.323,57.0,0.0,3.396233
2023-09-30 01:00:00+00:00,0.204,7.023,58.0,0.0,2.0991426
2023-09-30 02:00:00+00:00,0.204,6.4729996,60.0,0.0,2.0991426
2023-09-30 03:00:00+00:00,0.205,5.373,65.0,0.0,3.671294
2023-09-30 04:00:00+00:00,0.205,4.4230003,70.0,0.0,3.671294
2023-09-30 05:00:00+00:00,0.206,4.023,74.0,0.0,2.4149535
2023-09-30 06:00:00+00:00,0.206,3.223,72.0,0.0,2.16
2023-09-30 07:00:00+00:00,0.206,2.873,74.0,0.0,3.0758414
2023-09-30 08:00:00+00:00,0.207,2.773,75.0,0.0,3.096837
2023-09-30 09:00:00+00:00,0.207,2.623,77.0,0.0,2.5959969
2023-09-30 10:00:00+00:00,0.207,2.573,79.0,0.0,5.4833565
2023-09-30 11:00:00+00:00,0.207,2.773,81.0,0.0,3.7585104
2023-09-30 12:00:00+00:00,0.207,3.273,82.0,0.0,4.2136917
2023-09-30 13:00:00+00:00,0.207,4.773,74.0,0.0,5.6920996
2023-09-30 14:00:00+00:00,0.206,6.7229996,65.0,0.0,6.130579
2023-09-30 15:00:00+00:00,0.205,8.672999,57.0,0.0,7.342588
2023-09-30 16:00:00+00:00,0.204,10.373,49.0,0.0,6.489992
2023-09-30 17:00:00+00:00,0.202,12.023,42.0,0.0,7.2
2023-09-30 18:00:00+00:00,0.2,13.073,38.0,0.0,8.557102
2023-09-30 19:00:00+00:00,0.198,13.223,36.0,0.0,14.799459
2023-09-30 20:00:00+00:00,0.198,11.823,41.0,0.0,22.725668
2023-09-30 21:00:00+00:00,0.198,10.123,50.0,0.0,23.871555
2023-09-30 22:00:00+00:00,0.198,8.973,52.0,0.0,26.807312
2023-09-30 23:00:00+00:00,0.199,7.523,61.0,0.1,22.104116
2023-10-01 00:00:00+00:00,0.228,6.323,65.0,0.1,18.11841
2023-10-01 01:00:00+00:00,0.229,5.4729996,66.0,0.0,16.73516
2023-10-01 02:00:00+00:00,0.229,5.023,60.0,0.0,15.379206
2023-10-01 03:00:00+00:00,0.229,4.373,60.0,0.0,11.923557
2023-10-01 04:00:00+00:00,0.229,3.173,69.0,0.0,10.739832
2023-10-01 05:00:00+00:00,0.229,1.973,80.0,0.0,9.686609
2023-10-01 06:00:00+00:00,0.23,1.323,81.0,0.0,8.39657
2023-10-01 07:00:00+00:00,0.23,0.923,81.0,0.0,6.297428
2023-10-01 08:00:00+00:00,0.23,0.523,83.0,0.0,3.4152596
2023-10-01 09:00:00+00:00,0.23,-0.427,88.0,0.0,5.5887027
2023-10-01 10:00:00+00:00,0.23,0.773,74.0,0.0,9.0645685
2023-10-01 11:00:00+00:00,0.229,2.323,71.0,0.0,20.275383
2023-10-01 12:00:00+00:00,0.229,3.273,71.0,0.0,19.652176
2023-10-01 13:00:00+00:00,0.228,5.373,56.0,0.0,26.925497
2023-10-01 14:00:00+00:00,0.226,6.1730003,51.0,0.0,35.426632
2023-10-01 15:00:00+00:00,0.227,6.123,56.0,0.1,34.94968
2023-10-01 16:00:00+00:00,0.226,6.773,49.0,0.0,32.49785
2023-10-01 17:00:00+00:00,0.237,5.773,53.0,0.3,34.597477
2023-10-01 18:00:00+00:00,0.227,5.573,49.0,0.0,38.156605
2023-10-01 19:00:00+00:00,0.227,5.2229996,49.0,0.1,37.1969
2023-10-01 20:00:00+00:00,0.225,4.523,55.0,0.0,35.65454
2023-10-01 21:00:00+00:00,0.224,4.123,52.0,0.0,33.26252
2023-10-01 22:00:00+00:00,0.223,3.423,55.0,0.0,30.430117
2023-10-01 23:00:00+00:00,0.223,2.523,58.0,0.0,27.333935
2023-10-02 00:00:00+00:00,0.223,1.623,61.0,0.0,27.25559
2023-10-02 01:00:00+00:00,0.223,1.123,65.0,0.0,25.071096
2023-10-02 02:00:00+00:00,0.223,0.873,68.0,0.0,23.241617
2023-10-02 03:00:00+00:00,0.223,0.673,70.0,0.0,21.758419
2023-10-02 04:00:00+00:00,0.223,0.523,72.0,0.0,21.068459
2023-10-02 05:00:00+00:00,0.223,0.423,75.0,0.0,20.326454
2023-10-02 06:00:00+00:00,0.223,-0.32700002,77.0,0.0,20.188908
2023-10-02 07:00:00+00:00,0.223,-0.37699997,78.0,0.0,18.388212
2023-10-02 08:00:00+00:00,0.223,-0.477,76.0,0.0,15.941944
2023-10-02 09:00:00+00:00,0.223,-0.677,78.0,0.0,13.779114
2023-10-02 10:00:00+00:00,0.223,-0.727,80.0,0.0,13.044722
2023-10-02 11:00:00+00:00,0.223,-0.37699997,82.0,0.0,11.966954
2023-10-02 12:00:00+00:00,0.223,1.423,79.0,0.0,16.548256
2023-10-02 13:00:00+00:00,0.222,2.573,70.0,0.0,22.17144
2023-10-02 14:00:00+00:00,0.221,3.773,62.0,0.0,18.472595
2023-10-02 15:00:00+00:00,0.221,4.773,64.0,0.0,12.599998
2023-10-02 16:00:00+00:00,0.219,5.523,59.0,0.0,21.94524
2023-10-02 17:00:00+00:00,0.225,4.7229996,73.0,0.2,21.407139
2023-10-02 18:00:00+00:00,0.235,5.023,75.0,0.3,18.947083
2023-10-02 19:00:00+00:00,0.238,5.1730003,73.0,0.2,21.09305
2023-10-02 20:00:00+00:00,0.24,6.623,65.0,0.2,20.87379
2023-10-02 21:00:00+00:00,0.241,6.823,63.0,0.2,21.9718
2023-10-02 22:00:00+00:00,0.237,6.7229996,64.0,0.1,14.693999
2023-10-02 23:00:00+00:00,0.234,6.323,70.0,0.0,11.503113
2023-10-03 00:00:00+00:00,0.235,5.373,79.0,0.0,10.990322
2023-10-03 01:00:00+00:00,0.234,5.073,82.0,0.0,9.726664
2023-10-03 02:00:00+00:00,0.233,5.023,82.0,0.0,9.686609
2023-10-03 03:00:00+00:00,0.233,4.6730003,83.0,0.0,10.009036
2023-10-03 04:00:00+00:00,0.232,4.4729996,85.0,0.0,10.805998
2023-10-03 05:00:00+00:00,0.232,4.1730003,88.0,0.0,10.144082
2023-10-03 06:00:00+00:00,0.233,4.073,90.0,0.0,8.891343
2023-10-03 07:00:00+00:00,0.234,3.973,91.0,0.1,8.287822
2023-10-03 08:00:00+00:00,0.234,3.573,91.0,0.0,7.7879906
2023-10-03 09:00:00+00:00,0.233,3.223,92.0,0.0,6.9247384
2023-10-03 10:00:00+00:00,0.233,3.073,92.0,0.0,6.6087217
2023-10-03 11:00:00+00:00,0.233,3.473,91.0,0.0,7.5685663
2023-10-03 12:00:00+00:00,0.235,5.273,87.0,0.0,12.10157
2023-10-03 13:00:00+00:00,0.236,7.373,76.0,0.0,24.18707
2023-10-03 14:00:00+00:00,0.232,8.223,73.0,0.0,23.313995
2023-10-03 15:00:00+00:00,0.229,9.223,67.0,0.0,25.071096
2023-10-03 16:00:00+00:00,0.227,9.123,67.0,0.0,24.975283
2023-10-03 17:00:00+00:00,0.225,9.123,68.0,0.0,26.282465
2023-10-03 18:00:00+00:00,0.229,9.373,66.0,0.1,24.923338
2023-10-03 19:00:00+00:00,0.227,9.973,62.0,0.0,27.047956
2023-10-03 20:00:00+00:00,0.225,10.073,60.0,0.0,28.174456
2023-10-03 21:00:00+00:00,0.224,9.523,58.0,0.0,25.509243
2023-10-03 22:00:00+00:00,0.223,8.773,60.0,0.0,22.668568
2023-10-03 23:00:00+00:00,0.223,8.023,64.0,0.0,18.947083
2023-10-04 00:00:00+00:00,0.212,7.373,66.0,0.0,22.101183
2023-10-04 01:00:00+00:00,0.212,6.623,65.0,0.0,25.764534
2023-10-04 02:00:00+00:00,0.212,5.9729996,65.0,0.0,28.829233
2023-10-04 03:00:00+00:00,0.212,6.023,66.0,0.0,29.714724
2023-10-04 04:00:00+00:00,0.212,6.2229996,65.0,0.0,30.158459
2023-10-04 05:00:00+00:00,0.212,5.9230003,67.0,0.0,29.795301
2023-10-04 06:00:00+00:00,0.212,5.623,71.0,0.0,26.434887
2023-10-04 07:00:00+00:00,0.213,5.573,75.0,0.1,27.212759
2023-10-04 08:00:00+00:00,0.227,5.523,79.0,0.3,27.21038
2023-10-04 09:00:00+00:00,0.244,5.573,81.0,0.5,26.729847
2023-10-04 10:00:00+00:00,0.251,5.6730003,81.0,0.4,25.44566
2023-10-04 11:00:00+00:00,0.251,6.323,78.0,0.2,25.671307
2023-10-04 12:00:00+00:00,0.236,8.323,64.0,0.0,27.792374
2023-10-04 13:00:00+00:00,0.235,8.523,66.0,0.2,30.926489
2023-10-04 14:00:00+00:00,0.248,9.172999,65.0,0.4,32.569557
2023-10-04 15:00:00+00:00,0.247,9.523,65.0,0.3,35.728977
2023-10-04 16:00:00+00:00,0.251,9.473,66.0,0.3,38.243114
2023-10-04 17:00:00+00:00,0.244,9.873,62.0,0.1,38.723015
2023-10-04 18:00:00+00:00,0.232,10.323,59.0,0.0,40.796116
2023-10-04 19:00:00+00:00,0.229,9.922999,59.0,0.0,40.35213
2023-10-04 20:00:00+00:00,0.228,9.273,63.0,0.0,38.6208
2023-10-04 21:00:00+00:00,0.227,8.473,67.0,0.0,37.003025
2023-10-04 22:00:00+00:00,0.228,7.6730003,71.0,0.1,35.98559
2023-10-04 23:00:00+00:00,0.23,7.123,73.0,0.1,35.364388
2023-10-05 00:00:00+00:00,0.223,7.323,71.0,0.1,33.971867
2023-10-05 01:00:00+00:00,0.224,7.1730003,71.0,0.1,34.942265
2023-10-05 02:00:00+00:00,0.224,7.2229996,70.0,0.1,35.419315
2023-10-05 03:00:00+00:00,0.223,7.023,71.0,0.0,34.298386
2023-10-05 04:00:00+00:00,0.224,6.873,72.0,0.1,33.014175
2023-10-05 05:00:00+00:00,0.223,6.823,72.0,0.0,32.36398
2023-10-05 06:00:00+00:00,0.242,7.323,71.0,0.0,34.477398
2023-10-05 07:00:00+00:00,0.26,7.1730003,71.0,0.6,32.553635
2023-10-05 08:00:00+00:00,0.263,7.1730003,70.0,0.4,32.06426
2023-10-05 09:00:00+00:00,0.253,7.023,69.0,0.1,32.10667
2023-10-05 10:00:00+00:00,0.247,6.6730003,70.0,0.0,30.871965
2023-10-05 11:00:00+00:00,0.243,6.523,70.0,0.0,28.772987
2023-10-05 12:00:00+00:00,0.242,8.273,60.0,0.0,25.992401
2023-10-05 13:00:00+00:00,0.24,8.573,60.0,0.0,25.992401
2023-10-05 14:00:00+00:00,0.238,9.723,55.0,0.0,27.959743
2023-10-05 15:00:00+00:00,0.236,9.873,56.0,0.0,27.908709
2023-10-05 16:00:00+00:00,0.245,10.623,53.0,0.2,27.21038
2023-10-05 17:00:00+00:00,0.257,10.023,57.0,0.4,28.73242
2023-10-05 18:00:00+00:00,0.233,9.823,45.0,0.0,31.52005
2023-10-05 19:00:00+00:00,0.231,8.973,47.0,0.0,29.598919
2023-10-05 20:00:00+00:00,0.233,8.023,48.0,0.1,27.117346
2023-10-05 21:00:00+00:00,0.231,7.4230003,49.0,0.0,25.006397
2023-10-05 22:00:00+00:00,0.231,6.623,49.0,0.0,21.707731
2023-10-05 23:00:00+00:00,0.23,5.773,50.0,0.0,18.0036
2023-10-06 00:00:00+00:00,0.226,4.623,57.0,0.0,16.946787
2023-10-06 01:00:00+00:00,0.226,3.823,66.0,0.0,18.782204
2023-10-06 02:00:00+00:00,0.226,3.173,71.0,0.0,20.192118
2023-10-06 03:00:00+00:00,0.226,2.673,74.0,0.0,20.721119
2023-10-06 04:00:00+00:00,0.226,2.273,71.0,0.0,22.461807
2023-10-06 05:00:00+00:00,0.226,1.873,71.0,0.0,24.933735
2023-10-06 06:00:00+00:00,0.226,1.423,72.0,0.0,27.009598
2023-10-06 07:00:00+00:00,0.226,1.073,74.0,0.0,26.282465
2023-10-06 08:00:00+00:00,0.226,0.773,76.0,0.0,25.210283
2023-10-06 09:00:00+00:00,0.226,0.673,77.0,0.0,24.50381
2023-10-06 10:00:00+00:00,0.226,0.573,77.0,0.0,23.469128
2023-10-06 11:00:00+00:00,0.225,1.073,73.0,0.0,23.266697
2023-10-06 12:00:00+00:00,0.225,2.523,67.0,0.0,26.042212
2023-10-06 13:00:00+00:00,0.224,3.573,60.0,0.0,27.834309
2023-10-06 14:00:00+00:00,0.222,4.573,54.0,0.0,29.215502
2023-10-06 15:00:00+00:00,0.221,4.873,55.0,0.0,27.343414
2023-10-06 16:00:00+00:00,0.22,5.623,58.0,0.0,27.231804
2023-10-06 17:00:00+00:00,0.22,5.773,63.0,0.1,30.631746
2023-10-06 18:00:00+00:00,0.222,6.623,58.0,0.1,31.087412
2023-10-06 19:00:00+00:00,0.222,6.873,61.0,0.1,32.553635
2023-10-06 20:00:00+00:00,0.23,6.4729996,68.0,0.2,34.30594
2023-10-06 21:00:00+00:00,0.233,6.1730003,72.0,0.2,39.081146
2023-10-06 22:00:00+00:00,0.243,5.823,73.0,0.3,36.862663
2023-10-06 23:00:00+00:00,0.238,5.623,71.0,0.1,38.906654
2023-10-07 00:00:00+00:00,0.241,5.523,72.0,0.1,41.616997
2023-10-07 01:00:00+00:00,0.251,5.023,77.0,0.3,39.047966
2023-10-07 02:00:00+00:00,0.259,4.4729996,81.0,0.4,35.191723
2023-10-07 03:00:00+00:00,0.269,3.823,83.0,0.5,35.29102
2023-10-07 04:00:00+00:00,0.258,3.323,75.0,0.1,33.97187
2023-10-07 05:00:00+00:00,0.252,3.073,71.0,0.0,33.168877
2023-10-07 06:00:00+00:00,0.249,2.373,71.0,0.0,33.1376
2023-10-07 07:00:00+00:00,0.247,2.373,71.0,0.0,31.427404
2023-10-07 08:00:00+00:00,0.244,2.323,70.0,0.0,31.608328
2023-10-07 09:00:00+00:00,0.243,2.273,70.0,0.0,32.489876
2023-10-07 10:00:00+00:00,0.242,2.1230001,71.0,0.0,31.655441
2023-10-07 11:00:00+00:00,0.241,2.523,69.0,0.0,32.44996
2023-10-07 12:00:00+00:00,0.239,3.423,68.0,0.0,35.62363
2023-10-07 13:00:00+00:00,0.238,4.223,63.0,0.0,37.29086
2023-10-07 14:00:00+00:00,0.253,4.373,66.0,0.3,37.10795
2023-10-07 15:00:00+00:00,0.264,4.323,67.0,0.3,38.521683
2023-10-07 16:00:00+00:00,0.27,3.723,73.0,0.5,39.241653
2023-10-07 17:00:00+00:00,0.269,4.623,67.0,0.3,38.82162
2023-10-07 18:00:00+00:00,0.29,5.573,64.0,0.7,37.47633
2023-10-07 19:00:00+00:00,0.296,5.4729996,67.0,0.7,41.674564
2023-10-07 20:00:00+00:00,0.301,4.823,72.0,0.9,37.16902
2023-10-07 21:00:00+00:00,0.291,5.073,72.0,0.2,32.696644
2023-10-07 22:00:00+00:00,0.288,4.4729996,79.0,0.2,26.496098
2023-10-07 23:00:00+00:00,0.293,3.823,84.0,0.5,27.333935
2023-10-08 00:00:00+00:00,0.282,3.673,83.0,0.0,28.04305
2023-10-08 01:00:00+00:00,0.279,3.473,84.0,0.0,26.826641
2023-10-08 02:00:00+00:00,0.282,3.373,84.0,0.2,27.504093
2023-10-08 03:00:00+00:00,0.276,3.373,81.0,0.0,30.376833
2023-10-08 04:00:00+00:00,0.273,3.023,79.0,0.0,31.765793
2023-10-08 05:00:00+00:00,0.271,2.773,74.0,0.0,31.550869
2023-10-08 06:00:00+00:00,0.269,2.073,80.0,0.0,29.869154
2023-10-08 07:00:00+00:00,0.267,1.823,76.0,0.0,31.569351
2023-10-08 08:00:00+00:00,0.266,1.273,75.0,0.0,30.676142
2023-10-08 09:00:00+00:00,0.264,0.873,73.0,0.0,28.58545
2023-10-08 10:00:00+00:00,0.263,0.673,72.0,0.0,27.908709
2023-10-08 11:00:00+00:00,0.262,1.023,72.0,0.0,28.266306
2023-10-08 12:00:00+00:00,0.26,1.723,73.0,0.0,32.32992
2023-10-08 13:00:00+00:00,0.258,2.723,65.0,0.0,37.079998
2023-10-08 14:00:00+00:00,0.255,3.873,58.0,0.0,39.37353
2023-10-08 15:00:00+00:00,0.252,4.4729996,54.0,0.0,43.683296
2023-10-08 16:00:00+00:00,0.251,5.023,55.0,0.1,40.94832
2023-10-08 17:00:00+00:00,0.249,5.073,56.0,0.1,40.83898
2023-10-08 18:00:00+00:00,0.248,5.1730003,55.0,0.2,41.230606
2023-10-08 19:00:00+00:00,0.25,5.273,53.0,0.1,41.04631
2023-10-08 20:00:00+00:00,0.249,5.073,54.0,0.1,39.98594
2023-10-08 21:00:00+00:00,0.246,4.373,58.0,0.0,36.707645
2023-10-08 22:00:00+00:00,0.246,3.273,67.0,0.0,35.02561
2023-10-08 23:00:00+00:00,0.246,2.423,75.0,0.0,28.079998
2023-10-09 00:00:00+00:00,0.247,2.223,81.0,0.2,23.904108
2023-10-09 01:00:00+00:00,0.256,2.023,86.0,0.4,22.66857
2023-10-09 02:00:00+00:00,0.264,2.823,80.0,0.1,27.80403
2023-10-09 03:00:00+00:00,0.26,3.173,76.0,0.0,32.353966
2023-10-09 04:00:00+00:00,0.257,3.123,78.0,0.1,32.32992
2023-10-09 05:00:00+00:00,0.261,3.023,79.0,0.2,29.810522
2023-10-09 06:00:00+00:00,0.255,3.023,77.0,0.1,30.563978
2023-10-09 07:00:00+00:00,0.264,2.523,84.0,0.3,27.217524
2023-10-09 08:00:00+00:00,0.261,2.723,83.0,0.0,26.368616
2023-10-09 09:00:00+00:00,0.257,2.523,84.0,0.0,25.43802
2023-10-09 10:00:00+00:00,0.255,2.323,83.0,0.0,26.674032
2023-10-09 11:00:00+00:00,0.253,2.773,78.0,0.0,28.460497
2023-10-09 12:00:00+00:00,0.25,3.973,72.0,0.0,33.62099
2023-10-09 13:00:00+00:00,0.249,4.9729996,64.0,0.0,32.112724
2023-10-09 14:00:00+00:00,0.247,6.123,57.0,0.0,31.06239
2023-10-09 15:00:00+00:00,0.251,7.123,55.0,0.1,27.66384
2023-10-09 16:00:00+00:00,0.26,7.1730003,61.0,0.4,27.534704
2023-10-09 17:00:00+00:00,0.259,7.073,51.0,0.3,24.675106
2023-10-09 18:00:00+00:00,0.254,7.2229996,45.0,0.0,23.507751
2023-10-09 19:00:00+00:00,0.249,6.9230003,40.0,0.0,21.915691
2023-10-09 20:00:00+00:00,0.246,6.573,38.0,0.0,22.183128
2023-10-09 21:00:00+00:00,0.245,5.9230003,40.0,0.0,21.986542
2023-10-09 22:00:00+00:00,0.244,4.9230003,45.0,0.0,20.073025
2023-10-09 23:00:00+00:00,0.244,3.423,54.0,0.0,18.25026
2023-10-10 00:00:00+00:00,0.237,1.873,63.0,0.0,21.129883
2023-10-10 01:00:00+00:00,0.237,1.123,67.0,0.0,20.617662
2023-10-10 02:00:00+00:00,0.237,0.573,70.0,0.0,21.129883
2023-10-10 03:00:00+00:00,0.237,0.17300001,68.0,0.0,21.068459
2023-10-10 04:00:00+00:00,0.237,-0.227,65.0,0.0,19.930477
2023-10-10 05:00:00+00:00,0.237,-0.577,65.0,0.0,18.58451
2023-10-10 06:00:00+00:00,0.236,-1.327,71.0,0.0,15.815435
2023-10-10 07:00:00+00:00,0.236,-1.427,73.0,0.0,13.722565
2023-10-10 08:00:00+00:00,0.236,-1.377,75.0,0.0,14.618837
2023-10-10 09:00:00+00:00,0.236,-1.327,70.0,0.0,14.332341
2023-10-10 10:00:00+00:00,0.236,-1.727,72.0,0.0,13.679999
2023-10-10 11:00:00+00:00,0.236,-1.227,73.0,0.0,13.556282
2023-10-10 12:00:00+00:00,0.235,0.823,69.0,0.0,16.071491
2023-10-10 13:00:00+00:00,0.233,2.673,51.0,0.0,19.93048
2023-10-10 14:00:00+00:00,0.232,3.823,41.0,0.0,22.702845
2023-10-10 15:00:00+00:00,0.23,4.573,41.0,0.0,24.20314
2023-10-10 16:00:00+00:00,0.228,4.623,42.0,0.0,24.826954
2023-10-10 17:00:00+00:00,0.227,4.9729996,44.0,0.0,23.993399
2023-10-10 18:00:00+00:00,0.225,5.623,45.0,0.0,24.967499
2023-10-10 19:00:00+00:00,0.223,5.773,47.0,0.0,25.744402
2023-10-10 20:00:00+00:00,0.222,5.7229996,50.0,0.0,23.83896
2023-10-10 21:00:00+00:00,0.223,5.373,56.0,0.0,21.38897
2023-10-10 22:00:00+00:00,0.223,4.6730003,69.0,0.0,22.104116
2023-10-10 23:00:00+00:00,0.225,3.973,77.0,0.0,21.605999
2023-10-11 00:00:00+00:00,0.224,3.573,85.0,0.0,22.530937
2023-10-11 01:00:00+00:00,0.225,3.673,86.0,0.0,22.862125
2023-10-11 02:00:00+00:00,0.226,3.673,83.0,0.0,26.661882
2023-10-11 03:00:00+00:00,0.226,3.723,82.0,0.0,27.722336
2023-10-11 04:00:00+00:00,0.226,3.523,83.0,0.0,26.28
2023-10-11 05:00:00+00:00,0.227,3.623,83.0,0.0,25.919998
2023-10-11 06:00:00+00:00,0.227,4.023,82.0,0.0,24.490587
2023-10-11 07:00:00+00:00,0.227,4.1730003,80.0,0.0,26.282465
2023-10-11 08:00:00+00:00,0.227,4.223,79.0,0.0,26.28986
2023-10-11 09:00:00+00:00,0.227,4.123,80.0,0.0,26.661882
2023-10-11 10:00:00+00:00,0.227,4.123,80.0,0.0,25.919998
2023-10-11 11:00:00+00:00,0.227,4.873,77.0,0.0,27.0
2023-10-11 12:00:00+00:00,0.226,6.073,69.0,0.0,30.259275
2023-10-11 13:00:00+00:00,0.225,7.523,63.0,0.0,31.810638
2023-10-11 14:00:00+00:00,0.223,8.623,58.0,0.0,33.26252
2023-10-11 15:00:00+00:00,0.22,9.422999,56.0,0.0,33.971867
2023-10-11 16:00:00+00:00,0.218,9.922999,53.0,0.0,33.3792
2023-10-11 17:00:00+00:00,0.216,10.023,52.0,0.0,33.93179
2023-10-11 18:00:00+00:00,0.216,9.573,52.0,0.0,35.554443
2023-10-11 19:00:00+00:00,0.215,8.973,54.0,0.0,34.66858
2023-10-11 20:00:00+00:00,0.215,8.023,57.0,0.0,33.88019
2023-10-11 21:00:00+00:00,0.216,7.323,60.0,0.0,31.63087
2023-10-11 22:00:00+00:00,0.216,6.573,64.0,0.0,29.888672
2023-10-11 23:00:00+00:00,0.217,5.573,70.0,0.0,27.153164
2023-10-12 00:00:00+00:00,0.218,4.573,73.0,0.0,24.122683
2023-10-12 01:00:00+00:00,0.219,4.223,80.0,0.0,22.782625
2023-10-12 02:00:00+00:00,0.22,4.023,82.0,0.0,21.647945
2023-10-12 03:00:00+00:00,0.22,4.073,83.0,0.0,21.707731
2023-10-12 04:00:00+00:00,0.221,4.1730003,83.0,0.0,22.505037
2023-10-12 05:00:00+00:00,0.221,4.123,84.0,0.0,22.553936
2023-10-12 06:00:00+00:00,0.222,4.223,82.0,0.0,24.216522
2023-10-12 07:00:00+00:00,0.222,4.4230003,82.0,0.0,24.087738
2023-10-12 08:00:00+00:00,0.222,4.623,83.0,0.0,23.933907
2023-10-12 09:00:00+00:00,0.222,4.9729996,83.0,0.0,23.535301
2023-10-12 10:00:00+00:00,0.223,5.123,82.0,0.0,22.751316
2023-10-12 11:00:00+00:00,0.223,5.823,79.0,0.0,23.110207
2023-10-12 12:00:00+00:00,0.222,7.623,69.0,0.0,32.169178
2023-10-12 13:00:00+00:00,0.221,9.073,62.0,0.0,35.65454
2023-10-12 14:00:00+00:00,0.218,10.273,56.0,0.0,39.279613
2023-10-12 15:00:00+00:00,0.216,10.823,53.0,0.0,40.513996
2023-10-12 16:00:00+00:00,0.214,10.773,52.0,0.0,39.84958
2023-10-12 17:00:00+00:00,0.212,11.123,50.0,0.0,39.378475
2023-10-12 18:00:00+00:00,0.212,11.523,49.0,0.0,38.37843
2023-10-12 19:00:00+00:00,0.211,11.172999,50.0,0.0,37.29086
2023-10-12 20:00:00+00:00,0.21,10.773,51.0,0.0,37.641953
2023-10-12 21:00:00+00:00,0.211,10.073,56.0,0.0,37.936893
2023-10-12 22:00:00+00:00,0.211,9.273,64.0,0.0,35.85932
2023-10-12 23:00:00+00:00,0.212,8.173,73.0,0.0,32.048088
2023-10-13 00:00:00+00:00,0.207,7.323,75.0,0.0,30.978832
2023-10-13 01:00:00+00:00,0.207,7.023,76.0,0.0,30.993471
2023-10-13 02:00:00+00:00,0.208,6.6730003,77.0,0.0,30.317043
2023-10-13 03:00:00+00:00,0.209,6.2229996,80.0,0.0,29.070974
2023-10-13 04:00:00+00:00,0.209,6.123,81.0,0.0,29.122198
2023-10-13 05:00:00+00:00,0.21,6.123,81.0,0.0,29.381382
2023-10-13 06:00:00+00:00,0.21,5.873,79.0,0.0,34.471764
2023-10-13 07:00:00+00:00,0.211,5.823,80.0,0.0,34.518726
2023-10-13 08:00:00+00:00,0.211,5.9729996,79.0,0.0,34.786133
2023-10-13 09:00:00+00:00,0.211,6.073,77.0,0.0,35.369884
2023-10-13 10:00:00+00:00,0.211,5.9230003,77.0,0.0,36.764088
2023-10-13 11:00:00+00:00,0.211,6.4230003,76.0,0.0,37.827415
2023-10-13 12:00:00+00:00,0.211,7.1730003,71.0,0.0,36.721764
2023-10-13 13:00:00+00:00,0.211,8.373,65.0,0.0,39.246605
2023-10-13 14:00:00+00:00,0.21,9.223,61.0,0.0,40.018333
2023-10-13 15:00:00+00:00,0.208,9.823,59.0,0.0,41.348316
2023-10-13 16:00:00+00:00,0.207,9.973,58.0,0.0,42.06304
2023-10-13 17:00:00+00:00,0.207,10.123,59.0,0.0,41.66368
2023-10-13 18:00:00+00:00,0.206,10.823,56.0,0.0,43.45276
2023-10-13 19:00:00+00:00,0.206,10.172999,59.0,0.0,42.699093
2023-10-13 20:00:00+00:00,0.206,9.523,62.0,0.0,41.305977
2023-10-13 21:00:00+00:00,0.207,8.573,66.0,0.0,39.609814
2023-10-13 22:00:00+00:00,0.207,7.7229996,68.0,0.0,38.848316
2023-10-13 23:00:00+00:00,0.208,6.6730003,70.0,0.0,39.345543
2023-10-14 00:00:00+00:00,0.207,5.9230003,71.0,0.0,41.476624
2023-10-14 01:00:00+00:00,0.208,5.7229996,72.0,0.0,41.784824
2023-10-14 02:00:00+00:00,0.208,5.573,74.0,0.0,41.079453
2023-10-14 03:00:00+00:00,0.208,5.323,73.0,0.0,42.51812
2023-10-14 04:00:00+00:00,0.209,4.9729996,73.0,0.0,43.68033
2023-10-14 05:00:00+00:00,0.209,5.023,74.0,0.0,41.167694
2023-10-14 06:00:00+00:00,0.209,5.2229996,73.0,0.0,39.299404
2023-10-14 07:00:00+00:00,0.209,5.2229996,73.0,0.0,39.28126
2023-10-14 08:00:00+00:00,0.209,5.2229996,73.0,0.0,38.221085
2023-10-14 09:00:00+00:00,0.21,5.1730003,73.0,0.0,36.735878
2023-10-14 10:00:00+00:00,0.21,5.1730003,71.0,0.0,36.0072
2023-10-14 11:00:00+00:00,0.21,5.523,69.0,0.0,36.388508
2023-10-14 12:00:00+00:00,0.21,6.373,67.0,0.0,36.721764
2023-10-14 13:00:00+00:00,0.209,7.323,63.0,0.0,38.519997
2023-10-14 14:00:00+00:00,0.209,8.273,59.0,0.0,41.079453
2023-10-14 15:00:00+00:00,0.208,8.422999,58.0,0.0,42.273567
2023-10-14 16:00:00+00:00,0.207,8.773,56.0,0.0,41.982853
2023-10-14 17:00:00+00:00,0.207,9.172999,54.0,0.0,41.305977
2023-10-14 18:00:00+00:00,0.206,10.123,53.0,0.0,38.921646
2023-10-14 19:00:00+00:00,0.206,10.023,50.0,0.0,40.03938
2023-10-14 20:00:00+00:00,0.205,9.323,53.0,0.0,38.546906
2023-10-14 21:00:00+00:00,0.205,8.922999,58.0,0.0,37.483242
2023-10-14 22:00:00+00:00,0.207,7.623,70.0,0.1,36.17955
2023-10-14 23:00:00+00:00,0.208,6.873,73.0,0.0,33.805515
2023-10-15 00:00:00+00:00,0.206,6.9230003,73.0,0.0,27.181787
2023-10-15 01:00:00+00:00,0.206,6.623,76.0,0.0,27.333935
2023-10-15 02:00:00+00:00,0.207,6.273,77.0,0.0,26.368616
2023-10-15 03:00:00+00:00,0.207,6.023,78.0,0.0,26.208395
2023-10-15 04:00:00+00:00,0.207,5.823,78.0,0.0,25.38702
2023-10-15 05:00:00+00:00,0.208,5.7229996,79.0,0.0,26.901417
2023-10-15 06:00:00+00:00,0.208,5.323,79.0,0.0,26.052162
2023-10-15 07:00:00+00:00,0.208,5.373,77.0,0.0,26.661882
2023-10-15 08:00:00+00:00,0.208,5.023,70.0,0.0,29.239891
2023-10-15 09:00:00+00:00,0.208,4.573,71.0,0.0,28.44
2023-10-15 10:00:00+00:00,0.209,4.573,74.0,0.0,26.400545
2023-10-15 11:00:00+00:00,0.209,5.2229996,71.0,0.0,26.405453
2023-10-15 12:00:00+00:00,0.208,6.623,65.0,0.0,33.121956
2023-10-15 13:00:00+00:00,0.208,7.623,59.0,0.0,36.40453
2023-10-15 14:00:00+00:00,0.207,8.223,57.0,0.0,35.821354
2023-10-15 15:00:00+00:00,0.206,9.073,56.0,0.0,35.39186
2023-10-15 16:00:00+00:00,0.205,9.973,46.0,0.0,35.80507
2023-10-15 17:00:00+00:00,0.204,9.922999,44.0,0.0,36.088093
2023-10-15 18:00:00+00:00,0.204,9.873,45.0,0.0,35.105072
2023-10-15 19:00:00+00:00,0.203,9.873,42.0,0.0,38.59395
2023-10-15 20:00:00+00:00,0.203,9.573,46.0,0.0,33.39473
2023-10-15 21:00:00+00:00,0.202,8.773,50.0,0.0,32.335934
2023-10-15 22:00:00+00:00,0.203,7.623,54.0,0.0,30.657122
2023-10-15 23:00:00+00:00,0.203,6.323,60.0,0.0,27.51116
2023-10-16 00:00:00+00:00,0.203,5.323,68.0,0.0,23.42491
2023-10-16 01:00:00+00:00,0.203,4.7229996,72.0,0.0,24.648829
2023-10-16 02:00:00+00:00,0.204,4.373,74.0,0.0,25.050413
2023-10-16 03:00:00+00:00,0.204,4.223,75.0,0.0,25.40743
2023-10-16 04:00:00+00:00,0.205,4.273,75.0,0.0,25.509243
2023-10-16 05:00:00+00:00,0.205,4.1730003,75.0,0.0,22.530937
2023-10-16 06:00:00+00:00,0.205,3.973,76.0,0.0,21.41319
2023-10-16 07:00:00+00:00,0.206,4.073,77.0,0.0,22.768398
2023-10-16 08:00:00+00:00,0.206,4.323,79.0,0.0,24.535524
2023-10-16 09:00:00+00:00,0.206,4.873,78.0,0.0,25.699057
2023-10-16 10:00:00+00:00,0.206,5.123,78.0,0.0,24.648829
2023-10-16 11:00:00+00:00,0.206,5.873,73.0,0.0,25.651104
2023-10-16 12:00:00+00:00,0.206,7.023,66.0,0.0,27.117346
2023-10-16 13:00:00+00:00,0.206,7.773,60.0,0.0,29.660152
2023-10-16 14:00:00+00:00,0.205,8.672999,53.0,0.0,34.627434
2023-10-16 15:00:00+00:00,0.204,9.323,52.0,0.0,30.49818
2023-10-16 16:00:00+00:00,0.204,9.672999,51.0,0.0,33.97187
2023-10-16 17:00:00+00:00,0.207,9.073,58.0,0.2,33.46645
2023-10-16 18:00:00+00:00,0.211,8.723,59.0,0.3,30.035742
2023-10-16 19:00:00+00:00,0.222,8.473,66.0,0.4,28.202042
2023-10-16 20:00:00+00:00,0.235,8.273,68.0,0.5,28.594517
2023-10-16 21:00:00+00:00,0.241,8.123,70.0,0.4,28.883131
2023-10-16 22:00:00+00:00,0.242,7.7229996,73.0,0.3,27.959742
2023-10-16 23:00:00+00:00,0.24,7.373,75.0,0.1,25.699057
2023-10-17 00:00:00+00:00,0.226,7.273,75.0,0.1,23.087763
2023-10-17 01:00:00+00:00,0.223,7.023,78.0,0.0,21.41319
2023-10-17 02:00:00+00:00,0.222,6.773,81.0,0.0,21.068459
2023-10-17 03:00:00+00:00,0.22,6.623,82.0,0.0,20.380579
2023-10-17 04:00:00+00:00,0.219,6.523,83.0,0.0,20.082708
2023-10-17 05:00:00+00:00,0.219,6.373,84.0,0.0,19.64558
2023-10-17 06:00:00+00:00,0.218,6.323,84.0,0.0,19.93048
2023-10-17 07:00:00+00:00,0.217,6.373,84.0,0.0,18.792551
2023-10-17 08:00:00+00:00,0.217,6.373,84.0,0.0,18.64369
2023-10-17 09:00:00+00:00,0.217,6.573,79.0,0.0,18.448023
2023-10-17 10:00:00+00:00,0.216,6.623,77.0,0.0,18.844202
2023-10-17 11:00:00+00:00,0.216,7.123,77.0,0.0,19.13426
2023-10-17 12:00:00+00:00,0.215,8.373,68.0,0.0,22.180206
2023-10-17 13:00:00+00:00,0.214,9.273,65.0,0.0,22.104116
2023-10-17 14:00:00+00:00,0.213,9.922999,65.0,0.0,23.73271
2023-10-17 15:00:00+00:00,0.213,10.422999,63.0,0.0,24.590923
2023-10-17 16:00:00+00:00,0.212,10.623,64.0,0.0,26.368616
2023-10-17 17:00:00+00:00,0.212,10.473,65.0,0.0,25.620771
2023-10-17 18:00:00+00:00,0.211,11.273,58.0,0.0,30.926489
2023-10-17 19:00:00+00:00,0.211,10.922999,58.0,0.0,30.018473
2023-10-17 20:00:00+00:00,0.21,10.422999,61.0,0.0,28.357857
2023-10-17 21:00:00+00:00,0.211,10.323,65.0,0.0,27.66384
2023-10-17 22:00:00+00:00,0.21,9.873,65.0,0.0,25.952478
2023-10-17 23:00:00+00:00,0.21,8.823,68.0,0.0,28.079998
2023-10-18 00:00:00+00:00,0.208,8.323,69.0,0.0,27.553524
2023-10-18 01:00:00+00:00,0.208,8.323,68.0,0.0,28.856194
2023-10-18 02:00:00+00:00,0.216,8.023,70.0,0.2,29.574827
2023-10-18 03:00:00+00:00,0.23,7.9230003,74.0,0.4,27.908709
2023-10-18 04:00:00+00:00,0.234,8.273,72.0,0.2,27.558228
2023-10-18 05:00:00+00:00,0.228,8.523,69.0,0.0,27.598173
2023-10-18 06:00:00+00:00,0.223,8.922999,66.0,0.0,23.565569
2023-10-18 07:00:00+00:00,0.224,8.523,68.0,0.1,23.363974
2023-10-18 08:00:00+00:00,0.222,8.573,67.0,0.0,24.387178
2023-10-18 09:00:00+00:00,0.221,8.223,69.0,0.1,24.472057
2023-10-18 10:00:00+00:00,0.231,7.9729996,71.0,0.3,22.415602
2023-10-18 11:00:00+00:00,0.231,8.323,70.0,0.1,22.415602
2023-10-18 12:00:00+00:00,0.218,10.573,61.0,0.1,27.212759
2023-10-18 13:00:00+00:00,0.216,11.373,58.0,0.0,28.84721
2023-10-18 14:00:00+00:00,0.215,12.623,54.0,0.0,29.142216
2023-10-18 15:00:00+00:00,0.213,13.373,52.0,0.0,30.267845
2023-10-18 16:00:00+00:00,0.212,13.373,53.0,0.0,30.811037
2023-10-18 17:00:00+00:00,0.211,13.723,52.0,0.0,31.435646
2023-10-18 18:00:00+00:00,0.21,14.373,50.0,0.0,33.326744
2023-10-18 19:00:00+00:00,0.209,14.073,52.0,0.0,33.48774
2023-10-18 20:00:00+00:00,0.209,12.672999,60.0,0.1,32.20944
2023-10-18 21:00:00+00:00,0.22,11.273,68.0,0.3,29.947153
2023-10-18 22:00:00+00:00,0.251,10.273,73.0,0.8,26.576681
2023-10-18 23:00:00+00:00,0.254,10.023,71.0,0.4,24.766848
2023-10-19 00:00:00+00:00,0.234,10.523,64.0,0.2,23.507753
2023-10-19 01:00:00+00:00,0.228,10.323,65.0,0.0,24.86868
2023-10-19 02:00:00+00:00,0.246,9.873,70.0,0.6,24.703976
2023-10-19 03:00:00+00:00,0.26,9.473,72.0,0.6,23.03156
2023-10-19 04:00:00+00:00,0.265,9.172999,72.0,0.5,23.667091
2023-10-19 05:00:00+00:00,0.255,9.023,70.0,0.0,23.18579
2023-10-19 06:00:00+00:00,0.243,8.873,68.0,0.0,24.86868
2023-10-19 07:00:00+00:00,0.238,8.723,70.0,0.0,25.277023
2023-10-19 08:00:00+00:00,0.235,8.273,73.0,0.0,21.398056
2023-10-19 09:00:00+00:00,0.233,7.523,79.0,0.0,17.651016
2023-10-19 10:00:00+00:00,0.231,7.123,79.0,0.0,16.394829
2023-10-19 11:00:00+00:00,0.229,8.073,67.0,0.0,21.746504
2023-10-19 12:00:00+00:00,0.229,9.273,61.0,0.0,20.957443
2023-10-19 13:00:00+00:00,0.228,10.323,55.0,0.0,21.96295
2023-10-19 14:00:00+00:00,0.226,11.223,49.0,0.0,20.16
2023-10-19 15:00:00+00:00,0.224,11.373,46.0,0.0,22.104116
2023-10-19 16:00:00+00:00,0.223,11.523,45.0,0.0,23.441502
2023-10-19 17:00:00+00:00,0.222,11.873,47.0,0.0,23.400002
2023-10-19 18:00:00+00:00,0.221,12.273,43.0,0.0,27.112564
2023-10-19 19:00:00+00:00,0.219,12.973,43.0,0.0,26.052162
2023-10-19 20:00:00+00:00,0.222,12.223,46.0,0.1,25.420181
2023-10-19 21:00:00+00:00,0.22,11.623,48.0,0.0,21.479666
2023-10-19 22:00:00+00:00,0.22,10.723,53.0,0.0,19.586117
2023-10-19 23:00:00+00:00,0.219,9.623,59.0,0.0,15.137133
2023-10-20 00:00:00+00:00,0.219,9.023,64.0,0.0,9.83268
2023-10-20 01:00:00+00:00,0.219,8.173,71.0,0.0,11.620809
2023-10-20 02:00:00+00:00,0.219,7.573,78.0,0.0,12.144331
2023-10-20 03:00:00+00:00,0.22,7.273,78.0,0.0,12.496718
2023-10-20 04:00:00+00:00,0.234,6.573,82.0,0.2,15.941944
2023-10-20 05:00:00+00:00,0.235,6.023,81.0,0.2,18.214718
2023-10-20 06:00:00+00:00,0.238,5.2229996,70.0,0.0,20.991426
2023-10-20 07:00:00+00:00,0.234,3.973,74.0,0.0,20.240196
2023-10-20 08:00:00+00:00,0.232,3.373,75.0,0.0,18.391735
2023-10-20 09:00:00+00:00,0.23,2.823,78.0,0.0,15.273505
2023-10-20 10:00:00+00:00,0.229,2.473,81.0,0.0,12.758432
2023-10-20 11:00:00+00:00,0.227,3.723,75.0,0.0,11.966953
2023-10-20 12:00:00+00:00,0.227,5.823,64.0,0.0,11.792404
2023-10-20 13:00:00+00:00,0.225,7.773,55.0,0.0,14.578888
2023-10-20 14:00:00+00:00,0.224,9.473,45.0,0.0,19.694992
2023-10-20 15:00:00+00:00,0.222,9.723,46.0,0.0,22.057161
2023-10-20 16:00:00+00:00,0.224,9.672999,48.0,0.0,24.57511
2023-10-20 17:00:00+00:00,0.221,10.373,44.0,0.0,24.66197
2023-10-20 18:00:00+00:00,0.218,10.773,41.0,0.0,25.992397
2023-10-20 19:00:00+00:00,0.217,10.573,42.0,0.0,26.407907
2023-10-20 20:00:00+00:00,0.216,10.422999,43.0,0.1,25.872456
2023-10-20 21:00:00+00:00,0.22,9.223,51.0,0.2,24.651457
2023-10-20 22:00:00+00:00,0.237,7.823,64.0,0.5,20.46941
2023-10-20 23:00:00+00:00,0.263,7.273,68.0,0.9,18.35647
2023-10-21 00:00:00+00:00,0.247,7.273,68.0,0.2,24.023088
2023-10-21 01:00:00+00:00,0.24,6.4230003,71.0,0.0,22.065973
2023-10-21 02:00:00+00:00,0.236,5.623,75.0,0.0,22.065973
2023-10-21 03:00:00+00:00,0.234,4.823,76.0,0.0,21.897945
2023-10-21 04:00:00+00:00,0.232,4.4230003,76.0,0.0,22.539564
2023-10-21 05:00:00+00:00,0.23,4.4729996,63.0,0.0,25.872454
2023-10-21 06:00:00+00:00,0.229,3.823,64.0,0.0,24.94413
2023-10-21 07:00:00+00:00,0.228,3.623,68.0,0.0,25.729298
2023-10-21 08:00:00+00:00,0.227,3.423,72.0,0.0,25.323128
2023-10-21 09:00:00+00:00,0.226,3.373,73.0,0.0,24.993439
2023-10-21 10:00:00+00:00,0.226,3.573,69.0,0.0,26.727423
2023-10-21 11:00:00+00:00,0.225,3.873,57.0,0.0,30.317043
2023-10-21 12:00:00+00:00,0.224,5.1730003,55.0,0.0,36.258274
2023-10-21 13:00:00+00:00,0.222,6.023,51.0,0.0,36.04677
2023-10-21 14:00:00+00:00,0.221,7.073,44.0,0.0,38.243114
2023-10-21 15:00:00+00:00,0.22,7.573,43.0,0.0,36.359997
2023-10-21 16:00:00+00:00,0.218,8.422999,39.0,0.0,36.158054
2023-10-21 17:00:00+00:00,0.217,8.323,40.0,0.0,34.743263
2023-10-21 18:00:00+00:00,0.216,8.273,44.0,0.0,35.281837
2023-10-21 19:00:00+00:00,0.233,7.7229996,55.0,0.4,34.786133
2023-10-21 20:00:00+00:00,0.226,7.623,53.0,0.1,35.39186
2023-10-21 21:00:00+00:00,0.224,7.4729996,53.0,0.1,33.21573
2023-10-21 22:00:00+00:00,0.223,6.9729996,57.0,0.0,29.539747
2023-10-21 23:00:00+00:00,0.222,6.623,59.0,0.0,25.264202
2023-10-22 00:00:00+00:00,0.221,6.073,63.0,0.0,22.253124
2023-10-22 01:00:00+00:00,0.221,5.623,68.0,0.0,22.702845
2023-10-22 02:00:00+00:00,0.221,5.1730003,70.0,0.0,21.659918
2023-10-22 03:00:00+00:00,0.22,5.073,74.0,0.0,22.104116
2023-10-22 04:00:00+00:00,0.22,5.1730003,74.0,0.0,22.79684
2023-10-22 05:00:00+00:00,0.22,5.023,76.0,0.0,22.086521
2023-10-22 06:00:00+00:00,0.22,4.7229996,77.0,0.0,19.829433
2023-10-22 07:00:00+00:00,0.219,4.773,79.0,0.0,19.93048
2023-10-22 08:00:00+00:00,0.219,4.523,82.0,0.0,18.214718
2023-10-22 09:00:00+00:00,0.219,4.273,85.0,0.0,17.533146
2023-10-22 10:00:00+00:00,0.219,4.373,85.0,0.0,16.965895
2023-10-22 11:00:00+00:00,0.219,5.573,80.0,0.0,18.079027
2023-10-22 12:00:00+00:00,0.218,7.1730003,69.0,0.0,24.546085
2023-10-22 13:00:00+00:00,0.217,8.873,60.0,0.0,21.986542
2023-10-22 14:00:00+00:00,0.215,9.973,50.0,0.0,26.867676
2023-10-22 15:00:00+00:00,0.214,10.723,48.0,0.0,27.438046
2023-10-22 16:00:00+00:00,0.212,11.473,43.0,0.0,27.792374
2023-10-22 17:00:00+00:00,0.21,11.723,41.0,0.0,27.009598
2023-10-22 18:00:00+00:00,0.208,11.922999,40.0,0.0,25.744402
2023-10-22 19:00:00+00:00,0.207,11.773,42.0,0.0,23.565567
2023-10-22 20:00:00+00:00,0.206,11.323,45.0,0.0,21.479666
2023-10-22 21:00:00+00:00,0.205,10.672999,45.0,0.0,19.839235
2023-10-22 22:00:00+00:00,0.206,9.873,49.0,0.0,18.782204
2023-10-22 23:00:00+00:00,0.206,8.922999,55.0,0.0,14.759999
2023-10-23 00:00:00+00:00,0.201,7.273,64.0,0.0,11.879999
2023-10-23 01:00:00+00:00,0.202,6.323,71.0,0.0,10.739833
2023-10-23 02:00:00+00:00,0.203,5.623,75.0,0.0,11.165805
2023-10-23 03:00:00+00:00,0.203,5.373,77.0,0.0,10.990322
2023-10-23 04:00:00+00:00,0.204,4.823,81.0,0.0,11.631956
2023-10-23 05:00:00+00:00,0.204,4.573,84.0,0.0,11.27553
2023-10-23 06:00:00+00:00,0.205,4.4729996,84.0,0.0,9.0
2023-10-23 07:00:00+00:00,0.205,4.023,86.0,0.0,7.42159
2023-10-23 08:00:00+00:00,0.205,3.673,87.0,0.0,7.24486
2023-10-23 09:00:00+00:00,0.206,3.573,86.0,0.0,6.792466
2023-10-23 10:00:00+00:00,0.206,4.023,85.0,0.0,6.696387
2023-10-23 11:00:00+00:00,0.206,6.073,76.0,0.0,9.693296
2023-10-23 12:00:00+00:00,0.205,8.373,68.0,0.0,12.682018
2023-10-23 13:00:00+00:00,0.203,10.523,60.0,0.0,16.575644
2023-10-23 14:00:00+00:00,0.201,12.223,54.0,0.0,19.08
2023-10-23 15:00:00+00:00,0.199,13.373,47.0,0.0,21.434364
2023-10-23 16:00:00+00:00,0.196,14.172999,44.0,0.0,22.553936
2023-10-23 17:00:00+00:00,0.194,14.922999,42.0,0.0,21.611996
2023-10-23 18:00:00+00:00,0.192,16.173,37.0,0.0,23.363974
2023-10-23 19:00:00+00:00,0.19,16.273,33.0,0.0,24.472057
2023-10-23 20:00:00+00:00,0.189,15.922999,35.0,0.0,24.144167
2023-10-23 21:00:00+00:00,0.189,15.273,38.0,0.0,23.000591
2023-10-23 22:00:00+00:00,0.189,14.373,41.0,0.0,20.620806
2023-10-23 23:00:00+00:00,0.19,12.973,48.0,0.0,15.256526
2023-10-24 00:00:00+00:00,0.176,11.223,57.0,0.0,9.511088
2023-10-24 01:00:00+00:00,0.177,9.623,67.0,0.0,7.968939
2023-10-24 02:00:00+00:00,0.178,8.273,74.0,0.0,6.725354
2023-10-24 03:00:00+00:00,0.179,6.9729996,82.0,0.0,5.937272
2023-10-24 04:00:00+00:00,0.18,6.023,86.0,0.0,5.634891
2023-10-24 05:00:00+00:00,0.181,5.373,88.0,0.0,5.8048253
2023-10-24 06:00:00+00:00,0.182,4.7229996,87.0,0.0,7.628263
2023-10-24 07:00:00+00:00,0.183,4.823,85.0,0.0,10.587917
2023-10-24 08:00:00+00:00,0.183,4.4230003,89.0,0.0,11.966954
2023-10-24 09:00:00+00:00,0.184,4.123,91.0,0.0,12.0694
2023-10-24 10:00:00+00:00,0.184,4.4729996,86.0,0.0,12.864649
2023-10-24 11:00:00+00:00,0.184,6.273,75.0,0.0,16.434305
2023-10-24 12:00:00+00:00,0.184,8.873,62.0,0.0,19.809813
2023-10-24 13:00:00+00:00,0.184,9.473,66.0,0.1,22.314194
2023-10-24 14:00:00+00:00,0.199,9.473,69.0,0.4,22.79684
2023-10-24 15:00:00+00:00,0.211,10.123,65.0,0.4,26.576681
2023-10-24 16:00:00+00:00,0.22,9.973,64.0,0.4,30.599998
2023-10-24 17:00:00+00:00,0.233,9.323,67.0,0.5,30.7542
2023-10-24 18:00:00+00:00,0.226,10.823,57.0,0.1,37.19342
2023-10-24 19:00:00+00:00,0.22,11.623,52.0,0.0,39.45245
2023-10-24 20:00:00+00:00,0.22,11.073,58.0,0.1,38.526726
2023-10-24 21:00:00+00:00,0.215,10.023,57.0,0.0,32.385994
2023-10-24 22:00:00+00:00,0.212,8.773,46.0,0.1,35.178837
2023-10-24 23:00:00+00:00,0.21,7.4729996,54.0,0.0,28.357857
2023-10-25 00:00:00+00:00,0.204,6.273,69.0,0.0,28.496904
2023-10-25 01:00:00+00:00,0.203,6.123,68.0,0.0,30.21642
2023-10-25 02:00:00+00:00,0.202,5.823,69.0,0.0,29.834423
2023-10-25 03:00:00+00:00,0.201,5.523,70.0,0.0,29.940662
2023-10-25 04:00:00+00:00,0.201,5.373,69.0,0.0,30.216421
2023-10-25 05:00:00+00:00,0.2,5.273,68.0,0.0,30.472675
2023-10-25 06:00:00+00:00,0.201,4.873,70.0,0.0,22.450264
2023-10-25 07:00:00+00:00,0.2,4.773,73.0,0.0,19.995398
2023-10-25 08:00:00+00:00,0.2,4.7229996,75.0,0.0,18.847641
2023-10-25 09:00:00+00:00,0.203,4.573,78.0,0.2,18.218275
2023-10-25 10:00:00+00:00,0.226,5.1730003,78.0,0.5,19.862083
2023-10-25 11:00:00+00:00,0.248,6.323,76.0,0.7,28.019936
2023-10-25 12:00:00+00:00,0.27,7.4729996,70.0,1.1,31.259941
2023-10-25 13:00:00+00:00,0.287,8.173,72.0,1.0,35.768856
2023-10-25 14:00:00+00:00,0.289,9.123,69.0,0.8,42.476948
2023-10-25 15:00:00+00:00,0.283,9.023,68.0,0.5,44.596428
2023-10-25 16:00:00+00:00,0.29,8.173,68.0,0.8,43.13395
2023-10-25 17:00:00+00:00,0.288,8.422999,63.0,0.6,43.666977
2023-10-25 18:00:00+00:00,0.26,9.922999,48.0,0.0,55.49374
2023-10-25 19:00:00+00:00,0.254,8.723,50.0,0.0,54.170128
2023-10-25 20:00:00+00:00,0.25,7.873,52.0,0.0,54.38741
2023-10-25 21:00:00+00:00,0.247,6.873,58.0,0.0,51.131405
2023-10-25 22:00:00+00:00,0.245,6.1730003,59.0,0.0,46.668274
2023-10-25 23:00:00+00:00,0.244,5.323,59.0,0.0,38.36492
2023-10-26 00:00:00+00:00,0.239,4.573,63.0,0.0,36.36
2023-10-26 01:00:00+00:00,0.238,3.923,67.0,0.0,33.497414
2023-10-26 02:00:00+00:00,0.237,3.323,70.0,0.0,31.75355
2023-10-26 03:00:00+00:00,0.236,2.773,68.0,0.0,31.487139
2023-10-26 04:00:00+00:00,0.236,2.273,69.0,0.0,28.82249
2023-10-26 05:00:00+00:00,0.235,1.873,77.0,0.0,26.903828
2023-10-26 06:00:00+00:00,0.234,2.1729999,76.0,0.0,28.528723
2023-10-26 07:00:00+00:00,0.234,2.073,75.0,0.0,28.410364
2023-10-26 08:00:00+00:00,0.233,1.873,75.0,0.0,27.595823
2023-10-26 09:00:00+00:00,0.232,1.523,78.0,0.0,25.651104
2023-10-26 10:00:00+00:00,0.232,1.723,77.0,0.0,23.828083
2023-10-26 11:00:00+00:00,0.231,3.073,70.0,0.0,26.28986
2023-10-26 12:00:00+00:00,0.23,4.573,57.0,0.0,31.278593
2023-10-26 13:00:00+00:00,0.228,5.2229996,48.0,0.0,33.58821
2023-10-26 14:00:00+00:00,0.226,6.123,39.0,0.0,32.69664
2023-10-26 15:00:00+00:00,0.223,6.773,37.0,0.0,33.697998
2023-10-26 16:00:00+00:00,0.221,7.4230003,34.0,0.0,35.06999
2023-10-26 17:00:00+00:00,0.219,7.623,35.0,0.0,36.2082
2023-10-26 18:00:00+00:00,0.217,7.9729996,34.0,0.0,31.875755
2023-10-26 19:00:00+00:00,0.216,7.7229996,36.0,0.0,31.450073
2023-10-26 20:00:00+00:00,0.215,7.2229996,35.0,0.0,30.758411
2023-10-26 21:00:00+00:00,0.214,6.6730003,38.0,0.0,26.64
2023-10-26 22:00:00+00:00,0.214,6.023,39.0,0.0,22.963936
2023-10-26 23:00:00+00:00,0.214,5.123,44.0,0.0,15.226764
2023-10-27 00:00:00+00:00,0.219,3.773,51.0,0.0,9.114471
2023-10-27 01:00:00+00:00,0.219,2.973,59.0,0.0,5.154415
2023-10-27 02:00:00+00:00,0.22,2.223,64.0,0.0,6.489992
2023-10-27 03:00:00+00:00,0.22,1.923,68.0,0.0,6.489992
2023-10-27 04:00:00+00:00,0.22,2.023,68.0,0.0,9.449572
2023-10-27 05:00:00+00:00,0.22,2.023,66.0,0.0,9.504272
2023-10-27 06:00:00+00:00,0.22,1.223,65.0,0.0,11.753876
2023-10-27 07:00:00+00:00,0.219,1.723,68.0,0.0,13.397612
2023-10-27 08:00:00+00:00,0.219,2.473,74.0,0.0,16.904673
2023-10-27 09:00:00+00:00,0.219,2.923,76.0,0.0,19.66536
2023-10-27 10:00:00+00:00,0.22,3.673,75.0,0.1,23.565569
2023-10-27 11:00:00+00:00,0.235,3.973,80.0,0.4,26.787966
2023-10-27 12:00:00+00:00,0.271,3.723,87.0,0.6,24.458813
2023-10-27 13:00:00+00:00,0.289,5.073,84.0,1.0,22.768396
2023-10-27 14:00:00+00:00,0.297,6.073,82.0,0.9,23.358425
2023-10-27 15:00:00+00:00,0.289,6.9729996,79.0,0.5,20.608229
2023-10-27 16:00:00+00:00,0.282,7.9729996,77.0,0.2,18.35647
2023-10-27 17:00:00+00:00,0.287,8.473,74.0,0.5,18.25026
2023-10-27 18:00:00+00:00,0.325,8.273,83.0,1.8,17.902534
2023-10-27 19:00:00+00:00,0.33,8.623,80.0,1.9,15.03835
2023-10-27 20:00:00+00:00,0.324,8.073,74.0,0.9,27.047956
2023-10-27 21:00:00+00:00,0.304,7.4729996,62.0,0.2,38.046055
2023-10-27 22:00:00+00:00,0.295,5.7229996,64.0,0.0,42.60338
2023-10-27 23:00:00+00:00,0.29,3.923,66.0,0.0,44.398376
2023-10-28 00:00:00+00:00,0.295,2.723,69.0,0.0,39.014767
2023-10-28 01:00:00+00:00,0.291,1.973,70.0,0.0,39.239998
2023-10-28 02:00:00+00:00,0.287,1.573,63.0,0.0,38.535137
2023-10-28 03:00:00+00:00,0.284,1.323,61.0,0.0,37.14286
2023-10-28 04:00:00+00:00,0.281,1.173,64.0,0.0,36.145508
2023-10-28 05:00:00+00:00,0.279,1.023,66.0,0.0,34.589985
2023-10-28 06:00:00+00:00,0.277,0.473,67.0,0.0,27.51116
2023-10-28 07:00:00+00:00,0.275,0.323,68.0,0.0,26.124195
2023-10-28 08:00:00+00:00,0.274,0.17300001,69.0,0.0,25.099514
2023-10-28 09:00:00+00:00,0.272,0.023000002,71.0,0.0,22.91026
2023-10-28 10:00:00+00:00,0.27,0.223,71.0,0.0,20.966715
2023-10-28 11:00:00+00:00,0.268,1.423,66.0,0.0,21.829777
2023-10-28 12:00:00+00:00,0.265,3.523,51.0,0.0,25.562534
2023-10-28 13:00:00+00:00,0.262,4.623,45.0,0.0,24.57511
2023-10-28 14:00:00+00:00,0.26,5.523,42.0,0.0,22.963936
2023-10-28 15:00:00+00:00,0.258,5.873,41.0,0.0,20.730501
2023-10-28 16:00:00+00:00,0.255,6.873,39.0,0.0,20.46941
2023-10-28 17:00:00+00:00,0.253,7.6730003,36.0,0.0,18.792551
2023-10-28 18:00:00+00:00,0.25,7.773,37.0,0.0,15.042659
2023-10-28 19:00:00+00:00,0.248,7.623,39.0,0.0,11.525623
2023-10-28 20:00:00+00:00,0.247,7.773,40.0,0.0,9.339208
2023-10-28 21:00:00+00:00,0.245,7.523,41.0,0.0,9.220499
2023-10-28 22:00:00+00:00,0.245,6.873,45.0,0.0,9.693296
2023-10-28 23:00:00+00:00,0.245,5.873,52.0,0.0,9.449572
2023-10-29 00:00:00+00:00,0.237,5.7229996,61.0,0.0,0.8049845
2023-10-29 01:00:00+00:00,0.238,5.073,66.0,0.0,2.7416782
2023-10-29 02:00:00+00:00,0.238,4.4729996,73.0,0.0,0.5091169
2023-10-29 03:00:00+00:00,0.238,3.923,73.0,0.0,3.319036
2023-10-29 04:00:00+00:00,0.238,2.923,75.0,0.0,6.12
2023-10-29 05:00:00+00:00,0.238,2.723,76.0,0.0,7.072878
2023-10-29 06:00:00+00:00,0.238,2.523,81.0,0.0,5.4477882
2023-10-29 07:00:00+00:00,0.238,2.323,78.0,0.0,5.315336
2023-10-29 08:00:00+00:00,0.238,1.873,75.0,0.0,6.193674
2023-10-29 09:00:00+00:00,0.238,1.123,75.0,0.0,6.9153743
2023-10-29 10:00:00+00:00,0.238,1.173,75.0,0.0,5.904439
2023-10-29 11:00:00+00:00,0.237,3.373,68.0,0.0,6.9247384
2023-10-29 12:00:00+00:00,0.235,6.023,50.0,0.0,17.414476
2023-10-29 13:00:00+00:00,0.233,6.7229996,45.0,0.0,18.0036
2023-10-29 14:00:00+00:00,0.231,7.4729996,42.0,0.0,18.359999
2023-10-29 15:00:00+00:00,0.228,8.173,40.0,0.0,18.532133
2023-10-29 16:00:00+00:00,0.225,8.973,35.0,0.0,18.64369
2023-10-29 17:00:00+00:00,0.223,8.773,37.0,0.0,19.09358
2023-10-29 18:00:00+00:00,0.221,8.873,38.0,0.0,18.844202
2023-10-29 19:00:00+00:00,0.221,7.873,45.0,0.0,22.45315
2023-10-29 20:00:00+00:00,0.224,7.4729996,51.0,0.1,24.023088
2023-10-29 21:00:00+00:00,0.222,6.373,52.0,0.0,24.344624
2023-10-29 22:00:00+00:00,0.222,4.9729996,53.0,0.0,23.73271
2023-10-29 23:00:00+00:00,0.223,3.423,58.0,0.0,21.096123
2023-10-30 00:00:00+00:00,0.223,2.023,64.0,0.0,14.8257065
2023-10-30 01:00:00+00:00,0.223,1.123,70.0,0.0,10.805998
2023-10-30 02:00:00+00:00,0.224,0.423,72.0,0.0,10.00256
2023-10-30 03:00:00+00:00,0.224,0.023000002,69.0,0.0,10.966713
2023-10-30 04:00:00+00:00,0.225,-0.277,66.0,0.0,10.137692
2023-10-30 05:00:00+00:00,0.224,-0.427,59.0,0.0,12.57426
2023-10-30 06:00:00+00:00,0.225,-1.127,65.0,0.0,3.2599385
2023-10-30 07:00:00+00:00,0.225,-1.427,67.0,0.0,1.484318
2023-10-30 08:00:00+00:00,0.225,-1.227,64.0,0.0,2.16
2023-10-30 09:00:00+00:00,0.226,-1.527,66.0,0.0,4.379589
2023-10-30 10:00:00+00:00,0.226,-1.927,73.0,0.0,4.896529
2023-10-30 11:00:00+00:00,0.225,0.373,65.0,0.0,7.42159
2023-10-30 12:00:00+00:00,0.224,2.723,48.0,0.0,13.32
2023-10-30 13:00:00+00:00,0.222,4.123,42.0,0.0,13.202726
2023-10-30 14:00:00+00:00,0.22,5.1730003,41.0,0.0,13.246826
2023-10-30 15:00:00+00:00,0.217,6.1730003,38.0,0.0,13.044722
2023-10-30 16:00:00+00:00,0.214,7.123,37.0,0.0,14.081477
2023-10-30 17:00:00+00:00,0.211,7.873,34.0,0.0,13.363711
2023-10-30 18:00:00+00:00,0.209,8.223,34.0,0.0,11.592895
2023-10-30 19:00:00+00:00,0.207,8.573,34.0,0.0,10.383987
2023-10-30 20:00:00+00:00,0.206,8.422999,35.0,0.0,10.086427
2023-10-30 21:00:00+00:00,0.205,8.123,38.0,0.0,11.384199
2023-10-30 22:00:00+00:00,0.206,7.373,42.0,0.0,13.207634
2023-10-30 23:00:00+00:00,0.207,6.073,48.0,0.0,13.905509
2023-10-31 00:00:00+00:00,0.211,4.123,57.0,0.0,11.726277
2023-10-31 01:00:00+00:00,0.213,2.773,65.0,0.0,9.422101
2023-10-31 02:00:00+00:00,0.214,1.973,70.0,0.0,7.9526596
2023-10-31 03:00:00+00:00,0.216,1.173,75.0,0.0,7.2805495
2023-10-31 04:00:00+00:00,0.217,0.623,80.0,0.0,7.5942073
2023-10-31 05:00:00+00:00,0.217,0.523,82.0,0.0,7.928178
2023-10-31 06:00:00+00:00,0.218,0.122999996,83.0,0.0,7.9932976
2023-10-31 07:00:00+00:00,0.219,0.17300001,82.0,0.0,9.0645685
2023-10-31 08:00:00+00:00,0.219,0.122999996,84.0,0.0,9.3669195
2023-10-31 09:00:00+00:00,0.22,0.073,85.0,0.0,8.669949
2023-10-31 10:00:00+00:00,0.22,0.523,83.0,0.0,9.028754
2023-10-31 11:00:00+00:00,0.22,2.423,75.0,0.0,11.525623
2023-10-31 12:00:00+00:00,0.218,5.1730003,64.0,0.0,13.797913
2023-10-31 13:00:00+00:00,0.216,6.773,56.0,0.0,16.09969
2023-10-31 14:00:00+00:00,0.213,7.823,51.0,0.0,17.238699
2023-10-31 15:00:00+00:00,0.21,8.773,49.0,0.0,18.043148
2023-10-31 16:00:00+00:00,0.206,9.422999,48.0,0.0,18.998316
2023-10-31 17:00:00+00:00,0.203,9.623,48.0,0.0,19.813087
2023-10-31 18:00:00+00:00,0.204,10.273,43.0,0.0,20.326454
2023-10-31 19:00:00+00:00,0.202,10.023,44.0,0.0,21.603
2023-10-31 20:00:00+00:00,0.202,9.523,46.0,0.0,22.406927
2023-10-31 21:00:00+00:00,0.202,8.623,48.0,0.0,22.881958
2023-10-31 22:00:00+00:00,0.202,7.573,51.0,0.0,22.79684
2023-10-31 23:00:00+00:00,0.203,6.4230003,56.0,0.0,21.862406
2023-11-01 00:00:00+00:00,0.197,5.323,63.0,0.0,21.188072
2023-11-01 01:00:00+00:00,0.198,4.4729996,69.0,0.0,20.240196
2023-11-01 02:00:00+00:00,0.199,3.873,72.0,0.0,19.45333
2023-11-01 03:00:00+00:00,0.2,3.473,74.0,0.0,18.359999
2023-11-01 04:00:00+00:00,0.201,3.323,76.0,0.0,17.654688
2023-11-01 05:00:00+00:00,0.202,3.123,76.0,0.0,18.0036
2023-11-01 06:00:00+00:00,0.203,2.023,77.0,0.0,16.215992
2023-11-01 07:00:00+00:00,0.203,1.873,78.0,0.0,16.575644
2023-11-01 08:00:00+00:00,0.204,1.773,77.0,0.0,16.263872
2023-11-01 09:00:00+00:00,0.204,1.823,77.0,0.0,16.595179
2023-11-01 10:00:00+00:00,0.205,2.473,73.0,0.0,17.698677
2023-11-01 11:00:00+00:00,0.204,3.773,67.0,0.0,21.602999
2023-11-01 12:00:00+00:00,0.204,5.023,58.0,0.0,26.661882
2023-11-01 13:00:00+00:00,0.203,6.323,52.0,0.0,28.496904
2023-11-01 14:00:00+00:00,0.201,7.523,48.0,0.0,29.627363
2023-11-01 15:00:00+00:00,0.199,8.422999,45.0,0.0,29.69727
2023-11-01 16:00:00+00:00,0.197,9.023,44.0,0.0,28.943642
2023-11-01 17:00:00+00:00,0.196,9.223,44.0,0.0,28.910038
2023-11-01 18:00:00+00:00,0.196,9.573,43.0,0.0,31.06239
2023-11-01 19:00:00+00:00,0.195,9.273,44.0,0.0,31.421213
2023-11-01 20:00:00+00:00,0.195,8.473,47.0,0.0,31.06239
2023-11-01 21:00:00+00:00,0.195,7.873,51.0,0.0,29.574827
2023-11-01 22:00:00+00:00,0.196,6.9729996,54.0,0.0,27.362366
2023-11-01 23:00:00+00:00,0.197,6.073,58.0,0.0,24.967499
2023-11-02 00:00:00+00:00,0.198,5.6730003,60.0,0.0,24.216522
2023-11-02 01:00:00+00:00,0.198,5.273,64.0,0.0,21.841648
2023-11-02 02:00:00+00:00,0.199,5.023,67.0,0.0,19.9954
2023-11-02 03:00:00+00:00,0.199,4.823,70.0,0.0,18.947083
2023-11-02 04:00:00+00:00,0.2,4.623,73.0,0.1,19.734436
2023-11-02 05:00:00+00:00,0.204,3.973,78.0,0.1,19.721298
2023-11-02 06:00:00+00:00,0.202,3.873,76.0,0.2,18.556595
2023-11-02 07:00:00+00:00,0.202,3.723,78.0,0.0,16.311613
2023-11-02 08:00:00+00:00,0.203,3.773,80.0,0.0,15.463246
2023-11-02 09:00:00+00:00,0.203,4.023,78.0,0.0,16.45007
2023-11-02 10:00:00+00:00,0.206,4.573,76.0,0.1,20.140705
2023-11-02 11:00:00+00:00,0.207,5.523,73.0,0.0,21.900904
2023-11-02 12:00:00+00:00,0.205,7.2229996,65.0,0.0,22.288042
2023-11-02 13:00:00+00:00,0.204,8.523,60.0,0.0,26.729847
2023-11-02 14:00:00+00:00,0.203,10.223,51.0,0.0,31.765793
2023-11-02 15:00:00+00:00,0.201,11.073,48.0,0.0,34.131718
2023-11-02 16:00:00+00:00,0.204,11.073,52.0,0.1,34.838253
2023-11-02 17:00:00+00:00,0.213,10.573,57.0,0.2,33.3559
2023-11-02 18:00:00+00:00,0.217,9.723,59.0,0.3,31.435646
2023-11-02 19:00:00+00:00,0.213,10.073,57.0,0.1,29.947151
2023-11-02 20:00:00+00:00,0.211,9.672999,60.0,0.1,30.735231
2023-11-02 21:00:00+00:00,0.211,9.273,62.0,0.1,28.1169
2023-11-02 22:00:00+00:00,0.21,8.823,65.0,0.0,26.400545
2023-11-02 23:00:00+00:00,0.209,7.9729996,69.0,0.0,26.079508
2023-11-03 00:00:00+00:00,0.211,6.9729996,73.0,0.0,25.2924
2023-11-03 01:00:00+00:00,0.21,6.373,75.0,0.0,22.68
2023-11-03 02:00:00+00:00,0.21,5.9230003,76.0,0.0,20.163212
2023-11-03 03:00:00+00:00,0.21,5.1730003,77.0,0.0,17.731598
2023-11-03 04:00:00+00:00,0.209,4.623,80.0,0.0,18.416384
2023-11-03 05:00:00+00:00,0.209,4.323,79.0,0.0,19.45333
2023-11-03 06:00:00+00:00,0.209,3.973,82.0,0.0,19.803272
2023-11-03 07:00:00+00:00,0.209,3.323,72.0,0.0,22.3229
2023-11-03 08:00:00+00:00,0.209,2.623,77.0,0.0,20.880001
2023-11-03 09:00:00+00:00,0.209,2.473,80.0,0.0,20.880001
2023-11-03 10:00:00+00:00,0.209,3.273,72.0,0.0,21.626984
2023-11-03 11:00:00+00:00,0.208,4.6730003,65.0,0.0,22.42427
2023-11-03 12:00:00+00:00,0.207,6.523,56.0,0.0,23.893261
2023-11-03 13:00:00+00:00,0.206,7.4230003,50.0,0.0,24.884306
2023-11-03 14:00:00+00:00,0.204,8.273,49.0,0.0,23.266697
2023-11-03 15:00:00+00:00,0.203,8.723,51.0,0.0,22.392462
2023-11-03 16:00:00+00:00,0.202,9.073,50.0,0.0,23.535301
2023-11-03 17:00:00+00:00,0.201,10.073,40.0,0.0,23.377836
2023-11-03 18:00:00+00:00,0.199,10.223,36.0,0.0,24.482647
2023-11-03 19:00:00+00:00,0.199,9.773,39.0,0.0,22.81957
2023-11-03 20:00:00+00:00,0.199,9.922999,40.0,0.0,21.746504
2023-11-03 21:00:00+00:00,0.198,9.973,40.0,0.0,22.033648
2023-11-03 22:00:00+00:00,0.198,9.223,44.0,0.0,19.852295
2023-11-03 23:00:00+00:00,0.198,8.373,48.0,0.0,16.394829
2023-11-04 00:00:00+00:00,0.196,6.6730003,54.0,0.0,9.904906
2023-11-04 01:00:00+00:00,0.197,5.2229996,63.0,0.0,5.0911684
2023-11-04 02:00:00+00:00,0.198,3.873,70.0,0.0,4.32
2023-11-04 03:00:00+00:00,0.199,2.923,75.0,0.0,4.39436
2023-11-04 04:00:00+00:00,0.199,2.573,76.0,0.0,4.6938257
2023-11-04 05:00:00+00:00,0.202,3.123,74.0,0.0,4.8965297
2023-11-04 06:00:00+00:00,0.218,2.873,80.0,0.3,6.489992
2023-11-04 07:00:00+00:00,0.213,3.073,82.0,0.0,8.28
2023-11-04 08:00:00+00:00,0.216,3.473,87.0,0.1,11.212135
2023-11-04 09:00:00+00:00,0.239,3.423,92.0,0.5,11.792404
2023-11-04 10:00:00+00:00,0.228,4.273,86.0,0.1,11.570515
2023-11-04 11:00:00+00:00,0.223,5.373,83.0,0.0,14.336861
2023-11-04 12:00:00+00:00,0.23,6.323,83.0,0.4,11.874544
2023-11-04 13:00:00+00:00,0.247,7.023,82.0,0.5,15.175612
2023-11-04 14:00:00+00:00,0.251,7.9230003,80.0,0.4,10.383987
2023-11-04 15:00:00+00:00,0.264,8.873,76.0,0.6,11.901798
2023-11-04 16:00:00+00:00,0.275,9.873,69.0,0.5,18.947083
2023-11-04 17:00:00+00:00,0.263,10.273,62.0,0.3,28.202042
2023-11-04 18:00:00+00:00,0.261,9.573,65.0,0.0,30.962095
2023-11-04 19:00:00+00:00,0.247,9.473,62.0,0.0,29.16889
2023-11-04 20:00:00+00:00,0.241,9.672999,58.0,0.0,29.957968
2023-11-04 21:00:00+00:00,0.237,9.623,55.0,0.0,28.910038
2023-11-04 22:00:00+00:00,0.234,8.773,58.0,0.0,27.397867
2023-11-04 23:00:00+00:00,0.233,7.823,61.0,0.0,26.282465
2023-11-05 00:00:00+00:00,0.237,6.4230003,70.0,0.0,22.7057
2023-11-05 01:00:00+00:00,0.236,5.773,72.0,0.0,18.448023
2023-11-05 02:00:00+00:00,0.235,5.073,73.0,0.0,15.542662
2023-11-05 03:00:00+00:00,0.235,4.373,76.0,0.0,14.707222
2023-11-05 04:00:00+00:00,0.234,3.873,78.0,0.0,12.55879
2023-11-05 05:00:00+00:00,0.234,3.473,83.0,0.0,10.799999
2023-11-05 06:00:00+00:00,0.234,3.573,85.0,0.0,14.021525
2023-11-05 07:00:00+00:00,0.233,4.1730003,81.0,0.0,17.673029
2023-11-05 08:00:00+00:00,0.233,4.823,77.0,0.0,19.969458
2023-11-05 09:00:00+00:00,0.232,5.273,74.0,0.0,21.385939
2023-11-05 10:00:00+00:00,0.231,5.9230003,70.0,0.0,22.545315
2023-11-05 11:00:00+00:00,0.229,7.073,64.0,0.0,27.438046
2023-11-05 12:00:00+00:00,0.227,8.873,56.0,0.0,25.63847
2023-11-05 13:00:00+00:00,0.225,9.873,53.0,0.0,28.460497
2023-11-05 14:00:00+00:00,0.223,10.573,51.0,0.0,31.235058
2023-11-05 15:00:00+00:00,0.221,10.773,50.0,0.0,30.261421
2023-11-05 16:00:00+00:00,0.219,10.723,52.0,0.0,33.672993
2023-11-05 17:00:00+00:00,0.217,11.523,48.0,0.0,35.31121
2023-11-05 18:00:00+00:00,0.221,12.123,47.0,0.0,35.42846
2023-11-05 19:00:00+00:00,0.218,12.023,48.0,0.0,34.50746
2023-11-05 20:00:00+00:00,0.217,12.023,48.0,0.0,32.28981
2023-11-05 21:00:00+00:00,0.216,11.573,51.0,0.0,29.215502
2023-11-05 22:00:00+00:00,0.215,10.773,52.0,0.0,27.381308
2023-11-05 23:00:00+00:00,0.215,9.723,57.0,0.0,23.893261
2023-11-06 00:00:00+00:00,0.208,8.823,60.0,0.0,21.980644
2023-11-06 01:00:00+00:00,0.208,8.422999,61.0,0.0,21.794127
2023-11-06 02:00:00+00:00,0.207,8.123,65.0,0.0,21.924562
2023-11-06 03:00:00+00:00,0.207,7.7229996,69.0,0.0,20.774214
2023-11-06 04:00:00+00:00,0.208,7.323,71.0,0.0,18.218275
2023-11-06 05:00:00+00:00,0.208,7.073,73.0,0.0,17.287498
2023-11-06 06:00:00+00:00,0.208,7.023,72.0,0.0,17.974781
2023-11-06 07:00:00+00:00,0.208,7.123,70.0,0.0,18.171976
2023-11-06 08:00:00+00:00,0.207,7.2229996,67.0,0.0,17.786331
2023-11-06 09:00:00+00:00,0.207,7.1730003,66.0,0.0,16.641972
2023-11-06 10:00:00+00:00,0.207,7.6730003,62.0,0.0,17.429354
2023-11-06 11:00:00+00:00,0.206,8.672999,58.0,0.0,22.322903
2023-11-06 12:00:00+00:00,0.204,9.373,60.0,0.0,20.073025
2023-11-06 13:00:00+00:00,0.202,10.023,56.0,0.0,21.370783
2023-11-06 14:00:00+00:00,0.2,11.023,52.0,0.0,21.67487
2023-11-06 15:00:00+00:00,0.198,11.623,50.0,0.0,23.773632
2023-11-06 16:00:00+00:00,0.196,12.073,48.0,0.0,24.863466
2023-11-06 17:00:00+00:00,0.194,12.473,44.0,0.0,25.992401
2023-11-06 18:00:00+00:00,0.204,13.473,44.0,0.0,24.27265
2023-11-06 19:00:00+00:00,0.203,13.523,43.0,0.1,25.959969
2023-11-06 20:00:00+00:00,0.198,12.922999,44.0,0.0,26.576681
2023-11-06 21:00:00+00:00,0.196,12.023,47.0,0.0,24.826954
2023-11-06 22:00:00+00:00,0.196,10.922999,52.0,0.0,23.532547
2023-11-06 23:00:00+00:00,0.196,9.672999,58.0,0.0,21.261345
2023-11-07 00:00:00+00:00,0.197,8.422999,62.0,0.0,19.513195
2023-11-07 01:00:00+00:00,0.197,7.623,62.0,0.0,18.514643
2023-11-07 02:00:00+00:00,0.197,7.323,58.0,0.0,17.555307
2023-11-07 03:00:00+00:00,0.197,6.6730003,60.0,0.0,16.981165
2023-11-07 04:00:00+00:00,0.197,6.1730003,56.0,0.0,15.990646
2023-11-07 05:00:00+00:00,0.197,5.873,55.0,0.0,15.941944
2023-11-07 06:00:00+00:00,0.196,5.823,61.0,0.0,14.512064
2023-11-07 07:00:00+00:00,0.196,5.4729996,62.0,0.0,13.527572
2023-11-07 08:00:00+00:00,0.196,5.1730003,65.0,0.0,13.0447235
2023-11-07 09:00:00+00:00,0.197,4.873,69.0,0.0,11.983188
2023-11-07 10:00:00+00:00,0.197,5.4230003,69.0,0.0,12.88981
2023-11-07 11:00:00+00:00,0.196,6.7229996,65.0,0.0,16.676977
2023-11-07 12:00:00+00:00,0.194,8.573,59.0,0.0,20.12461
2023-11-07 13:00:00+00:00,0.193,9.123,56.0,0.0,19.852295
2023-11-07 14:00:00+00:00,0.191,9.623,55.0,0.0,18.014393
2023-11-07 15:00:00+00:00,0.189,10.823,51.0,0.0,17.771753
2023-11-07 16:00:00+00:00,0.185,11.672999,48.0,0.0,20.380579
2023-11-07 17:00:00+00:00,0.182,11.922999,44.0,0.0,20.799152
2023-11-07 18:00:00+00:00,0.182,11.623,44.0,0.0,20.188908
2023-11-07 19:00:00+00:00,0.18,11.273,39.0,0.0,18.775303
2023-11-07 20:00:00+00:00,0.179,10.823,38.0,0.0,17.414474
2023-11-07 21:00:00+00:00,0.178,9.922999,42.0,0.0,16.42247
2023-11-07 22:00:00+00:00,0.179,8.873,46.0,0.0,14.84318
2023-11-07 23:00:00+00:00,0.189,7.573,51.0,0.1,11.480557
2023-11-08 00:00:00+00:00,0.171,6.323,52.0,0.0,11.019764
2023-11-08 01:00:00+00:00,0.177,5.073,55.0,0.1,9.0
2023-11-08 02:00:00+00:00,0.177,3.973,60.0,0.0,7.5599995
2023-11-08 03:00:00+00:00,0.176,3.023,64.0,0.0,7.42159
2023-11-08 04:00:00+00:00,0.176,2.073,67.0,0.0,7.968939
2023-11-08 05:00:00+00:00,0.177,1.373,69.0,0.0,8.557102
2023-11-08 06:00:00+00:00,0.177,0.373,75.0,0.0,8.311245
2023-11-08 07:00:00+00:00,0.177,-0.02700001,76.0,0.0,7.754637
2023-11-08 08:00:00+00:00,0.178,-0.477,79.0,0.0,7.42159
2023-11-08 09:00:00+00:00,0.178,-0.877,80.0,0.0,6.28713
2023-11-08 10:00:00+00:00,0.179,0.023000002,76.0,0.0,6.297428
2023-11-08 11:00:00+00:00,0.179,2.523,65.0,0.0,9.793059
2023-11-08 12:00:00+00:00,0.177,5.373,55.0,0.0,13.896187
2023-11-08 13:00:00+00:00,0.176,6.823,48.0,0.0,16.904673
2023-11-08 14:00:00+00:00,0.173,8.173,44.0,0.0,19.721298
2023-11-08 15:00:00+00:00,0.171,8.922999,43.0,0.0,22.461807
2023-11-08 16:00:00+00:00,0.17,8.623,44.0,0.0,23.068108
2023-11-08 17:00:00+00:00,0.168,9.273,48.0,0.0,25.809765
2023-11-08 18:00:00+00:00,0.168,9.223,51.0,0.1,26.903828
2023-11-08 19:00:00+00:00,0.169,8.773,58.0,0.1,26.903828
2023-11-08 20:00:00+00:00,0.178,8.273,61.0,0.3,29.024128
2023-11-08 21:00:00+00:00,0.194,8.273,60.0,0.3,23.411074
2023-11-08 22:00:00+00:00,0.186,7.9729996,59.0,0.0,24.648829
2023-11-08 23:00:00+00:00,0.183,7.123,55.0,0.0,22.253124
2023-11-09 00:00:00+00:00,0.173,6.073,63.0,0.0,23.266697
2023-11-09 01:00:00+00:00,0.173,5.323,63.0,0.0,20.188908
2023-11-09 02:00:00+00:00,0.173,4.773,65.0,0.0,19.45333
2023-11-09 03:00:00+00:00,0.173,4.273,69.0,0.0,17.015474
2023-11-09 04:00:00+00:00,0.173,3.973,71.0,0.0,17.026896
2023-11-09 05:00:00+00:00,0.173,3.873,70.0,0.0,18.161278
2023-11-09 06:00:00+00:00,0.173,3.573,72.0,0.0,17.208603
2023-11-09 07:00:00+00:00,0.173,3.473,73.0,0.0,16.766108
2023-11-09 08:00:00+00:00,0.174,3.373,74.0,0.0,16.071491
2023-11-09 09:00:00+00:00,0.174,3.423,73.0,0.0,15.484185
2023-11-09 10:00:00+00:00,0.174,4.273,70.0,0.0,15.509274
2023-11-09 11:00:00+00:00,0.173,5.573,63.0,0.0,22.61419
2023-11-09 12:00:00+00:00,0.172,6.9729996,54.0,0.0,23.000591
2023-11-09 13:00:00+00:00,0.171,7.6730003,50.0,0.0,24.72495
2023-11-09 14:00:00+00:00,0.169,8.123,51.0,0.0,23.871555
2023-11-09 15:00:00+00:00,0.168,9.373,44.0,0.0,24.819122
2023-11-09 16:00:00+00:00,0.166,9.773,42.0,0.0,26.7565
2023-11-09 17:00:00+00:00,0.164,9.723,42.0,0.0,28.36471
2023-11-09 18:00:00+00:00,0.163,10.473,39.0,0.0,33.709534
2023-11-09 19:00:00+00:00,0.162,9.723,40.0,0.0,35.52162
2023-11-09 20:00:00+00:00,0.162,9.723,41.0,0.0,32.83705
2023-11-09 21:00:00+00:00,0.162,9.172999,44.0,0.0,29.275326
2023-11-09 22:00:00+00:00,0.162,8.473,49.0,0.0,27.691935
2023-11-09 23:00:00+00:00,0.162,7.873,55.0,0.0,23.73271
2023-11-10 00:00:00+00:00,0.155,7.273,59.0,0.0,18.678415
2023-11-10 01:00:00+00:00,0.156,6.1730003,63.0,0.0,14.05845
2023-11-10 02:00:00+00:00,0.157,5.4729996,67.0,0.0,12.218805
2023-11-10 03:00:00+00:00,0.158,5.4230003,73.0,0.1,10.691453
2023-11-10 04:00:00+00:00,0.161,5.323,78.0,0.2,9.504273
2023-11-10 05:00:00+00:00,0.165,5.523,78.0,0.1,9.107359
2023-11-10 06:00:00+00:00,0.185,6.073,72.0,0.7,8.350138
2023-11-10 07:00:00+00:00,0.228,6.023,72.0,0.8,8.905908
2023-11-10 08:00:00+00:00,0.235,5.9729996,70.0,0.5,8.4042845
2023-11-10 09:00:00+00:00,0.245,6.4230003,68.0,0.6,9.028754
2023-11-10 10:00:00+00:00,0.252,6.6730003,69.0,0.5,10.182337
2023-11-10 11:00:00+00:00,0.257,7.2229996,69.0,0.5,12.287555
2023-11-10 12:00:00+00:00,0.241,10.023,59.0,0.5,13.441071
2023-11-10 13:00:00+00:00,0.232,11.573,54.0,0.1,15.716793
2023-11-10 14:00:00+00:00,0.223,13.623,45.0,0.0,22.159746
2023-11-10 15:00:00+00:00,0.215,14.373,41.0,0.0,27.959743
2023-11-10 16:00:00+00:00,0.21,14.623,40.0,0.0,28.165257
2023-11-10 17:00:00+00:00,0.205,14.672999,41.0,0.0,26.865265
2023-11-10 18:00:00+00:00,0.202,15.023,38.0,0.0,30.25928
2023-11-10 19:00:00+00:00,0.2,14.073,45.0,0.0,24.33664
2023-11-10 20:00:00+00:00,0.198,13.422999,49.0,0.0,19.64558
2023-11-10 21:00:00+00:00,0.196,12.723,53.0,0.0,16.23596
2023-11-10 22:00:00+00:00,0.207,11.073,66.0,0.5,11.177405
2023-11-10 23:00:00+00:00,0.214,10.422999,71.0,0.2,5.6002855
2023-11-11 00:00:00+00:00,0.208,10.023,76.0,0.1,4.3498964
2023-11-11 01:00:00+00:00,0.206,9.523,76.0,0.0,5.1165614
2023-11-11 02:00:00+00:00,0.205,8.873,76.0,0.0,6.379216
2023-11-11 03:00:00+00:00,0.205,8.173,81.0,0.0,9.007196
2023-11-11 04:00:00+00:00,0.204,7.4729996,81.0,0.0,10.799999
2023-11-11 05:00:00+00:00,0.203,6.773,80.0,0.0,11.159999
2023-11-11 06:00:00+00:00,0.211,6.573,85.0,0.0,10.538843
2023-11-11 07:00:00+00:00,0.209,6.123,83.0,0.0,11.542478
2023-11-11 08:00:00+00:00,0.207,5.6730003,81.0,0.0,12.849528
2023-11-11 09:00:00+00:00,0.205,5.623,79.0,0.0,13.5515
2023-11-11 10:00:00+00:00,0.203,5.9729996,75.0,0.0,11.435313
2023-11-11 11:00:00+00:00,0.202,6.4729996,74.0,0.0,7.6367526
2023-11-11 12:00:00+00:00,0.202,7.2229996,61.0,0.0,5.315336
2023-11-11 13:00:00+00:00,0.201,7.573,53.0,0.0,10.239453
2023-11-11 14:00:00+00:00,0.198,8.873,46.0,0.0,13.009903
2023-11-11 15:00:00+00:00,0.195,9.973,41.0,0.0,14.986553
2023-11-11 16:00:00+00:00,0.191,10.773,35.0,0.0,17.414474
2023-11-11 17:00:00+00:00,0.188,11.123,32.0,0.0,18.671474
2023-11-11 18:00:00+00:00,0.182,11.473,33.0,0.0,16.055355
2023-11-11 19:00:00+00:00,0.179,11.373,32.0,0.0,15.580141
2023-11-11 20:00:00+00:00,0.177,10.922999,33.0,0.0,14.512064
2023-11-11 21:00:00+00:00,0.176,9.723,38.0,0.0,14.021525
2023-11-11 22:00:00+00:00,0.176,8.422999,47.0,0.0,10.703569
2023-11-11 23:00:00+00:00,0.181,7.4230003,50.0,0.1,5.4119864
2023-11-12 00:00:00+00:00,0.19,6.7229996,58.0,0.0,0.8049845
2023-11-12 01:00:00+00:00,0.188,5.623,57.0,0.0,4.6102495
2023-11-12 02:00:00+00:00,0.187,3.573,68.0,0.0,6.1094027
2023-11-12 03:00:00+00:00,0.187,2.323,69.0,0.0,6.489992
2023-11-12 04:00:00+00:00,0.186,1.423,71.0,0.0,7.968939
2023-11-12 05:00:00+00:00,0.186,0.923,72.0,0.0,9.178235
2023-11-12 06:00:00+00:00,0.186,0.523,76.0,0.0,7.8954163
2023-11-12 07:00:00+00:00,0.186,0.17300001,77.0,0.0,7.8954163
2023-11-12 08:00:00+00:00,0.186,-0.227,80.0,0.0,6.9247384
2023-11-12 09:00:00+00:00,0.186,-0.477,83.0,0.0,6.489992
2023-11-12 10:00:00+00:00,0.186,0.773,76.0,0.0,7.928177
2023-11-12 11:00:00+00:00,0.184,2.923,65.0,0.0,10.799999
2023-11-12 12:00:00+00:00,0.182,5.523,60.0,0.0,13.397612
2023-11-12 13:00:00+00:00,0.18,6.873,55.0,0.0,15.459054
2023-11-12 14:00:00+00:00,0.176,8.273,51.0,0.0,15.941944
2023-11-12 15:00:00+00:00,0.173,8.973,50.0,0.0,17.22742
2023-11-12 16:00:00+00:00,0.171,9.723,50.0,0.0,19.486609
2023-11-12 17:00:00+00:00,0.168,10.672999,50.0,0.0,21.578989
2023-11-12 18:00:00+00:00,0.164,11.073,50.0,0.0,22.870626
2023-11-12 19:00:00+00:00,0.162,10.473,54.0,0.0,25.44566
2023-11-12 20:00:00+00:00,0.161,10.273,57.0,0.0,25.14852
2023-11-12 21:00:00+00:00,0.161,10.123,58.0,0.0,24.315327
2023-11-12 22:00:00+00:00,0.161,9.672999,59.0,0.0,23.4
2023-11-12 23:00:00+00:00,0.161,9.123,61.0,0.0,22.59699
2023-11-13 00:00:00+00:00,0.161,8.173,68.0,0.2,19.228851
2023-11-13 01:00:00+00:00,0.165,7.873,71.0,0.1,16.595179
2023-11-13 02:00:00+00:00,0.174,7.873,72.0,0.2,17.31746
2023-11-13 03:00:00+00:00,0.179,7.7229996,70.0,0.1,22.608458
2023-11-13 04:00:00+00:00,0.179,7.4230003,71.0,0.1,20.188908
2023-11-13 05:00:00+00:00,0.187,7.1730003,73.0,0.3,19.134262
2023-11-13 06:00:00+00:00,0.185,7.1730003,70.0,0.0,16.595179
2023-11-13 07:00:00+00:00,0.186,6.823,72.0,0.1,16.08761
2023-11-13 08:00:00+00:00,0.187,6.7229996,71.0,0.1,15.575981
2023-11-13 09:00:00+00:00,0.184,6.6730003,72.0,0.0,16.904673
2023-11-13 10:00:00+00:00,0.182,6.573,73.0,0.0,17.072504
2023-11-13 11:00:00+00:00,0.18,6.773,66.0,0.0,19.0392
2023-11-13 12:00:00+00:00,0.177,7.9230003,59.0,0.0,20.316889
2023-11-13 13:00:00+00:00,0.175,8.773,52.0,0.0,21.707731
2023-11-13 14:00:00+00:00,0.171,10.172999,46.0,0.0,22.33161
2023-11-13 15:00:00+00:00,0.166,10.823,44.0,0.0,22.668568
2023-11-13 16:00:00+00:00,0.162,10.973,43.0,0.0,24.40046
2023-11-13 17:00:00+00:00,0.159,11.023,35.0,0.0,22.380884
2023-11-13 18:00:00+00:00,0.158,9.373,37.0,0.0,24.884306
2023-11-13 19:00:00+00:00,0.156,8.973,37.0,0.0,25.171696
2023-11-13 20:00:00+00:00,0.155,8.422999,33.0,0.0,26.474077
2023-11-13 21:00:00+00:00,0.153,7.573,32.0,0.0,23.871555
2023-11-13 22:00:00+00:00,0.153,6.573,36.0,0.0,22.461807
2023-11-13 23:00:00+00:00,0.153,5.323,43.0,0.0,20.082708
2023-11-14 00:00:00+00:00,0.155,3.673,53.0,0.0,18.416384
2023-11-14 01:00:00+00:00,0.157,2.573,61.0,0.0,18.014393
2023-11-14 02:00:00+00:00,0.158,1.723,67.0,0.0,17.462784
2023-11-14 03:00:00+00:00,0.159,1.023,70.0,0.0,15.815435
2023-11-14 04:00:00+00:00,0.16,0.473,76.0,0.0,12.661564
2023-11-14 05:00:00+00:00,0.161,0.023000002,80.0,0.0,10.163227
2023-11-14 06:00:00+00:00,0.162,-0.227,83.0,0.0,9.290511
2023-11-14 07:00:00+00:00,0.162,-0.17699999,81.0,0.0,8.4963045
2023-11-14 08:00:00+00:00,0.163,-0.227,86.0,0.0,8.913181
2023-11-14 09:00:00+00:00,0.164,-0.127,90.0,0.0,9.422101
2023-11-14 10:00:00+00:00,0.164,1.073,86.0,0.0,10.703569
2023-11-14 11:00:00+00:00,0.164,3.323,69.0,0.0,20.456745
2023-11-14 12:00:00+00:00,0.162,3.973,68.0,0.0,18.374111
2023-11-14 13:00:00+00:00,0.161,4.823,63.0,0.0,18.472595
2023-11-14 14:00:00+00:00,0.176,5.873,66.0,0.3,18.359999
2023-11-14 15:00:00+00:00,0.237,6.023,70.0,1.0,16.981165
2023-11-14 16:00:00+00:00,0.249,6.523,65.0,0.5,16.071491
2023-11-14 17:00:00+00:00,0.264,7.023,62.0,1.0,16.520823
2023-11-14 18:00:00+00:00,0.278,7.023,58.0,0.3,20.532627
2023-11-14 19:00:00+00:00,0.262,7.2229996,54.0,0.4,20.418695
2023-11-14 20:00:00+00:00,0.245,7.273,52.0,0.0,20.545246
2023-11-14 21:00:00+00:00,0.234,7.023,50.0,0.0,20.898611
2023-11-14 22:00:00+00:00,0.227,6.273,51.0,0.0,20.008356
2023-11-14 23:00:00+00:00,0.222,5.373,55.0,0.0,19.245697
2023-11-15 00:00:00+00:00,0.219,4.123,61.0,0.0,16.394829
2023-11-15 01:00:00+00:00,0.217,3.123,67.0,0.0,12.6462
2023-11-15 02:00:00+00:00,0.215,2.1230001,75.0,0.0,11.165805
2023-11-15 03:00:00+00:00,0.214,1.123,81.0,0.0,10.495713
2023-11-15 04:00:00+00:00,0.214,0.673,83.0,0.0,10.105681
2023-11-15 05:00:00+00:00,0.213,0.423,82.0,0.0,9.726665
2023-11-15 06:00:00+00:00,0.212,0.17300001,85.0,0.0,9.726665
2023-11-15 07:00:00+00:00,0.212,-0.02700001,83.0,0.0,8.647496
2023-11-15 08:00:00+00:00,0.211,-0.17699999,84.0,0.0,7.5942073
2023-11-15 09:00:00+00:00,0.211,-0.17699999,84.0,0.0,7.5685663
2023-11-15 10:00:00+00:00,0.21,1.123,78.0,0.0,9.007196
2023-11-15 11:00:00+00:00,0.208,2.973,70.0,0.0,12.074766
2023-11-15 12:00:00+00:00,0.206,5.2229996,57.0,0.0,14.799459
2023-11-15 13:00:00+00:00,0.207,6.1730003,53.0,0.2,14.759999
2023-11-15 14:00:00+00:00,0.224,5.873,59.0,0.5,13.797913
2023-11-15 15:00:00+00:00,0.266,5.6730003,62.0,1.0,14.48972
2023-11-15 16:00:00+00:00,0.278,6.073,59.0,0.8,14.007655
2023-11-15 17:00:00+00:00,0.265,7.4729996,47.0,0.2,14.4
2023-11-15 18:00:00+00:00,0.246,7.6730003,41.0,0.0,15.696165
2023-11-15 19:00:00+00:00,0.235,7.523,40.0,0.0,15.277749
2023-11-15 20:00:00+00:00,0.227,7.4729996,38.0,0.0,15.94601
2023-11-15 21:00:00+00:00,0.221,7.123,39.0,0.0,17.399586
2023-11-15 22:00:00+00:00,0.217,6.4729996,39.0,0.0,16.45007
2023-11-15 23:00:00+00:00,0.215,5.523,42.0,0.0,14.345898
2023-11-16 00:00:00+00:00,0.215,3.923,50.0,0.0,9.422101
2023-11-16 01:00:00+00:00,0.215,2.323,61.0,0.0,6.5693827
2023-11-16 02:00:00+00:00,0.215,1.473,68.0,0.0,5.495161
2023-11-16 03:00:00+00:00,0.215,0.873,73.0,0.0,4.6938257
2023-11-16 04:00:00+00:00,0.215,0.723,76.0,0.0,4.6800003
2023-11-16 05:00:00+00:00,0.215,0.723,77.0,0.0,4.73506
2023-11-16 06:00:00+00:00,0.215,0.523,78.0,0.0,5.937272
2023-11-16 07:00:00+00:00,0.214,0.673,75.0,0.0,7.2805495
2023-11-16 08:00:00+00:00,0.214,0.373,83.0,0.1,10.239453
2023-11-16 09:00:00+00:00,0.214,0.273,93.0,0.1,8.39657
2023-11-16 10:00:00+00:00,0.214,1.323,90.0,0.0,9.6932955
2023-11-16 11:00:00+00:00,0.215,2.623,82.0,0.0,14.044615
2023-11-16 12:00:00+00:00,0.215,3.323,80.0,0.1,15.84
2023-11-16 13:00:00+00:00,0.214,4.073,79.0,0.1,15.484185
2023-11-16 14:00:00+00:00,0.219,4.7229996,79.0,0.2,13.679999
2023-11-16 15:00:00+00:00,0.224,5.773,77.0,0.2,11.966954
2023-11-16 16:00:00+00:00,0.219,7.373,67.0,0.0,13.324863
2023-11-16 17:00:00+00:00,0.216,8.273,66.0,0.1,11.440978
2023-11-16 18:00:00+00:00,0.21,9.023,63.0,0.1,11.27553
2023-11-16 19:00:00+00:00,0.209,9.573,61.0,0.1,12.324414
2023-11-16 20:00:00+00:00,0.216,9.473,65.0,0.3,13.339445
2023-11-16 21:00:00+00:00,0.225,9.172999,68.0,0.4,11.874544
2023-11-16 22:00:00+00:00,0.245,8.173,77.0,0.6,14.336861
2023-11-16 23:00:00+00:00,0.26,7.123,83.0,0.7,11.966954
2023-11-17 00:00:00+00:00,0.28,6.4230003,89.0,1.4,11.298495
2023-11-17 01:00:00+00:00,0.302,5.823,94.0,1.4,10.829959
2023-11-17 02:00:00+00:00,0.3,5.4230003,96.0,0.8,9.826088
2023-11-17 03:00:00+00:00,0.294,5.323,96.0,0.5,7.928178
2023-11-17 04:00:00+00:00,0.288,5.123,97.0,0.4,5.95906
2023-11-17 05:00:00+00:00,0.28,5.123,97.0,0.1,6.8777895
2023-11-17 06:00:00+00:00,0.272,4.823,97.0,0.0,4.39436
2023-11-17 07:00:00+00:00,0.268,4.823,97.0,0.0,4.1046314
2023-11-17 08:00:00+00:00,0.264,4.873,96.0,0.0,4.32
2023-11-17 09:00:00+00:00,0.262,4.9729996,94.0,0.0,5.3999996
2023-11-17 10:00:00+00:00,0.26,5.1730003,92.0,0.0,7.289444
2023-11-17 11:00:00+00:00,0.258,5.373,88.0,0.0,9.931042
2023-11-17 12:00:00+00:00,0.255,5.623,87.0,0.0,8.891343
2023-11-17 13:00:00+00:00,0.252,6.023,84.0,0.0,7.968939
2023-11-17 14:00:00+00:00,0.25,7.1730003,78.0,0.0,6.9153743
2023-11-17 15:00:00+00:00,0.246,8.573,69.0,0.0,8.089993
2023-11-17 16:00:00+00:00,0.258,9.373,71.0,0.3,9.3669195
2023-11-17 17:00:00+00:00,0.282,10.023,68.0,1.0,9.746631
2023-11-17 18:00:00+00:00,0.27,9.573,63.0,1.0,11.966953
2023-11-17 19:00:00+00:00,0.266,9.223,64.0,0.3,12.43434
2023-11-17 20:00:00+00:00,0.268,9.023,67.0,0.5,11.503113
2023-11-17 21:00:00+00:00,0.28,8.823,71.0,0.6,10.829958
2023-11-17 22:00:00+00:00,0.279,8.323,76.0,0.4,8.049845
2023-11-17 23:00:00+00:00,0.276,7.823,82.0,0.4,4.198285
2023-11-18 00:00:00+00:00,0.282,7.573,83.0,0.3,0.8049845
2023-11-18 01:00:00+00:00,0.283,6.773,89.0,0.4,2.6208394
2023-11-18 02:00:00+00:00,0.295,6.1730003,94.0,0.6,2.6208394
2023-11-18 03:00:00+00:00,0.293,5.6730003,96.0,0.4,2.16
2023-11-18 04:00:00+00:00,0.285,5.273,97.0,0.1,1.8
2023-11-18 05:00:00+00:00,0.28,5.123,95.0,0.0,2.6208394
2023-11-18 06:00:00+00:00,0.274,4.9729996,91.0,0.0,5.4477882
2023-11-18 07:00:00+00:00,0.271,4.823,90.0,0.0,3.8939953
2023-11-18 08:00:00+00:00,0.268,4.6730003,90.0,0.0,3.2599385
2023-11-18 09:00:00+00:00,0.266,4.4729996,87.0,0.0,4.8965297
2023-11-18 10:00:00+00:00,0.264,4.823,78.0,0.0,7.491114
2023-11-18 11:00:00+00:00,0.261,5.373,70.0,0.0,11.113451
2023-11-18 12:00:00+00:00,0.258,6.523,66.0,0.0,15.646544
2023-11-18 13:00:00+00:00,0.252,6.823,59.0,0.0,18.1041
2023-11-18 14:00:00+00:00,0.247,6.773,55.0,0.0,18.792551
2023-11-18 15:00:00+00:00,0.243,7.023,52.0,0.0,17.782688
2023-11-18 16:00:00+00:00,0.239,7.1730003,51.0,0.0,17.992796
2023-11-18 17:00:00+00:00,0.235,6.9230003,49.0,0.0,17.654686
2023-11-18 18:00:00+00:00,0.236,6.523,57.0,0.0,12.661564
2023-11-18 19:00:00+00:00,0.234,6.1730003,55.0,0.1,11.966953
2023-11-18 20:00:00+00:00,0.231,6.023,54.0,0.0,11.384199
2023-11-18 21:00:00+00:00,0.231,5.573,56.0,0.1,9.6932955
2023-11-18 22:00:00+00:00,0.23,5.323,56.0,0.0,8.12197
2023-11-18 23:00:00+00:00,0.23,4.823,60.0,0.0,5.3999996
2023-11-19 00:00:00+00:00,0.242,4.373,66.0,0.0,4.3349743
2023-11-19 01:00:00+00:00,0.242,3.273,72.0,0.0,3.319036
2023-11-19 02:00:00+00:00,0.243,2.373,78.0,0.0,3.396233
2023-11-19 03:00:00+00:00,0.243,1.073,86.0,0.0,6.849467
2023-11-19 04:00:00+00:00,0.242,0.523,82.0,0.0,8.669949
2023-11-19 05:00:00+00:00,0.242,0.122999996,80.0,0.0,10.041354
2023-11-19 06:00:00+00:00,0.241,-0.427,78.0,0.0,9.6932955
2023-11-19 07:00:00+00:00,0.241,-0.877,79.0,0.0,9.114471
2023-11-19 08:00:00+00:00,0.24,-1.177,80.0,0.0,9.422101
2023-11-19 09:00:00+00:00,0.24,-1.127,79.0,0.0,10.446206
2023-11-19 10:00:00+00:00,0.239,-0.07699999,76.0,0.0,12.979984
2023-11-19 11:00:00+00:00,0.236,1.823,66.0,0.0,17.643673
2023-11-19 12:00:00+00:00,0.234,4.123,53.0,0.0,21.461555
2023-11-19 13:00:00+00:00,0.23,5.4230003,48.0,0.0,20.456745
2023-11-19 14:00:00+00:00,0.225,6.623,45.0,0.0,17.49615
2023-11-19 15:00:00+00:00,0.22,7.7229996,42.0,0.0,14.529915
2023-11-19 16:00:00+00:00,0.214,8.523,41.0,0.0,12.218805
2023-11-19 17:00:00+00:00,0.21,9.123,41.0,0.0,10.587918
2023-11-19 18:00:00+00:00,0.207,9.473,40.0,0.0,8.854829
2023-11-19 19:00:00+00:00,0.203,9.723,40.0,0.0,7.5170207
2023-11-19 20:00:00+00:00,0.201,9.723,40.0,0.0,6.489992
2023-11-19 21:00:00+00:00,0.2,9.623,41.0,0.0,3.7064266
2023-11-19 22:00:00+00:00,0.2,9.373,44.0,0.0,5.495161
2023-11-19 23:00:00+00:00,0.2,8.373,46.0,0.0,15.7908325
2023-11-20 00:00:00+00:00,0.198,5.9230003,57.0,0.0,18.837322
2023-11-20 01:00:00+00:00,0.199,4.573,67.0,0.0,16.516901
2023-11-20 02:00:00+00:00,0.203,3.923,72.0,0.0,14.689589
2023-11-20 03:00:00+00:00,0.204,3.623,77.0,0.0,12.9249525
2023-11-20 04:00:00+00:00,0.205,3.173,81.0,0.0,10.853866
2023-11-20 05:00:00+00:00,0.206,2.773,85.0,0.0,9.885262
2023-11-20 06:00:00+00:00,0.207,2.473,86.0,0.0,8.766573
2023-11-20 07:00:00+00:00,0.207,2.223,86.0,0.0,8.049845
2023-11-20 08:00:00+00:00,0.208,2.023,87.0,0.0,6.193674
2023-11-20 09:00:00+00:00,0.209,1.873,88.0,0.0,5.0911684
2023-11-20 10:00:00+00:00,0.209,2.723,85.0,0.0,6.638072
2023-11-20 11:00:00+00:00,0.209,3.223,84.0,0.1,6.792466
2023-11-20 12:00:00+00:00,0.211,3.673,83.0,0.2,6.638072
2023-11-20 13:00:00+00:00,0.209,4.823,78.0,0.0,4.6938257
2023-11-20 14:00:00+00:00,0.207,5.573,73.0,0.0,3.96
2023-11-20 15:00:00+00:00,0.205,6.1730003,65.0,0.0,5.3999996
2023-11-20 16:00:00+00:00,0.203,6.7229996,61.0,0.0,8.311245
2023-11-20 17:00:00+00:00,0.201,6.773,60.0,0.0,11.183201
2023-11-20 18:00:00+00:00,0.202,6.773,63.0,0.1,11.901798
2023-11-20 19:00:00+00:00,0.208,6.7229996,65.0,0.2,13.363711
2023-11-20 20:00:00+00:00,0.208,7.023,63.0,0.1,14.154915
2023-11-20 21:00:00+00:00,0.206,7.073,65.0,0.1,14.973576
2023-11-20 22:00:00+00:00,0.204,6.9729996,65.0,0.0,14.05845
2023-11-20 23:00:00+00:00,0.203,6.7229996,68.0,0.0,11.631956
2023-11-21 00:00:00+00:00,0.209,5.623,78.0,0.0,6.489992
2023-11-21 01:00:00+00:00,0.21,4.323,86.0,0.0,4.802999
2023-11-21 02:00:00+00:00,0.211,4.023,88.0,0.0,3.7585104
2023-11-21 03:00:00+00:00,0.212,3.623,90.0,0.0,3.5455887
2023-11-21 04:00:00+00:00,0.213,3.173,91.0,0.0,2.5959969
2023-11-21 05:00:00+00:00,0.213,2.873,92.0,0.0,2.0364676
2023-11-21 06:00:00+00:00,0.214,2.723,93.0,0.0,3.4152596
2023-11-21 07:00:00+00:00,0.214,1.873,97.0,0.0,4.1046314
2023-11-21 08:00:00+00:00,0.215,1.773,97.0,0.1,3.8773184
2023-11-21 09:00:00+00:00,0.219,2.023,96.0,0.2,3.5455887
2023-11-21 10:00:00+00:00,0.224,2.623,94.0,0.1,3.7585104
2023-11-21 11:00:00+00:00,0.223,3.673,92.0,0.0,2.16
2023-11-21 12:00:00+00:00,0.219,5.523,85.0,0.0,7.172949
2023-11-21 13:00:00+00:00,0.217,7.1730003,76.0,0.0,9.826088
2023-11-21 14:00:00+00:00,0.213,8.623,68.0,0.0,11.200571
2023-11-21 15:00:00+00:00,0.212,9.623,60.0,0.1,12.031756
2023-11-21 16:00:00+00:00,0.212,10.973,58.0,0.1,12.245293
2023-11-21 17:00:00+00:00,0.231,10.922999,60.0,0.5,15.542662
2023-11-21 18:00:00+00:00,0.25,10.223,67.0,0.5,16.595179
2023-11-21 19:00:00+00:00,0.257,10.422999,66.0,0.5,17.654688
2023-11-21 20:00:00+00:00,0.243,10.973,60.0,0.1,19.513195
2023-11-21 21:00:00+00:00,0.235,10.373,58.0,0.0,19.694992
2023-11-21 22:00:00+00:00,0.229,9.672999,52.0,0.0,19.161337
2023-11-21 23:00:00+00:00,0.225,8.523,54.0,0.0,17.31746
2023-11-22 00:00:00+00:00,0.224,7.1730003,61.0,0.0,15.683776
2023-11-22 01:00:00+00:00,0.223,5.773,67.0,0.0,14.417988
2023-11-22 02:00:00+00:00,0.222,4.823,74.0,0.0,14.113653
2023-11-22 03:00:00+00:00,0.222,3.873,78.0,0.0,12.57426
2023-11-22 04:00:00+00:00,0.222,3.123,83.0,0.0,12.224107
2023-11-22 05:00:00+00:00,0.222,2.673,88.0,0.0,12.0694
2023-11-22 06:00:00+00:00,0.223,2.573,89.0,0.0,14.118243
2023-11-22 07:00:00+00:00,0.223,2.523,90.0,0.0,14.799459
2023-11-22 08:00:00+00:00,0.223,2.723,87.0,0.0,16.24394
2023-11-22 09:00:00+00:00,0.222,3.023,83.0,0.0,16.24394
2023-11-22 10:00:00+00:00,0.222,4.123,76.0,0.0,19.652176
2023-11-22 11:00:00+00:00,0.22,5.523,66.0,0.0,24.842607
2023-11-22 12:00:00+00:00,0.217,7.073,58.0,0.0,24.569832
2023-11-22 13:00:00+00:00,0.214,8.023,54.0,0.0,25.849905
2023-11-22 14:00:00+00:00,0.21,8.922999,49.0,0.0,26.415268
2023-11-22 15:00:00+00:00,0.207,9.473,48.0,0.0,27.09822
2023-11-22 16:00:00+00:00,0.207,9.723,47.0,0.1,28.146843
2023-11-22 17:00:00+00:00,0.201,9.873,45.0,0.0,29.68636
2023-11-22 18:00:00+00:00,0.2,9.773,46.0,0.0,30.421598
2023-11-22 19:00:00+00:00,0.196,9.422999,45.0,0.0,31.487143
2023-11-22 20:00:00+00:00,0.194,8.973,42.0,0.0,29.827904
2023-11-22 21:00:00+00:00,0.193,8.523,43.0,0.0,28.694056
2023-11-22 22:00:00+00:00,0.192,7.773,45.0,0.0,27.086262
2023-11-22 23:00:00+00:00,0.192,6.9729996,49.0,0.0,24.014996
2023-11-23 00:00:00+00:00,0.19,5.7229996,54.0,0.0,23.34455
2023-11-23 01:00:00+00:00,0.192,4.823,60.0,0.0,18.998314
2023-11-23 02:00:00+00:00,0.193,4.273,67.0,0.0,17.654688
2023-11-23 03:00:00+00:00,0.194,3.773,73.0,0.0,17.313717
2023-11-23 04:00:00+00:00,0.195,3.373,79.0,0.0,17.771753
2023-11-23 05:00:00+00:00,0.196,3.423,81.0,0.0,18.129137
2023-11-23 06:00:00+00:00,0.197,3.523,80.0,0.0,18.289274
2023-11-23 07:00:00+00:00,0.197,3.723,80.0,0.0,18.35647
2023-11-23 08:00:00+00:00,0.198,3.923,81.0,0.0,18.782204
2023-11-23 09:00:00+00:00,0.198,4.123,79.0,0.0,19.137648
2023-11-23 10:00:00+00:00,0.198,4.223,80.0,0.1,18.03237
2023-11-23 11:00:00+00:00,0.202,4.6730003,83.0,0.1,18.218275
2023-11-23 12:00:00+00:00,0.213,6.1730003,80.0,0.3,20.523157
2023-11-23 13:00:00+00:00,0.216,7.123,76.0,0.2,23.936617
2023-11-23 14:00:00+00:00,0.217,8.823,74.0,0.2,26.042212
2023-11-23 15:00:00+00:00,0.211,10.023,70.0,0.0,30.24214
2023-11-23 16:00:00+00:00,0.206,10.723,65.0,0.0,31.97319
2023-11-23 17:00:00+00:00,0.202,11.573,64.0,0.0,33.145424
2023-11-23 18:00:00+00:00,0.198,11.723,65.0,0.0,37.936893
2023-11-23 19:00:00+00:00,0.197,10.873,69.0,0.0,35.50155
2023-11-23 20:00:00+00:00,0.196,11.172999,67.0,0.0,41.312252
2023-11-23 21:00:00+00:00,0.194,10.873,68.0,0.0,39.47708
2023-11-23 22:00:00+00:00,0.194,10.422999,70.0,0.0,38.059677
2023-11-23 23:00:00+00:00,0.194,9.623,73.0,0.0,38.948273
2023-11-24 00:00:00+00:00,0.192,9.273,74.0,0.0,38.006863
2023-11-24 01:00:00+00:00,0.193,8.823,76.0,0.0,33.96233
2023-11-24 02:00:00+00:00,0.193,8.573,78.0,0.0,31.394394
2023-11-24 03:00:00+00:00,0.194,8.422999,79.0,0.0,29.539747
2023-11-24 04:00:00+00:00,0.194,8.623,79.0,0.0,28.8
2023-11-24 05:00:00+00:00,0.194,8.773,78.0,0.0,28.808998
2023-11-24 06:00:00+00:00,0.195,8.973,78.0,0.0,27.595823
2023-11-24 07:00:00+00:00,0.195,8.922999,79.0,0.0,26.987997
2023-11-24 08:00:00+00:00,0.195,8.723,81.0,0.0,26.124195
2023-11-24 09:00:00+00:00,0.195,8.723,81.0,0.0,25.932495
2023-11-24 10:00:00+00:00,0.195,9.023,80.0,0.0,25.96496
2023-11-24 11:00:00+00:00,0.195,9.623,78.0,0.0,26.867676
2023-11-24 12:00:00+00:00,0.193,11.523,69.0,0.0,28.766228
2023-11-24 13:00:00+00:00,0.192,12.623,66.0,0.0,31.06239
2023-11-24 14:00:00+00:00,0.19,13.672999,63.0,0.0,31.68818
2023-11-24 15:00:00+00:00,0.188,14.223,59.0,0.0,32.998474
2023-11-24 16:00:00+00:00,0.186,13.823,58.0,0.0,32.32992
2023-11-24 17:00:00+00:00,0.185,14.073,56.0,0.0,31.394394
2023-11-24 18:00:00+00:00,0.181,14.672999,57.0,0.0,34.679794
2023-11-24 19:00:00+00:00,0.18,14.323,58.0,0.0,32.809414
2023-11-24 20:00:00+00:00,0.179,13.873,58.0,0.0,32.402
2023-11-24 21:00:00+00:00,0.179,12.973,59.0,0.0,30.676142
2023-11-24 22:00:00+00:00,0.179,12.023,61.0,0.0,29.660152
2023-11-24 23:00:00+00:00,0.179,11.172999,64.0,0.0,26.576681
2023-11-25 00:00:00+00:00,0.178,10.223,67.0,0.0,25.630886
2023-11-25 01:00:00+00:00,0.179,8.973,69.0,0.0,23.143827
2023-11-25 02:00:00+00:00,0.18,8.073,70.0,0.0,22.027763
2023-11-25 03:00:00+00:00,0.181,7.323,72.0,0.0,16.946787
2023-11-25 04:00:00+00:00,0.182,6.4230003,78.0,0.0,10.966713
2023-11-25 05:00:00+00:00,0.183,5.823,82.0,0.0,7.127636
2023-11-25 06:00:00+00:00,0.184,5.573,82.0,0.0,4.5820518
2023-11-25 07:00:00+00:00,0.185,5.4729996,82.0,0.0,7.7043357
2023-11-25 08:00:00+00:00,0.185,6.573,69.0,0.0,14.654254
2023-11-25 09:00:00+00:00,0.185,8.173,59.0,0.0,23.132626
2023-11-25 10:00:00+00:00,0.184,9.073,61.0,0.0,26.903828
2023-11-25 11:00:00+00:00,0.184,9.623,64.0,0.0,28.99062
2023-11-25 12:00:00+00:00,0.183,11.573,59.0,0.0,24.967497
2023-11-25 13:00:00+00:00,0.182,12.223,57.0,0.0,29.46947
2023-11-25 14:00:00+00:00,0.181,13.323,51.0,0.0,29.144438
2023-11-25 15:00:00+00:00,0.179,13.223,46.0,0.0,30.472675
2023-11-25 16:00:00+00:00,0.179,12.672999,46.0,0.0,30.911821
2023-11-25 17:00:00+00:00,0.177,13.123,44.0,0.0,33.47032
2023-11-25 18:00:00+00:00,0.177,13.223,43.0,0.0,36.317204
2023-11-25 19:00:00+00:00,0.18,12.323,45.0,0.0,35.900864
2023-11-25 20:00:00+00:00,0.178,11.323,49.0,0.0,35.62363
2023-11-25 21:00:00+00:00,0.193,9.573,59.0,0.3,32.919827
2023-11-25 22:00:00+00:00,0.192,9.023,59.0,0.1,31.786186
2023-11-25 23:00:00+00:00,0.2,8.273,64.0,0.3,28.901073
2023-11-26 00:00:00+00:00,0.185,8.473,67.0,0.1,28.948118
2023-11-26 01:00:00+00:00,0.188,7.523,74.0,0.1,29.947151
2023-11-26 02:00:00+00:00,0.19,7.1730003,75.0,0.0,28.112288
2023-11-26 03:00:00+00:00,0.188,6.823,75.0,0.0,30.453527
2023-11-26 04:00:00+00:00,0.187,6.323,77.0,0.0,29.598919
2023-11-26 05:00:00+00:00,0.186,5.4230003,76.0,0.0,26.64
2023-11-26 06:00:00+00:00,0.185,5.623,77.0,0.0,25.006397
2023-11-26 07:00:00+00:00,0.184,5.1730003,70.0,0.0,28.006058
2023-11-26 08:00:00+00:00,0.184,4.623,67.0,0.0,26.208395
2023-11-26 09:00:00+00:00,0.183,4.023,67.0,0.0,26.220753
2023-11-26 10:00:00+00:00,0.183,4.123,68.0,0.0,27.153164
2023-11-26 11:00:00+00:00,0.182,4.773,61.0,0.0,28.594517
2023-11-26 12:00:00+00:00,0.181,6.273,44.0,0.0,29.957972
2023-11-26 13:00:00+00:00,0.18,7.373,37.0,0.0,30.302078
2023-11-26 14:00:00+00:00,0.179,8.123,32.0,0.0,29.651413
2023-11-26 15:00:00+00:00,0.177,8.823,32.0,0.0,29.414444
2023-11-26 16:00:00+00:00,0.176,9.223,34.0,0.0,28.483257
2023-11-26 17:00:00+00:00,0.175,9.573,36.0,0.0,28.664682
2023-11-26 18:00:00+00:00,0.177,10.223,38.0,0.0,30.85307
2023-11-26 19:00:00+00:00,0.188,10.123,40.0,0.1,31.559088
2023-11-26 20:00:00+00:00,0.184,10.073,40.0,0.0,31.012281
2023-11-26 21:00:00+00:00,0.182,9.523,48.0,0.0,29.339449
2023-11-26 22:00:00+00:00,0.181,9.373,49.0,0.0,30.903435
2023-11-26 23:00:00+00:00,0.18,8.373,58.0,0.0,28.19285
2023-11-27 00:00:00+00:00,0.177,7.523,63.0,0.0,25.60053
2023-11-27 01:00:00+00:00,0.177,6.773,65.0,0.0,24.48
2023-11-27 02:00:00+00:00,0.177,6.523,64.0,0.0,22.691425
2023-11-27 03:00:00+00:00,0.177,6.123,65.0,0.0,21.67487
2023-11-27 04:00:00+00:00,0.177,5.573,64.0,0.0,19.652176
2023-11-27 05:00:00+00:00,0.177,4.823,66.0,0.0,17.026896
2023-11-27 06:00:00+00:00,0.177,3.573,77.0,0.0,13.708391
2023-11-27 07:00:00+00:00,0.178,3.173,82.0,0.0,11.503113
2023-11-27 08:00:00+00:00,0.178,2.923,85.0,0.0,9.107359
2023-11-27 09:00:00+00:00,0.178,2.873,88.0,0.0,7.289445
2023-11-27 10:00:00+00:00,0.179,4.323,83.0,0.0,8.913181
2023-11-27 11:00:00+00:00,0.178,6.4230003,70.0,0.0,12.229406
2023-11-27 12:00:00+00:00,0.177,8.573,52.0,0.0,15.546833
2023-11-27 13:00:00+00:00,0.175,9.973,47.0,0.0,12.261157
2023-11-27 14:00:00+00:00,0.173,11.823,41.0,0.0,10.383987
2023-11-27 15:00:00+00:00,0.17,13.473,35.0,0.0,18.448023
2023-11-27 16:00:00+00:00,0.167,13.922999,35.0,0.0,20.478907
2023-11-27 17:00:00+00:00,0.165,13.773,40.0,0.0,20.26899
2023-11-27 18:00:00+00:00,0.164,14.023,40.0,0.0,19.469976
2023-11-27 19:00:00+00:00,0.163,13.922999,42.0,0.0,18.671474
2023-11-27 20:00:00+00:00,0.162,13.223,48.0,0.0,17.208603
2023-11-27 21:00:00+00:00,0.162,12.473,55.0,0.0,16.800856
2023-11-27 22:00:00+00:00,0.163,11.672999,57.0,0.0,15.856354
2023-11-27 23:00:00+00:00,0.164,10.873,63.0,0.0,14.973577
2023-11-28 00:00:00+00:00,0.165,10.672999,69.0,0.0,14.168641
2023-11-28 01:00:00+00:00,0.166,9.323,79.0,0.0,14.113653
2023-11-28 02:00:00+00:00,0.167,8.273,87.0,0.1,15.124284
2023-11-28 03:00:00+00:00,0.168,7.773,91.0,0.1,13.722565
2023-11-28 04:00:00+00:00,0.169,7.7229996,93.0,0.0,10.1376915
2023-11-28 05:00:00+00:00,0.17,7.573,95.0,0.0,8.049845
2023-11-28 06:00:00+00:00,0.172,7.273,96.0,0.0,7.7043357
2023-11-28 07:00:00+00:00,0.172,7.123,96.0,0.0,5.1919937
2023-11-28 08:00:00+00:00,0.172,6.9230003,97.0,0.0,1.2979984
2023-11-28 09:00:00+00:00,0.173,7.023,97.0,0.0,2.5959969
2023-11-28 10:00:00+00:00,0.173,8.573,82.0,0.0,14.007655
2023-11-28 11:00:00+00:00,0.174,9.922999,66.0,0.0,22.862125
2023-11-28 12:00:00+00:00,0.171,11.323,60.0,0.0,16.75064
2023-11-28 13:00:00+00:00,0.168,12.373,53.0,0.0,20.018072
2023-11-28 14:00:00+00:00,0.166,13.273,43.0,0.0,27.07669
2023-11-28 15:00:00+00:00,0.163,13.873,38.0,0.0,28.772987
2023-11-28 16:00:00+00:00,0.178,13.523,42.0,0.2,30.466295
2023-11-28 17:00:00+00:00,0.183,13.623,41.0,0.2,32.777794
2023-11-28 18:00:00+00:00,0.19,13.873,37.0,0.0,31.614477
2023-11-28 19:00:00+00:00,0.179,13.422999,35.0,0.0,33.190357
2023-11-28 20:00:00+00:00,0.175,12.073,39.0,0.0,32.2396
2023-11-28 21:00:00+00:00,0.172,11.123,42.0,0.0,31.293089
2023-11-28 22:00:00+00:00,0.171,9.773,44.0,0.0,28.696312
2023-11-28 23:00:00+00:00,0.17,8.973,46.0,0.0,25.744402
2023-11-29 00:00:00+00:00,0.167,8.323,49.0,0.0,20.447239
2023-11-29 01:00:00+00:00,0.167,7.023,56.0,0.0,14.57889
2023-11-29 02:00:00+00:00,0.168,6.023,64.0,0.0,8.714677
2023-11-29 03:00:00+00:00,0.168,5.123,70.0,0.0,4.6938252
2023-11-29 04:00:00+00:00,0.169,4.9230003,73.0,0.0,2.52
2023-11-29 05:00:00+00:00,0.182,5.123,77.0,0.6,0.5091169
2023-11-29 06:00:00+00:00,0.206,4.4729996,83.0,1.6,4.5820518
2023-11-29 07:00:00+00:00,0.226,4.573,85.0,0.6,3.6
2023-11-29 08:00:00+00:00,0.228,4.773,85.0,0.3,9.605998
2023-11-29 09:00:00+00:00,0.241,4.073,83.0,0.2,23.039999
2023-11-29 10:00:00+00:00,0.227,4.6730003,66.0,0.0,32.169178
2023-11-29 11:00:00+00:00,0.219,5.4729996,61.0,0.0,31.712711
2023-11-29 12:00:00+00:00,0.224,6.4729996,60.0,0.0,27.72
2023-11-29 13:00:00+00:00,0.217,7.373,54.0,0.0,28.082308
2023-11-29 14:00:00+00:00,0.218,8.123,50.0,0.1,28.08923
2023-11-29 15:00:00+00:00,0.217,8.973,48.0,0.1,27.729347
2023-11-29 16:00:00+00:00,0.224,9.473,48.0,0.3,27.117346
2023-11-29 17:00:00+00:00,0.226,9.623,49.0,0.3,26.437336
2023-11-29 18:00:00+00:00,0.229,9.973,44.0,0.1,26.319422
2023-11-29 19:00:00+00:00,0.226,9.922999,44.0,0.2,24.29133
2023-11-29 20:00:00+00:00,0.223,9.223,46.0,0.1,22.26477
2023-11-29 21:00:00+00:00,0.218,8.672999,48.0,0.1,19.855558
2023-11-29 22:00:00+00:00,0.217,8.023,52.0,0.1,18.359999
2023-11-29 23:00:00+00:00,0.213,7.523,54.0,0.0,15.192682
2023-11-30 00:00:00+00:00,0.207,7.773,57.0,0.0,9.693296
2023-11-30 01:00:00+00:00,0.205,6.9230003,63.0,0.0,6.151683
2023-11-30 02:00:00+00:00,0.207,6.623,68.0,0.3,10.966713
2023-11-30 03:00:00+00:00,0.236,6.373,72.0,0.7,14.759999
2023-11-30 04:00:00+00:00,0.267,5.773,81.0,1.1,12.682018
2023-11-30 05:00:00+00:00,0.257,6.273,78.0,0.1,19.171478
2023-11-30 06:00:00+00:00,0.267,5.9729996,74.0,0.0,28.185955
2023-11-30 07:00:00+00:00,0.253,5.2229996,74.0,0.0,30.351225
2023-11-30 08:00:00+00:00,0.245,4.7229996,72.0,0.0,32.219494
2023-11-30 09:00:00+00:00,0.239,4.223,73.0,0.0,31.569351
2023-11-30 10:00:00+00:00,0.235,4.6730003,71.0,0.0,29.122198
2023-11-30 11:00:00+00:00,0.231,5.323,69.0,0.0,31.278593
2023-11-30 12:00:00+00:00,0.234,5.9729996,66.0,0.0,33.04361
2023-11-30 13:00:00+00:00,0.228,7.123,57.0,0.0,35.66908
2023-11-30 14:00:00+00:00,0.224,7.823,53.0,0.0,37.44692
2023-11-30 15:00:00+00:00,0.219,8.422999,49.0,0.0,36.832767
2023-11-30 16:00:00+00:00,0.22,8.573,49.0,0.1,34.38895
2023-11-30 17:00:00+00:00,0.216,8.873,47.0,0.0,32.2034
2023-11-30 18:00:00+00:00,0.216,8.873,45.0,0.2,33.933697
2023-11-30 19:00:00+00:00,0.214,8.723,46.0,0.1,32.112724
2023-11-30 20:00:00+00:00,0.214,8.473,47.0,0.1,29.957968
2023-11-30 21:00:00+00:00,0.209,8.073,48.0,0.0,27.757376
2023-11-30 22:00:00+00:00,0.214,7.373,51.0,0.1,25.942488
2023-11-30 23:00:00+00:00,0.211,6.9230003,52.0,0.0,23.42491
2023-12-01 00:00:00+00:00,0.211,5.9230003,56.0,0.0,20.380579
2023-12-01 01:00:00+00:00,0.21,4.573,69.0,0.0,15.941944
2023-12-01 02:00:00+00:00,0.21,3.923,73.0,0.0,12.979984
2023-12-01 03:00:00+00:00,0.209,3.523,73.0,0.0,14.57889
2023-12-01 04:00:00+00:00,0.209,2.873,79.0,0.0,14.512064
2023-12-01 05:00:00+00:00,0.209,2.223,85.0,0.0,12.682018
2023-12-01 06:00:00+00:00,0.21,1.773,90.0,0.0,10.948973
2023-12-01 07:00:00+00:00,0.209,1.573,89.0,0.0,9.826088
2023-12-01 08:00:00+00:00,0.209,1.373,89.0,0.0,9.339208
2023-12-01 09:00:00+00:00,0.209,1.573,88.0,0.0,9.511088
2023-12-01 10:00:00+00:00,0.208,3.173,78.0,0.0,11.753877
2023-12-01 11:00:00+00:00,0.206,4.873,64.0,0.0,19.130875
2023-12-01 12:00:00+00:00,0.203,6.273,56.0,0.0,18.03237
2023-12-01 13:00:00+00:00,0.2,7.373,52.0,0.0,18.709612
2023-12-01 14:00:00+00:00,0.203,8.672999,45.0,0.1,19.770523
2023-12-01 15:00:00+00:00,0.209,9.323,45.0,0.2,21.2522
2023-12-01 16:00:00+00:00,0.214,9.473,47.0,0.3,21.659916
2023-12-01 17:00:00+00:00,0.216,9.823,45.0,0.2,22.427162
2023-12-01 18:00:00+00:00,0.216,9.773,46.0,0.3,23.34455
2023-12-01 19:00:00+00:00,0.218,9.023,49.0,0.3,23.087763
2023-12-01 20:00:00+00:00,0.213,9.172999,48.0,0.1,22.42427
2023-12-01 21:00:00+00:00,0.214,8.573,52.0,0.1,21.647945
2023-12-01 22:00:00+00:00,0.212,8.073,51.0,0.1,20.008356
2023-12-01 23:00:00+00:00,0.215,7.123,56.0,0.2,19.06301
2023-12-02 00:00:00+00:00,0.224,5.773,65.0,0.1,16.676977
2023-12-02 01:00:00+00:00,0.221,4.7229996,74.0,0.0,15.484185
2023-12-02 02:00:00+00:00,0.219,3.773,78.0,0.0,13.905509
2023-12-02 03:00:00+00:00,0.217,3.023,82.0,0.0,11.841756
2023-12-02 04:00:00+00:00,0.216,2.523,85.0,0.0,10.703569
2023-12-02 05:00:00+00:00,0.215,2.223,86.0,0.0,11.043261
2023-12-02 06:00:00+00:00,0.215,1.473,92.0,0.0,9.346143
2023-12-02 07:00:00+00:00,0.214,1.273,92.0,0.0,10.041354
2023-12-02 08:00:00+00:00,0.214,1.173,92.0,0.0,10.041354
2023-12-02 09:00:00+00:00,0.213,1.323,92.0,0.0,10.239453
2023-12-02 10:00:00+00:00,0.212,2.873,83.0,0.0,12.620554
2023-12-02 11:00:00+00:00,0.21,4.773,68.0,0.0,17.309973
2023-12-02 12:00:00+00:00,0.207,6.373,58.0,0.0,16.904673
2023-12-02 13:00:00+00:00,0.216,7.4230003,56.0,0.2,16.375053
2023-12-02 14:00:00+00:00,0.228,8.123,56.0,0.4,17.10284
2023-12-02 15:00:00+00:00,0.234,8.573,56.0,0.4,17.31746
2023-12-02 16:00:00+00:00,0.239,9.323,52.0,0.5,16.831684
2023-12-02 17:00:00+00:00,0.224,10.172999,45.0,0.0,19.373219
2023-12-02 18:00:00+00:00,0.22,10.023,45.0,0.1,19.35314
2023-12-02 19:00:00+00:00,0.216,10.223,42.0,0.1,19.862083
2023-12-02 20:00:00+00:00,0.213,10.123,40.0,0.1,20.371038
2023-12-02 21:00:00+00:00,0.205,9.773,41.0,0.0,20.620804
2023-12-02 22:00:00+00:00,0.201,9.073,45.0,0.0,20.150354
2023-12-02 23:00:00+00:00,0.198,8.023,48.0,0.0,18.504139
2023-12-03 00:00:00+00:00,0.203,6.523,55.0,0.0,14.973577
2023-12-03 01:00:00+00:00,0.203,4.823,66.0,0.0,12.849528
2023-12-03 02:00:00+00:00,0.204,3.823,73.0,0.0,12.6462
2023-12-03 03:00:00+00:00,0.204,3.423,74.0,0.0,12.979984
2023-12-03 04:00:00+00:00,0.204,3.473,74.0,0.0,13.339445
2023-12-03 05:00:00+00:00,0.204,3.523,73.0,0.0,14.417988
2023-12-03 06:00:00+00:00,0.203,3.523,70.0,0.0,18.228943
2023-12-03 07:00:00+00:00,0.203,3.373,75.0,0.0,18.733839
2023-12-03 08:00:00+00:00,0.202,3.323,76.0,0.0,20.532627
2023-12-03 09:00:00+00:00,0.203,3.473,79.0,0.0,21.986542
2023-12-03 10:00:00+00:00,0.202,4.273,77.0,0.0,24.522316
2023-12-03 11:00:00+00:00,0.201,5.4729996,66.0,0.0,28.162956
2023-12-03 12:00:00+00:00,0.198,6.623,62.0,0.0,30.413074
2023-12-03 13:00:00+00:00,0.195,7.773,59.0,0.0,29.738703
2023-12-03 14:00:00+00:00,0.192,9.073,59.0,0.0,30.018473
2023-12-03 15:00:00+00:00,0.19,9.373,62.0,0.0,30.24214
2023-12-03 16:00:00+00:00,0.188,9.422999,63.0,0.0,30.317043
2023-12-03 17:00:00+00:00,0.186,10.023,63.0,0.0,31.845251
2023-12-03 18:00:00+00:00,0.184,10.123,64.0,0.0,33.190357
2023-12-03 19:00:00+00:00,0.183,10.573,64.0,0.0,33.487743
2023-12-03 20:00:00+00:00,0.181,10.873,64.0,0.0,33.1376
2023-12-03 21:00:00+00:00,0.181,10.623,66.0,0.0,32.048088
2023-12-03 22:00:00+00:00,0.18,10.223,67.0,0.0,32.44996
2023-12-03 23:00:00+00:00,0.18,9.473,70.0,0.0,29.899511
2023-12-04 00:00:00+00:00,0.177,8.723,73.0,0.0,28.802248
2023-12-04 01:00:00+00:00,0.178,7.773,79.0,0.0,26.009842
2023-12-04 02:00:00+00:00,0.179,7.323,82.0,0.0,24.648829
2023-12-04 03:00:00+00:00,0.18,7.273,83.0,0.0,23.933907
2023-12-04 04:00:00+00:00,0.181,7.273,83.0,0.0,22.862125
2023-12-04 05:00:00+00:00,0.181,7.123,82.0,0.0,23.623243
2023-12-04 06:00:00+00:00,0.182,6.823,82.0,0.0,22.314192
2023-12-04 07:00:00+00:00,0.182,6.7229996,82.0,0.0,23.675303
2023-12-04 08:00:00+00:00,0.182,6.6730003,82.0,0.0,23.219301
2023-12-04 09:00:00+00:00,0.183,7.1730003,82.0,0.0,21.96
2023-12-04 10:00:00+00:00,0.182,8.123,79.0,0.0,24.1388
2023-12-04 11:00:00+00:00,0.181,8.823,78.0,0.0,25.620771
2023-12-04 12:00:00+00:00,0.18,10.373,70.0,0.0,30.5173
2023-12-04 13:00:00+00:00,0.179,10.672999,68.0,0.0,31.450073
2023-12-04 14:00:00+00:00,0.177,10.273,70.0,0.0,31.912327
2023-12-04 15:00:00+00:00,0.177,10.973,69.0,0.0,32.26572
2023-12-04 16:00:00+00:00,0.175,11.223,69.0,0.0,34.03476
2023-12-04 17:00:00+00:00,0.174,12.672999,63.0,0.0,35.9946
2023-12-04 18:00:00+00:00,0.172,13.623,60.0,0.0,38.134518
2023-12-04 19:00:00+00:00,0.171,13.273,63.0,0.0,36.537785
2023-12-04 20:00:00+00:00,0.17,13.873,62.0,0.0,37.095722
2023-12-04 21:00:00+00:00,0.17,13.123,65.0,0.0,35.296524
2023-12-04 22:00:00+00:00,0.17,12.223,69.0,0.0,35.821354
2023-12-04 23:00:00+00:00,0.17,11.273,70.0,0.0,37.827415
2023-12-05 00:00:00+00:00,0.165,10.823,68.0,0.0,39.122574
2023-12-05 01:00:00+00:00,0.166,9.723,70.0,0.0,39.908073
2023-12-05 02:00:00+00:00,0.166,9.273,70.0,0.0,41.587402
2023-12-05 03:00:00+00:00,0.166,8.773,71.0,0.0,41.312252
2023-12-05 04:00:00+00:00,0.167,8.173,72.0,0.1,41.137775
2023-12-05 05:00:00+00:00,0.179,7.4230003,77.0,0.3,38.761486
2023-12-05 06:00:00+00:00,0.187,7.373,76.0,0.3,38.526726
2023-12-05 07:00:00+00:00,0.19,6.373,76.0,0.1,36.0072
2023-12-05 08:00:00+00:00,0.185,5.273,74.0,0.0,33.857227
2023-12-05 09:00:00+00:00,0.182,5.023,67.0,0.0,34.404022
2023-12-05 10:00:00+00:00,0.18,4.9230003,52.0,0.0,36.032383
2023-12-05 11:00:00+00:00,0.179,5.323,47.0,0.0,36.08091
2023-12-05 12:00:00+00:00,0.176,6.273,42.0,0.0,33.809345
2023-12-05 13:00:00+00:00,0.174,6.9230003,38.0,0.0,34.338036
2023-12-05 14:00:00+00:00,0.172,7.6730003,34.0,0.0,36.06115
2023-12-05 15:00:00+00:00,0.171,8.173,34.0,0.0,37.290855
2023-12-05 16:00:00+00:00,0.169,8.922999,38.0,0.0,35.69813
2023-12-05 17:00:00+00:00,0.167,9.323,39.0,0.0,36.785236
2023-12-05 18:00:00+00:00,0.165,10.073,38.0,0.0,39.619625
2023-12-05 19:00:00+00:00,0.164,9.523,41.0,0.0,40.20573
2023-12-05 20:00:00+00:00,0.164,8.773,46.0,0.0,40.165417
2023-12-05 21:00:00+00:00,0.164,7.9230003,49.0,0.0,39.67847
2023-12-05 22:00:00+00:00,0.164,7.023,52.0,0.0,40.83739
2023-12-05 23:00:00+00:00,0.164,6.4729996,55.0,0.0,39.732323
2023-12-06 00:00:00+00:00,0.162,6.073,61.0,0.0,43.956867
2023-12-06 01:00:00+00:00,0.162,5.2229996,64.0,0.0,44.6458
2023-12-06 02:00:00+00:00,0.163,5.1730003,69.0,0.0,44.639996
2023-12-06 03:00:00+00:00,0.163,5.1730003,75.0,0.0,43.199997
2023-12-06 04:00:00+00:00,0.164,5.4230003,76.0,0.0,41.054203
2023-12-06 05:00:00+00:00,0.164,5.6730003,76.0,0.0,39.32083
2023-12-06 06:00:00+00:00,0.164,5.773,76.0,0.0,39.081146
2023-12-06 07:00:00+00:00,0.164,6.073,76.0,0.0,37.017033
2023-12-06 08:00:00+00:00,0.165,6.273,76.0,0.0,34.292713
2023-12-06 09:00:00+00:00,0.165,6.9230003,71.0,0.0,33.3559
2023-12-06 10:00:00+00:00,0.164,7.823,67.0,0.0,34.292713
2023-12-06 11:00:00+00:00,0.164,9.073,59.0,0.0,34.80848
2023-12-06 12:00:00+00:00,0.163,10.373,54.0,0.0,39.04797
2023-12-06 13:00:00+00:00,0.162,11.123,50.0,0.0,38.868332
2023-12-06 14:00:00+00:00,0.16,12.123,46.0,0.0,37.909554
2023-12-06 15:00:00+00:00,0.159,12.773,43.0,0.0,36.23682
2023-12-06 16:00:00+00:00,0.157,13.223,41.0,0.0,34.895866
2023-12-06 17:00:00+00:00,0.155,13.323,41.0,0.0,33.626774
2023-12-06 18:00:00+00:00,0.154,13.073,41.0,0.0,35.900864
2023-12-06 19:00:00+00:00,0.153,12.672999,43.0,0.0,33.96233
2023-12-06 20:00:00+00:00,0.152,12.223,44.0,0.0,33.161064
2023-12-06 21:00:00+00:00,0.152,11.623,46.0,0.0,32.23357
2023-12-06 22:00:00+00:00,0.152,10.773,50.0,0.0,31.655441
2023-12-06 23:00:00+00:00,0.152,9.723,54.0,0.0,30.472675
2023-12-07 00:00:00+00:00,0.145,8.773,61.0,0.0,30.190672
2023-12-07 01:00:00+00:00,0.146,7.6730003,70.0,0.0,26.661882
2023-12-07 02:00:00+00:00,0.147,7.123,75.0,0.0,25.570139
2023-12-07 03:00:00+00:00,0.148,6.9230003,78.0,0.0,25.241108
2023-12-07 04:00:00+00:00,0.148,6.823,81.0,0.0,25.651104
2023-12-07 05:00:00+00:00,0.149,6.773,81.0,0.0,26.649727
2023-12-07 06:00:00+00:00,0.149,6.823,81.0,0.0,27.381308
2023-12-07 07:00:00+00:00,0.149,6.623,80.0,0.0,26.28986
2023-12-07 08:00:00+00:00,0.15,6.2229996,81.0,0.0,23.40277
2023-12-07 09:00:00+00:00,0.15,6.273,81.0,0.0,20.523155
2023-12-07 10:00:00+00:00,0.15,7.7229996,74.0,0.0,20.883104
2023-12-07 11:00:00+00:00,0.149,9.573,64.0,0.0,22.608458
2023-12-07 12:00:00+00:00,0.148,11.172999,56.0,0.0,22.314192
2023-12-07 13:00:00+00:00,0.146,12.523,52.0,0.0,20.969805
2023-12-07 14:00:00+00:00,0.144,13.773,48.0,0.0,19.734436
2023-12-07 15:00:00+00:00,0.141,14.823,46.0,0.0,18.947083
2023-12-07 16:00:00+00:00,0.137,15.723,43.0,0.0,19.469975
2023-12-07 17:00:00+00:00,0.134,16.423,42.0,0.0,19.592731
2023-12-07 18:00:00+00:00,0.131,17.223001,40.0,0.0,17.076298
2023-12-07 19:00:00+00:00,0.129,17.473001,39.0,0.0,16.171976
2023-12-07 20:00:00+00:00,0.127,17.373001,38.0,0.0,16.766108
2023-12-07 21:00:00+00:00,0.126,16.823,40.0,0.0,18.161278
2023-12-07 22:00:00+00:00,0.126,15.823,42.0,0.0,19.64558
2023-12-07 23:00:00+00:00,0.126,14.273,47.0,0.0,20.431387
2023-12-08 00:00:00+00:00,0.13,12.473,53.0,0.0,18.94024
2023-12-08 01:00:00+00:00,0.131,10.623,60.0,0.0,15.484185
2023-12-08 02:00:00+00:00,0.133,9.223,68.0,0.0,13.75558
2023-12-08 03:00:00+00:00,0.134,8.123,74.0,0.0,12.6462
2023-12-08 04:00:00+00:00,0.135,7.4729996,77.0,0.0,11.928989
2023-12-08 05:00:00+00:00,0.136,7.1730003,77.0,0.0,10.661107
2023-12-08 06:00:00+00:00,0.137,7.123,75.0,0.0,8.473393
2023-12-08 07:00:00+00:00,0.138,6.6730003,78.0,0.0,6.924738
2023-12-08 08:00:00+00:00,0.138,5.823,82.0,0.0,5.8603754
2023-12-08 09:00:00+00:00,0.139,5.4729996,84.0,0.0,4.379589
2023-12-08 10:00:00+00:00,0.139,7.2229996,78.0,0.0,3.9763298
2023-12-08 11:00:00+00:00,0.139,9.223,67.0,0.0,6.12
2023-12-08 12:00:00+00:00,0.138,11.723,59.0,0.0,1.1384199
2023-12-08 13:00:00+00:00,0.136,13.573,52.0,0.0,3.7064266
2023-12-08 14:00:00+00:00,0.133,15.723,48.0,0.0,5.3517847
2023-12-08 15:00:00+00:00,0.129,17.873001,45.0,0.0,9.0
2023-12-08 16:00:00+00:00,0.125,19.823,43.0,0.0,10.587918
2023-12-08 17:00:00+00:00,0.122,20.323,39.0,0.0,11.503113
2023-12-08 18:00:00+00:00,0.119,21.573,37.0,0.0,10.24578
2023-12-08 19:00:00+00:00,0.116,21.723001,36.0,0.0,14.05845
2023-12-08 20:00:00+00:00,0.114,21.423,33.0,0.0,18.35647
2023-12-08 21:00:00+00:00,0.114,19.823,38.0,0.0,20.730501
2023-12-08 22:00:00+00:00,0.114,18.123001,42.0,0.0,20.49156
2023-12-08 23:00:00+00:00,0.115,16.023,47.0,0.0,20.780453
2023-12-09 00:00:00+00:00,0.12,14.523,52.0,0.0,18.844202
2023-12-09 01:00:00+00:00,0.122,12.473,59.0,0.0,16.700275
2023-12-09 02:00:00+00:00,0.123,10.823,66.0,0.0,16.62249
2023-12-09 03:00:00+00:00,0.125,9.422999,71.0,0.0,16.575644
2023-12-09 04:00:00+00:00,0.126,8.573,70.0,0.0,16.563911
2023-12-09 05:00:00+00:00,0.127,8.023,66.0,0.0,16.62249
2023-12-09 06:00:00+00:00,0.127,7.9230003,67.0,0.0,14.764389
2023-12-09 07:00:00+00:00,0.128,7.4230003,67.0,0.0,13.324863
2023-12-09 08:00:00+00:00,0.129,6.873,67.0,0.0,10.948973
2023-12-09 09:00:00+00:00,0.129,6.773,68.0,0.0,10.446206
2023-12-09 10:00:00+00:00,0.13,7.823,64.0,0.0,10.948973
2023-12-09 11:00:00+00:00,0.13,9.123,59.0,0.0,10.464797
2023-12-09 12:00:00+00:00,0.129,9.323,64.0,0.0,4.5820518
2023-12-09 13:00:00+00:00,0.129,10.123,62.0,0.0,1.8
2023-12-09 14:00:00+00:00,0.128,11.473,56.0,0.0,2.7416782
2023-12-09 15:00:00+00:00,0.126,12.672999,50.0,0.0,6.87779
2023-12-09 16:00:00+00:00,0.124,13.672999,45.0,0.0,18.079027
2023-12-09 17:00:00+00:00,0.123,13.573,47.0,0.0,20.545246
2023-12-09 18:00:00+00:00,0.123,13.773,48.0,0.0,21.2522
2023-12-09 19:00:00+00:00,0.122,13.723,49.0,0.0,20.275383
2023-12-09 20:00:00+00:00,0.121,13.723,50.0,0.0,20.478907
2023-12-09 21:00:00+00:00,0.121,13.073,52.0,0.0,19.353138
2023-12-09 22:00:00+00:00,0.121,12.773,53.0,0.0,19.386593
2023-12-09 23:00:00+00:00,0.121,11.873,60.0,0.1,18.919704
2023-12-10 00:00:00+00:00,0.123,10.873,65.0,0.1,16.434305
2023-12-10 01:00:00+00:00,0.125,9.723,75.0,0.1,14.4
2023-12-10 02:00:00+00:00,0.136,8.973,82.0,0.2,13.783817
2023-12-10 03:00:00+00:00,0.154,8.523,85.0,0.3,13.513193
2023-12-10 04:00:00+00:00,0.185,8.173,88.0,0.6,14.57889
2023-12-10 05:00:00+00:00,0.211,7.9729996,88.0,0.6,15.463246
2023-12-10 06:00:00+00:00,0.228,7.623,89.0,0.4,15.978484
2023-12-10 07:00:00+00:00,0.215,7.4230003,88.0,0.2,15.192682
2023-12-10 08:00:00+00:00,0.209,7.1730003,84.0,0.1,18.089775
2023-12-10 09:00:00+00:00,0.203,6.9230003,80.0,0.0,18.0036
2023-12-10 10:00:00+00:00,0.197,7.323,75.0,0.0,20.523155
2023-12-10 11:00:00+00:00,0.193,7.9729996,67.0,0.0,24.490587
2023-12-10 12:00:00+00:00,0.19,9.373,60.0,0.0,27.551172
2023-12-10 13:00:00+00:00,0.185,10.273,55.0,0.0,28.266306
2023-12-10 14:00:00+00:00,0.179,11.422999,48.0,0.0,27.595825
2023-12-10 15:00:00+00:00,0.174,11.922999,39.0,0.0,28.696312
2023-12-10 16:00:00+00:00,0.169,12.023,37.0,0.0,28.348713
2023-12-10 17:00:00+00:00,0.164,11.922999,37.0,0.0,26.867676
2023-12-10 18:00:00+00:00,0.162,11.873,33.0,0.0,26.282463
2023-12-10 19:00:00+00:00,0.158,11.623,34.0,0.0,23.34455
2023-12-10 20:00:00+00:00,0.156,11.223,35.0,0.0,21.518847
2023-12-10 21:00:00+00:00,0.154,10.723,37.0,0.0,19.586117
2023-12-10 22:00:00+00:00,0.153,10.223,39.0,0.0,17.902534
2023-12-10 23:00:00+00:00,0.153,9.523,42.0,0.0,15.629971
2023-12-11 00:00:00+00:00,0.148,8.422999,49.0,0.0,9.9571085
2023-12-11 01:00:00+00:00,0.148,6.7229996,58.0,0.0,5.6920996
2023-12-11 02:00:00+00:00,0.149,5.373,66.0,0.0,3.319036
2023-12-11 03:00:00+00:00,0.151,4.6730003,70.0,0.0,1.9386592
2023-12-11 04:00:00+00:00,0.152,3.923,72.0,0.0,2.9024127
2023-12-11 05:00:00+00:00,0.152,2.773,79.0,0.0,3.0758414
2023-12-11 06:00:00+00:00,0.153,2.573,74.0,0.0,2.2768397
2023-12-11 07:00:00+00:00,0.153,2.473,74.0,0.0,2.0991426
2023-12-11 08:00:00+00:00,0.154,1.773,76.0,0.0,3.6
2023-12-11 09:00:00+00:00,0.154,2.573,74.0,0.0,5.0142193
2023-12-11 10:00:00+00:00,0.154,4.6730003,72.0,0.0,6.696387
2023-12-11 11:00:00+00:00,0.153,7.2229996,64.0,0.0,15.077082
2023-12-11 12:00:00+00:00,0.151,8.873,48.0,0.0,16.595179
2023-12-11 13:00:00+00:00,0.148,10.273,39.0,0.0,20.46941
2023-12-11 14:00:00+00:00,0.145,11.473,36.0,0.0,22.539564
2023-12-11 15:00:00+00:00,0.142,11.773,35.0,0.0,24.514387
2023-12-11 16:00:00+00:00,0.14,11.422999,36.0,0.0,25.11758
2023-12-11 17:00:00+00:00,0.139,10.723,43.0,0.0,24.633049
2023-12-11 18:00:00+00:00,0.138,9.672999,50.0,0.0,25.338476
2023-12-11 19:00:00+00:00,0.137,9.773,52.0,0.0,23.068108
2023-12-11 20:00:00+00:00,0.137,10.172999,50.0,0.0,22.881958
2023-12-11 21:00:00+00:00,0.136,10.273,51.0,0.0,22.226902
2023-12-11 22:00:00+00:00,0.136,10.223,52.0,0.0,21.42227
2023-12-11 23:00:00+00:00,0.136,9.823,56.0,0.0,18.998316
2023-12-12 00:00:00+00:00,0.136,9.623,55.0,0.0,15.463246
2023-12-12 01:00:00+00:00,0.137,8.523,65.0,0.1,12.88981
2023-12-12 02:00:00+00:00,0.138,7.623,71.0,0.0,11.966954
2023-12-12 03:00:00+00:00,0.139,7.073,77.0,0.0,11.200571
2023-12-12 04:00:00+00:00,0.14,6.4729996,80.0,0.0,10.97262
2023-12-12 05:00:00+00:00,0.141,5.873,84.0,0.0,10.195057
2023-12-12 06:00:00+00:00,0.141,5.4230003,87.0,0.0,9.085988
2023-12-12 07:00:00+00:00,0.142,5.1730003,90.0,0.0,9.085988
2023-12-12 08:00:00+00:00,0.143,4.823,91.0,0.0,8.854829
2023-12-12 09:00:00+00:00,0.143,4.9729996,91.0,0.0,9.387651
2023-12-12 10:00:00+00:00,0.143,6.523,83.0,0.0,14.33234
2023-12-12 11:00:00+00:00,0.145,7.823,71.0,0.0,21.175835
2023-12-12 12:00:00+00:00,0.148,8.523,62.0,0.0,22.007162
2023-12-12 13:00:00+00:00,0.148,9.123,57.0,0.0,23.510508
2023-12-12 14:00:00+00:00,0.149,9.922999,53.0,0.1,24.014996
2023-12-12 15:00:00+00:00,0.152,10.172999,49.0,0.1,24.798223
2023-12-12 16:00:00+00:00,0.148,10.172999,49.0,0.0,28.664682
2023-12-12 17:00:00+00:00,0.146,9.873,52.0,0.0,26.081993
2023-12-12 18:00:00+00:00,0.148,10.922999,49.0,0.1,28.576382
2023-12-12 19:00:00+00:00,0.147,10.422999,58.0,0.1,25.6233
2023-12-12 20:00:00+00:00,0.148,10.373,62.0,0.1,26.903828
2023-12-12 21:00:00+00:00,0.158,9.773,67.0,0.3,26.111792
2023-12-12 22:00:00+00:00,0.175,9.373,69.0,0.4,27.504095
2023-12-12 23:00:00+00:00,0.177,9.422999,72.0,0.1,25.38702
2023-12-13 00:00:00+00:00,0.172,9.323,73.0,0.2,22.427162
2023-12-13 01:00:00+00:00,0.174,8.723,76.0,0.1,20.65848
2023-12-13 02:00:00+00:00,0.174,8.523,78.0,0.1,20.326454
2023-12-13 03:00:00+00:00,0.171,8.173,80.0,0.0,20.326454
2023-12-13 04:00:00+00:00,0.174,7.7229996,84.0,0.1,21.273533
2023-12-13 05:00:00+00:00,0.209,7.4729996,82.0,0.5,25.651104
2023-12-13 06:00:00+00:00,0.194,6.9230003,72.0,0.1,24.84
2023-12-13 07:00:00+00:00,0.186,6.123,70.0,0.0,28.082308
2023-12-13 08:00:00+00:00,0.182,5.323,68.0,0.0,25.582806
2023-12-13 09:00:00+00:00,0.179,5.1730003,66.0,0.0,23.40277
2023-12-13 10:00:00+00:00,0.177,5.9729996,63.0,0.0,26.282465
2023-12-13 11:00:00+00:00,0.175,6.9729996,57.0,0.0,29.88
2023-12-13 12:00:00+00:00,0.173,7.823,51.0,0.0,29.899511
2023-12-13 13:00:00+00:00,0.17,8.723,48.0,0.0,30.24214
2023-12-13 14:00:00+00:00,0.168,9.623,44.0,0.0,29.899511
2023-12-13 15:00:00+00:00,0.165,10.023,43.0,0.0,30.317043
2023-12-13 16:00:00+00:00,0.163,10.422999,41.0,0.0,30.344814
2023-12-13 17:00:00+00:00,0.161,10.922999,39.0,0.0,30.293522
2023-12-13 18:00:00+00:00,0.159,11.273,39.0,0.0,32.169178
2023-12-13 19:00:00+00:00,0.157,11.422999,39.0,0.0,30.317043
2023-12-13 20:00:00+00:00,0.155,11.323,39.0,0.0,28.47643
2023-12-13 21:00:00+00:00,0.154,10.773,41.0,0.0,26.642431
2023-12-13 22:00:00+00:00,0.153,10.023,43.0,0.0,24.933735
2023-12-13 23:00:00+00:00,0.153,9.323,46.0,0.0,23.377836
2023-12-14 00:00:00+00:00,0.153,8.473,49.0,0.0,21.129885
2023-12-14 01:00:00+00:00,0.153,7.323,56.0,0.0,16.516901
2023-12-14 02:00:00+00:00,0.153,6.373,64.0,0.0,12.879752
2023-12-14 03:00:00+00:00,0.153,5.4729996,72.0,0.0,10.464797
2023-12-14 04:00:00+00:00,0.154,4.9230003,76.0,0.0,9.673221
2023-12-14 05:00:00+00:00,0.154,4.9729996,75.0,0.0,11.246759
2023-12-14 06:00:00+00:00,0.154,4.073,80.0,0.0,9.085988
2023-12-14 07:00:00+00:00,0.154,3.723,81.0,0.0,8.161764
2023-12-14 08:00:00+00:00,0.155,3.723,80.0,0.0,8.534353
2023-12-14 09:00:00+00:00,0.155,3.973,78.0,0.0,8.089993
2023-12-14 10:00:00+00:00,0.154,5.4230003,72.0,0.0,9.693296
2023-12-14 11:00:00+00:00,0.154,7.523,61.0,0.0,15.072783
2023-12-14 12:00:00+00:00,0.152,8.473,56.0,0.0,16.075521
2023-12-14 13:00:00+00:00,0.15,9.823,47.0,0.0,17.610588
2023-12-14 14:00:00+00:00,0.15,10.073,45.0,0.0,20.150354
2023-12-14 15:00:00+00:00,0.155,11.273,41.0,0.1,20.371038
2023-12-14 16:00:00+00:00,0.156,12.073,35.0,0.1,19.469976
2023-12-14 17:00:00+00:00,0.152,11.672999,36.0,0.0,20.833395
2023-12-14 18:00:00+00:00,0.149,11.672999,39.0,0.3,22.881956
2023-12-14 19:00:00+00:00,0.163,11.422999,43.0,0.3,19.08
2023-12-14 20:00:00+00:00,0.157,12.672999,35.0,0.0,15.158522
2023-12-14 21:00:00+00:00,0.154,12.723,36.0,0.0,17.163355
2023-12-14 22:00:00+00:00,0.153,11.422999,48.0,0.0,17.163355
2023-12-14 23:00:00+00:00,0.158,10.573,57.0,0.1,14.494192
2023-12-15 00:00:00+00:00,0.21,8.973,70.0,0.1,11.4862
2023-12-15 01:00:00+00:00,0.199,7.873,82.0,0.2,9.449572
2023-12-15 02:00:00+00:00,0.193,7.073,88.0,0.1,10.028439
2023-12-15 03:00:00+00:00,0.188,6.573,92.0,0.0,4.73506
2023-12-15 04:00:00+00:00,0.22,6.073,96.0,0.5,5.4477882
2023-12-15 05:00:00+00:00,0.203,5.823,97.0,0.0,4.0249224
2023-12-15 06:00:00+00:00,0.189,5.573,97.0,0.0,6.0347
2023-12-15 07:00:00+00:00,0.187,5.323,98.0,0.0,3.96
2023-12-15 08:00:00+00:00,0.185,5.073,99.0,0.0,2.8799999
2023-12-15 09:00:00+00:00,0.184,5.273,98.0,0.0,2.52
2023-12-15 10:00:00+00:00,0.182,6.4230003,93.0,0.0,1.9386592
2023-12-15 11:00:00+00:00,0.18,7.823,82.0,0.0,3.2399998
2023-12-15 12:00:00+00:00,0.183,9.823,74.0,0.0,2.0991426
2023-12-15 13:00:00+00:00,0.179,11.172999,64.0,0.0,7.771331
2023-12-15 14:00:00+00:00,0.175,12.323,58.0,0.0,11.503113
2023-12-15 15:00:00+00:00,0.187,13.373,59.0,0.2,12.57426
2023-12-15 16:00:00+00:00,0.192,13.723,52.0,0.2,15.990646
2023-12-15 17:00:00+00:00,0.221,13.323,54.0,0.8,19.33639
2023-12-15 18:00:00+00:00,0.226,13.922999,54.0,0.4,17.713316
2023-12-15 19:00:00+00:00,0.238,13.473,51.0,0.5,20.858265
2023-12-15 20:00:00+00:00,0.216,13.823,44.0,0.0,23.313995
2023-12-15 21:00:00+00:00,0.207,13.273,45.0,0.0,23.510508
2023-12-15 22:00:00+00:00,0.201,12.223,51.0,0.0,21.746504
2023-12-15 23:00:00+00:00,0.201,10.323,62.0,0.0,19.852295
2023-12-16 00:00:00+00:00,0.212,9.023,71.0,0.1,16.299694
2023-12-16 01:00:00+00:00,0.204,8.073,75.0,0.2,14.205182
2023-12-16 02:00:00+00:00,0.199,7.023,77.0,0.0,14.408997
2023-12-16 03:00:00+00:00,0.196,6.273,80.0,0.0,15.281989
2023-12-16 04:00:00+00:00,0.194,5.573,83.0,0.0,15.484185
2023-12-16 05:00:00+00:00,0.193,5.023,85.0,0.0,15.484185
2023-12-16 06:00:00+00:00,0.19,4.523,81.0,0.0,17.771753
2023-12-16 07:00:00+00:00,0.188,3.873,75.0,0.0,16.65754
2023-12-16 08:00:00+00:00,0.187,3.323,77.0,0.0,16.65754
2023-12-16 09:00:00+00:00,0.186,3.523,75.0,0.0,17.673029
2023-12-16 10:00:00+00:00,0.185,4.623,65.0,0.0,19.443333
2023-12-16 11:00:00+00:00,0.183,5.9729996,59.0,0.0,21.626984
2023-12-16 12:00:00+00:00,0.18,7.9230003,45.0,0.0,27.288855
2023-12-16 13:00:00+00:00,0.177,8.773,43.0,0.0,26.795223
2023-12-16 14:00:00+00:00,0.173,8.773,44.0,0.0,27.086262
2023-12-16 15:00:00+00:00,0.171,9.723,44.0,0.0,28.137634
2023-12-16 16:00:00+00:00,0.173,10.172999,44.0,0.1,28.835976
2023-12-16 17:00:00+00:00,0.176,10.773,42.0,0.1,29.339449
2023-12-16 18:00:00+00:00,0.169,10.573,42.0,0.0,32.136932
2023-12-16 19:00:00+00:00,0.169,10.422999,42.0,0.1,31.700449
2023-12-16 20:00:00+00:00,0.172,10.023,44.0,0.1,31.450073
2023-12-16 21:00:00+00:00,0.168,9.573,46.0,0.0,29.96662
2023-12-16 22:00:00+00:00,0.165,9.023,47.0,0.0,28.639803
2023-12-16 23:00:00+00:00,0.163,8.173,49.0,0.0,26.717722
2023-12-17 00:00:00+00:00,0.159,7.373,53.0,0.0,25.420181
2023-12-17 01:00:00+00:00,0.159,6.273,58.0,0.0,21.647945
2023-12-17 02:00:00+00:00,0.16,5.323,66.0,0.0,20.163212
2023-12-17 03:00:00+00:00,0.16,4.4729996,72.0,0.0,19.523155
2023-12-17 04:00:00+00:00,0.161,3.873,75.0,0.0,18.584509
2023-12-17 05:00:00+00:00,0.161,3.423,78.0,0.0,17.377226
2023-12-17 06:00:00+00:00,0.162,2.873,79.0,0.0,15.281989
2023-12-17 07:00:00+00:00,0.162,2.273,82.0,0.0,13.450708
2023-12-17 08:00:00+00:00,0.163,1.823,84.0,0.0,12.313893
2023-12-17 09:00:00+00:00,0.163,2.323,83.0,0.0,12.224107
2023-12-17 10:00:00+00:00,0.163,4.323,73.0,0.0,15.03835
2023-12-17 11:00:00+00:00,0.162,6.523,61.0,0.0,19.416653
2023-12-17 12:00:00+00:00,0.16,8.723,54.0,0.0,22.3229
2023-12-17 13:00:00+00:00,0.158,9.823,50.0,0.0,23.444265
2023-12-17 14:00:00+00:00,0.156,10.973,46.0,0.0,22.91026
2023-12-17 15:00:00+00:00,0.153,11.773,43.0,0.0,22.91026
2023-12-17 16:00:00+00:00,0.151,11.973,43.0,0.0,22.104116
2023-12-17 17:00:00+00:00,0.149,12.473,41.0,0.0,23.14103
2023-12-17 18:00:00+00:00,0.147,13.273,38.0,0.0,22.33161
2023-12-17 19:00:00+00:00,0.146,13.273,39.0,0.0,23.0653
2023-12-17 20:00:00+00:00,0.145,12.473,45.0,0.0,23.177402
2023-12-17 21:00:00+00:00,0.145,11.973,49.0,0.0,22.392462
2023-12-17 22:00:00+00:00,0.144,11.773,50.0,0.0,21.24
2023-12-17 23:00:00+00:00,0.144,11.172999,52.0,0.0,21.626984
2023-12-18 00:00:00+00:00,0.138,10.123,56.0,0.0,19.469976
2023-12-18 01:00:00+00:00,0.139,9.273,62.0,0.0,19.09358
2023-12-18 02:00:00+00:00,0.139,8.523,67.0,0.0,19.296133
2023-12-18 03:00:00+00:00,0.14,8.023,72.0,0.0,19.562946
2023-12-18 04:00:00+00:00,0.14,7.573,75.0,0.0,18.709612
2023-12-18 05:00:00+00:00,0.141,7.623,75.0,0.0,17.873556
2023-12-18 06:00:00+00:00,0.141,7.573,75.0,0.0,19.201874
2023-12-18 07:00:00+00:00,0.141,7.023,78.0,0.0,16.75064
2023-12-18 08:00:00+00:00,0.142,6.523,82.0,0.0,14.512064
2023-12-18 09:00:00+00:00,0.142,7.073,81.0,0.0,15.517629
2023-12-18 10:00:00+00:00,0.142,8.823,74.0,0.0,19.803272
2023-12-18 11:00:00+00:00,0.142,10.023,70.0,0.0,23.110207
2023-12-18 12:00:00+00:00,0.141,11.323,67.0,0.0,25.241108
2023-12-18 13:00:00+00:00,0.139,12.773,62.0,0.0,25.212852
2023-12-18 14:00:00+00:00,0.137,14.373,58.0,0.0,25.932495
2023-12-18 15:00:00+00:00,0.135,15.422999,56.0,0.0,25.671307
2023-12-18 16:00:00+00:00,0.133,16.073,55.0,0.0,25.346148
2023-12-18 17:00:00+00:00,0.131,16.173,56.0,0.0,27.288855
2023-12-18 18:00:00+00:00,0.131,17.023,53.0,0.0,28.623962
2023-12-18 19:00:00+00:00,0.129,17.323,53.0,0.0,29.381382
2023-12-18 20:00:00+00:00,0.128,17.173,54.0,0.0,29.427662
2023-12-18 21:00:00+00:00,0.128,16.273,57.0,0.0,29.381382
2023-12-18 22:00:00+00:00,0.128,15.172999,60.0,0.0,28.856194
2023-12-18 23:00:00+00:00,0.128,14.023,64.0,0.0,27.0024
2023-12-19 00:00:00+00:00,0.13,12.823,67.0,0.0,25.942488
2023-12-19 01:00:00+00:00,0.131,11.672999,72.0,0.0,23.828083
2023-12-19 02:00:00+00:00,0.131,10.873,76.0,0.0,22.007162
2023-12-19 03:00:00+00:00,0.132,10.523,78.0,0.0,20.957443
2023-12-19 04:00:00+00:00,0.133,10.323,79.0,0.0,20.598795
2023-12-19 05:00:00+00:00,0.133,10.273,79.0,0.0,19.959719
2023-12-19 06:00:00+00:00,0.134,10.273,78.0,0.0,20.240196
2023-12-19 07:00:00+00:00,0.134,9.873,81.0,0.0,18.94024
2023-12-19 08:00:00+00:00,0.134,9.573,83.0,0.0,18.25026
2023-12-19 09:00:00+00:00,0.135,10.073,82.0,0.0,18.692286
2023-12-19 10:00:00+00:00,0.135,11.223,77.0,0.0,20.617662
2023-12-19 11:00:00+00:00,0.135,12.273,73.0,0.0,23.42491
2023-12-19 12:00:00+00:00,0.134,13.573,67.0,0.0,25.199999
2023-12-19 13:00:00+00:00,0.133,14.473,64.0,0.0,25.942488
2023-12-19 14:00:00+00:00,0.132,15.922999,59.0,0.0,26.700743
2023-12-19 15:00:00+00:00,0.131,16.723001,57.0,0.0,26.836306
2023-12-19 16:00:00+00:00,0.13,17.123001,56.0,0.0,25.683926
2023-12-19 17:00:00+00:00,0.128,17.673,54.0,0.0,26.400545
2023-12-19 18:00:00+00:00,0.128,17.473001,53.0,0.0,26.836306
2023-12-19 19:00:00+00:00,0.127,17.823,52.0,0.0,25.683926
2023-12-19 20:00:00+00:00,0.126,17.473001,54.0,0.0,26.009842
2023-12-19 21:00:00+00:00,0.126,16.823,56.0,0.0,26.368616
2023-12-19 22:00:00+00:00,0.126,16.173,58.0,0.0,24.905132
2023-12-19 23:00:00+00:00,0.126,15.273,62.0,0.0,23.042812
2023-12-20 00:00:00+00:00,0.127,14.323,64.0,0.0,21.316135
2023-12-20 01:00:00+00:00,0.127,13.623,68.0,0.0,18.844202
2023-12-20 02:00:00+00:00,0.128,12.672999,74.0,0.0,15.03835
2023-12-20 03:00:00+00:00,0.128,12.123,77.0,0.0,13.896187
2023-12-20 04:00:00+00:00,0.129,11.573,80.0,0.0,13.207634
2023-12-20 05:00:00+00:00,0.129,11.073,83.0,0.0,12.43434
2023-12-20 06:00:00+00:00,0.13,11.223,82.0,0.0,12.10157
2023-12-20 07:00:00+00:00,0.13,10.723,85.0,0.0,10.966713
2023-12-20 08:00:00+00:00,0.13,10.172999,89.0,0.0,9.693296
2023-12-20 09:00:00+00:00,0.131,10.373,88.0,0.0,9.83268
2023-12-20 10:00:00+00:00,0.131,11.723,80.0,0.0,13.1041975
2023-12-20 11:00:00+00:00,0.131,13.422999,72.0,0.0,17.654686
2023-12-20 12:00:00+00:00,0.13,15.922999,59.0,0.0,23.587555
2023-12-20 13:00:00+00:00,0.129,17.023,54.0,0.0,25.96496
2023-12-20 14:00:00+00:00,0.127,18.073,50.0,0.0,28.036118
2023-12-20 15:00:00+00:00,0.126,18.073,50.0,0.0,28.528723
2023-12-20 16:00:00+00:00,0.125,18.423,49.0,0.0,30.009838
2023-12-20 17:00:00+00:00,0.124,18.723001,47.0,0.0,31.845247
2023-12-20 18:00:00+00:00,0.123,17.823,47.0,0.0,33.2781
2023-12-20 19:00:00+00:00,0.123,16.673,51.0,0.0,34.567497
2023-12-20 20:00:00+00:00,0.123,14.422999,52.0,0.0,36.764088
2023-12-20 21:00:00+00:00,0.123,14.172999,52.0,0.0,38.986523
2023-12-20 22:00:00+00:00,0.123,12.922999,54.0,0.0,37.14286
2023-12-20 23:00:00+00:00,0.123,10.223,56.0,0.0,39.771442
2023-12-21 00:00:00+00:00,0.122,8.823,62.0,0.0,41.476624
2023-12-21 01:00:00+00:00,0.123,7.7229996,68.0,0.0,37.123665
2023-12-21 02:00:00+00:00,0.123,7.573,67.0,0.0,31.92654
2023-12-21 03:00:00+00:00,0.124,7.1730003,67.0,0.0,29.024128
2023-12-21 04:00:00+00:00,0.124,6.6730003,68.0,0.0,25.325686
2023-12-21 05:00:00+00:00,0.124,6.1730003,71.0,0.0,21.24305
2023-12-21 06:00:00+00:00,0.125,5.7229996,77.0,0.0,21.077686
2023-12-21 07:00:00+00:00,0.125,5.323,78.0,0.0,20.721119
2023-12-21 08:00:00+00:00,0.125,4.9729996,77.0,0.0,19.245697
2023-12-21 09:00:00+00:00,0.125,5.073,76.0,0.0,18.844202
2023-12-21 10:00:00+00:00,0.126,6.1730003,70.0,0.0,21.986542
2023-12-21 11:00:00+00:00,0.125,7.4230003,60.0,0.0,25.241108
2023-12-21 12:00:00+00:00,0.125,8.922999,53.0,0.0,26.302181
2023-12-21 13:00:00+00:00,0.124,10.422999,46.0,0.0,28.1169
2023-12-21 14:00:00+00:00,0.123,11.672999,44.0,0.0,29.627363
2023-12-21 15:00:00+00:00,0.122,12.373,42.0,0.0,28.943642
2023-12-21 16:00:00+00:00,0.121,13.473,39.0,0.0,28.08923
2023-12-21 17:00:00+00:00,0.119,14.273,38.0,0.0,29.16
2023-12-21 18:00:00+00:00,0.118,14.373,38.0,0.0,31.75355
2023-12-21 19:00:00+00:00,0.117,14.473,37.0,0.0,33.12
2023-12-21 20:00:00+00:00,0.117,13.973,41.0,0.0,31.68
2023-12-21 21:00:00+00:00,0.116,13.422999,43.0,0.0,29.88217
2023-12-21 22:00:00+00:00,0.116,12.523,44.0,0.0,29.522196
2023-12-21 23:00:00+00:00,0.116,11.523,47.0,0.0,27.021591
2023-12-22 00:00:00+00:00,0.117,10.922999,52.0,0.0,24.162945
2023-12-22 01:00:00+00:00,0.117,9.873,55.0,0.0,23.411074
2023-12-22 02:00:00+00:00,0.117,8.773,53.0,0.0,22.007162
2023-12-22 03:00:00+00:00,0.118,8.273,58.0,0.0,17.313717
2023-12-22 04:00:00+00:00,0.118,7.6730003,67.0,0.1,13.450708
2023-12-22 05:00:00+00:00,0.119,6.9230003,76.0,0.2,9.957108
2023-12-22 06:00:00+00:00,0.141,6.7229996,82.0,0.1,8.0899935
2023-12-22 07:00:00+00:00,0.185,6.9729996,85.0,0.7,12.768586
2023-12-22 08:00:00+00:00,0.199,6.873,74.0,0.2,22.065973
2023-12-22 09:00:00+00:00,0.187,6.773,74.0,0.1,23.188583
2023-12-22 10:00:00+00:00,0.186,7.1730003,74.0,0.2,22.59699
2023-12-22 11:00:00+00:00,0.186,7.873,71.0,0.2,24.95452
2023-12-22 12:00:00+00:00,0.168,8.672999,64.0,0.0,29.69727
2023-12-22 13:00:00+00:00,0.206,9.073,66.0,0.8,31.883888
2023-12-22 14:00:00+00:00,0.187,10.323,59.0,0.0,30.657122
2023-12-22 15:00:00+00:00,0.186,11.723,50.0,0.1,34.247337
2023-12-22 16:00:00+00:00,0.183,12.473,47.0,0.1,35.1862
2023-12-22 17:00:00+00:00,0.201,11.823,48.0,0.4,35.690872
2023-12-22 18:00:00+00:00,0.184,12.422999,45.0,0.1,40.53159
2023-12-22 19:00:00+00:00,0.183,12.073,44.0,0.0,40.456375
2023-12-22 20:00:00+00:00,0.177,11.223,47.0,0.0,40.076588
2023-12-22 21:00:00+00:00,0.173,10.523,50.0,0.0,38.774857
2023-12-22 22:00:00+00:00,0.17,9.823,52.0,0.0,36.939926
2023-12-22 23:00:00+00:00,0.168,9.073,53.0,0.0,35.105072
2023-12-23 00:00:00+00:00,0.158,7.773,55.0,0.0,33.541878
2023-12-23 01:00:00+00:00,0.157,6.773,63.0,0.0,30.413074
2023-12-23 02:00:00+00:00,0.156,5.873,69.0,0.0,30.259275
2023-12-23 03:00:00+00:00,0.155,5.273,67.0,0.0,31.75355
2023-12-23 04:00:00+00:00,0.154,4.9230003,66.0,0.0,31.06239
2023-12-23 05:00:00+00:00,0.153,4.6730003,68.0,0.0,28.1169
2023-12-23 06:00:00+00:00,0.153,4.823,72.0,0.0,27.0024
2023-12-23 07:00:00+00:00,0.152,4.773,74.0,0.0,26.009842
2023-12-23 08:00:00+00:00,0.151,4.9230003,74.0,0.0,27.36947
2023-12-23 09:00:00+00:00,0.15,5.2229996,70.0,0.0,27.397867
2023-12-23 10:00:00+00:00,0.15,6.323,69.0,0.0,28.521906
2023-12-23 11:00:00+00:00,0.149,7.623,65.0,0.0,32.41799
2023-12-23 12:00:00+00:00,0.147,9.273,60.0,0.0,32.399998
2023-12-23 13:00:00+00:00,0.145,10.323,59.0,0.0,31.353085
2023-12-23 14:00:00+00:00,0.144,10.723,59.0,0.0,32.169178
2023-12-23 15:00:00+00:00,0.142,11.223,58.0,0.0,31.97319
2023-12-23 16:00:00+00:00,0.141,11.723,57.0,0.0,35.756172
2023-12-23 17:00:00+00:00,0.14,11.672999,59.0,0.1,35.1862
2023-12-23 18:00:00+00:00,0.148,11.473,60.0,0.4,36.217144
2023-12-23 19:00:00+00:00,0.154,11.223,62.0,0.2,33.04361
2023-12-23 20:00:00+00:00,0.179,10.573,70.0,0.6,32.058193
2023-12-23 21:00:00+00:00,0.199,10.473,74.0,0.6,26.208395
2023-12-23 22:00:00+00:00,0.212,10.323,76.0,0.5,24.20314
2023-12-23 23:00:00+00:00,0.202,10.172999,77.0,0.1,26.807312
2023-12-24 00:00:00+00:00,0.181,10.172999,73.0,0.0,28.58545
2023-12-24 01:00:00+00:00,0.176,9.523,75.0,0.0,28.880886
2023-12-24 02:00:00+00:00,0.174,8.922999,77.0,0.0,27.729347
2023-12-24 03:00:00+00:00,0.171,8.523,79.0,0.0,26.282465
2023-12-24 04:00:00+00:00,0.169,7.9729996,81.0,0.0,25.56
2023-12-24 05:00:00+00:00,0.168,7.773,81.0,0.0,25.562534
2023-12-24 06:00:00+00:00,0.166,8.073,82.0,0.0,27.362366
2023-12-24 07:00:00+00:00,0.165,8.023,79.0,0.0,26.121714
2023-12-24 08:00:00+00:00,0.163,7.4729996,66.0,0.0,29.59235
2023-12-24 09:00:00+00:00,0.162,6.773,71.0,0.0,27.059933
2023-12-24 10:00:00+00:00,0.16,7.573,67.0,0.0,28.551426
2023-12-24 11:00:00+00:00,0.158,8.922999,55.0,0.0,31.608328
2023-12-24 12:00:00+00:00,0.156,9.873,47.0,0.0,29.250967
2023-12-24 13:00:00+00:00,0.154,10.873,43.0,0.0,31.311722
2023-12-24 14:00:00+00:00,0.151,11.523,41.0,0.0,31.875755
2023-12-24 15:00:00+00:00,0.149,12.172999,40.0,0.0,30.96837
2023-12-24 16:00:00+00:00,0.146,12.973,38.0,0.0,30.5173
2023-12-24 17:00:00+00:00,0.143,13.172999,39.0,0.0,30.96837
2023-12-24 18:00:00+00:00,0.141,13.773,39.0,0.0,34.509335
2023-12-24 19:00:00+00:00,0.139,13.523,40.0,0.0,33.00436
2023-12-24 20:00:00+00:00,0.138,12.873,45.0,0.0,31.70658
2023-12-24 21:00:00+00:00,0.137,11.922999,52.0,0.0,30.855171
2023-12-24 22:00:00+00:00,0.137,11.273,57.0,0.0,25.959969
2023-12-24 23:00:00+00:00,0.137,11.023,61.0,0.0,22.691425
2023-12-25 00:00:00+00:00,0.136,11.073,60.0,0.0,21.791153
2023-12-25 01:00:00+00:00,0.136,10.172999,61.0,0.0,25.071096
2023-12-25 02:00:00+00:00,0.137,9.073,70.0,0.1,17.31746
2023-12-25 03:00:00+00:00,0.139,8.723,77.0,0.1,15.124284
2023-12-25 04:00:00+00:00,0.149,8.623,81.0,0.2,18.844202
2023-12-25 05:00:00+00:00,0.16,8.773,84.0,0.1,21.096123
2023-12-25 06:00:00+00:00,0.168,8.873,84.0,0.2,20.3774
2023-12-25 07:00:00+00:00,0.173,9.073,85.0,0.1,22.065973
2023-12-25 08:00:00+00:00,0.171,9.172999,85.0,0.1,22.26477
2023-12-25 09:00:00+00:00,0.176,9.523,85.0,0.2,24.280659
2023-12-25 10:00:00+00:00,0.178,10.123,84.0,0.1,28.174456
2023-12-25 11:00:00+00:00,0.172,11.273,78.0,0.0,30.413074
2023-12-25 12:00:00+00:00,0.165,12.073,65.0,0.0,34.606842
2023-12-25 13:00:00+00:00,0.161,12.823,62.0,0.0,36.376038
2023-12-25 14:00:00+00:00,0.158,13.973,54.0,0.0,37.938602
2023-12-25 15:00:00+00:00,0.154,14.273,51.0,0.0,37.374172
2023-12-25 16:00:00+00:00,0.151,14.373,48.0,0.0,39.18712
2023-12-25 17:00:00+00:00,0.15,14.023,49.0,0.0,39.60818
2023-12-25 18:00:00+00:00,0.146,14.023,47.0,0.0,45.766747
2023-12-25 19:00:00+00:00,0.144,13.073,46.0,0.0,48.02999
2023-12-25 20:00:00+00:00,0.143,11.773,42.0,0.0,47.838024
2023-12-25 21:00:00+00:00,0.142,10.922999,46.0,0.0,44.91929
2023-12-25 22:00:00+00:00,0.141,10.073,46.0,0.0,42.45253
2023-12-25 23:00:00+00:00,0.14,9.723,47.0,0.0,41.38121
2023-12-26 00:00:00+00:00,0.136,9.023,53.0,0.0,39.29116
2023-12-26 01:00:00+00:00,0.136,7.573,65.0,0.0,36.813408
2023-12-26 02:00:00+00:00,0.136,6.873,70.0,0.0,36.57501
2023-12-26 03:00:00+00:00,0.136,6.623,72.0,0.0,36.832767
2023-12-26 04:00:00+00:00,0.137,6.523,74.0,0.0,37.254345
2023-12-26 05:00:00+00:00,0.136,6.4230003,73.0,0.0,40.991024
2023-12-26 06:00:00+00:00,0.136,6.073,69.0,0.0,45.107872
2023-12-26 07:00:00+00:00,0.136,5.873,72.0,0.0,43.738148
2023-12-26 08:00:00+00:00,0.136,5.9729996,72.0,0.0,43.683296
2023-12-26 09:00:00+00:00,0.136,6.123,71.0,0.0,43.135452
2023-12-26 10:00:00+00:00,0.136,6.873,68.0,0.0,42.46474
2023-12-26 11:00:00+00:00,0.135,8.173,62.0,0.0,40.016712
2023-12-26 12:00:00+00:00,0.135,9.922999,57.0,0.0,44.700928
2023-12-26 13:00:00+00:00,0.134,10.773,52.0,0.0,47.051323
2023-12-26 14:00:00+00:00,0.132,11.723,48.0,0.0,48.530617
2023-12-26 15:00:00+00:00,0.131,12.323,46.0,0.0,49.54024
2023-12-26 16:00:00+00:00,0.13,12.623,46.0,0.0,49.59645
2023-12-26 17:00:00+00:00,0.128,12.773,45.0,0.0,49.007618
2023-12-26 18:00:00+00:00,0.127,13.373,44.0,0.0,53.386917
2023-12-26 19:00:00+00:00,0.126,13.023,44.0,0.0,51.844997
2023-12-26 20:00:00+00:00,0.126,12.373,46.0,0.0,51.19726
2023-12-26 21:00:00+00:00,0.126,11.623,46.0,0.0,48.945435
2023-12-26 22:00:00+00:00,0.125,10.873,47.0,0.0,46.941013
2023-12-26 23:00:00+00:00,0.125,9.672999,52.0,0.0,45.010075
2023-12-27 00:00:00+00:00,0.122,8.973,53.0,0.0,42.73702
2023-12-27 01:00:00+00:00,0.122,7.9230003,58.0,0.0,40.39867
2023-12-27 02:00:00+00:00,0.122,7.2229996,62.0,0.0,39.640884
2023-12-27 03:00:00+00:00,0.123,7.123,70.0,0.0,38.60234
2023-12-27 04:00:00+00:00,0.123,7.023,74.0,0.0,40.06365
2023-12-27 05:00:00+00:00,0.123,6.873,76.0,0.0,36.896046
2023-12-27 06:00:00+00:00,0.123,7.373,77.0,0.0,31.259945
2023-12-27 07:00:00+00:00,0.123,7.4230003,80.0,0.0,31.421213
2023-12-27 08:00:00+00:00,0.124,7.6730003,73.0,0.0,36.145508
2023-12-27 09:00:00+00:00,0.124,7.323,76.0,0.0,34.921856
2023-12-27 10:00:00+00:00,0.123,8.323,71.0,0.0,35.656357
2023-12-27 11:00:00+00:00,0.123,9.023,58.0,0.0,41.251034
2023-12-27 12:00:00+00:00,0.123,9.723,57.0,0.0,41.66679
2023-12-27 13:00:00+00:00,0.122,10.523,51.0,0.0,43.831387
2023-12-27 14:00:00+00:00,0.121,11.073,40.0,0.0,48.2776
2023-12-27 15:00:00+00:00,0.12,11.523,43.0,0.0,45.845966
2023-12-27 16:00:00+00:00,0.119,11.223,44.0,0.0,48.952057
2023-12-27 17:00:00+00:00,0.12,11.473,41.0,0.0,49.73736
2023-12-27 18:00:00+00:00,0.119,11.723,41.0,0.0,48.288334
2023-12-27 19:00:00+00:00,0.118,11.473,45.0,0.0,46.10952
2023-12-27 20:00:00+00:00,0.117,11.623,43.0,0.0,45.435646
2023-12-27 21:00:00+00:00,0.116,10.922999,45.0,0.0,42.366966
2023-12-27 22:00:00+00:00,0.116,9.922999,49.0,0.0,38.639256
2023-12-27 23:00:00+00:00,0.116,8.672999,51.0,0.0,35.598152
2023-12-28 00:00:00+00:00,0.116,6.9729996,53.0,0.0,33.1845
2023-12-28 01:00:00+00:00,0.117,5.123,51.0,0.0,29.644857
2023-12-28 02:00:00+00:00,0.117,3.973,59.0,0.0,29.957972
2023-12-28 03:00:00+00:00,0.117,3.523,59.0,0.0,29.035288
2023-12-28 04:00:00+00:00,0.117,3.323,63.0,0.0,26.901417
2023-12-28 05:00:00+00:00,0.118,3.223,64.0,0.0,27.852928
2023-12-28 06:00:00+00:00,0.118,2.923,68.0,0.0,27.416782
2023-12-28 07:00:00+00:00,0.118,2.873,65.0,0.0,26.807312
2023-12-28 08:00:00+00:00,0.118,2.523,70.0,0.0,26.903828
2023-12-28 09:00:00+00:00,0.118,2.873,66.0,0.0,24.64094
2023-12-28 10:00:00+00:00,0.118,3.923,63.0,0.0,26.654589
2023-12-28 11:00:00+00:00,0.118,5.023,56.0,0.0,28.820242
2023-12-28 12:00:00+00:00,0.118,6.123,51.0,0.0,29.337238
2023-12-28 13:00:00+00:00,0.117,7.323,44.0,0.0,30.261421
2023-12-28 14:00:00+00:00,0.116,8.023,41.0,0.0,31.853388
2023-12-28 15:00:00+00:00,0.115,9.023,34.0,0.0,31.902174
2023-12-28 16:00:00+00:00,0.114,9.523,32.0,0.0,29.03752
2023-12-28 17:00:00+00:00,0.113,9.672999,31.0,0.0,28.583183
2023-12-28 18:00:00+00:00,0.113,9.573,32.0,0.0,29.882166
2023-12-28 19:00:00+00:00,0.112,9.922999,32.0,0.0,31.353085
2023-12-28 20:00:00+00:00,0.112,9.672999,33.0,0.0,31.557032
2023-12-28 21:00:00+00:00,0.111,9.523,36.0,0.0,31.75355
2023-12-28 22:00:00+00:00,0.111,8.773,43.0,0.0,31.722925
2023-12-28 23:00:00+00:00,0.111,7.873,44.0,0.0,29.354902
2023-12-29 00:00:00+00:00,0.111,6.823,50.0,0.0,27.66384
2023-12-29 01:00:00+00:00,0.112,5.9230003,57.0,0.0,24.933735
2023-12-29 02:00:00+00:00,0.112,5.373,60.0,0.0,23.051247
2023-12-29 03:00:00+00:00,0.112,4.9729996,61.0,0.0,22.805367
2023-12-29 04:00:00+00:00,0.113,4.623,65.0,0.0,21.479666
2023-12-29 05:00:00+00:00,0.113,4.373,70.0,0.0,19.416653
2023-12-29 06:00:00+00:00,0.113,3.873,72.0,0.0,16.23596
2023-12-29 07:00:00+00:00,0.113,3.273,81.0,0.0,12.245294
2023-12-29 08:00:00+00:00,0.114,2.823,86.0,0.0,11.570515
2023-12-29 09:00:00+00:00,0.114,3.173,73.0,0.0,11.792404
2023-12-29 10:00:00+00:00,0.114,5.073,62.0,0.0,12.849528
2023-12-29 11:00:00+00:00,0.114,7.523,54.0,0.0,17.643673
2023-12-29 12:00:00+00:00,0.113,9.672999,51.0,0.0,20.633371
2023-12-29 13:00:00+00:00,0.112,10.773,56.0,0.0,23.828083
2023-12-29 14:00:00+00:00,0.112,10.723,58.0,0.0,26.525429
2023-12-29 15:00:00+00:00,0.111,12.023,53.0,0.0,28.739187
2023-12-29 16:00:00+00:00,0.11,12.973,48.0,0.0,32.048088
2023-12-29 17:00:00+00:00,0.109,12.823,50.0,0.0,31.355152
2023-12-29 18:00:00+00:00,0.109,12.823,49.0,0.0,33.46645
2023-12-29 19:00:00+00:00,0.108,12.422999,50.0,0.0,32.136932
2023-12-29 20:00:00+00:00,0.109,11.723,60.0,0.1,28.496904
2023-12-29 21:00:00+00:00,0.121,11.172999,66.0,0.3,25.223133
2023-12-29 22:00:00+00:00,0.135,10.922999,73.0,0.2,25.153671
2023-12-29 23:00:00+00:00,0.152,10.323,79.0,0.3,24.717085
2023-12-30 00:00:00+00:00,0.148,9.773,81.0,0.1,26.124195
2023-12-30 01:00:00+00:00,0.142,9.422999,83.0,0.0,25.582806
2023-12-30 02:00:00+00:00,0.138,9.422999,84.0,0.0,26.987997
2023-12-30 03:00:00+00:00,0.136,9.573,83.0,0.0,26.33911
2023-12-30 04:00:00+00:00,0.134,9.373,83.0,0.0,24.336637
2023-12-30 05:00:00+00:00,0.133,9.573,78.0,0.0,27.44513
2023-12-30 06:00:00+00:00,0.132,9.172999,79.0,0.0,30.962095
2023-12-30 07:00:00+00:00,0.131,8.523,80.0,0.0,29.957968
2023-12-30 08:00:00+00:00,0.13,7.9230003,80.0,0.0,29.528778
2023-12-30 09:00:00+00:00,0.13,7.623,77.0,0.0,30.96837
2023-12-30 10:00:00+00:00,0.129,8.273,73.0,0.0,32.44996
2023-12-30 11:00:00+00:00,0.128,9.723,62.0,0.0,33.145424
2023-12-30 12:00:00+00:00,0.127,10.873,52.0,0.0,33.441265
2023-12-30 13:00:00+00:00,0.125,11.922999,46.0,0.0,32.79361
2023-12-30 14:00:00+00:00,0.124,12.973,42.0,0.0,31.65135
2023-12-30 15:00:00+00:00,0.122,13.672999,39.0,0.0,30.758411
2023-12-30 16:00:00+00:00,0.12,13.973,38.0,0.0,31.559086
2023-12-30 17:00:00+00:00,0.118,13.922999,38.0,0.0,32.571545
2023-12-30 18:00:00+00:00,0.117,13.723,39.0,0.0,33.58821
2023-12-30 19:00:00+00:00,0.116,13.373,40.0,0.0,34.04808
2023-12-30 20:00:00+00:00,0.115,12.922999,42.0,0.0,34.509335
2023-12-30 21:00:00+00:00,0.115,12.273,45.0,0.0,34.04808
2023-12-30 22:00:00+00:00,0.115,11.473,49.0,0.0,33.014175
2023-12-30 23:00:00+00:00,0.115,10.523,53.0,0.0,31.104082
2023-12-31 00:00:00+00:00,0.115,9.623,57.0,0.0,29.168886
2023-12-31 01:00:00+00:00,0.115,8.672999,61.0,0.0,26.6327
2023-12-31 02:00:00+00:00,0.116,7.7229996,66.0,0.0,24.216522
2023-12-31 03:00:00+00:00,0.116,7.023,70.0,0.0,22.319998
2023-12-31 04:00:00+00:00,0.116,6.623,73.0,0.0,21.647945
2023-12-31 05:00:00+00:00,0.116,6.4729996,76.0,0.0,21.746504
2023-12-31 06:00:00+00:00,0.116,6.323,79.0,0.0,21.188072
2023-12-31 07:00:00+00:00,0.116,5.9230003,82.0,0.0,19.734436
2023-12-31 08:00:00+00:00,0.116,5.573,85.0,0.0,17.917007
2023-12-31 09:00:00+00:00,0.116,5.873,84.0,0.0,17.447933
2023-12-31 10:00:00+00:00,0.116,7.323,75.0,0.0,19.652176
2023-12-31 11:00:00+00:00,0.116,9.422999,61.0,0.0,24.216522
2023-12-31 12:00:00+00:00,0.115,11.323,50.0,0.0,28.739187
2023-12-31 13:00:00+00:00,0.114,12.672999,44.0,0.0,30.652895
2023-12-31 14:00:00+00:00,0.112,13.773,41.0,0.0,31.559088
2023-12-31 15:00:00+00:00,0.111,14.723,39.0,0.0,31.491255
2023-12-31 16:00:00+00:00,0.11,15.473,38.0,0.0,30.926489
2023-12-31 17:00:00+00:00,0.108,16.073,39.0,0.0,30.035742
2023-12-31 18:00:00+00:00,0.107,16.373001,40.0,0.0,28.73242
2023-12-31 19:00:00+00:00,0.106,16.373001,41.0,0.0,27.155552
2023-12-31 20:00:00+00:00,0.105,16.173,43.0,0.0,25.14852
2023-12-31 21:00:00+00:00,0.105,15.823,45.0,0.0,23.087763
2023-12-31 22:00:00+00:00,0.105,15.473,47.0,0.0,20.721119
2023-12-31 23:00:00+00:00,0.106,14.973,50.0,0.0,18.391735
2024-01-01 00:00:00+00:00,0.106,14.172999,54.0,0.0,15.484185
2024-01-01 01:00:00+00:00,0.106,12.873,61.0,0.0,10.8955765
2024-01-01 02:00:00+00:00,0.107,11.273,70.0,0.0,6.28713
2024-01-01 03:00:00+00:00,0.107,9.873,77.0,0.0,3.8939953
2024-01-01 04:00:00+00:00,0.107,8.823,80.0,0.0,4.198285
2024-01-01 05:00:00+00:00,0.108,7.9230003,82.0,0.0,5.1165614
2024-01-01 06:00:00+00:00,0.108,7.323,83.0,0.0,6.297428
2024-01-01 07:00:00+00:00,0.135,9.422999,77.0,0.1,9.255571
2024-01-01 08:00:00+00:00,0.138,9.323,80.0,0.1,5.937272
2024-01-01 09:00:00+00:00,0.14,9.773,81.0,0.1,4.3498964
2024-01-01 10:00:00+00:00,0.139,11.323,75.0,0.0,6.989936
2024-01-01 11:00:00+00:00,0.107,9.773,80.0,0.1,9.19939
2024-01-01 12:00:00+00:00,0.113,11.273,80.0,0.3,13.207634
2024-01-01 13:00:00+00:00,0.111,13.422999,72.0,0.0,17.377226
2024-01-01 14:00:00+00:00,0.12,13.873,72.0,0.2,19.245697
2024-01-01 15:00:00+00:00,0.116,15.473,66.0,0.0,20.833395
2024-01-01 16:00:00+00:00,0.112,16.873001,58.0,0.0,29.519999
2024-01-01 17:00:00+00:00,0.109,17.623001,55.0,0.0,29.574827
2024-01-01 18:00:00+00:00,0.106,18.223001,53.0,0.0,29.598919
2024-01-01 19:00:00+00:00,0.104,18.423,53.0,0.0,27.869207
2024-01-01 20:00:00+00:00,0.102,18.723001,52.0,0.0,25.812277
2024-01-01 21:00:00+00:00,0.101,17.923,56.0,0.0,24.923338
2024-01-01 22:00:00+00:00,0.1,17.573,58.0,0.0,21.749481
2024-01-01 23:00:00+00:00,0.1,17.023,60.0,0.0,20.724247
2024-01-02 00:00:00+00:00,0.103,16.673,60.0,0.0,18.792551
2024-01-02 01:00:00+00:00,0.103,15.473,65.0,0.0,14.658676
2024-01-02 02:00:00+00:00,0.103,14.273,70.0,0.0,12.682018
2024-01-02 03:00:00+00:00,0.104,12.873,76.0,0.0,13.18308
2024-01-02 04:00:00+00:00,0.104,11.873,82.0,0.0,11.983188
2024-01-02 05:00:00+00:00,0.105,11.473,84.0,0.0,12.904882
2024-01-02 06:00:00+00:00,0.105,12.373,79.0,0.1,11.966954
2024-01-02 07:00:00+00:00,0.121,12.973,77.0,0.2,12.261157
2024-01-02 08:00:00+00:00,0.119,12.922999,78.0,0.0,8.161764
2024-01-02 09:00:00+00:00,0.118,12.223,82.0,0.0,5.95906
2024-01-02 10:00:00+00:00,0.119,13.023,79.0,0.0,10.823973
2024-01-02 11:00:00+00:00,0.143,13.223,79.0,0.3,18.228943
2024-01-02 12:00:00+00:00,0.136,14.973,57.0,0.1,17.81909
2024-01-02 13:00:00+00:00,0.131,16.123001,51.0,0.0,25.919998
2024-01-02 14:00:00+00:00,0.126,16.323,45.0,0.0,28.082308
2024-01-02 15:00:00+00:00,0.121,17.473001,39.0,0.0,29.986076
2024-01-02 16:00:00+00:00,0.117,17.523,34.0,0.0,32.736256
2024-01-02 17:00:00+00:00,0.114,17.523,31.0,0.0,32.24161
2024-01-02 18:00:00+00:00,0.111,17.423,27.0,0.0,32.41799
2024-01-02 19:00:00+00:00,0.109,16.873001,27.0,0.0,30.962095
2024-01-02 20:00:00+00:00,0.108,16.773,28.0,0.0,31.012281
2024-01-02 21:00:00+00:00,0.107,16.323,28.0,0.0,30.855171
2024-01-02 22:00:00+00:00,0.106,15.672999,30.0,0.0,28.883131
2024-01-02 23:00:00+00:00,0.106,14.823,34.0,0.0,27.112564
2024-01-03 00:00:00+00:00,0.093,13.723,36.0,0.0,24.522316
2024-01-03 01:00:00+00:00,0.093,12.373,43.0,0.0,21.647945
2024-01-03 02:00:00+00:00,0.093,11.523,47.0,0.0,19.852295
2024-01-03 03:00:00+00:00,0.093,10.873,51.0,0.0,18.03237
2024-01-03 04:00:00+00:00,0.093,10.223,55.0,0.0,15.905319
2024-01-03 05:00:00+00:00,0.094,9.523,61.0,0.0,13.679999
2024-01-03 06:00:00+00:00,0.094,7.9230003,69.0,0.0,9.339208
2024-01-03 07:00:00+00:00,0.094,7.4729996,73.0,0.0,8.891343
2024-01-03 08:00:00+00:00,0.095,7.1730003,79.0,0.0,8.699793
2024-01-03 09:00:00+00:00,0.095,7.373,85.0,0.1,8.891343
2024-01-03 10:00:00+00:00,0.096,8.723,81.0,0.1,10.383987
2024-01-03 11:00:00+00:00,0.097,10.373,71.0,0.0,16.904673
2024-01-03 12:00:00+00:00,0.095,12.123,51.0,0.0,20.523157
2024-01-03 13:00:00+00:00,0.094,13.373,44.0,0.0,23.871555
2024-01-03 14:00:00+00:00,0.094,14.373,39.0,0.0,26.980793
2024-01-03 15:00:00+00:00,0.093,15.073,39.0,0.0,27.231804
2024-01-03 16:00:00+00:00,0.092,16.473001,36.0,0.0,27.852928
2024-01-03 17:00:00+00:00,0.091,17.373001,33.0,0.0,28.091534
2024-01-03 18:00:00+00:00,0.091,17.773,32.0,0.0,24.567198
2024-01-03 19:00:00+00:00,0.09,18.273,31.0,0.0,25.133053
2024-01-03 20:00:00+00:00,0.09,16.423,42.0,0.1,25.02971
2024-01-03 21:00:00+00:00,0.104,13.922999,61.0,0.4,16.981165
2024-01-03 22:00:00+00:00,0.164,12.623,76.0,1.2,11.246759
2024-01-03 23:00:00+00:00,0.204,12.573,77.0,0.8,12.641076
2024-01-04 00:00:00+00:00,0.213,12.073,73.0,0.6,18.057508
2024-01-04 01:00:00+00:00,0.201,11.523,75.0,0.3,19.011953
2024-01-04 02:00:00+00:00,0.189,11.422999,77.0,0.1,18.0
2024-01-04 03:00:00+00:00,0.182,11.623,79.0,0.1,17.782686
2024-01-04 04:00:00+00:00,0.179,11.273,82.0,0.0,17.114204
2024-01-04 05:00:00+00:00,0.174,10.873,82.0,0.0,18.899143
2024-01-04 06:00:00+00:00,0.168,10.223,73.0,0.0,22.45315
2024-01-04 07:00:00+00:00,0.165,9.323,79.0,0.0,19.48661
2024-01-04 08:00:00+00:00,0.162,8.672999,83.0,0.0,16.171976
2024-01-04 09:00:00+00:00,0.16,8.273,85.0,0.0,14.578888
2024-01-04 10:00:00+00:00,0.158,9.373,79.0,0.0,15.379206
2024-01-04 11:00:00+00:00,0.155,11.023,66.0,0.0,20.833395
2024-01-04 12:00:00+00:00,0.154,12.172999,60.0,0.0,20.907913
2024-01-04 13:00:00+00:00,0.151,13.223,50.0,0.0,22.007162
2024-01-04 14:00:00+00:00,0.148,14.023,46.0,0.0,22.751316
2024-01-04 15:00:00+00:00,0.145,14.323,44.0,0.0,23.499481
2024-01-04 16:00:00+00:00,0.143,14.473,44.0,0.0,23.266697
2024-01-04 17:00:00+00:00,0.14,15.473,42.0,0.0,22.505037
2024-01-04 18:00:00+00:00,0.138,16.073,39.0,0.0,21.626984
2024-01-04 19:00:00+00:00,0.136,15.573,40.0,0.0,19.881649
2024-01-04 20:00:00+00:00,0.134,15.223,42.0,0.0,18.844202
2024-01-04 21:00:00+00:00,0.133,15.422999,42.0,0.0,17.673029
2024-01-04 22:00:00+00:00,0.131,15.223,43.0,0.0,16.203999
2024-01-04 23:00:00+00:00,0.13,14.623,44.0,0.0,12.959999
2024-01-05 00:00:00+00:00,0.131,13.373,56.0,0.0,9.007196
2024-01-05 01:00:00+00:00,0.13,12.023,63.0,0.0,6.130579
2024-01-05 02:00:00+00:00,0.13,10.973,70.0,0.0,5.0528407
2024-01-05 03:00:00+00:00,0.13,10.273,74.0,0.0,3.671294
2024-01-05 04:00:00+00:00,0.13,9.573,78.0,0.0,4.0249224
2024-01-05 05:00:00+00:00,0.13,9.273,78.0,0.0,4.32
2024-01-05 06:00:00+00:00,0.129,9.723,80.0,0.0,4.68
2024-01-05 07:00:00+00:00,0.129,9.623,75.0,0.0,5.771239
2024-01-05 08:00:00+00:00,0.128,9.523,71.0,0.0,8.350138
2024-01-05 09:00:00+00:00,0.128,9.273,69.0,0.0,10.086427
2024-01-05 10:00:00+00:00,0.127,9.373,64.0,0.0,14.05845
2024-01-05 11:00:00+00:00,0.126,9.672999,59.0,0.0,17.581125
2024-01-05 12:00:00+00:00,0.124,10.172999,55.0,0.0,17.106628
2024-01-05 13:00:00+00:00,0.122,11.223,46.0,0.0,20.275383
2024-01-05 14:00:00+00:00,0.12,11.873,44.0,0.0,21.897945
2024-01-05 15:00:00+00:00,0.117,12.573,39.0,0.0,23.313995
2024-01-05 16:00:00+00:00,0.114,13.073,35.0,0.0,24.975283
2024-01-05 17:00:00+00:00,0.112,12.422999,36.0,0.0,26.807312
2024-01-05 18:00:00+00:00,0.104,13.073,35.0,0.0,24.535524
2024-01-05 19:00:00+00:00,0.103,12.323,38.0,0.0,26.654589
2024-01-05 20:00:00+00:00,0.102,11.773,41.0,0.0,27.77838
2024-01-05 21:00:00+00:00,0.101,11.123,46.0,0.0,28.576382
2024-01-05 22:00:00+00:00,0.101,10.823,50.0,0.0,25.233406
2024-01-05 23:00:00+00:00,0.102,10.573,52.0,0.0,22.19773
2024-01-06 00:00:00+00:00,0.104,9.823,60.0,0.0,20.907913
2024-01-06 01:00:00+00:00,0.105,8.873,66.0,0.0,18.72346
2024-01-06 02:00:00+00:00,0.106,8.123,71.0,0.0,17.057314
2024-01-06 03:00:00+00:00,0.106,7.6730003,75.0,0.0,18.129137
2024-01-06 04:00:00+00:00,0.107,7.2229996,75.0,0.0,17.81909
2024-01-06 05:00:00+00:00,0.108,6.6730003,74.0,0.0,18.228943
2024-01-06 06:00:00+00:00,0.108,6.4729996,74.0,0.0,20.929596
2024-01-06 07:00:00+00:00,0.109,6.273,75.0,0.0,20.5484
2024-01-06 08:00:00+00:00,0.109,6.073,76.0,0.0,18.486622
2024-01-06 09:00:00+00:00,0.109,5.873,80.0,0.0,15.281989
2024-01-06 10:00:00+00:00,0.109,6.873,77.0,0.0,13.905509
2024-01-06 11:00:00+00:00,0.109,8.623,71.0,0.0,17.917007
2024-01-06 12:00:00+00:00,0.108,10.573,60.0,0.0,22.33161
2024-01-06 13:00:00+00:00,0.106,11.523,54.0,0.0,24.884306
2024-01-06 14:00:00+00:00,0.104,12.422999,50.0,0.0,26.6327
2024-01-06 15:00:00+00:00,0.102,12.973,47.0,0.0,27.155552
2024-01-06 16:00:00+00:00,0.1,12.823,48.0,0.0,26.654589
2024-01-06 17:00:00+00:00,0.099,12.273,51.0,0.0,24.94413
2024-01-06 18:00:00+00:00,0.103,12.623,55.0,0.2,23.847115
2024-01-06 19:00:00+00:00,0.104,13.172999,53.0,0.1,28.820242
2024-01-06 20:00:00+00:00,0.108,12.373,60.0,0.2,28.337282
2024-01-06 21:00:00+00:00,0.111,12.273,59.0,0.2,29.644857
2024-01-06 22:00:00+00:00,0.129,11.323,65.0,0.4,28.657898
2024-01-06 23:00:00+00:00,0.161,10.273,72.0,0.6,24.514387
2024-01-07 00:00:00+00:00,0.191,10.073,75.0,0.7,20.570463
2024-01-07 01:00:00+00:00,0.212,9.523,79.0,0.7,19.586119
2024-01-07 02:00:00+00:00,0.215,9.323,78.0,0.5,20.172853
2024-01-07 03:00:00+00:00,0.211,9.223,79.0,0.3,18.875126
2024-01-07 04:00:00+00:00,0.206,9.073,79.0,0.1,18.374111
2024-01-07 05:00:00+00:00,0.196,8.823,78.0,0.0,17.414474
2024-01-07 06:00:00+00:00,0.195,8.473,78.0,0.0,16.79314
2024-01-07 07:00:00+00:00,0.19,8.023,80.0,0.0,15.0038395
2024-01-07 08:00:00+00:00,0.186,7.823,82.0,0.0,14.007655
2024-01-07 09:00:00+00:00,0.182,7.873,83.0,0.0,14.372974
2024-01-07 10:00:00+00:00,0.179,8.273,82.0,0.0,16.87398
2024-01-07 11:00:00+00:00,0.176,9.073,65.0,0.0,20.883104
2024-01-07 12:00:00+00:00,0.174,10.123,54.0,0.0,23.087763
2024-01-07 13:00:00+00:00,0.169,10.973,47.0,0.0,22.862125
2024-01-07 14:00:00+00:00,0.165,12.223,40.0,0.0,25.099514
2024-01-07 15:00:00+00:00,0.161,12.973,38.0,0.0,25.49908
2024-01-07 16:00:00+00:00,0.156,13.422999,37.0,0.0,25.49908
2024-01-07 17:00:00+00:00,0.153,13.473,36.0,0.0,25.772078
2024-01-07 18:00:00+00:00,0.151,13.123,35.0,0.0,28.639803
2024-01-07 19:00:00+00:00,0.148,12.922999,34.0,0.0,28.291512
2024-01-07 20:00:00+00:00,0.146,12.422999,37.0,0.0,27.504095
2024-01-07 21:00:00+00:00,0.145,11.873,40.0,0.0,26.124195
2024-01-07 22:00:00+00:00,0.144,11.373,41.0,0.0,24.503809
2024-01-07 23:00:00+00:00,0.143,10.773,43.0,0.0,24.216522
2024-01-08 00:00:00+00:00,0.134,9.473,48.0,0.0,25.210283
2024-01-08 01:00:00+00:00,0.134,8.273,53.0,0.0,22.505037
2024-01-08 02:00:00+00:00,0.134,7.523,62.0,0.1,22.668568
2024-01-08 03:00:00+00:00,0.135,6.773,69.0,0.1,20.523157
2024-01-08 04:00:00+00:00,0.137,6.623,73.0,0.1,20.447239
2024-01-08 05:00:00+00:00,0.143,6.7229996,74.0,0.1,23.4
2024-01-08 06:00:00+00:00,0.143,6.323,73.0,0.0,23.18579
2024-01-08 07:00:00+00:00,0.142,6.2229996,76.0,0.0,23.18579
2024-01-08 08:00:00+00:00,0.14,6.123,79.0,0.0,22.702845
2024-01-08 09:00:00+00:00,0.139,6.323,77.0,0.0,23.023117
2024-01-08 10:00:00+00:00,0.138,7.023,74.0,0.0,26.564486
2024-01-08 11:00:00+00:00,0.137,8.173,67.0,0.0,30.926493
2024-01-08 12:00:00+00:00,0.137,9.523,59.0,0.0,31.765793
2024-01-08 13:00:00+00:00,0.138,9.123,63.0,0.1,30.684587
2024-01-08 14:00:00+00:00,0.143,10.473,58.0,0.1,28.33957
2024-01-08 15:00:00+00:00,0.175,10.473,59.0,0.6,28.119204
2024-01-08 16:00:00+00:00,0.188,11.922999,53.0,0.4,29.957972
2024-01-08 17:00:00+00:00,0.183,12.323,46.0,0.2,32.489876
2024-01-08 18:00:00+00:00,0.181,13.172999,39.0,0.0,33.092598
2024-01-08 19:00:00+00:00,0.185,12.573,41.0,0.3,31.452133
2024-01-08 20:00:00+00:00,0.181,11.973,42.0,0.1,30.599998
2024-01-08 21:00:00+00:00,0.173,11.172999,42.0,0.0,30.676142
2024-01-08 22:00:00+00:00,0.168,10.023,46.0,0.0,29.301878
2024-01-08 23:00:00+00:00,0.165,8.672999,49.0,0.0,27.908709
2024-01-09 00:00:00+00:00,0.156,7.823,54.0,0.0,25.6233
2024-01-09 01:00:00+00:00,0.154,6.4230003,60.0,0.0,24.122683
2024-01-09 02:00:00+00:00,0.153,5.4729996,64.0,0.0,23.759998
2024-01-09 03:00:00+00:00,0.152,4.6730003,64.0,0.0,25.20257
2024-01-09 04:00:00+00:00,0.151,4.123,64.0,0.0,25.199999
2024-01-09 05:00:00+00:00,0.15,3.523,68.0,0.0,24.482647
2024-01-09 06:00:00+00:00,0.149,3.223,75.0,0.0,23.084955
2024-01-09 07:00:00+00:00,0.148,3.073,73.0,0.0,23.110207
2024-01-09 08:00:00+00:00,0.147,2.973,74.0,0.0,24.162945
2024-01-09 09:00:00+00:00,0.147,2.973,74.0,0.0,24.933735
2024-01-09 10:00:00+00:00,0.146,3.823,69.0,0.0,26.649727
2024-01-09 11:00:00+00:00,0.144,5.273,59.0,0.0,28.410364
2024-01-09 12:00:00+00:00,0.142,6.4230003,56.0,0.0,27.534704
2024-01-09 13:00:00+00:00,0.139,7.623,48.0,0.0,27.766712
2024-01-09 14:00:00+00:00,0.136,8.573,43.0,0.0,27.44749
2024-01-09 15:00:00+00:00,0.133,9.473,39.0,0.0,28.277763
2024-01-09 16:00:00+00:00,0.132,10.073,37.0,0.0,28.99062
2024-01-09 17:00:00+00:00,0.132,10.323,36.0,0.0,28.99062
2024-01-09 18:00:00+00:00,0.136,10.323,37.0,0.0,29.651413
2024-01-09 19:00:00+00:00,0.129,10.373,36.0,0.0,29.515608
2024-01-09 20:00:00+00:00,0.126,9.873,37.0,0.0,28.84721
2024-01-09 21:00:00+00:00,0.124,9.223,38.0,0.0,27.86921
2024-01-09 22:00:00+00:00,0.123,8.422999,40.0,0.0,26.564486
2024-01-09 23:00:00+00:00,0.122,7.4729996,43.0,0.0,24.162947
2024-01-10 00:00:00+00:00,0.121,6.2229996,49.0,0.0,23.4
2024-01-10 01:00:00+00:00,0.121,4.9729996,55.0,0.0,18.448023
2024-01-10 02:00:00+00:00,0.122,4.073,61.0,0.0,15.815435
2024-01-10 03:00:00+00:00,0.122,3.223,66.0,0.0,12.7279215
2024-01-10 04:00:00+00:00,0.123,2.373,72.0,0.0,11.183201
2024-01-10 05:00:00+00:00,0.123,1.923,74.0,0.0,11.212135
2024-01-10 06:00:00+00:00,0.124,1.373,80.0,0.0,10.086427
2024-01-10 07:00:00+00:00,0.124,1.373,78.0,0.0,9.746631
2024-01-10 08:00:00+00:00,0.124,1.123,80.0,0.0,9.746631
2024-01-10 09:00:00+00:00,0.124,1.573,79.0,0.0,9.72
2024-01-10 10:00:00+00:00,0.124,3.023,74.0,0.0,11.252519
2024-01-10 11:00:00+00:00,0.123,5.023,64.0,0.0,14.764389
2024-01-10 12:00:00+00:00,0.122,7.023,50.0,0.0,18.58451
2024-01-10 13:00:00+00:00,0.12,8.223,45.0,0.0,19.803272
2024-01-10 14:00:00+00:00,0.118,9.573,41.0,0.0,20.188908
2024-01-10 15:00:00+00:00,0.115,10.823,40.0,0.0,21.2522
2024-01-10 16:00:00+00:00,0.112,12.172999,38.0,0.0,22.406927
2024-01-10 17:00:00+00:00,0.109,12.773,41.0,0.0,24.703976
2024-01-10 18:00:00+00:00,0.108,13.273,45.0,0.0,28.664682
2024-01-10 19:00:00+00:00,0.107,13.023,50.0,0.0,29.122198
2024-01-10 20:00:00+00:00,0.107,12.273,56.0,0.0,30.190672
2024-01-10 21:00:00+00:00,0.107,11.873,59.0,0.0,30.141266
2024-01-10 22:00:00+00:00,0.107,11.823,59.0,0.0,28.910038
2024-01-10 23:00:00+00:00,0.107,11.373,64.0,0.0,29.301878
2024-01-11 00:00:00+00:00,0.103,10.773,66.0,0.0,29.934166
2024-01-11 01:00:00+00:00,0.103,9.873,71.0,0.0,27.038372
2024-01-11 02:00:00+00:00,0.104,9.273,74.0,0.0,26.28986
2024-01-11 03:00:00+00:00,0.105,8.773,78.0,0.0,24.144165
2024-01-11 04:00:00+00:00,0.105,8.373,81.0,0.0,22.33161
2024-01-11 05:00:00+00:00,0.106,8.073,82.0,0.0,21.24305
2024-01-11 06:00:00+00:00,0.106,7.7229996,76.0,0.0,21.9718
2024-01-11 07:00:00+00:00,0.107,7.4729996,62.0,0.0,23.157824
2024-01-11 08:00:00+00:00,0.107,6.623,61.0,0.0,20.265795
2024-01-11 09:00:00+00:00,0.107,5.873,67.0,0.0,18.709612
2024-01-11 10:00:00+00:00,0.107,6.6730003,63.0,0.0,18.430452
2024-01-11 11:00:00+00:00,0.107,8.422999,53.0,0.0,22.461807
2024-01-11 12:00:00+00:00,0.106,10.373,47.0,0.0,24.640942
2024-01-11 13:00:00+00:00,0.104,11.373,42.0,0.0,24.48
2024-01-11 14:00:00+00:00,0.103,12.623,39.0,0.0,24.33664
2024-01-11 15:00:00+00:00,0.101,13.523,36.0,0.0,24.795612
2024-01-11 16:00:00+00:00,0.098,14.123,34.0,0.0,26.099379
2024-01-11 17:00:00+00:00,0.096,14.373,32.0,0.0,26.903828
2024-01-11 18:00:00+00:00,0.095,14.473,32.0,0.0,28.146843
2024-01-11 19:00:00+00:00,0.093,14.373,32.0,0.0,28.412645
2024-01-11 20:00:00+00:00,0.092,14.023,33.0,0.0,29.024128
2024-01-11 21:00:00+00:00,0.092,13.373,35.0,0.0,28.66468
2024-01-11 22:00:00+00:00,0.092,12.422999,38.0,0.0,27.859905
2024-01-11 23:00:00+00:00,0.092,11.323,40.0,0.0,26.208395
2024-01-12 00:00:00+00:00,0.087,10.073,46.0,0.0,24.482647
2024-01-12 01:00:00+00:00,0.088,8.373,57.0,0.0,21.897945
2024-01-12 02:00:00+00:00,0.089,7.1730003,65.0,0.0,20.172853
2024-01-12 03:00:00+00:00,0.09,6.1730003,67.0,0.0,18.751125
2024-01-12 04:00:00+00:00,0.091,5.573,69.0,0.0,18.486622
2024-01-12 05:00:00+00:00,0.091,5.373,73.0,0.0,18.998314
2024-01-12 06:00:00+00:00,0.092,5.373,74.0,0.0,19.770523
2024-01-12 07:00:00+00:00,0.093,5.623,83.0,0.0,20.192118
2024-01-12 08:00:00+00:00,0.093,6.123,85.0,0.0,20.696085
2024-01-12 09:00:00+00:00,0.094,6.6730003,82.0,0.0,21.518847
2024-01-12 10:00:00+00:00,0.094,7.9230003,77.0,0.0,24.280659
2024-01-12 11:00:00+00:00,0.094,9.523,73.0,0.0,27.766712
2024-01-12 12:00:00+00:00,0.094,11.273,65.0,0.0,34.674183
2024-01-12 13:00:00+00:00,0.094,12.422999,61.0,0.0,37.777702
2024-01-12 14:00:00+00:00,0.094,13.073,59.0,0.0,39.518097
2024-01-12 15:00:00+00:00,0.093,13.573,57.0,0.0,41.476624
2024-01-12 16:00:00+00:00,0.093,13.873,57.0,0.0,41.76155
2024-01-12 17:00:00+00:00,0.093,13.073,63.0,0.0,40.326424
2024-01-12 18:00:00+00:00,0.094,12.723,64.0,0.0,39.614723
2024-01-12 19:00:00+00:00,0.095,11.922999,67.0,0.0,37.883907
2024-01-12 20:00:00+00:00,0.095,12.573,62.0,0.0,39.04631
2024-01-12 21:00:00+00:00,0.095,12.023,62.0,0.0,39.477077
2024-01-12 22:00:00+00:00,0.095,11.773,59.0,0.0,40.031284
2024-01-12 23:00:00+00:00,0.094,10.773,60.0,0.0,37.99322
2024-01-13 00:00:00+00:00,0.089,9.723,60.0,0.0,45.464165
2024-01-13 01:00:00+00:00,0.089,8.123,65.0,0.0,42.55468
2024-01-13 02:00:00+00:00,0.09,7.373,69.0,0.0,41.399998
2024-01-13 03:00:00+00:00,0.09,7.1730003,71.0,0.0,38.921646
2024-01-13 04:00:00+00:00,0.09,7.073,72.0,0.0,37.97104
2024-01-13 05:00:00+00:00,0.09,6.873,71.0,0.0,36.707645
2024-01-13 06:00:00+00:00,0.091,7.023,68.0,0.0,32.43398
2024-01-13 07:00:00+00:00,0.091,6.6730003,72.0,0.0,31.012281
2024-01-13 08:00:00+00:00,0.093,6.4729996,77.0,0.1,31.526215
2024-01-13 09:00:00+00:00,0.103,6.2229996,78.0,0.1,29.69727
2024-01-13 10:00:00+00:00,0.105,6.2229996,76.0,0.0,29.427662
2024-01-13 11:00:00+00:00,0.104,6.873,72.0,0.0,32.76791
2024-01-13 12:00:00+00:00,0.099,9.273,58.0,0.0,36.088093
2024-01-13 13:00:00+00:00,0.098,10.323,49.0,0.0,36.158054
2024-01-13 14:00:00+00:00,0.097,11.323,42.0,0.0,35.309372
2024-01-13 15:00:00+00:00,0.096,11.922999,39.0,0.0,35.309372
2024-01-13 16:00:00+00:00,0.095,12.172999,36.0,0.0,37.24043
2024-01-13 17:00:00+00:00,0.094,11.973,36.0,0.0,39.413013
2024-01-13 18:00:00+00:00,0.093,10.873,37.0,0.0,38.385185
2024-01-13 19:00:00+00:00,0.092,10.723,36.0,0.0,37.16902
2024-01-13 20:00:00+00:00,0.092,10.123,39.0,0.0,37.123665
2024-01-13 21:00:00+00:00,0.092,8.422999,43.0,0.0,37.930065
2024-01-13 22:00:00+00:00,0.092,7.4729996,43.0,0.0,37.923225
2024-01-13 23:00:00+00:00,0.092,6.273,46.0,0.0,34.94968
2024-01-14 00:00:00+00:00,0.088,5.623,47.0,0.0,28.357857
2024-01-14 01:00:00+00:00,0.088,4.4729996,51.0,0.0,25.729298
2024-01-14 02:00:00+00:00,0.089,3.823,54.0,0.0,24.627787
2024-01-14 03:00:00+00:00,0.089,3.423,57.0,0.0,23.510508
2024-01-14 04:00:00+00:00,0.089,3.123,58.0,0.0,23.319553
2024-01-14 05:00:00+00:00,0.09,2.873,61.0,0.0,22.7057
2024-01-14 06:00:00+00:00,0.09,2.673,67.0,0.0,21.986542
2024-01-14 07:00:00+00:00,0.09,2.423,69.0,0.0,22.033648
2024-01-14 08:00:00+00:00,0.09,2.323,72.0,0.0,21.647945
2024-01-14 09:00:00+00:00,0.091,2.373,73.0,0.0,20.929596
2024-01-14 10:00:00+00:00,0.091,3.523,66.0,0.0,22.346113
2024-01-14 11:00:00+00:00,0.091,5.023,57.0,0.0,27.086262
2024-01-14 12:00:00+00:00,0.091,6.4230003,53.0,0.0,28.227306
2024-01-14 13:00:00+00:00,0.09,7.373,45.0,0.0,28.357857
2024-01-14 14:00:00+00:00,0.09,7.6730003,43.0,0.0,27.959742
2024-01-14 15:00:00+00:00,0.09,8.023,45.0,0.0,26.019806
2024-01-14 16:00:00+00:00,0.089,8.623,44.0,0.0,23.83896
2024-01-14 17:00:00+00:00,0.089,9.172999,39.0,0.0,23.000591
2024-01-14 18:00:00+00:00,0.087,10.373,36.0,0.0,22.461807
2024-01-14 19:00:00+00:00,0.086,10.922999,35.0,0.0,22.881958
2024-01-14 20:00:00+00:00,0.086,11.023,34.0,0.0,24.651457
2024-01-14 21:00:00+00:00,0.085,10.073,37.0,0.0,26.576681
2024-01-14 22:00:00+00:00,0.085,8.823,38.0,0.0,26.121714
2024-01-14 23:00:00+00:00,0.085,7.873,43.0,0.0,25.140787
2024-01-15 00:00:00+00:00,0.085,7.023,49.0,0.0,22.870626
2024-01-15 01:00:00+00:00,0.085,5.9230003,54.0,0.0,20.056877
2024-01-15 02:00:00+00:00,0.085,5.023,62.0,0.0,20.176065
2024-01-15 03:00:00+00:00,0.086,4.323,57.0,0.0,21.479666
2024-01-15 04:00:00+00:00,0.086,3.773,59.0,0.0,21.129885
2024-01-15 05:00:00+00:00,0.087,3.473,67.0,0.0,22.782625
2024-01-15 06:00:00+00:00,0.087,3.173,67.0,0.0,21.2522
2024-01-15 07:00:00+00:00,0.087,2.973,78.0,0.0,19.110542
2024-01-15 08:00:00+00:00,0.087,2.873,70.0,0.0,16.808569
2024-01-15 09:00:00+00:00,0.088,3.023,79.0,0.0,16.520823
2024-01-15 10:00:00+00:00,0.088,4.823,65.0,0.0,22.42427
2024-01-15 11:00:00+00:00,0.088,6.2229996,58.0,0.0,22.148045
2024-01-15 12:00:00+00:00,0.087,8.723,53.0,0.0,21.626984
2024-01-15 13:00:00+00:00,0.087,9.623,53.0,0.0,29.723444
2024-01-15 14:00:00+00:00,0.086,11.873,43.0,0.0,33.56312
2024-01-15 15:00:00+00:00,0.085,12.073,44.0,0.0,34.838253
2024-01-15 16:00:00+00:00,0.085,12.373,45.0,0.0,36.2082
2024-01-15 17:00:00+00:00,0.09,12.823,46.0,0.1,38.243114
2024-01-15 18:00:00+00:00,0.093,12.873,50.0,0.3,42.206066
2024-01-15 19:00:00+00:00,0.12,12.473,53.0,0.3,41.750687
2024-01-15 20:00:00+00:00,0.113,12.273,53.0,0.0,41.393738
2024-01-15 21:00:00+00:00,0.109,11.922999,55.0,0.0,40.60347
2024-01-15 22:00:00+00:00,0.106,11.773,54.0,0.0,37.38457
2024-01-15 23:00:00+00:00,0.103,10.773,61.0,0.0,32.933605
2024-01-16 00:00:00+00:00,0.081,9.672999,65.0,0.0,31.796375
2024-01-16 01:00:00+00:00,0.081,8.523,70.0,0.0,27.416782
2024-01-16 02:00:00+00:00,0.082,7.773,73.0,0.0,21.67487
2024-01-16 03:00:00+00:00,0.082,7.1730003,78.0,0.0,18.806337
2024-01-16 04:00:00+00:00,0.082,6.6730003,82.0,0.0,16.263872
2024-01-16 05:00:00+00:00,0.083,5.9230003,86.0,0.0,13.698934
2024-01-16 06:00:00+00:00,0.083,5.1730003,91.0,0.0,12.224107
2024-01-16 07:00:00+00:00,0.084,5.2229996,91.0,0.0,12.0694
2024-01-16 08:00:00+00:00,0.084,5.7229996,91.0,0.0,12.245293
2024-01-16 09:00:00+00:00,0.085,6.4230003,93.0,0.0,14.33234
2024-01-16 10:00:00+00:00,0.085,8.123,85.0,0.0,18.057508
2024-01-16 11:00:00+00:00,0.085,9.323,78.0,0.0,21.129885
2024-01-16 12:00:00+00:00,0.085,10.573,70.0,0.0,23.847115
2024-01-16 13:00:00+00:00,0.084,11.422999,62.0,0.0,25.952478
2024-01-16 14:00:00+00:00,0.086,11.323,64.0,0.2,20.61766
2024-01-16 15:00:00+00:00,0.117,10.823,70.0,0.6,17.906157
2024-01-16 16:00:00+00:00,0.157,10.723,70.0,0.6,17.786331
2024-01-16 17:00:00+00:00,0.223,10.273,78.0,1.5,19.770523
2024-01-16 18:00:00+00:00,0.249,10.323,83.0,2.4,18.532135
2024-01-16 19:00:00+00:00,0.28,10.422999,82.0,2.2,20.523157
2024-01-16 20:00:00+00:00,0.265,10.922999,80.0,0.6,22.17144
2024-01-16 21:00:00+00:00,0.244,11.922999,77.0,0.1,21.94524
2024-01-16 22:00:00+00:00,0.229,12.773,75.0,0.0,21.485697
2024-01-16 23:00:00+00:00,0.218,13.473,77.0,0.0,29.522196
2024-01-17 00:00:00+00:00,0.21,13.723,71.0,0.0,31.435646
2024-01-17 01:00:00+00:00,0.203,13.172999,72.0,0.0,33.11413
2024-01-17 02:00:00+00:00,0.197,12.773,73.0,0.0,31.796375
2024-01-17 03:00:00+00:00,0.192,12.172999,74.0,0.0,30.068083
2024-01-17 04:00:00+00:00,0.188,11.573,77.0,0.0,27.553526
2024-01-17 05:00:00+00:00,0.185,11.273,78.0,0.0,25.171696
2024-01-17 06:00:00+00:00,0.182,10.373,82.0,0.0,18.792551
2024-01-17 07:00:00+00:00,0.18,9.723,86.0,0.0,13.708391
2024-01-17 08:00:00+00:00,0.177,9.723,86.0,0.0,10.00256
2024-01-17 09:00:00+00:00,0.176,9.773,88.0,0.0,6.989936
2024-01-17 10:00:00+00:00,0.174,10.273,90.0,0.0,6.638072
2024-01-17 11:00:00+00:00,0.172,11.922999,85.0,0.0,11.480557
2024-01-17 12:00:00+00:00,0.169,14.823,70.0,0.0,22.565422
2024-01-17 13:00:00+00:00,0.166,15.073,68.0,0.0,27.41678
2024-01-17 14:00:00+00:00,0.173,14.323,75.0,0.2,26.420174
2024-01-17 15:00:00+00:00,0.182,13.873,75.0,0.3,27.038372
2024-01-17 16:00:00+00:00,0.184,13.023,68.0,0.3,24.087738
2024-01-17 17:00:00+00:00,0.183,13.323,61.0,0.1,26.27753
2024-01-17 18:00:00+00:00,0.176,14.523,55.0,0.0,28.856194
2024-01-17 19:00:00+00:00,0.169,15.172999,49.0,0.0,31.421213
2024-01-17 20:00:00+00:00,0.164,14.273,46.0,0.0,31.1686
2024-01-17 21:00:00+00:00,0.161,13.672999,49.0,0.0,29.88217
2024-01-17 22:00:00+00:00,0.159,13.273,51.0,0.0,29.16889
2024-01-17 23:00:00+00:00,0.157,12.672999,53.0,0.0,27.729347
2024-01-18 00:00:00+00:00,0.151,11.573,60.0,0.0,27.038372
2024-01-18 01:00:00+00:00,0.15,10.523,61.0,0.0,25.922499
2024-01-18 02:00:00+00:00,0.15,9.672999,66.0,0.0,22.33161
2024-01-18 03:00:00+00:00,0.15,9.023,69.0,0.0,18.844202
2024-01-18 04:00:00+00:00,0.15,8.323,72.0,0.0,17.555305
2024-01-18 05:00:00+00:00,0.15,7.873,74.0,0.0,17.76081
2024-01-18 06:00:00+00:00,0.149,7.123,77.0,0.0,17.811815
2024-01-18 07:00:00+00:00,0.149,6.773,78.0,0.0,16.516901
2024-01-18 08:00:00+00:00,0.149,6.4729996,81.0,0.0,14.578888
2024-01-18 09:00:00+00:00,0.149,6.623,81.0,0.0,13.905509
2024-01-18 10:00:00+00:00,0.148,7.4729996,78.0,0.0,13.905509
2024-01-18 11:00:00+00:00,0.148,8.623,75.0,0.0,15.941944
2024-01-18 12:00:00+00:00,0.146,10.373,60.0,0.0,21.09305
2024-01-18 13:00:00+00:00,0.144,11.773,57.0,0.0,24.149532
2024-01-18 14:00:00+00:00,0.142,12.823,55.0,0.0,32.058197
2024-01-18 15:00:00+00:00,0.14,13.123,57.0,0.0,33.651817
2024-01-18 16:00:00+00:00,0.139,12.723,60.0,0.0,35.320385
2024-01-18 17:00:00+00:00,0.137,13.973,56.0,0.1,41.48912
2024-01-18 18:00:00+00:00,0.138,14.573,54.0,0.1,39.45738
2024-01-18 19:00:00+00:00,0.138,14.172999,58.0,0.1,38.639256
2024-01-18 20:00:00+00:00,0.171,13.273,68.0,0.6,32.688713
2024-01-18 21:00:00+00:00,0.169,13.373,55.0,0.1,37.579926
2024-01-18 22:00:00+00:00,0.161,11.873,55.0,0.0,36.016193
2024-01-18 23:00:00+00:00,0.157,10.672999,55.0,0.0,32.561596
2024-01-19 00:00:00+00:00,0.144,9.823,60.0,0.0,32.09052
2024-01-19 01:00:00+00:00,0.143,8.623,70.0,0.0,28.100763
2024-01-19 02:00:00+00:00,0.143,8.373,70.0,0.0,26.437336
2024-01-19 03:00:00+00:00,0.142,8.173,71.0,0.0,26.405453
2024-01-19 04:00:00+00:00,0.142,7.873,73.0,0.0,25.40743
2024-01-19 05:00:00+00:00,0.142,7.7229996,72.0,0.0,24.905132
2024-01-19 06:00:00+00:00,0.142,7.073,75.0,0.0,25.2924
2024-01-19 07:00:00+00:00,0.142,6.7229996,76.0,0.0,25.325686
2024-01-19 08:00:00+00:00,0.142,6.4230003,77.0,0.0,22.91026
2024-01-19 09:00:00+00:00,0.141,6.1730003,76.0,0.0,22.45315
2024-01-19 10:00:00+00:00,0.141,6.773,71.0,0.0,23.400002
2024-01-19 11:00:00+00:00,0.144,7.6730003,69.0,0.3,30.551254
2024-01-19 12:00:00+00:00,0.172,8.523,70.0,0.6,36.233242
2024-01-19 13:00:00+00:00,0.195,8.973,68.0,0.6,42.175346
2024-01-19 14:00:00+00:00,0.179,10.523,62.0,0.1,37.815426
2024-01-19 15:00:00+00:00,0.173,11.172999,62.0,0.0,37.095722
2024-01-19 16:00:00+00:00,0.167,12.273,52.0,0.0,39.919437
2024-01-19 17:00:00+00:00,0.162,12.323,49.0,0.0,40.957813
2024-01-19 18:00:00+00:00,0.162,12.523,48.0,0.0,40.808823
2024-01-19 19:00:00+00:00,0.158,12.273,46.0,0.0,40.883385
2024-01-19 20:00:00+00:00,0.155,12.273,47.0,0.0,39.60818
2024-01-19 21:00:00+00:00,0.153,11.623,51.0,0.0,39.71438
2024-01-19 22:00:00+00:00,0.152,10.873,53.0,0.0,36.758804
2024-01-19 23:00:00+00:00,0.152,9.623,62.0,0.1,36.088093
2024-01-20 00:00:00+00:00,0.156,8.573,72.0,0.2,30.453527
2024-01-20 01:00:00+00:00,0.175,8.223,81.0,0.3,25.809765
2024-01-20 02:00:00+00:00,0.179,8.473,79.0,0.1,32.048088
2024-01-20 03:00:00+00:00,0.182,8.422999,83.0,0.2,29.940662
2024-01-20 04:00:00+00:00,0.206,8.672999,80.0,0.5,32.48788
2024-01-20 05:00:00+00:00,0.231,8.473,82.0,0.8,31.205997
2024-01-20 06:00:00+00:00,0.208,8.573,79.0,0.4,31.427404
2024-01-20 07:00:00+00:00,0.2,8.823,77.0,0.0,33.75756
2024-01-20 08:00:00+00:00,0.199,8.723,77.0,0.1,34.936695
2024-01-20 09:00:00+00:00,0.193,8.623,79.0,0.0,33.481937
2024-01-20 10:00:00+00:00,0.189,8.973,75.0,0.0,33.99475
2024-01-20 11:00:00+00:00,0.185,9.672999,66.0,0.0,35.78697
2024-01-20 12:00:00+00:00,0.182,11.573,57.0,0.0,36.860905
2024-01-20 13:00:00+00:00,0.178,12.473,51.0,0.0,41.211746
2024-01-20 14:00:00+00:00,0.175,13.123,48.0,0.0,42.033756
2024-01-20 15:00:00+00:00,0.171,13.422999,48.0,0.0,41.235325
2024-01-20 16:00:00+00:00,0.168,13.773,46.0,0.0,42.08922
2024-01-20 17:00:00+00:00,0.165,13.523,46.0,0.0,42.877796
2024-01-20 18:00:00+00:00,0.163,13.323,49.0,0.0,41.93961
2024-01-20 19:00:00+00:00,0.162,13.273,55.0,0.0,38.36492
2024-01-20 20:00:00+00:00,0.16,13.123,58.0,0.0,39.875587
2024-01-20 21:00:00+00:00,0.16,12.623,60.0,0.0,36.862663
2024-01-20 22:00:00+00:00,0.159,12.273,62.0,0.0,33.497414
2024-01-20 23:00:00+00:00,0.158,11.623,66.0,0.0,32.761974
2024-01-21 00:00:00+00:00,0.154,11.023,69.0,0.0,32.396
2024-01-21 01:00:00+00:00,0.154,10.523,76.0,0.0,33.137604
2024-01-21 02:00:00+00:00,0.154,10.523,76.0,0.0,31.99142
2024-01-21 03:00:00+00:00,0.154,10.623,77.0,0.0,32.902103
2024-01-21 04:00:00+00:00,0.153,10.623,80.0,0.0,31.771912
2024-01-21 05:00:00+00:00,0.153,10.473,81.0,0.0,32.023815
2024-01-21 06:00:00+00:00,0.153,10.573,78.0,0.0,32.90014
2024-01-21 07:00:00+00:00,0.152,10.573,79.0,0.0,33.626774
2024-01-21 08:00:00+00:00,0.152,10.623,79.0,0.0,33.033802
2024-01-21 09:00:00+00:00,0.152,10.823,79.0,0.0,35.43578
2024-01-21 10:00:00+00:00,0.151,11.223,78.0,0.0,38.26175
2024-01-21 11:00:00+00:00,0.151,11.723,77.0,0.1,38.706276
2024-01-21 12:00:00+00:00,0.15,12.873,70.0,0.2,36.785236
2024-01-21 13:00:00+00:00,0.15,13.172999,70.0,0.0,37.1969
2024-01-21 14:00:00+00:00,0.15,13.273,70.0,0.1,36.44722
2024-01-21 15:00:00+00:00,0.149,12.823,69.0,0.0,39.254856
2024-01-21 16:00:00+00:00,0.148,15.473,55.0,0.0,40.991024
2024-01-21 17:00:00+00:00,0.146,15.873,45.0,0.0,42.877796
2024-01-21 18:00:00+00:00,0.144,16.073,44.0,0.0,50.206768
2024-01-21 19:00:00+00:00,0.143,15.623,44.0,0.0,49.41975
2024-01-21 20:00:00+00:00,0.142,15.223,44.0,0.0,46.037792
2024-01-21 21:00:00+00:00,0.141,14.623,44.0,0.0,43.986343
2024-01-21 22:00:00+00:00,0.141,13.672999,46.0,0.0,42.150757
2024-01-21 23:00:00+00:00,0.14,12.573,53.0,0.0,38.833305
2024-01-22 00:00:00+00:00,0.135,12.223,53.0,0.0,33.202072
2024-01-22 01:00:00+00:00,0.135,10.973,63.0,0.0,27.722336
2024-01-22 02:00:00+00:00,0.135,10.323,72.0,0.0,17.462784
2024-01-22 03:00:00+00:00,0.136,10.373,76.0,0.1,14.336861
2024-01-22 04:00:00+00:00,0.151,10.073,80.0,0.5,11.753876
2024-01-22 05:00:00+00:00,0.195,10.373,89.0,0.7,14.336861
2024-01-22 06:00:00+00:00,0.231,12.223,85.0,0.5,31.614477
2024-01-22 07:00:00+00:00,0.231,12.273,85.0,0.5,34.177254
2024-01-22 08:00:00+00:00,0.229,12.223,86.0,0.3,32.825207
2024-01-22 09:00:00+00:00,0.222,12.123,85.0,0.1,35.455887
2024-01-22 10:00:00+00:00,0.212,12.172999,77.0,0.0,39.919437
2024-01-22 11:00:00+00:00,0.205,12.373,72.0,0.0,38.243114
2024-01-22 12:00:00+00:00,0.196,14.023,64.0,0.0,47.510452
2024-01-22 13:00:00+00:00,0.192,14.473,58.0,0.0,48.828793
2024-01-22 14:00:00+00:00,0.187,15.172999,53.0,0.0,51.75117
2024-01-22 15:00:00+00:00,0.183,15.223,49.0,0.0,53.233765
2024-01-22 16:00:00+00:00,0.18,15.623,45.0,0.0,51.328728
2024-01-22 17:00:00+00:00,0.176,16.173,40.0,0.0,48.71852
2024-01-22 18:00:00+00:00,0.173,16.173,39.0,0.0,44.92073
2024-01-22 19:00:00+00:00,0.17,16.073,39.0,0.0,43.17899
2024-01-22 20:00:00+00:00,0.167,15.773,41.0,0.0,39.160656
2024-01-22 21:00:00+00:00,0.166,15.273,46.0,0.0,33.041645
2024-01-22 22:00:00+00:00,0.164,14.623,50.0,0.0,27.551172
2024-01-22 23:00:00+00:00,0.163,14.172999,53.0,0.0,23.762726
2024-01-23 00:00:00+00:00,0.158,13.422999,58.0,0.0,19.45333
2024-01-23 01:00:00+00:00,0.157,12.873,62.0,0.0,10.308831
2024-01-23 02:00:00+00:00,0.157,12.823,64.0,0.0,4.8965297
2024-01-23 03:00:00+00:00,0.156,12.672999,66.0,0.0,6.725354
2024-01-23 04:00:00+00:00,0.156,12.873,75.0,0.0,11.753876
2024-01-23 05:00:00+00:00,0.156,13.073,82.0,0.0,17.22742
2024-01-23 06:00:00+00:00,0.155,13.973,72.0,0.0,23.73271
2024-01-23 07:00:00+00:00,0.154,14.123,69.0,0.0,23.686249
2024-01-23 08:00:00+00:00,0.154,13.573,72.0,0.0,18.079027
2024-01-23 09:00:00+00:00,0.154,12.922999,73.0,0.0,15.683774
2024-01-23 10:00:00+00:00,0.153,12.823,72.0,0.0,15.484185
2024-01-23 11:00:00+00:00,0.153,12.922999,71.0,0.0,16.73516
2024-01-23 12:00:00+00:00,0.152,14.723,64.0,0.3,18.59845
2024-01-23 13:00:00+00:00,0.157,14.573,68.0,0.2,15.496736
2024-01-23 14:00:00+00:00,0.162,15.422999,66.0,0.2,15.281989
2024-01-23 15:00:00+00:00,0.16,18.023,51.0,0.0,33.059288
2024-01-23 16:00:00+00:00,0.156,18.473001,47.0,0.0,52.379692
2024-01-23 17:00:00+00:00,0.153,17.623001,48.0,0.0,52.005985
2024-01-23 18:00:00+00:00,0.154,17.423,52.0,0.0,49.20951
2024-01-23 19:00:00+00:00,0.152,16.223,54.0,0.0,48.83941
2024-01-23 20:00:00+00:00,0.151,15.073,55.0,0.0,48.73315
2024-01-23 21:00:00+00:00,0.152,12.573,59.0,0.0,48.316505
2024-01-23 22:00:00+00:00,0.151,11.373,58.0,0.0,49.241104
2024-01-23 23:00:00+00:00,0.15,9.773,52.0,0.0,48.539967
2024-01-24 00:00:00+00:00,0.142,9.073,55.0,0.0,41.741375
2024-01-24 01:00:00+00:00,0.142,7.773,58.0,0.0,37.88048
2024-01-24 02:00:00+00:00,0.141,7.1730003,59.0,0.0,35.397354
2024-01-24 03:00:00+00:00,0.141,7.023,67.0,0.0,33.168877
2024-01-24 04:00:00+00:00,0.141,6.6730003,70.0,0.0,31.311724
2024-01-24 05:00:00+00:00,0.141,6.523,73.0,0.0,30.85307
2024-01-24 06:00:00+00:00,0.141,6.373,73.0,0.0,27.343414
2024-01-24 07:00:00+00:00,0.141,6.373,72.0,0.0,26.836306
2024-01-24 08:00:00+00:00,0.14,6.273,69.0,0.0,23.675303
2024-01-24 09:00:00+00:00,0.14,6.073,72.0,0.0,21.479666
2024-01-24 10:00:00+00:00,0.14,6.4230003,71.0,0.0,20.724247
2024-01-24 11:00:00+00:00,0.139,7.573,65.0,0.0,21.829777
2024-01-24 12:00:00+00:00,0.139,9.172999,56.0,0.0,22.862125
2024-01-24 13:00:00+00:00,0.138,10.623,52.0,0.0,22.253124
2024-01-24 14:00:00+00:00,0.136,11.723,48.0,0.0,20.724247
2024-01-24 15:00:00+00:00,0.135,13.373,37.0,0.0,19.966211
2024-01-24 16:00:00+00:00,0.133,14.823,31.0,0.0,22.782625
2024-01-24 17:00:00+00:00,0.131,15.373,30.0,0.0,28.185953
2024-01-24 18:00:00+00:00,0.13,15.523,33.0,0.0,25.11758
2024-01-24 19:00:00+00:00,0.129,15.723,35.0,0.0,21.485697
2024-01-24 20:00:00+00:00,0.128,16.573,30.0,0.0,22.065973
2024-01-24 21:00:00+00:00,0.127,16.073,34.0,0.0,26.33911
2024-01-24 22:00:00+00:00,0.127,13.672999,45.0,0.0,25.929996
2024-01-24 23:00:00+00:00,0.13,12.073,56.0,0.2,21.791153
2024-01-25 00:00:00+00:00,0.143,11.172999,66.0,0.8,16.87398
2024-01-25 01:00:00+00:00,0.23,10.023,78.0,1.6,13.202726
2024-01-25 02:00:00+00:00,0.217,9.523,80.0,0.1,13.32
2024-01-25 03:00:00+00:00,0.198,9.223,79.0,0.0,10.390226
2024-01-25 04:00:00+00:00,0.192,9.823,76.0,0.0,15.03835
2024-01-25 05:00:00+00:00,0.189,9.523,72.0,0.0,18.668005
2024-01-25 06:00:00+00:00,0.183,8.672999,79.0,0.0,14.255272
2024-01-25 07:00:00+00:00,0.18,7.7229996,85.0,0.0,9.178235
2024-01-25 08:00:00+00:00,0.177,7.4729996,85.0,0.0,8.534353
2024-01-25 09:00:00+00:00,0.175,7.323,84.0,0.0,6.439876
2024-01-25 10:00:00+00:00,0.173,8.473,79.0,0.0,9.178235
2024-01-25 11:00:00+00:00,0.171,10.023,72.0,0.0,13.75558
2024-01-25 12:00:00+00:00,0.172,11.922999,61.0,0.0,15.141414
2024-01-25 13:00:00+00:00,0.169,14.172999,50.0,0.0,21.67487
2024-01-25 14:00:00+00:00,0.165,15.422999,43.0,0.0,24.014996
2024-01-25 15:00:00+00:00,0.163,15.973,42.0,0.0,23.424908
2024-01-25 16:00:00+00:00,0.16,16.723001,39.0,0.0,21.892027
2024-01-25 17:00:00+00:00,0.157,16.973001,38.0,0.0,20.421871
2024-01-25 18:00:00+00:00,0.154,17.423,37.0,0.0,25.992401
2024-01-25 19:00:00+00:00,0.151,17.773,37.0,0.0,24.27265
2024-01-25 20:00:00+00:00,0.149,17.523,37.0,0.0,23.507753
2024-01-25 21:00:00+00:00,0.148,16.723001,39.0,0.0,23.452555
2024-01-25 22:00:00+00:00,0.147,15.723,43.0,0.0,22.89611
2024-01-25 23:00:00+00:00,0.146,14.672999,46.0,0.0,22.33161
2024-01-26 00:00:00+00:00,0.139,14.023,48.0,0.0,17.902534
2024-01-26 01:00:00+00:00,0.139,12.773,52.0,0.0,16.418526
2024-01-26 02:00:00+00:00,0.139,11.922999,58.0,0.0,14.759999
2024-01-26 03:00:00+00:00,0.139,11.223,62.0,0.0,13.363711
2024-01-26 04:00:00+00:00,0.139,10.623,65.0,0.0,12.144331
2024-01-26 05:00:00+00:00,0.139,9.073,74.0,0.0,9.885262
2024-01-26 06:00:00+00:00,0.139,7.9230003,79.0,0.0,9.360001
2024-01-26 07:00:00+00:00,0.139,7.323,83.0,0.0,10.163227
2024-01-26 08:00:00+00:00,0.139,7.023,85.0,0.0,10.028439
2024-01-26 09:00:00+00:00,0.139,6.9729996,87.0,0.0,8.854829
2024-01-26 10:00:00+00:00,0.139,7.873,83.0,0.0,8.217153
2024-01-26 11:00:00+00:00,0.139,10.323,69.0,0.0,11.246759
2024-01-26 12:00:00+00:00,0.138,14.123,45.0,0.0,18.947083
2024-01-26 13:00:00+00:00,0.136,15.623,40.0,0.0,22.476227
2024-01-26 14:00:00+00:00,0.134,16.973001,40.0,0.0,29.09103
2024-01-26 15:00:00+00:00,0.133,17.473001,38.0,0.0,27.792374
2024-01-26 16:00:00+00:00,0.132,18.373001,35.0,0.0,25.068514
2024-01-26 17:00:00+00:00,0.131,19.423,32.0,0.0,25.992401
2024-01-26 18:00:00+00:00,0.129,19.973001,30.0,0.0,22.59699
2024-01-26 19:00:00+00:00,0.128,20.573,26.0,0.0,23.469128
2024-01-26 20:00:00+00:00,0.127,20.723001,29.0,0.0,23.667091
2024-01-26 21:00:00+00:00,0.126,18.523,38.0,0.0,18.581022
2024-01-26 22:00:00+00:00,0.129,15.172999,57.0,0.3,19.829433
2024-01-26 23:00:00+00:00,0.168,13.473,71.0,0.9,13.397612
2024-01-27 00:00:00+00:00,0.125,14.023,65.0,0.5,28.551426
2024-01-27 01:00:00+00:00,0.175,11.873,78.0,0.9,23.266697
2024-01-27 02:00:00+00:00,0.189,10.773,61.0,0.2,29.88217
2024-01-27 03:00:00+00:00,0.17,9.273,61.0,0.0,31.810638
2024-01-27 04:00:00+00:00,0.161,8.373,63.0,0.0,29.381382
2024-01-27 05:00:00+00:00,0.156,7.523,68.0,0.0,26.459389
2024-01-27 06:00:00+00:00,0.151,7.4230003,68.0,0.0,22.963936
2024-01-27 07:00:00+00:00,0.148,7.073,68.0,0.0,24.014996
2024-01-27 08:00:00+00:00,0.147,6.6730003,70.0,0.0,21.96
2024-01-27 09:00:00+00:00,0.145,6.323,70.0,0.0,19.211996
2024-01-27 10:00:00+00:00,0.144,6.4729996,67.0,0.0,19.137648
2024-01-27 11:00:00+00:00,0.143,7.573,61.0,0.0,23.587555
2024-01-27 12:00:00+00:00,0.132,9.172999,51.0,0.0,28.112288
2024-01-27 13:00:00+00:00,0.131,10.023,47.0,0.0,32.37999
2024-01-27 14:00:00+00:00,0.13,10.823,45.0,0.0,31.259941
2024-01-27 15:00:00+00:00,0.128,11.573,44.0,0.0,35.27449
2024-01-27 16:00:00+00:00,0.127,11.323,47.0,0.0,37.581657
2024-01-27 17:00:00+00:00,0.145,11.373,52.0,0.2,37.374172
2024-01-27 18:00:00+00:00,0.146,11.672999,48.0,0.2,38.89666
2024-01-27 19:00:00+00:00,0.155,12.323,46.0,0.1,38.948273
2024-01-27 20:00:00+00:00,0.149,12.422999,44.0,0.0,39.061245
2024-01-27 21:00:00+00:00,0.144,12.123,49.0,0.0,34.743263
2024-01-27 22:00:00+00:00,0.142,11.172999,57.0,0.1,34.139313
2024-01-27 23:00:00+00:00,0.143,10.323,67.0,0.1,25.140787
2024-01-28 00:00:00+00:00,0.144,10.473,65.0,0.0,27.06472
2024-01-28 01:00:00+00:00,0.143,9.773,72.0,0.0,26.260265
2024-01-28 02:00:00+00:00,0.143,9.723,76.0,0.1,26.712873
2024-01-28 03:00:00+00:00,0.145,9.672999,76.0,0.1,30.871965
2024-01-28 04:00:00+00:00,0.144,9.422999,77.0,0.0,28.883131
2024-01-28 05:00:00+00:00,0.142,8.922999,73.0,0.0,26.901417
2024-01-28 06:00:00+00:00,0.14,8.573,63.0,0.0,24.033876
2024-01-28 07:00:00+00:00,0.139,7.7229996,65.0,0.0,20.60823
2024-01-28 08:00:00+00:00,0.138,7.6730003,67.0,0.0,17.31746
2024-01-28 09:00:00+00:00,0.138,7.7229996,70.0,0.0,12.7279215
2024-01-28 10:00:00+00:00,0.137,7.9230003,73.0,0.0,10.233123
2024-01-28 11:00:00+00:00,0.136,9.473,75.0,0.0,13.237038
2024-01-28 12:00:00+00:00,0.135,11.573,65.0,0.0,23.933908
2024-01-28 13:00:00+00:00,0.134,12.473,57.0,0.0,25.772078
2024-01-28 14:00:00+00:00,0.132,13.422999,51.0,0.0,30.652895
2024-01-28 15:00:00+00:00,0.13,14.273,48.0,0.0,31.667723
2024-01-28 16:00:00+00:00,0.129,13.922999,51.0,0.0,29.519999
2024-01-28 17:00:00+00:00,0.128,14.473,51.0,0.0,25.40743
2024-01-28 18:00:00+00:00,0.127,15.023,47.0,0.0,28.241077
2024-01-28 19:00:00+00:00,0.126,15.823,44.0,0.0,29.49804
2024-01-28 20:00:00+00:00,0.125,15.523,52.0,0.0,31.722925
2024-01-28 21:00:00+00:00,0.124,15.172999,55.0,0.0,33.667217
2024-01-28 22:00:00+00:00,0.123,14.523,56.0,0.0,31.765793
2024-01-28 23:00:00+00:00,0.123,13.922999,58.0,0.0,30.068083
2024-01-29 00:00:00+00:00,0.119,13.473,59.0,0.0,26.82906
2024-01-29 01:00:00+00:00,0.119,12.373,66.0,0.0,22.545315
2024-01-29 02:00:00+00:00,0.119,11.672999,71.0,0.0,19.008547
2024-01-29 03:00:00+00:00,0.119,11.373,72.0,0.0,16.267857
2024-01-29 04:00:00+00:00,0.119,11.172999,75.0,0.1,15.077082
2024-01-29 05:00:00+00:00,0.119,11.223,76.0,0.1,15.30741
2024-01-29 06:00:00+00:00,0.119,11.523,72.0,0.0,16.563911
2024-01-29 07:00:00+00:00,0.12,11.623,72.0,0.0,18.218275
2024-01-29 08:00:00+00:00,0.121,11.573,74.0,0.0,19.08
2024-01-29 09:00:00+00:00,0.12,11.273,77.0,0.0,18.278645
2024-01-29 10:00:00+00:00,0.12,11.323,78.0,0.0,17.906157
2024-01-29 11:00:00+00:00,0.12,12.123,74.0,0.0,20.326454
2024-01-29 12:00:00+00:00,0.12,13.422999,68.0,0.0,25.516865
2024-01-29 13:00:00+00:00,0.122,14.323,64.0,0.0,25.346148
2024-01-29 14:00:00+00:00,0.12,15.672999,53.0,0.0,27.952787
2024-01-29 15:00:00+00:00,0.118,16.473001,45.0,0.0,30.37683
2024-01-29 16:00:00+00:00,0.116,16.223,44.0,0.0,30.24214
2024-01-29 17:00:00+00:00,0.115,16.123001,42.0,0.0,29.179993
2024-01-29 18:00:00+00:00,0.114,16.623001,37.0,0.0,31.68
2024-01-29 19:00:00+00:00,0.113,16.423,36.0,0.0,31.682047
2024-01-29 20:00:00+00:00,0.111,15.823,35.0,0.0,29.5551
2024-01-29 21:00:00+00:00,0.111,15.023,36.0,0.0,28.137634
2024-01-29 22:00:00+00:00,0.11,13.973,38.0,0.0,26.079508
2024-01-29 23:00:00+00:00,0.11,12.922999,41.0,0.0,23.266697
2024-01-30 00:00:00+00:00,0.108,11.973,43.0,0.0,20.12461
2024-01-30 01:00:00+00:00,0.108,10.523,49.0,0.0,13.910169
2024-01-30 02:00:00+00:00,0.108,9.123,57.0,0.0,8.287822
2024-01-30 03:00:00+00:00,0.109,7.7229996,65.0,0.0,5.5887027
2024-01-30 04:00:00+00:00,0.109,7.1730003,68.0,0.0,3.671294
2024-01-30 05:00:00+00:00,0.109,7.023,70.0,0.0,3.8268526
2024-01-30 06:00:00+00:00,0.11,7.023,72.0,0.0,4.73506
2024-01-30 07:00:00+00:00,0.129,7.1730003,78.0,0.7,2.8799999
2024-01-30 08:00:00+00:00,0.147,7.2229996,81.0,0.3,1.9386592
2024-01-30 09:00:00+00:00,0.158,6.6730003,87.0,0.2,3.7064266
2024-01-30 10:00:00+00:00,0.164,7.023,87.0,0.1,5.771239
2024-01-30 11:00:00+00:00,0.172,7.7229996,84.0,0.1,8.350138
2024-01-30 12:00:00+00:00,0.181,8.323,83.0,0.3,9.114471
2024-01-30 13:00:00+00:00,0.179,9.723,82.0,0.1,11.119281
2024-01-30 14:00:00+00:00,0.177,11.023,81.0,0.2,13.004922
2024-01-30 15:00:00+00:00,0.181,12.373,74.0,0.2,15.281989
2024-01-30 16:00:00+00:00,0.176,14.073,62.0,0.1,16.375053
2024-01-30 17:00:00+00:00,0.168,15.823,56.0,0.1,18.58451
2024-01-30 18:00:00+00:00,0.16,15.973,56.0,0.0,17.610588
2024-01-30 19:00:00+00:00,0.156,16.523,57.0,0.1,17.10284
2024-01-30 20:00:00+00:00,0.154,16.723001,55.0,0.2,15.379206
2024-01-30 21:00:00+00:00,0.206,15.323,75.0,1.4,15.281989
2024-01-30 22:00:00+00:00,0.263,14.223,79.0,1.8,17.148247
2024-01-30 23:00:00+00:00,0.241,14.073,65.0,0.0,27.897097
2024-01-31 00:00:00+00:00,0.236,13.023,68.0,0.0,29.934166
2024-01-31 01:00:00+00:00,0.225,11.223,71.0,0.0,26.319422
2024-01-31 02:00:00+00:00,0.217,10.373,72.0,0.0,25.6233
2024-01-31 03:00:00+00:00,0.211,9.373,74.0,0.0,21.986542
2024-01-31 04:00:00+00:00,0.206,8.773,77.0,0.0,18.416384
2024-01-31 05:00:00+00:00,0.202,8.123,76.0,0.0,17.114204
2024-01-31 06:00:00+00:00,0.198,7.323,79.0,0.0,16.055353
2024-01-31 07:00:00+00:00,0.195,6.7229996,84.0,0.0,12.287555
2024-01-31 08:00:00+00:00,0.193,6.4230003,88.0,0.0,11.269782
2024-01-31 09:00:00+00:00,0.191,6.823,89.0,0.0,13.0447235
2024-01-31 10:00:00+00:00,0.189,7.4729996,86.0,0.0,13.202726
2024-01-31 11:00:00+00:00,0.187,9.123,79.0,0.0,17.902534
2024-01-31 12:00:00+00:00,0.184,9.873,65.0,0.0,20.240196
2024-01-31 13:00:00+00:00,0.18,10.873,56.0,0.0,20.188908
2024-01-31 14:00:00+00:00,0.177,11.873,49.0,0.0,20.883104
2024-01-31 15:00:00+00:00,0.173,12.573,44.0,0.0,21.626984
2024-01-31 16:00:00+00:00,0.17,12.973,41.0,0.0,24.387177
2024-01-31 17:00:00+00:00,0.167,12.573,44.0,0.0,25.050413
2024-01-31 18:00:00+00:00,0.165,12.623,46.0,0.0,23.441502
2024-01-31 19:00:00+00:00,0.163,13.073,45.0,0.0,23.584808
2024-01-31 20:00:00+00:00,0.161,12.873,46.0,0.0,23.157824
2024-01-31 21:00:00+00:00,0.159,12.823,47.0,0.0,21.829777
2024-01-31 22:00:00+00:00,0.158,12.422999,48.0,0.0,19.9954
2024-01-31 23:00:00+00:00,0.157,11.873,49.0,0.0,17.377226
2024-02-01 00:00:00+00:00,0.159,10.873,51.0,0.0,13.450708
2024-02-01 01:00:00+00:00,0.159,9.223,61.0,0.0,6.989936
2024-02-01 02:00:00+00:00,0.16,8.073,70.0,0.0,5.00128
2024-02-01 03:00:00+00:00,0.16,7.823,73.0,0.0,4.32
2024-02-01 04:00:00+00:00,0.16,7.7229996,74.0,0.0,4.6800003
2024-02-01 05:00:00+00:00,0.16,7.573,74.0,0.0,4.6102495
2024-02-01 06:00:00+00:00,0.161,6.9729996,78.0,0.0,5.0142193
2024-02-01 07:00:00+00:00,0.161,7.023,78.0,0.1,5.5887027
2024-02-01 08:00:00+00:00,0.161,7.2229996,77.0,0.1,5.8048253
2024-02-01 09:00:00+00:00,0.165,7.2229996,86.0,0.3,5.3999996
2024-02-01 10:00:00+00:00,0.189,7.873,92.0,0.6,6.439876
2024-02-01 11:00:00+00:00,0.225,9.422999,88.0,0.8,9.83268
2024-02-01 12:00:00+00:00,0.247,10.623,86.0,0.9,7.8625183
2024-02-01 13:00:00+00:00,0.241,12.523,76.0,0.1,13.37825
2024-02-01 14:00:00+00:00,0.231,15.123,61.0,0.0,23.557316
2024-02-01 15:00:00+00:00,0.218,16.273,47.0,0.0,33.35784
2024-02-01 16:00:00+00:00,0.208,15.922999,47.0,0.0,35.632725
2024-02-01 17:00:00+00:00,0.201,15.623,48.0,0.0,37.363766
2024-02-01 18:00:00+00:00,0.197,15.223,40.0,0.0,44.751633
2024-02-01 19:00:00+00:00,0.193,14.922999,41.0,0.0,42.175346
2024-02-01 20:00:00+00:00,0.19,13.773,45.0,0.0,39.919437
2024-02-01 21:00:00+00:00,0.187,12.023,52.0,0.0,39.98594
2024-02-01 22:00:00+00:00,0.186,10.223,57.0,0.0,39.966484
2024-02-01 23:00:00+00:00,0.184,9.422999,60.0,0.0,35.463196
2024-02-02 00:00:00+00:00,0.168,9.422999,60.0,0.0,31.698402
2024-02-02 01:00:00+00:00,0.168,8.223,62.0,0.0,28.442278
2024-02-02 02:00:00+00:00,0.167,7.523,64.0,0.0,27.0024
2024-02-02 03:00:00+00:00,0.166,6.823,65.0,0.0,24.122683
2024-02-02 04:00:00+00:00,0.165,6.2229996,67.0,0.0,21.288757
2024-02-02 05:00:00+00:00,0.165,5.7229996,68.0,0.0,18.64369
2024-02-02 06:00:00+00:00,0.164,5.323,72.0,0.0,17.462782
2024-02-02 07:00:00+00:00,0.164,4.773,73.0,0.0,15.379206
2024-02-02 08:00:00+00:00,0.164,4.223,74.0,0.0,11.966953
2024-02-02 09:00:00+00:00,0.163,3.923,75.0,0.0,9.346143
2024-02-02 10:00:00+00:00,0.163,4.4230003,72.0,0.0,7.5599995
2024-02-02 11:00:00+00:00,0.162,5.273,68.0,0.0,6.763786
2024-02-02 12:00:00+00:00,0.161,6.373,66.0,0.0,6.618519
2024-02-02 13:00:00+00:00,0.16,7.123,62.0,0.0,2.8799999
2024-02-02 14:00:00+00:00,0.159,7.9230003,58.0,0.0,6.28713
2024-02-02 15:00:00+00:00,0.157,8.223,55.0,0.1,9.227524
2024-02-02 16:00:00+00:00,0.18,7.2229996,66.0,0.9,8.942214
2024-02-02 17:00:00+00:00,0.243,6.323,73.0,1.4,8.654987
2024-02-02 18:00:00+00:00,0.278,6.073,78.0,1.7,9.885262
2024-02-02 19:00:00+00:00,0.315,5.4729996,82.0,2.3,10.1376915
2024-02-02 20:00:00+00:00,0.311,5.273,83.0,1.4,12.783802
2024-02-02 21:00:00+00:00,0.297,5.2229996,83.0,0.7,11.269782
2024-02-02 22:00:00+00:00,0.295,5.523,82.0,0.9,8.669949
2024-02-02 23:00:00+00:00,0.284,6.073,82.0,0.3,7.24486
2024-02-03 00:00:00+00:00,0.287,5.9230003,83.0,0.1,11.435313
2024-02-03 01:00:00+00:00,0.277,5.323,86.0,0.1,8.78872
2024-02-03 02:00:00+00:00,0.269,5.2229996,89.0,0.2,2.1897945
2024-02-03 03:00:00+00:00,0.272,5.2229996,92.0,0.4,5.154415
2024-02-03 04:00:00+00:00,0.291,5.323,89.0,0.8,9.178235
2024-02-03 05:00:00+00:00,0.29,5.023,86.0,0.4,9.0645685
2024-02-03 06:00:00+00:00,0.28,4.373,90.0,0.0,9.422101
2024-02-03 07:00:00+00:00,0.272,3.723,90.0,0.0,10.446206
2024-02-03 08:00:00+00:00,0.266,3.123,83.0,0.0,11.570515
2024-02-03 09:00:00+00:00,0.261,2.623,83.0,0.0,10.446206
2024-02-03 10:00:00+00:00,0.257,2.673,82.0,0.0,9.0
2024-02-03 11:00:00+00:00,0.254,3.923,78.0,0.0,11.298495
2024-02-03 12:00:00+00:00,0.252,5.9230003,74.0,0.0,19.211996
2024-02-03 13:00:00+00:00,0.249,7.323,70.0,0.0,26.319422
2024-02-03 14:00:00+00:00,0.245,8.823,65.0,0.0,26.079508
2024-02-03 15:00:00+00:00,0.24,10.873,55.0,0.0,31.435646
2024-02-03 16:00:00+00:00,0.235,11.323,55.0,0.0,33.326748
2024-02-03 17:00:00+00:00,0.23,11.973,52.0,0.0,33.74796
2024-02-03 18:00:00+00:00,0.23,12.073,54.0,0.0,30.302078
2024-02-03 19:00:00+00:00,0.227,12.723,51.0,0.0,29.381382
2024-02-03 20:00:00+00:00,0.222,12.823,48.0,0.0,29.5551
2024-02-03 21:00:00+00:00,0.218,12.773,49.0,0.0,27.0
2024-02-03 22:00:00+00:00,0.216,12.323,50.0,0.0,23.110207
2024-02-03 23:00:00+00:00,0.214,11.672999,52.0,0.0,17.298738
2024-02-04 00:00:00+00:00,0.214,11.123,55.0,0.0,12.287555
2024-02-04 01:00:00+00:00,0.214,9.672999,65.0,0.0,8.14587
2024-02-04 02:00:00+00:00,0.214,8.623,72.0,0.0,6.28713
2024-02-04 03:00:00+00:00,0.214,8.023,76.0,0.0,5.815978
2024-02-04 04:00:00+00:00,0.214,8.273,73.0,0.0,7.729527
2024-02-04 05:00:00+00:00,0.213,8.323,74.0,0.0,11.631956
2024-02-04 06:00:00+00:00,0.213,8.373,87.0,0.0,15.7908325
2024-02-04 07:00:00+00:00,0.212,8.922999,82.0,0.1,16.394829
2024-02-04 08:00:00+00:00,0.22,8.573,89.0,0.5,9.6932955
2024-02-04 09:00:00+00:00,0.28,8.273,91.0,1.8,6.9527545
2024-02-04 10:00:00+00:00,0.3,8.123,91.0,1.5,6.763786
2024-02-04 11:00:00+00:00,0.318,8.323,91.0,1.5,7.42159
2024-02-04 12:00:00+00:00,0.314,8.623,95.0,1.4,5.3517847
2024-02-04 13:00:00+00:00,0.303,9.273,92.0,0.7,6.2145634
2024-02-04 14:00:00+00:00,0.312,9.773,91.0,1.2,4.379589
2024-02-04 15:00:00+00:00,0.304,10.823,87.0,0.5,6.4799995
2024-02-04 16:00:00+00:00,0.292,12.873,82.0,0.0,8.311245
2024-02-04 17:00:00+00:00,0.28,15.422999,77.0,0.0,9.746631
2024-02-04 18:00:00+00:00,0.263,18.623001,64.0,0.0,18.161278
2024-02-04 19:00:00+00:00,0.261,17.223001,71.0,0.2,17.10284
2024-02-04 20:00:00+00:00,0.282,16.273,84.0,0.9,13.009903
2024-02-04 21:00:00+00:00,0.29,16.473001,84.0,0.6,13.363711
2024-02-04 22:00:00+00:00,0.297,16.723001,80.0,0.7,15.463244
2024-02-04 23:00:00+00:00,0.301,16.223,80.0,0.8,12.6462
2024-02-05 00:00:00+00:00,0.288,15.672999,83.0,0.6,6.9153743
2024-02-05 01:00:00+00:00,0.28,14.873,88.0,0.1,5.8603754
2024-02-05 02:00:00+00:00,0.275,15.273,83.0,0.1,5.7599998
2024-02-05 03:00:00+00:00,0.28,15.623,71.0,0.2,20.240198
2024-02-05 04:00:00+00:00,0.292,14.223,86.0,0.7,24.795612
2024-02-05 05:00:00+00:00,0.29,12.323,76.0,0.4,25.630886
2024-02-05 06:00:00+00:00,0.27,10.873,63.0,0.0,37.16553
2024-02-05 07:00:00+00:00,0.265,9.723,67.0,0.0,34.569374
2024-02-05 08:00:00+00:00,0.26,9.273,68.0,0.0,30.216421
2024-02-05 09:00:00+00:00,0.257,8.773,73.0,0.0,26.282463
2024-02-05 10:00:00+00:00,0.254,8.523,74.0,0.0,26.121714
2024-02-05 11:00:00+00:00,0.251,9.023,68.0,0.0,29.337238
2024-02-05 12:00:00+00:00,0.247,10.773,58.0,0.0,31.999523
2024-02-05 13:00:00+00:00,0.243,11.422999,54.0,0.0,34.847553
2024-02-05 14:00:00+00:00,0.244,11.773,53.0,0.1,36.10963
2024-02-05 15:00:00+00:00,0.245,12.172999,54.0,0.1,36.636963
2024-02-05 16:00:00+00:00,0.243,12.422999,53.0,0.1,37.97104
2024-02-05 17:00:00+00:00,0.244,12.823,52.0,0.2,38.84832
2024-02-05 18:00:00+00:00,0.239,13.922999,44.0,0.0,45.92787
2024-02-05 19:00:00+00:00,0.232,13.723,44.0,0.0,42.730953
2024-02-05 20:00:00+00:00,0.228,13.523,43.0,0.0,39.763298
2024-02-05 21:00:00+00:00,0.225,12.973,45.0,0.0,36.93291
2024-02-05 22:00:00+00:00,0.223,12.223,48.0,0.0,34.03476
2024-02-05 23:00:00+00:00,0.221,11.723,50.0,0.0,29.620802
2024-02-06 00:00:00+00:00,0.214,11.172999,53.0,0.0,22.077717
2024-02-06 01:00:00+00:00,0.213,10.573,58.0,0.0,18.79255
2024-02-06 02:00:00+00:00,0.213,10.223,62.0,0.0,18.161278
2024-02-06 03:00:00+00:00,0.212,9.672999,69.0,0.0,18.864824
2024-02-06 04:00:00+00:00,0.212,9.672999,70.0,0.0,21.889065
2024-02-06 05:00:00+00:00,0.211,9.573,70.0,0.0,23.166218
2024-02-06 06:00:00+00:00,0.21,9.873,67.0,0.0,18.25026
2024-02-06 07:00:00+00:00,0.21,9.773,67.0,0.0,13.281023
2024-02-06 08:00:00+00:00,0.209,9.223,71.0,0.0,8.161764
2024-02-06 09:00:00+00:00,0.209,8.773,74.0,0.0,5.634891
2024-02-06 10:00:00+00:00,0.208,8.473,76.0,0.0,5.0911684
2024-02-06 11:00:00+00:00,0.208,9.373,73.0,0.0,5.4833565
2024-02-06 12:00:00+00:00,0.206,11.473,65.0,0.0,5.815978
2024-02-06 13:00:00+00:00,0.204,13.123,58.0,0.0,7.968939
2024-02-06 14:00:00+00:00,0.2,15.473,46.0,0.0,13.910169
2024-02-06 15:00:00+00:00,0.196,16.373001,41.0,0.0,17.294992
2024-02-06 16:00:00+00:00,0.193,17.173,40.0,0.0,19.559633
2024-02-06 17:00:00+00:00,0.189,17.023,44.0,0.0,20.364674
2024-02-06 18:00:00+00:00,0.188,18.123001,38.0,0.0,18.733839
2024-02-06 19:00:00+00:00,0.185,18.723001,37.0,0.0,19.592731
2024-02-06 20:00:00+00:00,0.182,18.073,37.0,0.0,18.792551
2024-02-06 21:00:00+00:00,0.181,17.323,38.0,0.0,19.191748
2024-02-06 22:00:00+00:00,0.18,16.423,42.0,0.0,19.33639
2024-02-06 23:00:00+00:00,0.18,15.123,48.0,0.0,15.484185
2024-02-07 00:00:00+00:00,0.167,13.723,57.0,0.1,15.496736
2024-02-07 01:00:00+00:00,0.168,12.323,67.0,0.0,13.441071
2024-02-07 02:00:00+00:00,0.169,11.223,76.0,0.1,12.496719
2024-02-07 03:00:00+00:00,0.17,10.273,81.0,0.1,11.27553
2024-02-07 04:00:00+00:00,0.17,9.773,83.0,0.0,12.224107
2024-02-07 05:00:00+00:00,0.171,9.323,85.0,0.0,12.413476
2024-02-07 06:00:00+00:00,0.171,8.922999,82.0,0.0,9.387651
2024-02-07 07:00:00+00:00,0.171,8.623,82.0,0.0,10.009036
2024-02-07 08:00:00+00:00,0.171,8.373,79.0,0.0,6.989936
2024-02-07 09:00:00+00:00,0.172,7.9729996,80.0,0.0,2.8799999
2024-02-07 10:00:00+00:00,0.172,7.6730003,82.0,0.0,5.1919937
2024-02-07 11:00:00+00:00,0.172,9.672999,72.0,0.0,6.489992
2024-02-07 12:00:00+00:00,0.171,12.223,59.0,0.0,11.570515
2024-02-07 13:00:00+00:00,0.169,14.323,52.0,0.0,18.692286
2024-02-07 14:00:00+00:00,0.167,14.723,55.0,0.0,25.20257
2024-02-07 15:00:00+00:00,0.166,14.473,60.0,0.0,30.173496
2024-02-07 16:00:00+00:00,0.165,13.523,58.0,0.1,33.88019
2024-02-07 17:00:00+00:00,0.17,12.672999,58.0,0.3,35.58359
2024-02-07 18:00:00+00:00,0.194,13.373,52.0,0.0,39.04797
2024-02-07 19:00:00+00:00,0.186,12.273,50.0,0.0,40.186382
2024-02-07 20:00:00+00:00,0.182,11.023,50.0,0.0,38.423992
2024-02-07 21:00:00+00:00,0.179,10.523,46.0,0.0,33.58821
2024-02-07 22:00:00+00:00,0.178,9.223,57.0,0.0,28.1169
2024-02-07 23:00:00+00:00,0.177,8.873,62.0,0.0,23.933907
2024-02-08 00:00:00+00:00,0.175,8.573,65.0,0.0,21.24
2024-02-08 01:00:00+00:00,0.174,7.823,71.0,0.0,16.595179
2024-02-08 02:00:00+00:00,0.174,7.6730003,73.0,0.0,15.484185
2024-02-08 03:00:00+00:00,0.174,7.4230003,79.0,0.0,15.379206
2024-02-08 04:00:00+00:00,0.173,7.623,81.0,0.0,22.253124
2024-02-08 05:00:00+00:00,0.173,8.023,75.0,0.0,30.608469
2024-02-08 06:00:00+00:00,0.173,7.273,72.0,0.0,32.41799
2024-02-08 07:00:00+00:00,0.172,6.823,72.0,0.0,32.04202
2024-02-08 08:00:00+00:00,0.172,6.4230003,73.0,0.0,32.039997
2024-02-08 09:00:00+00:00,0.172,6.1730003,73.0,0.0,29.88217
2024-02-08 10:00:00+00:00,0.171,6.4729996,73.0,0.0,27.722336
2024-02-08 11:00:00+00:00,0.171,7.123,70.0,0.0,27.0
2024-02-08 12:00:00+00:00,0.17,9.023,63.0,0.0,27.74103
2024-02-08 13:00:00+00:00,0.169,10.373,56.0,0.0,30.096085
2024-02-08 14:00:00+00:00,0.168,10.823,56.0,0.0,26.661882
2024-02-08 15:00:00+00:00,0.167,11.723,54.0,0.0,27.766712
2024-02-08 16:00:00+00:00,0.166,11.723,56.0,0.0,27.322077
2024-02-08 17:00:00+00:00,0.169,11.073,67.0,0.3,28.412645
2024-02-08 18:00:00+00:00,0.182,11.223,63.0,0.2,27.70831
2024-02-08 19:00:00+00:00,0.178,11.973,60.0,0.1,30.267845
2024-02-08 20:00:00+00:00,0.175,12.323,64.0,0.1,32.33193
2024-02-08 21:00:00+00:00,0.173,12.473,67.0,0.0,31.435646
2024-02-08 22:00:00+00:00,0.172,12.823,68.0,0.0,33.202072
2024-02-08 23:00:00+00:00,0.171,12.172999,74.0,0.1,28.817993
2024-02-09 00:00:00+00:00,0.169,11.623,72.0,0.0,27.684914
2024-02-09 01:00:00+00:00,0.169,11.073,75.0,0.0,27.645092
2024-02-09 02:00:00+00:00,0.169,10.723,77.0,0.0,26.882141
2024-02-09 03:00:00+00:00,0.168,10.623,77.0,0.0,27.645092
2024-02-09 04:00:00+00:00,0.168,10.422999,77.0,0.0,26.987997
2024-02-09 05:00:00+00:00,0.168,10.473,77.0,0.0,27.333935
2024-02-09 06:00:00+00:00,0.167,10.573,77.0,0.0,26.200977
2024-02-09 07:00:00+00:00,0.167,10.573,77.0,0.0,26.552288
2024-02-09 08:00:00+00:00,0.167,10.473,78.0,0.0,26.27753
2024-02-09 09:00:00+00:00,0.167,10.373,77.0,0.0,24.50381
2024-02-09 10:00:00+00:00,0.167,10.373,79.0,0.0,23.087763
2024-02-09 11:00:00+00:00,0.166,11.023,76.0,0.0,24.64094
2024-02-09 12:00:00+00:00,0.166,11.773,68.0,0.0,26.525429
2024-02-09 13:00:00+00:00,0.165,12.523,66.0,0.0,26.807312
2024-02-09 14:00:00+00:00,0.164,13.073,64.0,0.0,28.551426
2024-02-09 15:00:00+00:00,0.164,13.073,66.0,0.0,28.019936
2024-02-09 16:00:00+00:00,0.163,13.223,66.0,0.0,28.357857
2024-02-09 17:00:00+00:00,0.163,12.723,71.0,0.1,27.322077
2024-02-09 18:00:00+00:00,0.162,13.273,67.0,0.0,28.71437
2024-02-09 19:00:00+00:00,0.162,13.323,67.0,0.0,30.05515
2024-02-09 20:00:00+00:00,0.162,13.123,65.0,0.0,31.712711
2024-02-09 21:00:00+00:00,0.162,12.922999,65.0,0.0,29.16889
2024-02-09 22:00:00+00:00,0.161,13.273,59.0,0.0,29.574827
2024-02-09 23:00:00+00:00,0.161,12.273,62.0,0.0,26.368616
2024-02-10 00:00:00+00:00,0.158,11.773,64.0,0.0,23.770906
2024-02-10 01:00:00+00:00,0.158,11.623,67.0,0.0,22.148045
2024-02-10 02:00:00+00:00,0.158,11.473,68.0,0.0,21.046917
2024-02-10 03:00:00+00:00,0.158,11.523,68.0,0.0,19.734436
2024-02-10 04:00:00+00:00,0.158,11.623,68.0,0.0,20.176065
2024-02-10 05:00:00+00:00,0.158,11.623,70.0,0.0,19.694992
2024-02-10 06:00:00+00:00,0.158,10.973,74.0,0.0,16.854767
2024-02-10 07:00:00+00:00,0.158,10.273,78.0,0.0,15.315873
2024-02-10 08:00:00+00:00,0.158,9.523,83.0,0.0,14.168641
2024-02-10 09:00:00+00:00,0.158,9.073,84.0,0.0,12.7279215
2024-02-10 10:00:00+00:00,0.158,9.073,83.0,0.0,11.119281
2024-02-10 11:00:00+00:00,0.158,10.623,76.0,0.0,12.57426
2024-02-10 12:00:00+00:00,0.158,12.973,60.0,0.0,12.313893
2024-02-10 13:00:00+00:00,0.157,15.223,53.0,0.0,14.934577
2024-02-10 14:00:00+00:00,0.155,17.273,46.0,0.0,16.87398
2024-02-10 15:00:00+00:00,0.154,18.673,43.0,0.0,17.771753
2024-02-10 16:00:00+00:00,0.152,19.623001,42.0,0.0,18.175545
2024-02-10 17:00:00+00:00,0.151,19.773,42.0,0.0,18.888851
2024-02-10 18:00:00+00:00,0.15,20.473001,39.0,0.0,17.298738
2024-02-10 19:00:00+00:00,0.149,20.073,40.0,0.0,15.542662
2024-02-10 20:00:00+00:00,0.148,19.923,42.0,0.0,15.03835
2024-02-10 21:00:00+00:00,0.147,19.273,44.0,0.0,15.39184
2024-02-10 22:00:00+00:00,0.147,18.323,48.0,0.0,14.917212
2024-02-10 23:00:00+00:00,0.147,17.373001,52.0,0.0,12.605142
2024-02-11 00:00:00+00:00,0.144,16.023,56.0,0.0,7.2805495
2024-02-11 01:00:00+00:00,0.144,13.973,66.0,0.0,3.563818
2024-02-11 02:00:00+00:00,0.145,13.123,69.0,0.0,3.96
2024-02-11 03:00:00+00:00,0.145,12.723,70.0,0.0,5.6920996
2024-02-11 04:00:00+00:00,0.145,13.273,66.0,0.0,7.491114
2024-02-11 05:00:00+00:00,0.145,12.973,69.0,0.0,9.673221
2024-02-11 06:00:00+00:00,0.145,13.023,68.0,0.0,8.287822
2024-02-11 07:00:00+00:00,0.146,12.823,71.0,0.1,8.473393
2024-02-11 08:00:00+00:00,0.147,12.323,76.0,0.2,7.69592
2024-02-11 09:00:00+00:00,0.154,11.922999,81.0,0.4,6.379216
2024-02-11 10:00:00+00:00,0.189,11.573,86.0,0.8,4.6938252
2024-02-11 11:00:00+00:00,0.215,11.672999,87.0,0.7,3.671294
2024-02-11 12:00:00+00:00,0.2,12.123,83.0,0.4,0.35999998
2024-02-11 13:00:00+00:00,0.208,13.473,79.0,0.2,9.387651
2024-02-11 14:00:00+00:00,0.233,12.973,80.0,0.4,23.219301
2024-02-11 15:00:00+00:00,0.218,13.023,63.0,0.1,23.857979
2024-02-11 16:00:00+00:00,0.207,13.073,59.0,0.0,28.291512
2024-02-11 17:00:00+00:00,0.2,13.473,54.0,0.0,29.414444
2024-02-11 18:00:00+00:00,0.198,13.123,45.0,0.0,28.220417
2024-02-11 19:00:00+00:00,0.193,12.323,44.0,0.0,29.144442
2024-02-11 20:00:00+00:00,0.19,11.823,46.0,0.0,27.70831
2024-02-11 21:00:00+00:00,0.187,11.523,44.0,0.0,27.345785
2024-02-11 22:00:00+00:00,0.184,11.023,43.0,0.0,27.345785
2024-02-11 23:00:00+00:00,0.182,9.773,46.0,0.0,27.009598
2024-02-12 00:00:00+00:00,0.179,8.573,54.0,0.0,23.110205
2024-02-12 01:00:00+00:00,0.178,7.4729996,59.0,0.0,21.129883
2024-02-12 02:00:00+00:00,0.176,6.823,64.0,0.0,20.192118
2024-02-12 03:00:00+00:00,0.175,6.273,69.0,0.0,19.296133
2024-02-12 04:00:00+00:00,0.174,5.873,72.0,0.0,17.673029
2024-02-12 05:00:00+00:00,0.173,5.573,72.0,0.0,16.563911
2024-02-12 06:00:00+00:00,0.173,5.373,75.0,0.0,18.0036
2024-02-12 07:00:00+00:00,0.172,5.273,75.0,0.0,17.673029
2024-02-12 08:00:00+00:00,0.171,5.1730003,75.0,0.0,18.014393
2024-02-12 09:00:00+00:00,0.17,5.273,76.0,0.0,19.083395
2024-02-12 10:00:00+00:00,0.17,5.4729996,71.0,0.0,20.240196
2024-02-12 11:00:00+00:00,0.169,6.623,61.0,0.0,19.559633
2024-02-12 12:00:00+00:00,0.168,8.173,60.0,0.0,23.023119
2024-02-12 13:00:00+00:00,0.166,9.823,49.0,0.0,25.071096
2024-02-12 14:00:00+00:00,0.164,11.073,45.0,0.0,24.821732
2024-02-12 15:00:00+00:00,0.163,11.873,49.0,0.0,24.64094
2024-02-12 16:00:00+00:00,0.161,11.823,52.0,0.0,25.651104
2024-02-12 17:00:00+00:00,0.16,12.422999,50.0,0.0,24.648829
2024-02-12 18:00:00+00:00,0.159,12.473,49.0,0.0,27.047956
2024-02-12 19:00:00+00:00,0.158,12.672999,50.0,0.0,26.121714
2024-02-12 20:00:00+00:00,0.157,12.523,54.0,0.0,25.929996
2024-02-12 21:00:00+00:00,0.156,12.023,54.0,0.0,26.727423
2024-02-12 22:00:00+00:00,0.156,11.473,55.0,0.0,27.009598
2024-02-12 23:00:00+00:00,0.156,11.172999,56.0,0.0,21.986542
2024-02-13 00:00:00+00:00,0.154,11.023,57.0,0.0,17.163355
2024-02-13 01:00:00+00:00,0.154,10.473,64.0,0.0,14.707222
2024-02-13 02:00:00+00:00,0.154,9.672999,70.0,0.0,12.7279215
2024-02-13 03:00:00+00:00,0.154,8.873,72.0,0.0,13.281023
2024-02-13 04:00:00+00:00,0.154,8.373,72.0,0.0,13.584932
2024-02-13 05:00:00+00:00,0.154,8.422999,72.0,0.0,15.077082
2024-02-13 06:00:00+00:00,0.154,8.573,69.0,0.0,13.830749
2024-02-13 07:00:00+00:00,0.154,8.823,68.0,0.0,14.05845
2024-02-13 08:00:00+00:00,0.154,8.323,70.0,0.0,10.086427
2024-02-13 09:00:00+00:00,0.154,7.2229996,75.0,0.0,5.00128
2024-02-13 10:00:00+00:00,0.154,6.623,76.0,0.0,3.8773184
2024-02-13 11:00:00+00:00,0.155,7.573,74.0,0.3,3.671294
2024-02-13 12:00:00+00:00,0.17,8.623,76.0,0.5,3.563818
2024-02-13 13:00:00+00:00,0.178,10.223,71.0,0.1,7.10031
2024-02-13 14:00:00+00:00,0.183,11.823,65.0,0.1,12.303366
2024-02-13 15:00:00+00:00,0.182,12.922999,60.0,0.0,19.319628
2024-02-13 16:00:00+00:00,0.177,14.273,60.0,0.0,25.43802
2024-02-13 17:00:00+00:00,0.172,14.773,62.0,0.0,26.405453
2024-02-13 18:00:00+00:00,0.169,15.873,55.0,0.0,28.036118
2024-02-13 19:00:00+00:00,0.167,17.223001,51.0,0.0,29.301878
2024-02-13 20:00:00+00:00,0.164,17.273,43.0,0.0,28.08923
2024-02-13 21:00:00+00:00,0.162,15.973,47.0,0.0,25.364037
2024-02-13 22:00:00+00:00,0.161,14.422999,50.0,0.0,23.377836
2024-02-13 23:00:00+00:00,0.16,12.973,51.0,0.0,20.969805
2024-02-14 00:00:00+00:00,0.151,11.672999,59.0,0.0,18.59845
2024-02-14 01:00:00+00:00,0.151,10.223,66.0,0.0,16.327497
2024-02-14 02:00:00+00:00,0.151,9.223,69.0,0.0,14.408997
2024-02-14 03:00:00+00:00,0.15,8.623,70.0,0.0,13.32
2024-02-14 04:00:00+00:00,0.15,8.173,72.0,0.0,12.620554
2024-02-14 05:00:00+00:00,0.15,7.773,73.0,0.0,12.605142
2024-02-14 06:00:00+00:00,0.149,7.573,75.0,0.0,12.245294
2024-02-14 07:00:00+00:00,0.149,7.623,73.0,0.0,10.823973
2024-02-14 08:00:00+00:00,0.149,7.623,72.0,0.0,9.0645685
2024-02-14 09:00:00+00:00,0.148,7.523,74.0,0.0,8.287822
2024-02-14 10:00:00+00:00,0.151,7.373,79.0,0.4,7.42159
2024-02-14 11:00:00+00:00,0.168,7.523,82.0,0.4,7.289444
2024-02-14 12:00:00+00:00,0.2,8.373,84.0,0.2,8.825508
2024-02-14 13:00:00+00:00,0.217,8.823,81.0,0.5,11.013882
2024-02-14 14:00:00+00:00,0.216,9.523,75.0,0.3,9.114471
2024-02-14 15:00:00+00:00,0.217,9.523,74.0,0.4,10.105681
2024-02-14 16:00:00+00:00,0.227,9.623,75.0,0.5,9.746631
2024-02-14 17:00:00+00:00,0.228,10.073,74.0,0.3,10.440001
2024-02-14 18:00:00+00:00,0.212,10.773,71.0,0.2,11.525623
2024-02-14 19:00:00+00:00,0.206,11.023,70.0,0.1,12.620554
2024-02-14 20:00:00+00:00,0.202,10.873,70.0,0.1,13.397612
2024-02-14 21:00:00+00:00,0.198,11.123,67.0,0.0,15.226764
2024-02-14 22:00:00+00:00,0.194,10.823,65.0,0.0,16.87398
2024-02-14 23:00:00+00:00,0.19,10.273,64.0,0.0,16.595179
2024-02-15 00:00:00+00:00,0.187,9.422999,69.0,0.0,14.512064
2024-02-15 01:00:00+00:00,0.185,8.323,76.0,0.0,14.113653
2024-02-15 02:00:00+00:00,0.183,7.773,78.0,0.0,15.542662
2024-02-15 03:00:00+00:00,0.182,7.323,67.0,0.0,17.651016
2024-02-15 04:00:00+00:00,0.18,6.4729996,68.0,0.0,18.03237
2024-02-15 05:00:00+00:00,0.178,5.773,70.0,0.0,18.374111
2024-02-15 06:00:00+00:00,0.177,5.323,75.0,0.0,18.03237
2024-02-15 07:00:00+00:00,0.176,4.773,80.0,0.0,15.137133
2024-02-15 08:00:00+00:00,0.175,4.323,85.0,0.0,13.797912
2024-02-15 09:00:00+00:00,0.175,3.873,89.0,0.0,11.726277
2024-02-15 10:00:00+00:00,0.174,3.773,89.0,0.0,10.966713
2024-02-15 11:00:00+00:00,0.173,5.123,82.0,0.0,12.10157
2024-02-15 12:00:00+00:00,0.171,8.073,69.0,0.0,17.208603
2024-02-15 13:00:00+00:00,0.169,9.973,61.0,0.0,21.316135
2024-02-15 14:00:00+00:00,0.166,11.273,52.0,0.0,21.67487
2024-02-15 15:00:00+00:00,0.163,11.922999,46.0,0.0,21.897945
2024-02-15 16:00:00+00:00,0.16,12.373,44.0,0.0,21.67487
2024-02-15 17:00:00+00:00,0.156,13.123,41.0,0.0,20.617662
2024-02-15 18:00:00+00:00,0.152,13.473,41.0,0.0,20.418695
2024-02-15 19:00:00+00:00,0.149,13.422999,41.0,0.0,19.134262
2024-02-15 20:00:00+00:00,0.147,13.172999,43.0,0.0,17.283749
2024-02-15 21:00:00+00:00,0.146,12.973,47.0,0.0,16.23596
2024-02-15 22:00:00+00:00,0.146,12.523,50.0,0.0,15.273505
2024-02-15 23:00:00+00:00,0.146,11.723,51.0,0.0,12.57426
2024-02-16 00:00:00+00:00,0.144,10.373,57.0,0.0,8.12197
2024-02-16 01:00:00+00:00,0.145,8.623,67.0,0.0,4.0249224
2024-02-16 02:00:00+00:00,0.146,7.873,72.0,0.0,2.0364676
2024-02-16 03:00:00+00:00,0.147,7.523,74.0,0.0,2.1897945
2024-02-16 04:00:00+00:00,0.148,7.2229996,77.0,0.0,2.52
2024-02-16 05:00:00+00:00,0.148,6.9230003,78.0,0.0,3.7585104
2024-02-16 06:00:00+00:00,0.149,3.923,88.0,0.0,3.396233
2024-02-16 07:00:00+00:00,0.149,4.9230003,84.0,0.0,3.8939953
2024-02-16 08:00:00+00:00,0.149,5.4729996,83.0,0.0,3.8939953
2024-02-16 09:00:00+00:00,0.149,5.523,85.0,0.0,4.3498964
2024-02-16 10:00:00+00:00,0.151,5.523,86.0,0.0,5.1919937
2024-02-16 11:00:00+00:00,0.152,6.773,83.0,0.2,5.8603754
2024-02-16 12:00:00+00:00,0.149,9.623,73.0,0.0,10.594036
2024-02-16 13:00:00+00:00,0.148,11.223,75.0,0.0,11.720751
2024-02-16 14:00:00+00:00,0.147,12.422999,75.0,0.0,11.923557
2024-02-16 15:00:00+00:00,0.145,13.723,70.0,0.0,11.808878
2024-02-16 16:00:00+00:00,0.143,15.323,65.0,0.0,11.885453
2024-02-16 17:00:00+00:00,0.14,16.873001,60.0,0.0,10.799999
2024-02-16 18:00:00+00:00,0.139,18.123001,55.0,0.0,12.738099
2024-02-16 19:00:00+00:00,0.137,18.423,55.0,0.0,11.246759
2024-02-16 20:00:00+00:00,0.135,18.373001,56.0,0.0,11.885453
2024-02-16 21:00:00+00:00,0.134,17.823,57.0,0.0,12.72283
2024-02-16 22:00:00+00:00,0.134,16.773,60.0,0.0,13.202726
2024-02-16 23:00:00+00:00,0.134,15.172999,68.0,0.0,11.27553
2024-02-17 00:00:00+00:00,0.144,13.723,75.0,0.0,10.587917
2024-02-17 01:00:00+00:00,0.145,12.273,84.0,0.0,9.779817
2024-02-17 02:00:00+00:00,0.146,11.273,89.0,0.0,6.130579
2024-02-17 03:00:00+00:00,0.147,10.873,92.0,0.0,6.297428
2024-02-17 04:00:00+00:00,0.156,10.672999,92.0,0.1,3.319036
2024-02-17 05:00:00+00:00,0.155,10.523,93.0,0.0,1.0182338
2024-02-17 06:00:00+00:00,0.181,10.422999,94.0,1.3,2.5455842
2024-02-17 07:00:00+00:00,0.343,10.172999,96.0,5.3,6.8777895
2024-02-17 08:00:00+00:00,0.327,10.223,98.0,2.5,4.0249224
2024-02-17 09:00:00+00:00,0.303,10.273,96.0,0.6,5.815978
2024-02-17 10:00:00+00:00,0.295,10.323,91.0,0.4,8.350138
2024-02-17 11:00:00+00:00,0.295,10.273,89.0,0.6,10.446206
2024-02-17 12:00:00+00:00,0.276,10.773,80.0,0.2,15.119999
2024-02-17 13:00:00+00:00,0.264,12.172999,70.0,0.0,20.532627
2024-02-17 14:00:00+00:00,0.254,13.922999,61.0,0.0,27.607563
2024-02-17 15:00:00+00:00,0.247,14.473,58.0,0.0,30.85307
2024-02-17 16:00:00+00:00,0.24,14.773,53.0,0.0,34.75445
2024-02-17 17:00:00+00:00,0.235,14.523,53.0,0.0,35.80688
2024-02-17 18:00:00+00:00,0.231,15.073,49.0,0.0,34.619946
2024-02-17 19:00:00+00:00,0.228,14.623,50.0,0.0,33.626774
2024-02-17 20:00:00+00:00,0.225,14.273,49.0,0.0,33.72491
2024-02-17 21:00:00+00:00,0.223,14.023,52.0,0.0,31.170673
2024-02-17 22:00:00+00:00,0.221,13.373,58.0,0.0,32.736256
2024-02-17 23:00:00+00:00,0.22,12.172999,67.0,0.0,29.539747
2024-02-18 00:00:00+00:00,0.217,11.323,73.0,0.0,30.960001
2024-02-18 01:00:00+00:00,0.216,10.873,74.0,0.0,28.808998
2024-02-18 02:00:00+00:00,0.216,10.623,74.0,0.0,26.400545
2024-02-18 03:00:00+00:00,0.215,10.523,77.0,0.0,24.535524
2024-02-18 04:00:00+00:00,0.214,10.223,74.0,0.0,25.171696
2024-02-18 05:00:00+00:00,0.213,9.672999,76.0,0.0,24.1388
2024-02-18 06:00:00+00:00,0.212,9.172999,81.0,0.0,19.523155
2024-02-18 07:00:00+00:00,0.214,9.123,87.0,0.2,17.477621
2024-02-18 08:00:00+00:00,0.22,8.773,84.0,0.1,17.373497
2024-02-18 09:00:00+00:00,0.217,8.672999,85.0,0.0,15.072783
2024-02-18 10:00:00+00:00,0.215,8.823,82.0,0.0,17.10284
2024-02-18 11:00:00+00:00,0.221,9.123,81.0,0.2,16.548256
2024-02-18 12:00:00+00:00,0.247,9.672999,82.0,0.5,18.359999
2024-02-18 13:00:00+00:00,0.259,9.773,81.0,0.6,18.692286
2024-02-18 14:00:00+00:00,0.274,10.073,81.0,0.8,18.175545
2024-02-18 15:00:00+00:00,0.278,10.623,80.0,0.7,17.298738
2024-02-18 16:00:00+00:00,0.281,11.672999,74.0,0.5,21.749481
2024-02-18 17:00:00+00:00,0.266,13.523,66.0,0.1,27.497026
2024-02-18 18:00:00+00:00,0.248,14.723,60.0,0.0,31.950888
2024-02-18 19:00:00+00:00,0.242,14.672999,67.0,0.0,32.28981
2024-02-18 20:00:00+00:00,0.237,14.473,70.0,0.0,32.68871
2024-02-18 21:00:00+00:00,0.233,14.523,66.0,0.0,32.41799
2024-02-18 22:00:00+00:00,0.23,13.672999,67.0,0.0,29.738703
2024-02-18 23:00:00+00:00,0.228,12.773,72.0,0.0,23.97989
2024-02-19 00:00:00+00:00,0.223,12.023,74.0,0.0,20.316889
2024-02-19 01:00:00+00:00,0.222,10.922999,74.0,0.0,16.575644
2024-02-19 02:00:00+00:00,0.221,9.823,78.0,0.0,14.04
2024-02-19 03:00:00+00:00,0.22,9.023,80.0,0.0,12.964998
2024-02-19 04:00:00+00:00,0.219,8.573,81.0,0.0,12.964998
2024-02-19 05:00:00+00:00,0.218,8.073,82.0,0.0,12.964998
2024-02-19 06:00:00+00:00,0.217,7.4230003,81.0,0.0,11.5199995
2024-02-19 07:00:00+00:00,0.216,6.9729996,81.0,0.0,10.1376915
2024-02-19 08:00:00+00:00,0.215,6.573,82.0,0.0,9.114471
2024-02-19 09:00:00+00:00,0.215,5.773,85.0,0.0,6.924738
2024-02-19 10:00:00+00:00,0.214,5.123,89.0,0.0,3.671294
2024-02-19 11:00:00+00:00,0.213,6.073,86.0,0.0,0.5091169
2024-02-19 12:00:00+00:00,0.212,8.223,73.0,0.0,4.2136917
2024-02-19 13:00:00+00:00,0.21,10.223,63.0,0.0,4.73506
2024-02-19 14:00:00+00:00,0.207,11.422999,57.0,0.0,6.4799995
2024-02-19 15:00:00+00:00,0.206,11.023,57.0,0.0,6.924738
2024-02-19 16:00:00+00:00,0.205,11.023,58.0,0.0,10.308831
2024-02-19 17:00:00+00:00,0.218,10.373,69.0,0.7,9.114471
2024-02-19 18:00:00+00:00,0.242,9.922999,81.0,1.8,10.495713
2024-02-19 19:00:00+00:00,0.265,10.073,83.0,1.0,8.891343
2024-02-19 20:00:00+00:00,0.294,10.273,87.0,1.4,8.404285
2024-02-19 21:00:00+00:00,0.325,10.523,92.0,2.5,10.041354
2024-02-19 22:00:00+00:00,0.332,11.023,93.0,2.0,11.923557
2024-02-19 23:00:00+00:00,0.346,11.273,93.0,2.4,11.609651
2024-02-20 00:00:00+00:00,0.321,11.623,90.0,1.0,14.471821
2024-02-20 01:00:00+00:00,0.31,11.672999,90.0,0.5,13.797913
2024-02-20 02:00:00+00:00,0.311,11.672999,91.0,0.7,11.090103
2024-02-20 03:00:00+00:00,0.309,11.773,92.0,0.6,10.315115
2024-02-20 04:00:00+00:00,0.3,11.973,94.0,0.0,12.522619
2024-02-20 05:00:00+00:00,0.294,12.422999,93.0,0.0,16.167967
2024-02-20 06:00:00+00:00,0.29,12.223,89.0,0.0,18.03237
2024-02-20 07:00:00+00:00,0.285,11.523,85.0,0.0,21.2522
2024-02-20 08:00:00+00:00,0.281,10.873,85.0,0.0,20.880001
2024-02-20 09:00:00+00:00,0.277,10.473,85.0,0.0,22.691425
2024-02-20 10:00:00+00:00,0.273,9.823,79.0,0.0,25.6233
2024-02-20 11:00:00+00:00,0.27,9.473,75.0,0.0,26.437336
2024-02-20 12:00:00+00:00,0.266,9.323,73.0,0.0,29.574827
2024-02-20 13:00:00+00:00,0.261,9.223,63.0,0.0,30.676142
2024-02-20 14:00:00+00:00,0.257,10.422999,60.0,0.0,29.301876
2024-02-20 15:00:00+00:00,0.252,11.623,49.0,0.0,29.427658
2024-02-20 16:00:00+00:00,0.247,11.922999,53.0,0.0,28.467329
2024-02-20 17:00:00+00:00,0.243,12.523,51.0,0.0,24.798223
2024-02-20 18:00:00+00:00,0.24,13.023,48.0,0.0,26.980793
2024-02-20 19:00:00+00:00,0.237,12.823,50.0,0.0,25.516865
2024-02-20 20:00:00+00:00,0.234,12.672999,52.0,0.0,23.936617
2024-02-20 21:00:00+00:00,0.232,12.323,54.0,0.0,22.19773
2024-02-20 22:00:00+00:00,0.231,11.773,56.0,0.0,20.275383
2024-02-20 23:00:00+00:00,0.23,10.873,60.0,0.0,17.373497
2024-02-21 00:00:00+00:00,0.224,9.473,65.0,0.0,14.113653
2024-02-21 01:00:00+00:00,0.224,8.023,75.0,0.0,9.47012
2024-02-21 02:00:00+00:00,0.224,7.073,79.0,0.0,7.42159
2024-02-21 03:00:00+00:00,0.224,6.1730003,84.0,0.0,6.989936
2024-02-21 04:00:00+00:00,0.224,5.4729996,86.0,0.0,6.618519
2024-02-21 05:00:00+00:00,0.224,5.123,88.0,0.0,6.9153743
2024-02-21 06:00:00+00:00,0.223,4.4230003,91.0,0.0,4.5820518
2024-02-21 07:00:00+00:00,0.223,4.073,90.0,0.0,4.39436
2024-02-21 08:00:00+00:00,0.222,3.673,90.0,0.0,4.0249224
2024-02-21 09:00:00+00:00,0.222,3.873,88.0,0.0,2.8116899
2024-02-21 10:00:00+00:00,0.221,4.323,87.0,0.0,3.396233
2024-02-21 11:00:00+00:00,0.22,5.523,83.0,0.0,4.6938257
2024-02-21 12:00:00+00:00,0.22,7.073,87.0,0.0,6.9527545
2024-02-21 13:00:00+00:00,0.223,7.873,87.0,0.3,7.754637
2024-02-21 14:00:00+00:00,0.237,8.773,83.0,0.3,13.18308
2024-02-21 15:00:00+00:00,0.233,9.323,83.0,0.0,12.397806
2024-02-21 16:00:00+00:00,0.228,10.223,77.0,0.0,11.923557
2024-02-21 17:00:00+00:00,0.222,12.373,60.0,0.0,14.618837
2024-02-21 18:00:00+00:00,0.215,13.123,52.0,0.0,17.581125
2024-02-21 19:00:00+00:00,0.211,12.723,53.0,0.0,17.873556
2024-02-21 20:00:00+00:00,0.209,12.773,54.0,0.0,17.31746
2024-02-21 21:00:00+00:00,0.206,12.422999,54.0,0.0,16.595179
2024-02-21 22:00:00+00:00,0.205,11.723,59.0,0.0,17.287498
2024-02-21 23:00:00+00:00,0.205,10.873,63.0,0.0,15.629971
2024-02-22 00:00:00+00:00,0.207,9.873,67.0,0.0,12.074766
2024-02-22 01:00:00+00:00,0.207,8.422999,76.0,0.0,9.021574
2024-02-22 02:00:00+00:00,0.208,7.4230003,82.0,0.0,9.220499
2024-02-22 03:00:00+00:00,0.208,6.9729996,86.0,0.0,11.384198
2024-02-22 04:00:00+00:00,0.208,7.123,88.0,0.0,13.779114
2024-02-22 05:00:00+00:00,0.208,7.1730003,83.0,0.1,16.923828
2024-02-22 06:00:00+00:00,0.207,6.7229996,78.0,0.0,15.124284
2024-02-22 07:00:00+00:00,0.207,5.9230003,81.0,0.0,15.496736
2024-02-22 08:00:00+00:00,0.206,5.4230003,82.0,0.0,13.556282
2024-02-22 09:00:00+00:00,0.206,4.773,83.0,0.0,14.205182
2024-02-22 10:00:00+00:00,0.206,4.1730003,84.0,0.0,13.722565
2024-02-22 11:00:00+00:00,0.205,4.4729996,82.0,0.0,13.363711
2024-02-22 12:00:00+00:00,0.204,6.4230003,74.0,0.0,15.876775
2024-02-22 13:00:00+00:00,0.202,7.9230003,66.0,0.0,19.602652
2024-02-22 14:00:00+00:00,0.202,9.273,57.0,0.0,20.617662
2024-02-22 15:00:00+00:00,0.206,9.823,56.0,0.1,22.19773
2024-02-22 16:00:00+00:00,0.209,9.922999,58.0,0.2,23.499481
2024-02-22 17:00:00+00:00,0.219,9.873,60.0,0.3,24.336637
2024-02-22 18:00:00+00:00,0.215,10.273,55.0,0.1,27.345785
2024-02-22 19:00:00+00:00,0.208,10.273,52.0,0.1,28.820242
2024-02-22 20:00:00+00:00,0.202,9.723,47.0,0.0,30.018473
2024-02-22 21:00:00+00:00,0.198,8.823,46.0,0.0,30.121912
2024-02-22 22:00:00+00:00,0.196,7.623,48.0,0.0,28.337282
2024-02-22 23:00:00+00:00,0.195,6.2229996,51.0,0.0,26.903828
2024-02-23 00:00:00+00:00,0.193,4.823,57.0,0.0,22.79684
2024-02-23 01:00:00+00:00,0.193,4.123,61.0,0.0,21.67487
2024-02-23 02:00:00+00:00,0.192,3.773,65.0,0.0,21.542923
2024-02-23 03:00:00+00:00,0.192,3.473,67.0,0.0,20.929596
2024-02-23 04:00:00+00:00,0.192,3.223,71.0,0.0,20.172853
2024-02-23 05:00:00+00:00,0.192,2.973,77.0,0.0,20.211363
2024-02-23 06:00:00+00:00,0.192,3.023,80.0,0.0,19.110542
2024-02-23 07:00:00+00:00,0.192,3.523,78.0,0.0,19.803272
2024-02-23 08:00:00+00:00,0.191,3.823,77.0,0.0,18.844202
2024-02-23 09:00:00+00:00,0.191,4.123,76.0,0.0,18.947083
2024-02-23 10:00:00+00:00,0.191,4.273,74.0,0.0,18.556595
2024-02-23 11:00:00+00:00,0.19,5.273,68.0,0.0,19.809813
2024-02-23 12:00:00+00:00,0.188,7.1730003,61.0,0.0,25.671307
2024-02-23 13:00:00+00:00,0.186,8.323,55.0,0.0,27.666182
2024-02-23 14:00:00+00:00,0.183,9.273,51.0,0.0,27.07669
2024-02-23 15:00:00+00:00,0.18,10.223,48.0,0.0,26.260265
2024-02-23 16:00:00+00:00,0.177,10.773,47.0,0.0,26.405453
2024-02-23 17:00:00+00:00,0.174,10.973,48.0,0.0,27.055143
2024-02-23 18:00:00+00:00,0.174,11.172999,46.0,0.0,27.047956
2024-02-23 19:00:00+00:00,0.172,11.172999,45.0,0.0,27.381308
2024-02-23 20:00:00+00:00,0.17,10.723,45.0,0.0,28.01531
2024-02-23 21:00:00+00:00,0.169,10.073,45.0,0.0,26.886963
2024-02-23 22:00:00+00:00,0.169,9.073,53.0,0.0,24.066206
2024-02-23 23:00:00+00:00,0.17,8.023,59.0,0.0,21.862406
2024-02-24 00:00:00+00:00,0.167,7.273,55.0,0.0,19.386591
2024-02-24 01:00:00+00:00,0.167,6.7229996,59.0,0.0,15.629972
2024-02-24 02:00:00+00:00,0.168,6.373,63.0,0.0,12.964998
2024-02-24 03:00:00+00:00,0.168,5.773,69.0,0.0,11.183201
2024-02-24 04:00:00+00:00,0.169,5.573,73.0,0.0,10.823973
2024-02-24 05:00:00+00:00,0.17,5.573,73.0,0.0,10.805999
2024-02-24 06:00:00+00:00,0.17,5.773,74.0,0.0,10.308831
2024-02-24 07:00:00+00:00,0.17,5.773,81.0,0.1,9.531505
2024-02-24 08:00:00+00:00,0.171,5.9230003,85.0,0.1,8.905908
2024-02-24 09:00:00+00:00,0.172,6.1730003,85.0,0.0,9.6932955
2024-02-24 10:00:00+00:00,0.172,6.373,84.0,0.0,9.605998
2024-02-24 11:00:00+00:00,0.172,7.323,82.0,0.0,10.390226
2024-02-24 12:00:00+00:00,0.171,8.773,76.0,0.0,12.413476
2024-02-24 13:00:00+00:00,0.171,9.922999,74.0,0.0,15.281989
2024-02-24 14:00:00+00:00,0.17,11.373,70.0,0.0,18.0036
2024-02-24 15:00:00+00:00,0.168,12.573,67.0,0.0,19.770523
2024-02-24 16:00:00+00:00,0.167,13.123,66.0,0.0,20.12461
2024-02-24 17:00:00+00:00,0.165,14.023,65.0,0.0,20.833395
2024-02-24 18:00:00+00:00,0.165,15.223,59.0,0.0,22.065973
2024-02-24 19:00:00+00:00,0.164,14.873,62.0,0.0,21.96295
2024-02-24 20:00:00+00:00,0.163,15.023,62.0,0.0,21.986542
2024-02-24 21:00:00+00:00,0.163,14.773,64.0,0.0,21.602999
2024-02-24 22:00:00+00:00,0.163,14.323,66.0,0.0,19.8
2024-02-24 23:00:00+00:00,0.163,13.573,70.0,0.0,16.215992
2024-02-25 00:00:00+00:00,0.16,12.473,75.0,0.0,12.7279215
2024-02-25 01:00:00+00:00,0.161,11.223,82.0,0.0,11.090103
2024-02-25 02:00:00+00:00,0.162,10.573,85.0,0.0,11.177405
2024-02-25 03:00:00+00:00,0.162,10.473,84.0,0.0,12.0694
2024-02-25 04:00:00+00:00,0.163,10.473,84.0,0.0,12.864649
2024-02-25 05:00:00+00:00,0.163,10.373,85.0,0.0,13.32
2024-02-25 06:00:00+00:00,0.163,9.973,88.0,0.0,13.779114
2024-02-25 07:00:00+00:00,0.164,9.672999,90.0,0.0,13.779114
2024-02-25 08:00:00+00:00,0.164,9.672999,89.0,0.0,13.661038
2024-02-25 09:00:00+00:00,0.164,9.973,87.0,0.0,14.707222
2024-02-25 10:00:00+00:00,0.164,10.523,84.0,0.0,16.179985
2024-02-25 11:00:00+00:00,0.164,11.172999,81.0,0.0,16.645864
2024-02-25 12:00:00+00:00,0.164,11.922999,78.0,0.0,19.353138
2024-02-25 13:00:00+00:00,0.163,13.073,74.0,0.0,20.345573
2024-02-25 14:00:00+00:00,0.162,14.422999,69.0,0.0,22.380884
2024-02-25 15:00:00+00:00,0.16,15.373,65.0,0.0,23.444265
2024-02-25 16:00:00+00:00,0.159,15.422999,65.0,0.0,22.346113
2024-02-25 17:00:00+00:00,0.158,15.873,64.0,0.0,22.148045
2024-02-25 18:00:00+00:00,0.158,17.173,59.0,0.0,23.664352
2024-02-25 19:00:00+00:00,0.157,17.173,60.0,0.0,23.510508
2024-02-25 20:00:00+00:00,0.155,17.123001,60.0,0.0,22.380884
2024-02-25 21:00:00+00:00,0.155,15.973,64.0,0.0,20.265795
2024-02-25 22:00:00+00:00,0.155,15.223,67.0,0.0,18.161278
2024-02-25 23:00:00+00:00,0.155,14.422999,71.0,0.0,15.328561
2024-02-26 00:00:00+00:00,0.154,13.473,79.0,0.0,11.542478
2024-02-26 01:00:00+00:00,0.154,12.973,81.0,0.0,10.446206
2024-02-26 02:00:00+00:00,0.161,12.273,86.0,0.2,8.669949
2024-02-26 03:00:00+00:00,0.167,11.922999,89.0,0.3,7.2
2024-02-26 04:00:00+00:00,0.166,11.672999,89.0,0.0,6.519877
2024-02-26 05:00:00+00:00,0.166,11.573,90.0,0.1,7.5599995
2024-02-26 06:00:00+00:00,0.158,11.123,92.0,0.0,4.3498964
2024-02-26 07:00:00+00:00,0.158,11.023,92.0,0.0,2.5959969
2024-02-26 08:00:00+00:00,0.159,10.823,93.0,0.0,0.71999997
2024-02-26 09:00:00+00:00,0.159,10.573,94.0,0.0,0.35999998
2024-02-26 10:00:00+00:00,0.159,10.323,96.0,0.0,1.2979984
2024-02-26 11:00:00+00:00,0.159,10.422999,96.0,0.0,1.484318
2024-02-26 12:00:00+00:00,0.159,11.323,92.0,0.0,3.0758414
2024-02-26 13:00:00+00:00,0.159,12.422999,86.0,0.0,3.319036
2024-02-26 14:00:00+00:00,0.158,13.573,79.0,0.0,3.319036
2024-02-26 15:00:00+00:00,0.156,14.773,73.0,0.0,3.2599385
2024-02-26 16:00:00+00:00,0.155,15.023,73.0,0.0,5.95906
2024-02-26 17:00:00+00:00,0.154,15.973,69.0,0.0,6.6185193
2024-02-26 18:00:00+00:00,0.153,16.473001,65.0,0.0,5.1165614
2024-02-26 19:00:00+00:00,0.152,16.223,67.0,0.0,6.489992
2024-02-26 20:00:00+00:00,0.15,16.573,67.0,0.0,6.792466
2024-02-26 21:00:00+00:00,0.149,16.873001,66.0,0.0,7.628263
2024-02-26 22:00:00+00:00,0.148,16.523,67.0,0.0,10.636766
2024-02-26 23:00:00+00:00,0.148,15.023,74.0,0.0,14.021525
2024-02-27 00:00:00+00:00,0.167,13.573,81.0,0.0,13.891522
2024-02-27 01:00:00+00:00,0.168,11.973,87.0,0.0,10.703569
2024-02-27 02:00:00+00:00,0.169,10.523,95.0,0.0,10.08
2024-02-27 03:00:00+00:00,0.169,9.773,97.0,0.0,10.538843
2024-02-27 04:00:00+00:00,0.17,9.523,98.0,0.0,12.287555
2024-02-27 05:00:00+00:00,0.17,9.422999,99.0,0.0,11.609651
2024-02-27 06:00:00+00:00,0.174,9.172999,100.0,0.0,12.245294
2024-02-27 07:00:00+00:00,0.172,9.223,100.0,0.0,12.599999
2024-02-27 08:00:00+00:00,0.172,9.323,99.0,0.1,13.32
2024-02-27 09:00:00+00:00,0.172,9.473,98.0,0.0,13.324863
2024-02-27 10:00:00+00:00,0.172,9.723,95.0,0.0,13.397612
2024-02-27 11:00:00+00:00,0.172,9.823,95.0,0.0,14.973576
2024-02-27 12:00:00+00:00,0.175,10.023,96.0,0.0,15.893093
2024-02-27 13:00:00+00:00,0.175,9.773,97.0,0.0,17.309973
2024-02-27 14:00:00+00:00,0.174,10.023,97.0,0.0,17.418196
2024-02-27 15:00:00+00:00,0.174,11.223,89.0,0.0,14.372974
2024-02-27 16:00:00+00:00,0.173,12.123,84.0,0.1,18.681883
2024-02-27 17:00:00+00:00,0.216,11.672999,88.0,0.9,16.641972
2024-02-27 18:00:00+00:00,0.199,11.723,91.0,0.7,14.565548
2024-02-27 19:00:00+00:00,0.215,12.723,89.0,0.5,10.514218
2024-02-27 20:00:00+00:00,0.232,13.723,86.0,0.6,12.55879
2024-02-27 21:00:00+00:00,0.252,13.723,89.0,0.9,7.172949
2024-02-27 22:00:00+00:00,0.239,14.273,87.0,0.0,5.8603754
2024-02-27 23:00:00+00:00,0.249,13.973,88.0,0.3,4.379589
2024-02-28 00:00:00+00:00,0.262,13.473,90.0,1.1,5.991594
2024-02-28 01:00:00+00:00,0.249,12.922999,91.0,0.1,11.119281
2024-02-28 02:00:00+00:00,0.242,12.023,91.0,0.0,13.009903
2024-02-28 03:00:00+00:00,0.234,10.723,92.0,0.0,11.966954
2024-02-28 04:00:00+00:00,0.229,9.873,92.0,0.0,11.966954
2024-02-28 05:00:00+00:00,0.226,9.223,90.0,0.0,12.758432
2024-02-28 06:00:00+00:00,0.223,8.672999,91.0,0.0,10.931203
2024-02-28 07:00:00+00:00,0.22,8.273,92.0,0.0,11.620809
2024-02-28 08:00:00+00:00,0.218,8.173,94.0,0.0,10.390226
2024-02-28 09:00:00+00:00,0.217,8.123,95.0,0.0,11.440978
2024-02-28 10:00:00+00:00,0.218,8.273,94.0,0.0,14.332341
2024-02-28 11:00:00+00:00,0.219,9.172999,89.0,0.0,18.175545
2024-02-28 12:00:00+00:00,0.217,10.723,69.0,0.0,27.021591
2024-02-28 13:00:00+00:00,0.213,11.073,63.0,0.0,28.30983
2024-02-28 14:00:00+00:00,0.209,11.723,54.0,0.0,29.175552
2024-02-28 15:00:00+00:00,0.204,11.922999,53.0,0.0,31.006012
2024-02-28 16:00:00+00:00,0.201,11.922999,56.0,0.0,28.551426
2024-02-28 17:00:00+00:00,0.198,12.273,55.0,0.0,26.987997
2024-02-28 18:00:00+00:00,0.196,12.672999,52.0,0.0,26.124195
2024-02-28 19:00:00+00:00,0.194,12.973,54.0,0.0,24.442911
2024-02-28 20:00:00+00:00,0.192,13.373,55.0,0.0,23.97989
2024-02-28 21:00:00+00:00,0.191,12.973,59.0,0.0,25.212852
2024-02-28 22:00:00+00:00,0.191,12.723,61.0,0.0,21.9718
2024-02-28 23:00:00+00:00,0.191,12.373,64.0,0.0,20.188908
2024-02-29 00:00:00+00:00,0.189,11.373,71.0,0.0,15.463244
2024-02-29 01:00:00+00:00,0.19,10.823,76.0,0.0,15.042659
2024-02-29 02:00:00+00:00,0.19,10.473,79.0,0.0,13.905509
2024-02-29 03:00:00+00:00,0.19,9.773,81.0,0.0,12.904882
2024-02-29 04:00:00+00:00,0.19,9.223,84.0,0.0,12.074766
2024-02-29 05:00:00+00:00,0.191,8.873,87.0,0.0,12.904882
2024-02-29 06:00:00+00:00,0.191,8.473,90.0,0.0,13.53236
2024-02-29 07:00:00+00:00,0.191,8.523,90.0,0.0,12.24
2024-02-29 08:00:00+00:00,0.191,8.773,90.0,0.0,10.464797
2024-02-29 09:00:00+00:00,0.191,9.023,88.0,0.0,9.085988
2024-02-29 10:00:00+00:00,0.191,9.023,89.0,0.0,10.233123
2024-02-29 11:00:00+00:00,0.191,10.023,86.0,0.0,12.904882
2024-02-29 12:00:00+00:00,0.191,11.273,80.0,0.1,13.237039
2024-02-29 13:00:00+00:00,0.193,11.823,81.0,0.2,16.42247
2024-02-29 14:00:00+00:00,0.206,12.422999,81.0,0.3,16.595179
2024-02-29 15:00:00+00:00,0.203,14.023,73.0,0.1,19.164717
2024-02-29 16:00:00+00:00,0.198,15.073,65.0,0.0,22.73707
2024-02-29 17:00:00+00:00,0.194,15.422999,61.0,0.0,23.933907
2024-02-29 18:00:00+00:00,0.192,15.623,56.0,0.0,25.842384
2024-02-29 19:00:00+00:00,0.19,15.922999,57.0,0.0,24.884306
2024-02-29 20:00:00+00:00,0.188,15.473,58.0,0.0,22.89611
2024-02-29 21:00:00+00:00,0.191,14.573,67.0,0.1,18.388212
2024-02-29 22:00:00+00:00,0.19,13.973,70.0,0.1,17.10284
2024-02-29 23:00:00+00:00,0.195,12.723,77.0,0.2,17.906157
2024-03-01 00:00:00+00:00,0.191,12.073,79.0,0.2,15.9134655
2024-03-01 01:00:00+00:00,0.193,11.473,81.0,0.1,14.84318
2024-03-01 02:00:00+00:00,0.192,11.223,81.0,0.0,13.18308
2024-03-01 03:00:00+00:00,0.196,10.973,82.0,0.1,13.237038
2024-03-01 04:00:00+00:00,0.198,10.823,84.0,0.2,12.313894
2024-03-01 05:00:00+00:00,0.208,10.623,86.0,0.2,10.703569
2024-03-01 06:00:00+00:00,0.195,9.922999,88.0,0.1,9.220499
2024-03-01 07:00:00+00:00,0.193,9.672999,88.0,0.0,7.2
2024-03-01 08:00:00+00:00,0.198,9.523,88.0,0.1,5.6233797
2024-03-01 09:00:00+00:00,0.195,8.823,89.0,0.0,4.8433046
2024-03-01 10:00:00+00:00,0.196,8.523,89.0,0.0,4.0249224
2024-03-01 11:00:00+00:00,0.22,8.973,87.0,0.7,2.0991426
2024-03-01 12:00:00+00:00,0.196,10.223,86.0,0.0,3.8268526
2024-03-01 13:00:00+00:00,0.203,11.422999,81.0,0.2,5.00128
2024-03-01 14:00:00+00:00,0.2,12.523,77.0,0.0,6.924738
2024-03-01 15:00:00+00:00,0.208,13.573,70.0,0.2,12.181625
2024-03-01 16:00:00+00:00,0.223,13.323,72.0,0.4,16.489416
2024-03-01 17:00:00+00:00,0.224,13.873,68.0,0.2,19.107151
2024-03-01 18:00:00+00:00,0.254,13.373,67.0,0.3,18.864824
2024-03-01 19:00:00+00:00,0.246,12.973,68.0,0.4,15.273505
2024-03-01 20:00:00+00:00,0.245,12.773,69.0,0.1,18.391737
2024-03-01 21:00:00+00:00,0.24,12.323,69.0,0.2,14.799459
2024-03-01 22:00:00+00:00,0.232,12.073,67.0,0.0,15.496736
2024-03-01 23:00:00+00:00,0.227,11.073,65.0,0.0,16.73516
2024-03-02 00:00:00+00:00,0.222,10.323,72.0,0.0,14.33234
2024-03-02 01:00:00+00:00,0.219,9.573,79.0,0.0,15.629971
2024-03-02 02:00:00+00:00,0.217,8.922999,75.0,0.0,17.015474
2024-03-02 03:00:00+00:00,0.215,8.023,77.0,0.0,18.486622
2024-03-02 04:00:00+00:00,0.214,7.1730003,79.0,0.0,18.584509
2024-03-02 05:00:00+00:00,0.212,6.373,82.0,0.0,19.652176
2024-03-02 06:00:00+00:00,0.212,5.4729996,87.0,0.0,15.941944
2024-03-02 07:00:00+00:00,0.211,5.023,88.0,0.0,15.03835
2024-03-02 08:00:00+00:00,0.21,4.573,88.0,0.0,13.708391
2024-03-02 09:00:00+00:00,0.209,4.323,88.0,0.0,13.358861
2024-03-02 10:00:00+00:00,0.209,4.4230003,87.0,0.0,14.145756
2024-03-02 11:00:00+00:00,0.208,4.823,83.0,0.0,14.408997
2024-03-02 12:00:00+00:00,0.207,5.823,78.0,0.0,16.595179
2024-03-02 13:00:00+00:00,0.204,7.2229996,66.0,0.0,22.065973
2024-03-02 14:00:00+00:00,0.202,8.523,60.0,0.0,23.675303
2024-03-02 15:00:00+00:00,0.198,9.672999,55.0,0.0,26.052162
2024-03-02 16:00:00+00:00,0.195,10.073,53.0,0.0,27.438046
2024-03-02 17:00:00+00:00,0.205,10.172999,58.0,0.2,26.882141
2024-03-02 18:00:00+00:00,0.218,10.473,59.0,0.4,31.154043
2024-03-02 19:00:00+00:00,0.208,10.073,60.0,0.0,31.76375
2024-03-02 20:00:00+00:00,0.203,9.473,59.0,0.0,32.79361
2024-03-02 21:00:00+00:00,0.201,8.473,60.0,0.0,31.875755
2024-03-02 22:00:00+00:00,0.199,7.373,59.0,0.0,29.940662
2024-03-02 23:00:00+00:00,0.198,6.273,62.0,0.0,26.64
2024-03-03 00:00:00+00:00,0.196,4.9729996,64.0,0.0,24.448214
2024-03-03 01:00:00+00:00,0.196,4.4729996,67.0,0.0,22.45315
2024-03-03 02:00:00+00:00,0.195,4.373,66.0,0.0,20.192118
2024-03-03 03:00:00+00:00,0.195,4.1730003,69.0,0.0,17.935081
2024-03-03 04:00:00+00:00,0.195,3.573,73.0,0.0,14.973576
2024-03-03 05:00:00+00:00,0.195,2.923,79.0,0.0,12.324414
2024-03-03 06:00:00+00:00,0.195,2.423,83.0,0.0,12.245294
2024-03-03 07:00:00+00:00,0.195,1.973,85.0,0.0,11.570515
2024-03-03 08:00:00+00:00,0.195,1.823,86.0,0.0,10.105681
2024-03-03 09:00:00+00:00,0.195,2.023,86.0,0.0,9.746631
2024-03-03 10:00:00+00:00,0.195,1.823,88.0,0.0,9.028754
2024-03-03 11:00:00+00:00,0.195,2.373,85.0,0.0,9.028754
2024-03-03 12:00:00+00:00,0.194,4.9230003,74.0,0.0,12.6462
2024-03-03 13:00:00+00:00,0.192,7.2229996,63.0,0.0,16.862455
2024-03-03 14:00:00+00:00,0.189,8.973,53.0,0.0,17.873556
2024-03-03 15:00:00+00:00,0.186,10.073,49.0,0.0,16.363178
2024-03-03 16:00:00+00:00,0.182,11.473,47.0,0.0,15.03835
2024-03-03 17:00:00+00:00,0.178,12.273,46.0,0.0,14.689588
2024-03-03 18:00:00+00:00,0.176,12.922999,45.0,0.0,13.608762
2024-03-03 19:00:00+00:00,0.173,13.023,44.0,0.0,12.819235
2024-03-03 20:00:00+00:00,0.171,12.873,46.0,0.0,12.819235
2024-03-03 21:00:00+00:00,0.17,12.422999,50.0,0.0,12.599998
2024-03-03 22:00:00+00:00,0.17,11.672999,54.0,0.0,12.287555
2024-03-03 23:00:00+00:00,0.171,10.223,61.0,0.0,10.365251
2024-03-04 00:00:00+00:00,0.166,8.273,70.0,0.0,7.69592
2024-03-04 01:00:00+00:00,0.167,6.873,78.0,0.0,6.5693827
2024-03-04 02:00:00+00:00,0.168,5.6730003,84.0,0.0,4.6938252
2024-03-04 03:00:00+00:00,0.169,4.7229996,88.0,0.0,4.0249224
2024-03-04 04:00:00+00:00,0.17,4.073,89.0,0.0,3.319036
2024-03-04 05:00:00+00:00,0.171,3.523,91.0,0.0,3.2599385
2024-03-04 06:00:00+00:00,0.171,2.323,97.0,0.0,3.6
2024-03-04 07:00:00+00:00,0.172,1.873,99.0,0.0,3.6
2024-03-04 08:00:00+00:00,0.172,1.523,99.0,0.0,2.8799999
2024-03-04 09:00:00+00:00,0.172,1.173,100.0,0.0,1.8
2024-03-04 10:00:00+00:00,0.172,1.073,100.0,0.0,1.1384199
2024-03-04 11:00:00+00:00,0.173,1.023,100.0,0.0,1.0182338
2024-03-04 12:00:00+00:00,0.173,2.1729999,99.0,0.0,2.5455842
2024-03-04 13:00:00+00:00,0.172,5.7229996,83.0,0.0,2.5455842
2024-03-04 14:00:00+00:00,0.17,9.123,70.0,0.0,2.968636
2024-03-04 15:00:00+00:00,0.166,11.523,59.0,0.0,5.00128
2024-03-04 16:00:00+00:00,0.162,13.473,55.0,0.0,5.692099
2024-03-04 17:00:00+00:00,0.158,14.823,53.0,0.0,6.193674
2024-03-04 18:00:00+00:00,0.156,16.073,48.0,0.0,6.696387
2024-03-04 19:00:00+00:00,0.153,16.723001,48.0,0.0,8.534353
2024-03-04 20:00:00+00:00,0.151,16.973001,43.0,0.0,10.787993
2024-03-04 21:00:00+00:00,0.149,16.623001,45.0,0.0,11.4862
2024-03-04 22:00:00+00:00,0.149,15.973,49.0,0.0,10.009036
2024-03-04 23:00:00+00:00,0.15,14.273,57.0,0.0,5.154415
2024-03-05 00:00:00+00:00,0.15,11.823,69.0,0.0,4.73506
2024-03-05 01:00:00+00:00,0.152,9.323,79.0,0.0,6.696387
2024-03-05 02:00:00+00:00,0.153,8.273,84.0,0.0,6.3690495
2024-03-05 03:00:00+00:00,0.154,6.823,90.0,0.0,5.4833565
2024-03-05 04:00:00+00:00,0.155,5.623,92.0,0.0,5.3999996
2024-03-05 05:00:00+00:00,0.156,4.6730003,94.0,0.0,5.5887027
2024-03-05 06:00:00+00:00,0.157,3.773,97.0,0.0,5.8048253
2024-03-05 07:00:00+00:00,0.157,3.423,97.0,0.0,6.489992
2024-03-05 08:00:00+00:00,0.158,3.873,97.0,0.0,7.10031
2024-03-05 09:00:00+00:00,0.158,5.073,97.0,0.0,8.699793
2024-03-05 10:00:00+00:00,0.159,6.323,96.0,0.0,10.137692
2024-03-05 11:00:00+00:00,0.159,7.4230003,95.0,0.0,10.739833
2024-03-05 12:00:00+00:00,0.159,9.023,93.0,0.0,9.746631
2024-03-05 13:00:00+00:00,0.159,10.373,88.0,0.0,12.864649
2024-03-05 14:00:00+00:00,0.158,12.073,78.0,0.0,17.477621
2024-03-05 15:00:00+00:00,0.156,12.973,75.0,0.0,18.39878
2024-03-05 16:00:00+00:00,0.155,13.073,75.0,0.0,20.87379
2024-03-05 17:00:00+00:00,0.154,12.773,75.0,0.0,20.421871
2024-03-05 18:00:00+00:00,0.152,13.273,71.0,0.0,21.38897
2024-03-05 19:00:00+00:00,0.151,12.523,75.0,0.0,20.466246
2024-03-05 20:00:00+00:00,0.152,12.123,78.0,0.0,18.289274
2024-03-05 21:00:00+00:00,0.153,11.823,79.0,0.0,15.683774
2024-03-05 22:00:00+00:00,0.154,11.373,82.0,0.0,13.324863
2024-03-05 23:00:00+00:00,0.155,10.973,85.0,0.0,11.457958
2024-03-06 00:00:00+00:00,0.154,10.773,85.0,0.0,10.703569
2024-03-06 01:00:00+00:00,0.158,10.422999,90.0,0.4,9.511088
2024-03-06 02:00:00+00:00,0.228,9.973,94.0,1.4,8.557102
2024-03-06 03:00:00+00:00,0.282,9.823,96.0,1.9,5.2416787
2024-03-06 04:00:00+00:00,0.31,9.623,98.0,2.1,3.7585104
2024-03-06 05:00:00+00:00,0.308,9.473,98.0,1.3,3.7064266
2024-03-06 06:00:00+00:00,0.315,9.323,99.0,1.3,2.9024127
2024-03-06 07:00:00+00:00,0.329,9.273,99.0,2.0,3.96
2024-03-06 08:00:00+00:00,0.328,9.323,98.0,1.7,5.1544156
2024-03-06 09:00:00+00:00,0.336,9.373,97.0,1.8,6.2145634
2024-03-06 10:00:00+00:00,0.351,9.373,97.0,2.7,7.2359104
2024-03-06 11:00:00+00:00,0.352,9.422999,96.0,2.5,8.049845
2024-03-06 12:00:00+00:00,0.353,9.523,96.0,3.2,9.290511
2024-03-06 13:00:00+00:00,0.352,9.672999,95.0,2.3,10.233123
2024-03-06 14:00:00+00:00,0.342,9.773,93.0,1.4,11.681987
2024-03-06 15:00:00+00:00,0.333,9.873,91.0,0.6,11.966954
2024-03-06 16:00:00+00:00,0.328,9.922999,90.0,0.6,10.390226
2024-03-06 17:00:00+00:00,0.33,9.873,89.0,0.9,10.239453
2024-03-06 18:00:00+00:00,0.333,9.873,88.0,1.0,10.799999
2024-03-06 19:00:00+00:00,0.325,10.073,86.0,0.6,7.208994
2024-03-06 20:00:00+00:00,0.317,10.123,85.0,0.2,4.452954
2024-03-06 21:00:00+00:00,0.311,9.973,84.0,0.2,3.096837
2024-03-06 22:00:00+00:00,0.308,9.773,85.0,0.2,3.5455887
2024-03-06 23:00:00+00:00,0.305,9.473,89.0,0.1,4.5536795
2024-03-07 00:00:00+00:00,0.304,9.223,91.0,0.0,3.219938
2024-03-07 01:00:00+00:00,0.299,8.823,93.0,0.0,3.671294
2024-03-07 02:00:00+00:00,0.296,8.223,93.0,0.0,4.39436
2024-03-07 03:00:00+00:00,0.292,7.1730003,94.0,0.0,3.8268526
2024-03-07 04:00:00+00:00,0.289,6.4729996,94.0,0.0,3.8268526
2024-03-07 05:00:00+00:00,0.286,6.1730003,93.0,0.0,2.9024127
2024-03-07 06:00:00+00:00,0.284,5.6730003,92.0,0.0,2.9024127
2024-03-07 07:00:00+00:00,0.282,5.7229996,92.0,0.0,3.6179552
2024-03-07 08:00:00+00:00,0.28,5.823,92.0,0.0,4.379589
2024-03-07 09:00:00+00:00,0.278,5.9230003,91.0,0.0,5.0911684
2024-03-07 10:00:00+00:00,0.277,5.823,93.0,0.0,5.8048253
2024-03-07 11:00:00+00:00,0.276,6.073,93.0,0.0,6.130579
2024-03-07 12:00:00+00:00,0.274,7.773,92.0,0.0,6.162207
2024-03-07 13:00:00+00:00,0.272,9.373,86.0,0.0,8.64
2024-03-07 14:00:00+00:00,0.269,10.922999,78.0,0.0,10.446206
2024-03-07 15:00:00+00:00,0.266,12.172999,74.0,0.0,10.105681
2024-03-07 16:00:00+00:00,0.262,13.223,71.0,0.0,9.746631
2024-03-07 17:00:00+00:00,0.259,14.023,65.0,0.0,10.182337
2024-03-07 18:00:00+00:00,0.257,14.523,60.0,0.0,9.9571085
2024-03-07 19:00:00+00:00,0.255,14.672999,60.0,0.0,8.557102
2024-03-07 20:00:00+00:00,0.254,14.823,59.0,0.0,7.4128532
2024-03-07 21:00:00+00:00,0.253,15.023,60.0,0.0,4.6102495
2024-03-07 22:00:00+00:00,0.252,14.672999,62.0,0.0,3.6179552
2024-03-07 23:00:00+00:00,0.253,13.223,72.0,0.0,4.2136917
2024-03-08 00:00:00+00:00,0.253,10.773,86.0,0.0,6.28713
2024-03-08 01:00:00+00:00,0.253,9.373,93.0,0.0,6.5693827
2024-03-08 02:00:00+00:00,0.254,8.173,93.0,0.0,6.924738
2024-03-08 03:00:00+00:00,0.254,7.2229996,92.0,0.0,7.5170207
2024-03-08 04:00:00+00:00,0.253,6.573,94.0,0.0,8.557102
2024-03-08 05:00:00+00:00,0.253,6.7229996,95.0,0.0,9.565437
2024-03-08 06:00:00+00:00,0.253,7.123,96.0,0.0,11.043261
2024-03-08 07:00:00+00:00,0.253,7.373,97.0,0.0,14.007655
2024-03-08 08:00:00+00:00,0.253,7.573,97.0,0.0,16.1198
2024-03-08 09:00:00+00:00,0.252,8.023,97.0,0.0,18.681883
2024-03-08 10:00:00+00:00,0.252,8.373,96.0,0.0,21.273533
2024-03-08 11:00:00+00:00,0.252,8.723,95.0,0.0,22.086521
2024-03-08 12:00:00+00:00,0.251,9.023,96.0,0.0,24.858253
2024-03-08 13:00:00+00:00,0.251,10.123,90.0,0.0,25.264202
2024-03-08 14:00:00+00:00,0.249,11.023,85.0,0.0,27.36947
2024-03-08 15:00:00+00:00,0.248,11.473,81.0,0.0,28.623962
2024-03-08 16:00:00+00:00,0.246,12.323,77.0,0.0,30.657122
2024-03-08 17:00:00+00:00,0.246,11.823,82.0,0.1,30.599998
2024-03-08 18:00:00+00:00,0.285,10.773,92.0,1.2,30.37683
2024-03-08 19:00:00+00:00,0.298,10.723,91.0,0.9,30.96837
2024-03-08 20:00:00+00:00,0.294,9.922999,92.0,0.5,27.729347
2024-03-08 21:00:00+00:00,0.359,9.422999,93.0,3.7,24.57511
2024-03-08 22:00:00+00:00,0.351,9.073,93.0,3.4,21.175835
2024-03-08 23:00:00+00:00,0.354,8.773,94.0,2.5,20.724247
2024-03-09 00:00:00+00:00,0.344,8.473,93.0,1.4,19.881649
2024-03-09 01:00:00+00:00,0.33,8.323,92.0,0.5,17.283749
2024-03-09 02:00:00+00:00,0.318,8.422999,91.0,0.1,14.021525
2024-03-09 03:00:00+00:00,0.31,8.422999,90.0,0.0,8.669949
2024-03-09 04:00:00+00:00,0.306,8.373,91.0,0.1,4.0249224
2024-03-09 05:00:00+00:00,0.307,8.223,92.0,0.5,2.5455842
2024-03-09 06:00:00+00:00,0.336,7.9230003,97.0,0.5,5.0528407
2024-03-09 07:00:00+00:00,0.314,8.073,96.0,0.4,7.69592
2024-03-09 08:00:00+00:00,0.319,8.173,96.0,0.7,6.6087217
2024-03-09 09:00:00+00:00,0.325,8.173,96.0,0.9,7.729527
2024-03-09 10:00:00+00:00,0.32,8.273,96.0,0.4,9.0645685
2024-03-09 11:00:00+00:00,0.315,8.573,94.0,0.2,11.159999
2024-03-09 12:00:00+00:00,0.309,9.123,92.0,0.1,11.212135
2024-03-09 13:00:00+00:00,0.305,9.873,88.0,0.1,14.512064
2024-03-09 14:00:00+00:00,0.301,10.672999,85.0,0.1,15.484185
2024-03-09 15:00:00+00:00,0.298,11.672999,80.0,0.0,23.266697
2024-03-09 16:00:00+00:00,0.293,11.973,78.0,0.0,29.627363
2024-03-09 17:00:00+00:00,0.289,11.723,73.0,0.0,36.04497
2024-03-09 18:00:00+00:00,0.286,11.973,71.0,0.0,36.80637
2024-03-09 19:00:00+00:00,0.282,11.373,67.0,0.0,38.627514
2024-03-09 20:00:00+00:00,0.279,10.672999,65.0,0.0,37.524708
2024-03-09 21:00:00+00:00,0.278,9.773,65.0,0.0,32.2034
2024-03-09 22:00:00+00:00,0.276,9.172999,67.0,0.0,24.50381
2024-03-09 23:00:00+00:00,0.276,8.173,71.0,0.0,20.431387
2024-03-10 00:00:00+00:00,0.275,7.4230003,79.0,0.0,16.171976
2024-03-10 01:00:00+00:00,0.275,6.823,84.0,0.0,11.440979
2024-03-10 02:00:00+00:00,0.275,6.4230003,87.0,0.0,7.491114
2024-03-10 03:00:00+00:00,0.275,5.9729996,90.0,0.0,4.8433046
2024-03-10 04:00:00+00:00,0.275,6.2229996,94.0,0.0,7.8954163
2024-03-10 05:00:00+00:00,0.275,7.523,92.0,0.0,13.684735
2024-03-10 06:00:00+00:00,0.274,7.9230003,88.0,0.0,15.629971
2024-03-10 07:00:00+00:00,0.273,8.073,82.0,0.0,18.171976
2024-03-10 08:00:00+00:00,0.284,7.823,82.0,0.3,21.749483
2024-03-10 09:00:00+00:00,0.28,7.4230003,82.0,0.2,22.38378
2024-03-10 10:00:00+00:00,0.279,7.273,83.0,0.1,22.461807
2024-03-10 11:00:00+00:00,0.276,7.073,82.0,0.0,23.313995
2024-03-10 12:00:00+00:00,0.274,7.4230003,75.0,0.0,24.850431
2024-03-10 13:00:00+00:00,0.271,7.773,71.0,0.0,27.0
2024-03-10 14:00:00+00:00,0.269,8.173,66.0,0.0,29.957968
2024-03-10 15:00:00+00:00,0.266,8.422999,56.0,0.0,30.855171
2024-03-10 16:00:00+00:00,0.264,8.672999,56.0,0.0,30.602118
2024-03-10 17:00:00+00:00,0.282,8.323,58.0,0.5,30.619051
2024-03-10 18:00:00+00:00,0.264,8.723,54.0,0.7,31.68
2024-03-10 19:00:00+00:00,0.265,8.323,56.0,0.1,31.68
2024-03-10 20:00:00+00:00,0.263,8.123,57.0,0.0,31.682047
2024-03-10 21:00:00+00:00,0.261,7.4230003,61.0,0.0,30.239998
2024-03-10 22:00:00+00:00,0.26,6.7229996,63.0,0.0,29.16889
2024-03-10 23:00:00+00:00,0.26,6.023,65.0,0.0,27.117346
2024-03-11 00:00:00+00:00,0.259,5.6730003,70.0,0.0,27.238941
2024-03-11 01:00:00+00:00,0.259,5.323,71.0,0.0,26.987997
2024-03-11 02:00:00+00:00,0.259,5.073,73.0,0.0,26.987997
2024-03-11 03:00:00+00:00,0.259,4.9729996,73.0,0.0,26.82906
2024-03-11 04:00:00+00:00,0.258,4.873,73.0,0.0,27.684914
2024-03-11 05:00:00+00:00,0.258,4.823,72.0,0.0,27.887802
2024-03-11 06:00:00+00:00,0.258,4.823,74.0,0.0,28.174456
2024-03-11 07:00:00+00:00,0.257,4.873,75.0,0.0,28.174456
2024-03-11 08:00:00+00:00,0.257,4.873,75.0,0.0,28.001427
2024-03-11 09:00:00+00:00,0.257,4.823,76.0,0.0,26.932714
2024-03-11 10:00:00+00:00,0.257,4.7229996,77.0,0.0,25.212852
2024-03-11 11:00:00+00:00,0.256,4.7229996,78.0,0.0,23.97989
2024-03-11 12:00:00+00:00,0.256,5.7229996,74.0,0.0,24.648829
2024-03-11 13:00:00+00:00,0.255,7.023,69.0,0.0,25.651104
2024-03-11 14:00:00+00:00,0.253,8.273,64.0,0.0,25.56
2024-03-11 15:00:00+00:00,0.251,9.172999,58.0,0.0,25.20257
2024-03-11 16:00:00+00:00,0.248,9.922999,54.0,0.0,24.881702
2024-03-11 17:00:00+00:00,0.246,10.073,52.0,0.0,23.828083
2024-03-11 18:00:00+00:00,0.245,10.672999,48.0,0.0,21.626984
2024-03-11 19:00:00+00:00,0.244,11.172999,43.0,0.0,19.70815
2024-03-11 20:00:00+00:00,0.242,10.922999,48.0,0.0,17.076298
2024-03-11 21:00:00+00:00,0.242,10.672999,53.0,0.0,12.181624
2024-03-11 22:00:00+00:00,0.242,10.273,55.0,0.0,8.891343
2024-03-11 23:00:00+00:00,0.243,9.172999,64.0,0.0,5.4477882
2024-03-12 00:00:00+00:00,0.237,8.573,68.0,0.0,6.6185193
2024-03-12 01:00:00+00:00,0.238,7.9230003,73.0,0.0,6.489992
2024-03-12 02:00:00+00:00,0.238,7.7229996,71.0,0.0,6.9153743
2024-03-12 03:00:00+00:00,0.239,7.323,75.0,0.0,8.404285
2024-03-12 04:00:00+00:00,0.24,7.273,81.0,0.2,10.383987
2024-03-12 05:00:00+00:00,0.255,7.273,90.0,0.4,10.630672
2024-03-12 06:00:00+00:00,0.271,7.4230003,90.0,0.4,8.473393
2024-03-12 07:00:00+00:00,0.268,7.073,93.0,0.2,4.896529
2024-03-12 08:00:00+00:00,0.263,6.823,94.0,0.0,2.5959969
2024-03-12 09:00:00+00:00,0.266,6.823,94.0,0.3,1.484318
2024-03-12 10:00:00+00:00,0.265,6.773,92.0,0.1,4.8433046
2024-03-12 11:00:00+00:00,0.267,6.6730003,91.0,0.0,11.770403
2024-03-12 12:00:00+00:00,0.263,7.4729996,86.0,0.0,15.893093
2024-03-12 13:00:00+00:00,0.261,8.473,79.0,0.0,21.67487
2024-03-12 14:00:00+00:00,0.256,9.672999,68.0,0.0,25.56
2024-03-12 15:00:00+00:00,0.252,10.323,63.0,0.0,25.223133
2024-03-12 16:00:00+00:00,0.248,11.123,57.0,0.0,25.929996
2024-03-12 17:00:00+00:00,0.245,11.422999,54.0,0.0,24.119999
2024-03-12 18:00:00+00:00,0.242,11.823,50.0,0.0,21.758419
2024-03-12 19:00:00+00:00,0.241,11.422999,52.0,0.0,20.288164
2024-03-12 20:00:00+00:00,0.239,11.422999,53.0,0.0,18.289274
2024-03-12 21:00:00+00:00,0.239,10.523,62.0,0.1,11.753877
2024-03-12 22:00:00+00:00,0.24,10.373,64.0,0.0,9.779817
2024-03-12 23:00:00+00:00,0.24,9.473,66.0,0.1,9.007196
2024-03-13 00:00:00+00:00,0.238,8.873,67.0,0.2,11.113451
2024-03-13 01:00:00+00:00,0.249,8.273,73.0,0.2,12.9249525
2024-03-13 02:00:00+00:00,0.252,7.873,80.0,0.2,10.538843
2024-03-13 03:00:00+00:00,0.248,7.123,83.0,0.0,8.350138
2024-03-13 04:00:00+00:00,0.246,6.6730003,85.0,0.0,11.043261
2024-03-13 05:00:00+00:00,0.246,7.323,77.0,0.0,14.77755
2024-03-13 06:00:00+00:00,0.245,7.373,73.0,0.0,16.595179
2024-03-13 07:00:00+00:00,0.244,7.4230003,72.0,0.0,17.935081
2024-03-13 08:00:00+00:00,0.244,7.373,73.0,0.0,19.602652
2024-03-13 09:00:00+00:00,0.246,7.2229996,77.0,0.1,21.9718
2024-03-13 10:00:00+00:00,0.244,6.823,80.0,0.0,22.415602
2024-03-13 11:00:00+00:00,0.243,6.623,76.0,0.0,19.826164
2024-03-13 12:00:00+00:00,0.241,7.323,76.0,0.0,17.429354
2024-03-13 13:00:00+00:00,0.24,8.173,70.0,0.0,22.553936
2024-03-13 14:00:00+00:00,0.238,9.073,64.0,0.0,23.210928
2024-03-13 15:00:00+00:00,0.24,9.672999,62.0,0.1,23.210928
2024-03-13 16:00:00+00:00,0.243,9.973,60.0,0.1,22.38378
2024-03-13 17:00:00+00:00,0.252,9.723,63.0,0.3,21.749483
2024-03-13 18:00:00+00:00,0.256,10.172999,63.0,0.4,20.326454
2024-03-13 19:00:00+00:00,0.271,9.422999,67.0,0.6,20.991426
2024-03-13 20:00:00+00:00,0.271,8.623,71.0,0.4,20.523157
2024-03-13 21:00:00+00:00,0.274,7.823,76.0,0.3,18.792551
2024-03-13 22:00:00+00:00,0.274,7.323,75.0,0.3,15.827721
2024-03-13 23:00:00+00:00,0.266,6.873,74.0,0.1,11.923557
2024-03-14 00:00:00+00:00,0.259,6.323,76.0,0.0,11.435313
2024-03-14 01:00:00+00:00,0.257,5.773,77.0,0.0,12.245293
2024-03-14 02:00:00+00:00,0.255,4.9729996,79.0,0.0,13.5515
2024-03-14 03:00:00+00:00,0.254,4.4230003,81.0,0.0,15.192682
2024-03-14 04:00:00+00:00,0.253,4.273,83.0,0.0,17.163355
2024-03-14 05:00:00+00:00,0.252,4.273,80.0,0.0,19.110542
2024-03-14 06:00:00+00:00,0.251,4.223,80.0,0.0,19.134262
2024-03-14 07:00:00+00:00,0.25,3.973,76.0,0.0,19.959719
2024-03-14 08:00:00+00:00,0.249,3.573,76.0,0.0,18.35647
2024-03-14 09:00:00+00:00,0.248,3.123,79.0,0.0,14.799459
2024-03-14 10:00:00+00:00,0.248,2.923,81.0,0.0,13.202726
2024-03-14 11:00:00+00:00,0.247,3.523,80.0,0.0,14.168641
2024-03-14 12:00:00+00:00,0.247,5.273,78.0,0.0,17.114204
2024-03-14 13:00:00+00:00,0.245,6.523,71.0,0.0,21.96
2024-03-14 14:00:00+00:00,0.243,7.4230003,66.0,0.0,20.523157
2024-03-14 15:00:00+00:00,0.24,8.422999,57.0,0.0,18.204042
2024-03-14 16:00:00+00:00,0.238,8.873,54.0,0.0,17.49615
2024-03-14 17:00:00+00:00,0.237,8.223,59.0,0.2,20.421871
2024-03-14 18:00:00+00:00,0.284,4.773,85.0,1.6,17.555307
2024-03-14 19:00:00+00:00,0.272,5.7229996,75.0,0.1,17.727943
2024-03-14 20:00:00+00:00,0.265,7.2229996,69.0,0.1,11.440979
2024-03-14 21:00:00+00:00,0.26,8.422999,70.0,0.0,23.023117
2024-03-14 22:00:00+00:00,0.257,7.523,76.0,0.0,22.086521
2024-03-14 23:00:00+00:00,0.254,6.873,75.0,0.0,18.057508
2024-03-15 00:00:00+00:00,0.247,6.273,75.0,0.0,22.086521
2024-03-15 01:00:00+00:00,0.246,5.9729996,75.0,0.0,21.9718
2024-03-15 02:00:00+00:00,0.245,5.573,78.0,0.0,21.194187
2024-03-15 03:00:00+00:00,0.244,5.373,79.0,0.0,19.66536
2024-03-15 04:00:00+00:00,0.243,5.323,80.0,0.0,20.61766
2024-03-15 05:00:00+00:00,0.243,5.373,78.0,0.0,23.469128
2024-03-15 06:00:00+00:00,0.242,4.873,80.0,0.0,24.798225
2024-03-15 07:00:00+00:00,0.241,4.573,76.0,0.0,28.266306
2024-03-15 08:00:00+00:00,0.241,4.023,76.0,0.0,25.683926
2024-03-15 09:00:00+00:00,0.24,3.723,75.0,0.0,25.325686
2024-03-15 10:00:00+00:00,0.239,3.223,70.0,0.0,24.251284
2024-03-15 11:00:00+00:00,0.239,2.973,68.0,0.0,22.7057
2024-03-15 12:00:00+00:00,0.238,3.923,68.0,0.0,21.2522
2024-03-15 13:00:00+00:00,0.236,5.373,65.0,0.0,23.039999
2024-03-15 14:00:00+00:00,0.234,6.9230003,55.0,0.0,24.858253
2024-03-15 15:00:00+00:00,0.23,7.7229996,49.0,0.0,26.415268
2024-03-15 16:00:00+00:00,0.228,7.773,49.0,0.0,26.999998
2024-03-15 17:00:00+00:00,0.225,8.023,50.0,0.0,27.155552
2024-03-15 18:00:00+00:00,0.223,7.9729996,47.0,0.0,28.551426
2024-03-15 19:00:00+00:00,0.221,7.773,46.0,0.0,27.757376
2024-03-15 20:00:00+00:00,0.22,7.2229996,47.0,0.0,26.33911
2024-03-15 21:00:00+00:00,0.219,6.573,50.0,0.0,23.157824
2024-03-15 22:00:00+00:00,0.219,5.623,53.0,0.0,19.70815
2024-03-15 23:00:00+00:00,0.22,4.323,62.0,0.0,15.484185
2024-03-16 00:00:00+00:00,0.216,3.223,73.0,0.0,16.167967
2024-03-16 01:00:00+00:00,0.217,2.523,78.0,0.0,15.484185
2024-03-16 02:00:00+00:00,0.218,2.073,80.0,0.0,15.379206
2024-03-16 03:00:00+00:00,0.218,1.673,82.0,0.0,13.661038
2024-03-16 04:00:00+00:00,0.219,1.223,84.0,0.0,12.641076
2024-03-16 05:00:00+00:00,0.22,1.023,85.0,0.0,12.10157
2024-03-16 06:00:00+00:00,0.22,0.623,88.0,0.0,11.770403
2024-03-16 07:00:00+00:00,0.221,0.523,90.0,0.0,10.636766
2024-03-16 08:00:00+00:00,0.221,0.523,91.0,0.0,10.787993
2024-03-16 09:00:00+00:00,0.221,0.573,91.0,0.0,11.113451
2024-03-16 10:00:00+00:00,0.222,0.473,91.0,0.0,11.440979
2024-03-16 11:00:00+00:00,0.222,0.473,90.0,0.0,11.298495
2024-03-16 12:00:00+00:00,0.222,1.873,86.0,0.0,13.363711
2024-03-16 13:00:00+00:00,0.221,3.823,74.0,0.0,20.545246
2024-03-16 14:00:00+00:00,0.219,5.323,62.0,0.0,20.265795
2024-03-16 15:00:00+00:00,0.223,6.073,65.0,0.1,20.268991
2024-03-16 16:00:00+00:00,0.236,6.4230003,69.0,0.3,17.873554
2024-03-16 17:00:00+00:00,0.257,6.1730003,72.0,0.6,17.902534
2024-03-16 18:00:00+00:00,0.241,6.6730003,65.0,0.7,19.881649
2024-03-16 19:00:00+00:00,0.244,6.6730003,65.0,0.2,19.852295
2024-03-16 20:00:00+00:00,0.24,6.7229996,62.0,0.1,21.841648
2024-03-16 21:00:00+00:00,0.234,6.123,58.0,0.0,24.448214
2024-03-16 22:00:00+00:00,0.231,5.123,56.0,0.0,23.157824
2024-03-16 23:00:00+00:00,0.23,3.823,62.0,0.0,19.09358
2024-03-17 00:00:00+00:00,0.22,2.573,73.0,0.0,18.64369
2024-03-17 01:00:00+00:00,0.22,1.873,79.0,0.0,19.386591
2024-03-17 02:00:00+00:00,0.219,1.623,82.0,0.0,19.914217
2024-03-17 03:00:00+00:00,0.219,1.623,81.0,0.0,20.265795
2024-03-17 04:00:00+00:00,0.219,1.623,81.0,0.0,20.345573
2024-03-17 05:00:00+00:00,0.219,1.673,82.0,0.0,20.620806
2024-03-17 06:00:00+00:00,0.219,1.723,83.0,0.0,21.479666
2024-03-17 07:00:00+00:00,0.219,2.023,82.0,0.0,23.023119
2024-03-17 08:00:00+00:00,0.219,2.1729999,82.0,0.0,24.031178
2024-03-17 09:00:00+00:00,0.219,2.273,80.0,0.0,24.387177
2024-03-17 10:00:00+00:00,0.219,2.1230001,81.0,0.0,24.387177
2024-03-17 11:00:00+00:00,0.218,2.323,80.0,0.0,24.031178
2024-03-17 12:00:00+00:00,0.218,3.223,77.0,0.0,28.880886
2024-03-17 13:00:00+00:00,0.217,4.773,66.0,0.0,29.834423
2024-03-17 14:00:00+00:00,0.214,5.9230003,56.0,0.0,31.435646
2024-03-17 15:00:00+00:00,0.212,6.273,53.0,0.0,31.003918
2024-03-17 16:00:00+00:00,0.209,6.6730003,51.0,0.0,30.911821
2024-03-17 17:00:00+00:00,0.207,7.073,47.0,0.0,30.312773
2024-03-17 18:00:00+00:00,0.204,6.773,45.0,0.0,34.509335
2024-03-17 19:00:00+00:00,0.203,6.573,45.0,0.0,34.608715
2024-03-17 20:00:00+00:00,0.202,6.1730003,48.0,0.0,34.152596
2024-03-17 21:00:00+00:00,0.201,5.523,50.0,0.0,32.44996
2024-03-17 22:00:00+00:00,0.201,4.7229996,53.0,0.0,30.282827
2024-03-17 23:00:00+00:00,0.202,3.623,59.0,0.0,27.181787
2024-03-18 00:00:00+00:00,0.206,2.873,65.0,0.0,26.368616
2024-03-18 01:00:00+00:00,0.207,2.323,70.0,0.0,24.48
2024-03-18 02:00:00+00:00,0.208,1.773,76.0,0.0,23.0653
2024-03-18 03:00:00+00:00,0.208,1.273,79.0,0.0,20.929596
2024-03-18 04:00:00+00:00,0.209,0.773,82.0,0.0,18.532133
2024-03-18 05:00:00+00:00,0.21,0.473,84.0,0.0,17.057314
2024-03-18 06:00:00+00:00,0.21,0.273,86.0,0.0,17.163355
2024-03-18 07:00:00+00:00,0.211,0.023000002,90.0,0.0,15.683776
2024-03-18 08:00:00+00:00,0.211,-0.277,91.0,0.0,14.264361
2024-03-18 09:00:00+00:00,0.212,-0.17699999,91.0,0.0,13.202726
2024-03-18 10:00:00+00:00,0.212,-0.227,91.0,0.0,11.440978
2024-03-18 11:00:00+00:00,0.212,-0.277,91.0,0.0,10.041354
2024-03-18 12:00:00+00:00,0.213,1.123,86.0,0.0,10.308831
2024-03-18 13:00:00+00:00,0.212,3.373,76.0,0.0,13.084402
2024-03-18 14:00:00+00:00,0.21,5.4230003,67.0,0.0,15.192682
2024-03-18 15:00:00+00:00,0.207,6.823,56.0,0.0,12.074766
2024-03-18 16:00:00+00:00,0.204,7.573,51.0,0.0,10.587917
2024-03-18 17:00:00+00:00,0.201,8.023,47.0,0.0,11.367109
2024-03-18 18:00:00+00:00,0.2,8.373,42.0,0.0,11.879999
2024-03-18 19:00:00+00:00,0.199,8.373,43.0,0.0,12.620554
2024-03-18 20:00:00+00:00,0.199,8.223,47.0,0.0,11.901798
2024-03-18 21:00:00+00:00,0.202,7.373,54.0,0.1,10.823973
2024-03-18 22:00:00+00:00,0.201,6.573,59.0,0.0,7.928178
2024-03-18 23:00:00+00:00,0.202,4.6730003,71.0,0.0,3.9763298
2024-03-19 00:00:00+00:00,0.202,2.923,79.0,0.0,3.5455887
2024-03-19 01:00:00+00:00,0.203,1.823,83.0,0.0,3.096837
2024-03-19 02:00:00+00:00,0.204,1.023,87.0,0.0,2.5455842
2024-03-19 03:00:00+00:00,0.204,0.023000002,92.0,0.0,2.0991426
2024-03-19 04:00:00+00:00,0.205,-0.92700005,96.0,0.0,2.1897945
2024-03-19 05:00:00+00:00,0.205,-1.527,99.0,0.0,2.0991426
2024-03-19 06:00:00+00:00,0.205,-2.027,100.0,0.0,2.7416782
2024-03-19 07:00:00+00:00,0.205,-2.077,100.0,0.0,2.6208394
2024-03-19 08:00:00+00:00,0.206,-2.677,100.0,0.0,2.1897945
2024-03-19 09:00:00+00:00,0.206,-3.277,100.0,0.0,2.3051248
2024-03-19 10:00:00+00:00,0.206,-3.727,100.0,0.0,2.3051248
2024-03-19 11:00:00+00:00,0.206,-4.377,100.0,0.0,1.609969
2024-03-19 12:00:00+00:00,0.206,-4.127,100.0,0.0,1.1384199
2024-03-19 13:00:00+00:00,0.206,-2.727,99.0,0.0,1.1384199
2024-03-19 14:00:00+00:00,0.205,0.873,84.0,0.0,1.609969
2024-03-19 15:00:00+00:00,0.204,4.273,74.0,0.0,1.835647
2024-03-19 16:00:00+00:00,0.201,6.4230003,63.0,0.0,3.96
2024-03-19 17:00:00+00:00,0.199,7.323,56.0,0.0,6.130579
2024-03-19 18:00:00+00:00,0.197,8.073,46.0,0.0,4.32
2024-03-19 19:00:00+00:00,0.196,8.273,45.0,0.0,6.151683
2024-03-19 20:00:00+00:00,0.194,8.373,43.0,0.0,7.7879906
2024-03-19 21:00:00+00:00,0.194,7.9729996,44.0,0.0,10.182337
2024-03-19 22:00:00+00:00,0.194,6.823,52.0,0.0,10.195057
2024-03-19 23:00:00+00:00,0.195,4.523,64.0,0.0,6.1305785
2024-03-20 00:00:00+00:00,0.192,2.523,77.0,0.0,5.5887027
2024-03-20 01:00:00+00:00,0.193,1.373,82.0,0.0,5.4477882
2024-03-20 02:00:00+00:00,0.194,0.623,85.0,0.0,5.0911684
2024-03-20 03:00:00+00:00,0.195,0.073,87.0,0.0,5.0911684
2024-03-20 04:00:00+00:00,0.195,-0.477,89.0,0.0,5.0528407
2024-03-20 05:00:00+00:00,0.196,-0.877,90.0,0.0,5.4477882
2024-03-20 06:00:00+00:00,0.196,-1.177,91.0,0.0,6.130579
2024-03-20 07:00:00+00:00,0.196,-1.127,90.0,0.0,6.8399997
2024-03-20 08:00:00+00:00,0.197,-1.127,90.0,0.0,7.5599995
2024-03-20 09:00:00+00:00,0.197,-1.227,90.0,0.0,8.287822
2024-03-20 10:00:00+00:00,0.197,-1.177,89.0,0.0,9.028754
2024-03-20 11:00:00+00:00,0.197,-1.077,88.0,0.0,9.422101
2024-03-20 12:00:00+00:00,0.197,0.673,81.0,0.0,10.739833
2024-03-20 13:00:00+00:00,0.197,2.523,76.0,0.0,14.05845
2024-03-20 14:00:00+00:00,0.196,5.323,67.0,0.0,19.469976
2024-03-20 15:00:00+00:00,0.194,6.873,60.0,0.0,21.96295
2024-03-20 16:00:00+00:00,0.193,7.4230003,61.0,0.0,24.162945
2024-03-20 17:00:00+00:00,0.192,7.6730003,60.0,0.0,28.623962
2024-03-20 18:00:00+00:00,0.191,8.873,58.0,0.0,25.60053
2024-03-20 19:00:00+00:00,0.19,9.023,57.0,0.0,26.299719
2024-03-20 20:00:00+00:00,0.189,9.623,54.0,0.0,25.0064
2024-03-20 21:00:00+00:00,0.188,9.023,56.0,0.0,25.501621
2024-03-20 22:00:00+00:00,0.188,7.7229996,60.0,0.0,24.014996
2024-03-20 23:00:00+00:00,0.188,6.373,65.0,0.0,21.897945
2024-03-21 00:00:00+00:00,0.186,5.873,64.0,0.0,22.81957
2024-03-21 01:00:00+00:00,0.186,5.2229996,66.0,0.0,21.9718
2024-03-21 02:00:00+00:00,0.187,4.573,72.0,0.0,21.647945
2024-03-21 03:00:00+00:00,0.187,4.273,77.0,0.0,22.461807
2024-03-21 04:00:00+00:00,0.188,4.373,77.0,0.0,21.791153
2024-03-21 05:00:00+00:00,0.188,4.4230003,76.0,0.0,21.38897
2024-03-21 06:00:00+00:00,0.189,4.273,77.0,0.0,23.051247
2024-03-21 07:00:00+00:00,0.189,4.023,79.0,0.0,21.26744
2024-03-21 08:00:00+00:00,0.189,3.823,81.0,0.0,19.493261
2024-03-21 09:00:00+00:00,0.19,3.573,83.0,0.0,17.462784
2024-03-21 10:00:00+00:00,0.19,2.973,87.0,0.0,14.618837
2024-03-21 11:00:00+00:00,0.191,2.423,90.0,0.0,13.1041975
2024-03-21 12:00:00+00:00,0.191,3.723,84.0,0.0,13.979871
2024-03-21 13:00:00+00:00,0.19,6.123,73.0,0.0,16.09969
2024-03-21 14:00:00+00:00,0.189,8.623,59.0,0.0,20.380579
2024-03-21 15:00:00+00:00,0.187,9.773,47.0,0.0,23.18579
2024-03-21 16:00:00+00:00,0.185,10.172999,44.0,0.0,24.675106
2024-03-21 17:00:00+00:00,0.183,10.323,44.0,0.0,25.809765
2024-03-21 18:00:00+00:00,0.182,10.922999,43.0,0.0,28.551426
2024-03-21 19:00:00+00:00,0.181,10.623,45.0,0.0,29.035288
2024-03-21 20:00:00+00:00,0.18,10.172999,45.0,0.0,27.438046
2024-03-21 21:00:00+00:00,0.18,9.523,49.0,0.0,25.516865
2024-03-21 22:00:00+00:00,0.181,8.573,58.0,0.0,25.455843
2024-03-21 23:00:00+00:00,0.181,7.573,66.0,0.0,22.3229
2024-03-22 00:00:00+00:00,0.175,6.623,75.0,0.0,21.349546
2024-03-22 01:00:00+00:00,0.176,6.023,82.0,0.0,21.077686
2024-03-22 02:00:00+00:00,0.177,5.7229996,87.0,0.0,17.935081
2024-03-22 03:00:00+00:00,0.178,5.4729996,88.0,0.0,15.281989
2024-03-22 04:00:00+00:00,0.178,5.073,91.0,0.0,13.32
2024-03-22 05:00:00+00:00,0.179,5.273,93.0,0.0,13.905509
2024-03-22 06:00:00+00:00,0.179,5.7229996,93.0,0.0,17.114204
2024-03-22 07:00:00+00:00,0.18,6.7229996,88.0,0.0,19.483284
2024-03-22 08:00:00+00:00,0.18,6.9230003,87.0,0.0,19.9954
2024-03-22 09:00:00+00:00,0.18,6.823,87.0,0.0,17.902534
2024-03-22 10:00:00+00:00,0.181,6.623,91.0,0.0,17.447933
2024-03-22 11:00:00+00:00,0.181,6.623,92.0,0.0,16.267857
2024-03-22 12:00:00+00:00,0.181,7.323,88.0,0.0,16.42247
2024-03-22 13:00:00+00:00,0.181,8.973,79.0,0.0,20.46941
2024-03-22 14:00:00+00:00,0.18,10.422999,70.0,0.0,25.153671
2024-03-22 15:00:00+00:00,0.178,11.873,63.0,0.0,24.850431
2024-03-22 16:00:00+00:00,0.176,12.623,59.0,0.0,24.490587
2024-03-22 17:00:00+00:00,0.174,13.023,57.0,0.0,24.609364
2024-03-22 18:00:00+00:00,0.173,13.672999,53.0,0.0,21.38897
2024-03-22 19:00:00+00:00,0.172,13.672999,53.0,0.0,20.418695
2024-03-22 20:00:00+00:00,0.171,13.373,54.0,0.0,18.161278
2024-03-22 21:00:00+00:00,0.171,12.623,56.0,0.0,15.379206
2024-03-22 22:00:00+00:00,0.171,11.373,62.0,0.0,10.636766
2024-03-22 23:00:00+00:00,0.172,8.922999,74.0,0.0,5.0528407
2024-03-23 00:00:00+00:00,0.173,7.1730003,83.0,0.0,5.0911684
2024-03-23 01:00:00+00:00,0.174,5.9230003,88.0,0.0,4.802999
2024-03-23 02:00:00+00:00,0.175,5.073,90.0,0.0,3.96
2024-03-23 03:00:00+00:00,0.175,4.323,91.0,0.0,3.4152596
2024-03-23 04:00:00+00:00,0.176,3.573,94.0,0.0,3.219938
2024-03-23 05:00:00+00:00,0.176,2.873,97.0,0.0,2.7416782
2024-03-23 06:00:00+00:00,0.177,1.973,100.0,0.0,3.5455887
2024-03-23 07:00:00+00:00,0.177,2.073,99.0,0.0,3.8939953
2024-03-23 08:00:00+00:00,0.178,1.773,100.0,0.0,3.096837
2024-03-23 09:00:00+00:00,0.178,1.923,100.0,0.0,2.7416782
2024-03-23 10:00:00+00:00,0.178,1.873,100.0,0.0,3.0758414
2024-03-23 11:00:00+00:00,0.179,1.473,100.0,0.0,3.219938
2024-03-23 12:00:00+00:00,0.179,2.623,100.0,0.0,1.8
2024-03-23 13:00:00+00:00,0.179,4.573,93.0,0.0,1.0182338
2024-03-23 14:00:00+00:00,0.178,7.773,79.0,0.0,0.35999998
2024-03-23 15:00:00+00:00,0.177,10.573,68.0,0.0,0.8049845
2024-03-23 16:00:00+00:00,0.175,12.373,58.0,0.0,0.8049845
2024-03-23 17:00:00+00:00,0.173,13.422999,54.0,0.0,0.35999998
2024-03-23 18:00:00+00:00,0.17,13.922999,53.0,0.0,2.9024127
2024-03-23 19:00:00+00:00,0.168,14.172999,52.0,0.0,2.1897945
2024-03-23 20:00:00+00:00,0.167,14.172999,53.0,0.0,3.219938
2024-03-23 21:00:00+00:00,0.167,13.823,53.0,0.0,5.154415
2024-03-23 22:00:00+00:00,0.167,12.573,62.0,0.0,6.1305785
2024-03-23 23:00:00+00:00,0.168,10.922999,70.0,0.0,8.39657
2024-03-24 00:00:00+00:00,0.172,9.773,81.0,0.0,7.491114
2024-03-24 01:00:00+00:00,0.173,8.873,86.0,0.0,4.8433046
2024-03-24 02:00:00+00:00,0.174,7.9729996,90.0,0.0,3.8773184
2024-03-24 03:00:00+00:00,0.174,7.273,93.0,0.0,3.9763298
2024-03-24 04:00:00+00:00,0.175,6.4729996,96.0,0.0,3.319036
2024-03-24 05:00:00+00:00,0.176,5.773,98.0,0.0,2.4149535
2024-03-24 06:00:00+00:00,0.176,5.073,98.0,0.0,2.52
2024-03-24 07:00:00+00:00,0.177,4.623,100.0,0.0,1.609969
2024-03-24 08:00:00+00:00,0.177,4.223,100.0,0.0,1.484318
2024-03-24 09:00:00+00:00,0.178,3.773,99.0,0.0,2.3051248
2024-03-24 10:00:00+00:00,0.178,2.873,100.0,0.0,3.4152596
2024-03-24 11:00:00+00:00,0.178,2.573,99.0,0.0,4.1046314
2024-03-24 12:00:00+00:00,0.179,4.073,95.0,0.0,4.3349743
2024-03-24 13:00:00+00:00,0.178,7.6730003,84.0,0.0,8.759178
2024-03-24 14:00:00+00:00,0.177,10.723,71.0,0.0,14.081478
2024-03-24 15:00:00+00:00,0.174,12.573,62.0,0.0,17.873556
2024-03-24 16:00:00+00:00,0.172,13.672999,54.0,0.0,19.770523
2024-03-24 17:00:00+00:00,0.169,14.172999,50.0,0.0,21.479666
2024-03-24 18:00:00+00:00,0.168,14.223,48.0,0.0,20.870687
2024-03-24 19:00:00+00:00,0.166,13.773,49.0,0.0,20.345573
2024-03-24 20:00:00+00:00,0.165,13.172999,52.0,0.0,19.13426
2024-03-24 21:00:00+00:00,0.165,12.323,55.0,0.0,16.808569
2024-03-24 22:00:00+00:00,0.165,11.123,60.0,0.0,12.287555
2024-03-24 23:00:00+00:00,0.167,9.123,70.0,0.0,7.5942073
2024-03-25 00:00:00+00:00,0.163,7.823,77.0,0.0,7.5942073
2024-03-25 01:00:00+00:00,0.164,6.7229996,84.0,0.0,6.0347
2024-03-25 02:00:00+00:00,0.165,5.9230003,88.0,0.0,4.3498964
2024-03-25 03:00:00+00:00,0.165,5.4729996,89.0,0.0,2.9024127
2024-03-25 04:00:00+00:00,0.166,5.4230003,88.0,0.0,1.2979984
2024-03-25 05:00:00+00:00,0.167,5.273,88.0,0.0,1.609969
2024-03-25 06:00:00+00:00,0.167,4.623,95.0,0.0,4.5820518
2024-03-25 07:00:00+00:00,0.168,5.323,92.0,0.1,5.8603754
2024-03-25 08:00:00+00:00,0.193,5.773,93.0,0.8,6.489992
2024-03-25 09:00:00+00:00,0.236,6.373,91.0,0.9,8.699793
2024-03-25 10:00:00+00:00,0.27,6.573,93.0,1.2,11.298495
2024-03-25 11:00:00+00:00,0.276,6.7229996,95.0,0.8,14.372974
2024-03-25 12:00:00+00:00,0.263,7.323,97.0,0.8,13.708391
2024-03-25 13:00:00+00:00,0.288,8.323,97.0,1.3,15.484185
2024-03-25 14:00:00+00:00,0.297,8.873,96.0,1.1,15.124284
2024-03-25 15:00:00+00:00,0.282,9.623,95.0,0.4,9.9571085
2024-03-25 16:00:00+00:00,0.27,10.422999,94.0,0.2,4.6938257
2024-03-25 17:00:00+00:00,0.265,11.123,93.0,0.3,1.835647
2024-03-25 18:00:00+00:00,0.254,11.172999,92.0,0.0,0.8049845
2024-03-25 19:00:00+00:00,0.256,11.373,92.0,0.3,3.6179552
2024-03-25 20:00:00+00:00,0.252,12.672999,85.0,0.0,7.5942082
2024-03-25 21:00:00+00:00,0.248,13.172999,85.0,0.0,4.32
2024-03-25 22:00:00+00:00,0.243,12.723,89.0,0.0,2.2768397
2024-03-25 23:00:00+00:00,0.241,12.323,89.0,0.0,5.6233797
2024-03-26 00:00:00+00:00,0.247,13.273,76.0,0.0,18.39878
2024-03-26 01:00:00+00:00,0.244,12.873,77.0,0.0,20.188908
2024-03-26 02:00:00+00:00,0.241,12.773,78.0,0.0,19.966211
2024-03-26 03:00:00+00:00,0.239,12.323,80.0,0.0,18.218275
2024-03-26 04:00:00+00:00,0.237,12.273,81.0,0.0,17.873554
2024-03-26 05:00:00+00:00,0.235,11.573,85.0,0.0,13.854155
2024-03-26 06:00:00+00:00,0.234,11.422999,83.0,0.0,12.758432
2024-03-26 07:00:00+00:00,0.233,10.823,86.0,0.0,10.829959
2024-03-26 08:00:00+00:00,0.232,10.373,87.0,0.0,11.165805
2024-03-26 09:00:00+00:00,0.231,9.823,90.0,0.0,11.113451
2024-03-26 10:00:00+00:00,0.231,9.473,90.0,0.0,11.91812
2024-03-26 11:00:00+00:00,0.23,9.273,91.0,0.0,11.923557
2024-03-26 12:00:00+00:00,0.229,10.023,89.0,0.0,11.91812
2024-03-26 13:00:00+00:00,0.227,11.373,84.0,0.0,14.934577
2024-03-26 14:00:00+00:00,0.225,12.623,69.0,0.0,19.134262
2024-03-26 15:00:00+00:00,0.222,13.172999,60.0,0.0,22.19773
2024-03-26 16:00:00+00:00,0.218,13.373,58.0,0.0,23.469128
2024-03-26 17:00:00+00:00,0.217,12.172999,63.0,0.0,20.418695
2024-03-26 18:00:00+00:00,0.219,13.573,56.0,0.0,22.884789
2024-03-26 19:00:00+00:00,0.221,13.422999,57.0,0.0,24.975283
2024-03-26 20:00:00+00:00,0.239,12.172999,66.0,0.3,23.023119
2024-03-26 21:00:00+00:00,0.26,10.473,72.0,0.9,19.70815
2024-03-26 22:00:00+00:00,0.247,9.672999,70.0,0.1,19.130875
2024-03-26 23:00:00+00:00,0.241,8.873,66.0,0.0,18.671474
2024-03-27 00:00:00+00:00,0.231,8.823,69.0,0.0,23.263912
2024-03-27 01:00:00+00:00,0.228,8.723,72.0,0.0,25.729298
2024-03-27 02:00:00+00:00,0.226,8.523,71.0,0.0,25.277023
2024-03-27 03:00:00+00:00,0.224,8.323,73.0,0.0,25.764534
2024-03-27 04:00:00+00:00,0.222,8.023,74.0,0.0,26.661882
2024-03-27 05:00:00+00:00,0.221,7.573,73.0,0.0,29.239891
2024-03-27 06:00:00+00:00,0.22,7.373,71.0,0.0,26.795223
2024-03-27 07:00:00+00:00,0.219,7.123,72.0,0.0,26.319422
2024-03-27 08:00:00+00:00,0.218,6.9230003,72.0,0.0,25.562534
2024-03-27 09:00:00+00:00,0.217,6.7229996,70.0,0.0,26.28986
2024-03-27 10:00:00+00:00,0.217,6.273,68.0,0.0,26.400545
2024-03-27 11:00:00+00:00,0.216,5.823,66.0,0.0,25.651104
2024-03-27 12:00:00+00:00,0.215,6.4729996,65.0,0.0,21.485697
2024-03-27 13:00:00+00:00,0.214,7.2229996,65.0,0.0,22.461807
2024-03-27 14:00:00+00:00,0.213,8.323,58.0,0.0,22.366402
2024-03-27 15:00:00+00:00,0.211,9.073,53.0,0.0,22.68
2024-03-27 16:00:00+00:00,0.21,9.623,48.0,0.0,22.319998
2024-03-27 17:00:00+00:00,0.208,10.023,49.0,0.0,21.626984
2024-03-27 18:00:00+00:00,0.207,10.323,48.0,0.0,21.542923
2024-03-27 19:00:00+00:00,0.207,9.723,55.0,0.0,19.255793
2024-03-27 20:00:00+00:00,0.207,9.123,60.0,0.1,18.86139
2024-03-27 21:00:00+00:00,0.206,8.823,61.0,0.0,14.007655
2024-03-27 22:00:00+00:00,0.241,7.7229996,75.0,1.1,12.475961
2024-03-27 23:00:00+00:00,0.296,7.2229996,82.0,1.9,7.9036193
2024-03-28 00:00:00+00:00,0.287,6.773,90.0,1.2,4.1046314
2024-03-28 01:00:00+00:00,0.29,6.523,91.0,0.6,7.9526596
2024-03-28 02:00:00+00:00,0.282,6.523,94.0,0.3,6.849467
2024-03-28 03:00:00+00:00,0.271,6.773,94.0,0.1,3.0758414
2024-03-28 04:00:00+00:00,0.264,6.773,94.0,0.0,3.96
2024-03-28 05:00:00+00:00,0.258,6.9230003,94.0,0.0,2.1897945
2024-03-28 06:00:00+00:00,0.251,6.573,95.0,0.0,3.6
2024-03-28 07:00:00+00:00,0.248,7.023,94.0,0.0,2.5455842
2024-03-28 08:00:00+00:00,0.252,7.9729996,92.0,0.3,2.8116899
2024-03-28 09:00:00+00:00,0.263,8.823,90.0,0.4,5.7599998
2024-03-28 10:00:00+00:00,0.269,9.973,86.0,0.3,9.605998
2024-03-28 11:00:00+00:00,0.277,10.273,84.0,0.4,12.015589
2024-03-28 12:00:00+00:00,0.267,10.873,81.0,0.3,8.905908
2024-03-28 13:00:00+00:00,0.268,11.323,80.0,0.3,12.599999
2024-03-28 14:00:00+00:00,0.272,12.023,75.0,0.2,21.129885
2024-03-28 15:00:00+00:00,0.269,12.573,69.0,0.2,32.409996
2024-03-28 16:00:00+00:00,0.26,11.473,62.0,0.0,36.233242
2024-03-28 17:00:00+00:00,0.254,11.473,60.0,0.0,34.177254
2024-03-28 18:00:00+00:00,0.248,11.373,53.0,0.0,37.63679
2024-03-28 19:00:00+00:00,0.244,10.922999,50.0,0.0,41.556225
2024-03-28 20:00:00+00:00,0.241,9.773,51.0,0.0,43.619465
2024-03-28 21:00:00+00:00,0.239,8.473,54.0,0.0,44.36187
2024-03-28 22:00:00+00:00,0.237,7.323,59.0,0.0,45.34571
2024-03-28 23:00:00+00:00,0.236,6.4729996,62.0,0.0,43.274933
2024-03-29 00:00:00+00:00,0.23,6.2229996,68.0,0.0,50.045174
2024-03-29 01:00:00+00:00,0.229,5.873,70.0,0.0,47.966537
2024-03-29 02:00:00+00:00,0.229,5.7229996,72.0,0.0,47.33007
2024-03-29 03:00:00+00:00,0.228,5.4729996,73.0,0.0,46.97827
2024-03-29 04:00:00+00:00,0.228,5.273,73.0,0.0,44.274147
2024-03-29 05:00:00+00:00,0.227,5.023,73.0,0.0,43.50194
2024-03-29 06:00:00+00:00,0.227,4.9729996,73.0,0.0,34.03476
2024-03-29 07:00:00+00:00,0.226,4.6730003,75.0,0.0,31.722921
2024-03-29 08:00:00+00:00,0.226,4.4230003,74.0,0.0,28.981676
2024-03-29 09:00:00+00:00,0.225,4.123,74.0,0.0,26.727423
2024-03-29 10:00:00+00:00,0.224,3.773,75.0,0.0,26.168804
2024-03-29 11:00:00+00:00,0.224,3.573,76.0,0.0,25.984917
2024-03-29 12:00:00+00:00,0.223,4.373,77.0,0.0,29.951483
2024-03-29 13:00:00+00:00,0.222,5.323,73.0,0.0,32.736256
2024-03-29 14:00:00+00:00,0.22,6.4230003,67.0,0.0,32.04202
2024-03-29 15:00:00+00:00,0.218,7.073,64.0,0.0,30.903435
2024-03-29 16:00:00+00:00,0.215,7.523,57.0,0.0,31.910301
2024-03-29 17:00:00+00:00,0.213,7.4729996,51.0,0.0,34.50746
2024-03-29 18:00:00+00:00,0.21,6.773,50.0,0.0,37.346416
2024-03-29 19:00:00+00:00,0.208,6.273,47.0,0.0,37.10795
2024-03-29 20:00:00+00:00,0.207,5.6730003,48.0,0.0,35.64182
2024-03-29 21:00:00+00:00,0.206,4.773,49.0,0.0,33.497414
2024-03-29 22:00:00+00:00,0.206,3.623,53.0,0.0,30.216421
2024-03-29 23:00:00+00:00,0.207,2.673,61.0,0.0,25.721743
2024-03-30 00:00:00+00:00,0.211,1.773,72.0,0.0,22.366402
2024-03-30 01:00:00+00:00,0.212,1.123,80.0,0.0,20.364674
2024-03-30 02:00:00+00:00,0.213,0.823,82.0,0.0,20.674158
2024-03-30 03:00:00+00:00,0.213,0.773,80.0,0.0,20.188908
2024-03-30 04:00:00+00:00,0.213,0.623,80.0,0.0,19.083395
2024-03-30 05:00:00+00:00,0.213,0.423,81.0,0.0,18.014393
2024-03-30 06:00:00+00:00,0.213,0.373,84.0,0.0,18.888851
2024-03-30 07:00:00+00:00,0.213,0.573,84.0,0.0,18.228943
2024-03-30 08:00:00+00:00,0.213,0.823,84.0,0.0,18.448023
2024-03-30 09:00:00+00:00,0.213,1.023,86.0,0.0,18.775301
2024-03-30 10:00:00+00:00,0.213,0.823,89.0,0.0,18.089775
2024-03-30 11:00:00+00:00,0.213,0.623,92.0,0.0,17.414476
2024-03-30 12:00:00+00:00,0.213,1.123,92.0,0.0,13.708391
2024-03-30 13:00:00+00:00,0.212,3.623,80.0,0.0,17.518356
2024-03-30 14:00:00+00:00,0.21,6.023,65.0,0.0,23.675303
2024-03-30 15:00:00+00:00,0.207,7.123,54.0,0.0,26.980793
2024-03-30 16:00:00+00:00,0.204,7.6730003,51.0,0.0,28.006058
2024-03-30 17:00:00+00:00,0.201,7.823,50.0,0.0,28.930204
2024-03-30 18:00:00+00:00,0.199,7.373,48.0,0.0,27.792374
2024-03-30 19:00:00+00:00,0.197,7.2229996,48.0,0.0,28.58545
2024-03-30 20:00:00+00:00,0.196,6.9230003,50.0,0.0,28.58545
2024-03-30 21:00:00+00:00,0.195,6.323,54.0,0.0,27.887802
2024-03-30 22:00:00+00:00,0.196,5.1730003,61.0,0.0,26.319422
2024-03-30 23:00:00+00:00,0.196,4.373,62.0,0.0,22.33161
2024-03-31 00:00:00+00:00,0.192,3.873,79.0,0.0,19.9954
2024-03-31 01:00:00+00:00,0.193,4.373,81.0,0.0,22.963936
2024-03-31 02:00:00+00:00,0.193,4.9230003,82.0,0.0,25.772078
2024-03-31 03:00:00+00:00,0.194,5.1730003,82.0,0.0,27.684914
2024-03-31 04:00:00+00:00,0.194,5.4230003,82.0,0.0,29.301876
2024-03-31 05:00:00+00:00,0.194,5.523,80.0,0.0,30.312773
2024-03-31 06:00:00+00:00,0.195,5.6730003,79.0,0.0,27.766712
2024-03-31 07:00:00+00:00,0.195,5.9230003,77.0,0.0,30.302078
2024-03-31 08:00:00+00:00,0.195,5.873,79.0,0.0,31.1374
2024-03-31 09:00:00+00:00,0.195,5.623,80.0,0.0,31.559088
2024-03-31 10:00:00+00:00,0.201,5.523,83.0,0.1,29.68636
2024-03-31 11:00:00+00:00,0.212,5.873,83.0,0.2,28.73242
2024-03-31 12:00:00+00:00,0.207,6.323,77.0,0.1,30.009838
2024-03-31 13:00:00+00:00,0.206,6.573,75.0,0.1,31.452133
2024-03-31 14:00:00+00:00,0.203,6.4230003,67.0,0.0,36.376038
2024-03-31 15:00:00+00:00,0.201,6.4729996,62.0,0.0,36.50052
2024-03-31 16:00:00+00:00,0.199,6.873,48.0,0.0,37.247387
2024-03-31 17:00:00+00:00,0.197,7.323,44.0,0.0,37.63679
2024-03-31 18:00:00+00:00,0.194,7.6730003,46.0,0.0,36.792282
2024-03-31 19:00:00+00:00,0.193,7.573,47.0,0.0,32.688713
2024-03-31 20:00:00+00:00,0.192,7.373,48.0,0.0,30.035742
2024-03-31 21:00:00+00:00,0.192,6.7229996,52.0,0.0,26.079508
2024-03-31 22:00:00+00:00,0.192,5.623,57.0,0.0,21.96
2024-03-31 23:00:00+00:00,0.192,4.4729996,63.0,0.0,17.651016
2024-04-01 00:00:00+00:00,0.182,3.773,67.0,0.0,18.0
2024-04-01 01:00:00+00:00,0.183,2.923,72.0,0.0,15.978484
2024-04-01 02:00:00+00:00,0.183,2.323,76.0,0.0,14.386494
2024-04-01 03:00:00+00:00,0.183,2.823,74.0,0.0,13.979872
2024-04-01 04:00:00+00:00,0.184,3.223,73.0,0.0,12.181624
2024-04-01 05:00:00+00:00,0.184,3.423,75.0,0.0,7.5942082
2024-04-01 06:00:00+00:00,0.184,1.923,84.0,0.0,3.7064266
2024-04-01 07:00:00+00:00,0.185,2.1230001,86.0,0.1,2.968636
2024-04-01 08:00:00+00:00,0.187,2.473,91.0,0.0,4.6800003
2024-04-01 09:00:00+00:00,0.187,3.523,94.0,0.0,7.8954163
2024-04-01 10:00:00+00:00,0.187,4.4729996,91.0,0.0,11.753876
2024-04-01 11:00:00+00:00,0.187,4.6730003,89.0,0.0,12.984975
2024-04-01 12:00:00+00:00,0.187,4.9729996,87.0,0.0,13.004922
2024-04-01 13:00:00+00:00,0.187,6.123,82.0,0.0,15.30741
2024-04-01 14:00:00+00:00,0.186,7.9729996,73.0,0.0,21.142147
2024-04-01 15:00:00+00:00,0.185,9.123,67.0,0.0,26.785547
2024-04-01 16:00:00+00:00,0.183,9.873,63.0,0.0,28.227304
2024-04-01 17:00:00+00:00,0.182,9.573,64.0,0.0,30.007679
2024-04-01 18:00:00+00:00,0.181,10.573,60.0,0.0,30.45566
2024-04-01 19:00:00+00:00,0.179,10.573,58.0,0.0,32.86861
2024-04-01 20:00:00+00:00,0.179,10.422999,61.0,0.0,28.856194
2024-04-01 21:00:00+00:00,0.179,9.623,63.0,0.0,27.459293
2024-04-01 22:00:00+00:00,0.18,9.073,67.0,0.0,22.180206
2024-04-01 23:00:00+00:00,0.18,8.223,65.0,0.0,21.599998
2024-04-02 00:00:00+00:00,0.174,7.373,71.0,0.0,17.31746
2024-04-02 01:00:00+00:00,0.18,7.073,80.0,0.3,14.386494
2024-04-02 02:00:00+00:00,0.193,7.023,82.0,0.2,13.32
2024-04-02 03:00:00+00:00,0.192,7.373,77.0,0.0,14.118243
2024-04-02 04:00:00+00:00,0.189,7.623,76.0,0.0,14.973577
2024-04-02 05:00:00+00:00,0.193,8.023,75.0,0.2,13.896187
2024-04-02 06:00:00+00:00,0.191,8.922999,66.0,0.1,20.969807
2024-04-02 07:00:00+00:00,0.192,8.623,71.0,0.1,23.166216
2024-04-02 08:00:00+00:00,0.199,7.9729996,78.0,0.2,21.94524
2024-04-02 09:00:00+00:00,0.195,7.523,80.0,0.0,22.322903
2024-04-02 10:00:00+00:00,0.193,6.9230003,80.0,0.0,23.090569
2024-04-02 11:00:00+00:00,0.191,6.523,81.0,0.0,23.110205
2024-04-02 12:00:00+00:00,0.189,6.773,81.0,0.0,19.829433
2024-04-02 13:00:00+00:00,0.188,6.4729996,74.0,0.0,22.3229
2024-04-02 14:00:00+00:00,0.187,6.873,67.0,0.0,21.791153
2024-04-02 15:00:00+00:00,0.185,7.373,57.0,0.0,21.659918
2024-04-02 16:00:00+00:00,0.183,8.173,52.0,0.0,21.398056
2024-04-02 17:00:00+00:00,0.181,8.573,49.0,0.0,20.696085
2024-04-02 18:00:00+00:00,0.178,8.173,48.0,0.0,21.485697
2024-04-02 19:00:00+00:00,0.177,8.023,46.0,0.0,19.917469
2024-04-02 20:00:00+00:00,0.176,7.573,47.0,0.0,19.164719
2024-04-02 21:00:00+00:00,0.176,6.6730003,50.0,0.0,18.888851
2024-04-02 22:00:00+00:00,0.176,5.523,56.0,0.0,16.039202
2024-04-02 23:00:00+00:00,0.176,4.4729996,62.0,0.0,11.901798
2024-04-03 00:00:00+00:00,0.175,3.423,70.0,0.0,10.464798
2024-04-03 01:00:00+00:00,0.175,2.373,76.0,0.0,9.605998
2024-04-03 02:00:00+00:00,0.176,1.523,80.0,0.0,10.137692
2024-04-03 03:00:00+00:00,0.177,1.073,82.0,0.0,10.931203
2024-04-03 04:00:00+00:00,0.177,0.573,87.0,0.0,11.620809
2024-04-03 05:00:00+00:00,0.178,0.473,89.0,0.0,12.661564
2024-04-03 06:00:00+00:00,0.178,0.122999996,91.0,0.0,13.202726
2024-04-03 07:00:00+00:00,0.178,0.122999996,92.0,0.0,14.205182
2024-04-03 08:00:00+00:00,0.179,0.073,91.0,0.0,14.618837
2024-04-03 09:00:00+00:00,0.179,-0.02700001,90.0,0.0,15.03835
2024-04-03 10:00:00+00:00,0.179,0.023000002,90.0,0.0,14.759999
2024-04-03 11:00:00+00:00,0.18,-0.17699999,90.0,0.0,13.5515
2024-04-03 12:00:00+00:00,0.18,0.073,90.0,0.0,12.181625
2024-04-03 13:00:00+00:00,0.18,2.023,80.0,0.0,14.118243
2024-04-03 14:00:00+00:00,0.179,3.923,67.0,0.0,19.652176
2024-04-03 15:00:00+00:00,0.177,5.4230003,55.0,0.0,18.692286
2024-04-03 16:00:00+00:00,0.175,6.2229996,53.0,0.0,17.238699
2024-04-03 17:00:00+00:00,0.173,6.523,52.0,0.0,19.406637
2024-04-03 18:00:00+00:00,0.173,6.373,55.0,0.0,19.346441
2024-04-03 19:00:00+00:00,0.172,6.773,56.0,0.0,23.219301
2024-04-03 20:00:00+00:00,0.174,5.873,62.0,0.1,21.479666
2024-04-03 21:00:00+00:00,0.176,5.6730003,61.0,0.1,19.839235
2024-04-03 22:00:00+00:00,0.225,4.773,71.0,1.0,20.240198
2024-04-03 23:00:00+00:00,0.249,3.573,84.0,1.0,12.313894
2024-04-04 00:00:00+00:00,0.244,3.523,77.0,0.0,21.746504
2024-04-04 01:00:00+00:00,0.234,2.723,76.0,0.0,23.110207
2024-04-04 02:00:00+00:00,0.228,2.023,72.0,0.0,22.751316
2024-04-04 03:00:00+00:00,0.223,1.323,75.0,0.0,21.38897
2024-04-04 04:00:00+00:00,0.219,0.973,79.0,0.0,20.12461
2024-04-04 05:00:00+00:00,0.217,0.773,81.0,0.0,17.298738
2024-04-04 06:00:00+00:00,0.215,-0.227,88.0,0.0,13.708391
2024-04-04 07:00:00+00:00,0.214,-0.427,90.0,0.0,10.594036
2024-04-04 08:00:00+00:00,0.213,-0.427,93.0,0.0,9.726665
2024-04-04 09:00:00+00:00,0.212,-0.277,94.0,0.0,9.531505
2024-04-04 10:00:00+00:00,0.211,-0.17699999,94.0,0.0,10.239453
2024-04-04 11:00:00+00:00,0.21,-0.227,94.0,0.0,9.779817
2024-04-04 12:00:00+00:00,0.21,0.623,86.0,0.0,16.563911
2024-04-04 13:00:00+00:00,0.208,2.873,76.0,0.0,18.72
2024-04-04 14:00:00+00:00,0.206,5.4230003,67.0,0.0,24.216522
2024-04-04 15:00:00+00:00,0.203,7.373,61.0,0.0,31.433586
2024-04-04 16:00:00+00:00,0.199,8.422999,54.0,0.0,33.497414
2024-04-04 17:00:00+00:00,0.196,8.123,50.0,0.0,33.927967
2024-04-04 18:00:00+00:00,0.195,8.023,47.0,0.0,32.23357
2024-04-04 19:00:00+00:00,0.194,7.773,49.0,0.0,26.999998
2024-04-04 20:00:00+00:00,0.193,7.6730003,51.0,0.0,24.569832
2024-04-04 21:00:00+00:00,0.192,6.7229996,61.0,0.0,24.162945
2024-04-04 22:00:00+00:00,0.193,5.773,70.0,0.0,14.84318
2024-04-04 23:00:00+00:00,0.193,5.123,75.0,0.0,12.783802
2024-04-05 00:00:00+00:00,0.192,5.073,78.0,0.2,13.830749
2024-04-05 01:00:00+00:00,0.195,4.9729996,84.0,0.1,11.183201
2024-04-05 02:00:00+00:00,0.196,5.1730003,83.0,0.0,14.57889
2024-04-05 03:00:00+00:00,0.202,5.823,86.0,0.1,18.391737
2024-04-05 04:00:00+00:00,0.211,6.4230003,86.0,0.2,22.065973
2024-04-05 05:00:00+00:00,0.218,6.823,86.0,0.2,22.97522
2024-04-05 06:00:00+00:00,0.217,6.623,83.0,0.2,26.14403
2024-04-05 07:00:00+00:00,0.22,6.773,84.0,0.2,24.985659
2024-04-05 08:00:00+00:00,0.222,6.7229996,84.0,0.1,23.47741
2024-04-05 09:00:00+00:00,0.226,6.623,86.0,0.2,21.889065
2024-04-05 10:00:00+00:00,0.224,6.623,87.0,0.1,20.696087
2024-04-05 11:00:00+00:00,0.222,6.823,85.0,0.1,20.111729
2024-04-05 12:00:00+00:00,0.221,6.9230003,78.0,0.1,17.10284
2024-04-05 13:00:00+00:00,0.218,7.873,74.0,0.0,19.862083
2024-04-05 14:00:00+00:00,0.215,9.073,69.0,0.0,20.633371
2024-04-05 15:00:00+00:00,0.213,10.223,65.0,0.0,24.967497
2024-04-05 16:00:00+00:00,0.21,11.672999,63.0,0.0,30.676142
2024-04-05 17:00:00+00:00,0.21,11.323,68.0,0.2,31.178993
2024-04-05 18:00:00+00:00,0.226,10.422999,72.0,0.2,30.05515
2024-04-05 19:00:00+00:00,0.264,10.172999,78.0,1.1,29.598919
2024-04-05 20:00:00+00:00,0.295,10.073,77.0,1.5,30.652895
2024-04-05 21:00:00+00:00,0.288,10.373,74.0,0.7,31.178993
2024-04-05 22:00:00+00:00,0.28,10.422999,75.0,0.4,32.25166
2024-04-05 23:00:00+00:00,0.275,10.172999,76.0,0.3,29.574827
2024-04-06 00:00:00+00:00,0.264,10.373,78.0,0.3,28.373846
2024-04-06 01:00:00+00:00,0.266,10.373,80.0,0.4,28.876396
2024-04-06 02:00:00+00:00,0.266,10.323,79.0,0.3,28.165257
2024-04-06 03:00:00+00:00,0.261,10.273,80.0,0.1,27.36947
2024-04-06 04:00:00+00:00,0.255,10.323,77.0,0.1,26.785547
2024-04-06 05:00:00+00:00,0.252,10.073,80.0,0.1,22.90743
2024-04-06 06:00:00+00:00,0.265,9.373,85.0,0.6,16.946787
2024-04-06 07:00:00+00:00,0.257,8.773,83.0,0.1,15.893093
2024-04-06 08:00:00+00:00,0.258,8.223,83.0,0.1,15.328561
2024-04-06 09:00:00+00:00,0.256,7.4729996,76.0,0.1,17.731598
2024-04-06 10:00:00+00:00,0.251,6.573,75.0,0.0,11.27553
2024-04-06 11:00:00+00:00,0.248,5.523,85.0,0.0,8.311245
2024-04-06 12:00:00+00:00,0.265,5.273,90.0,0.6,13.627795
2024-04-06 13:00:00+00:00,0.26,5.9729996,83.0,0.1,16.09969
2024-04-06 14:00:00+00:00,0.259,6.623,71.0,0.1,21.9718
2024-04-06 15:00:00+00:00,0.255,6.9230003,65.0,0.1,24.798225
2024-04-06 16:00:00+00:00,0.25,7.323,62.0,0.0,25.223133
2024-04-06 17:00:00+00:00,0.246,7.823,57.0,0.0,27.397867
2024-04-06 18:00:00+00:00,0.244,7.273,52.0,0.0,33.11413
2024-04-06 19:00:00+00:00,0.242,6.573,48.0,0.0,30.574575
2024-04-06 20:00:00+00:00,0.24,5.773,50.0,0.0,28.387545
2024-04-06 21:00:00+00:00,0.238,4.773,55.0,0.0,25.153671
2024-04-06 22:00:00+00:00,0.237,3.673,61.0,0.0,23.14103
2024-04-06 23:00:00+00:00,0.236,2.823,67.0,0.0,20.880001
2024-04-07 00:00:00+00:00,0.235,2.1729999,71.0,0.0,21.26744
2024-04-07 01:00:00+00:00,0.234,1.723,74.0,0.0,18.94024
2024-04-07 02:00:00+00:00,0.233,1.373,75.0,0.0,15.827721
2024-04-07 03:00:00+00:00,0.233,0.923,78.0,0.0,11.923557
2024-04-07 04:00:00+00:00,0.232,0.673,80.0,0.0,10.514218
2024-04-07 05:00:00+00:00,0.232,0.823,80.0,0.0,9.673221
2024-04-07 06:00:00+00:00,0.232,0.923,84.0,0.0,8.654986
2024-04-07 07:00:00+00:00,0.231,1.223,87.0,0.0,12.904882
2024-04-07 08:00:00+00:00,0.23,2.223,83.0,0.0,16.575644
2024-04-07 09:00:00+00:00,0.229,2.573,78.0,0.0,17.974781
2024-04-07 10:00:00+00:00,0.229,3.223,75.0,0.0,20.316889
2024-04-07 11:00:00+00:00,0.228,3.673,71.0,0.0,24.20314
2024-04-07 12:00:00+00:00,0.228,3.873,64.0,0.0,26.121714
2024-04-07 13:00:00+00:00,0.227,4.823,59.0,0.0,28.185955
2024-04-07 14:00:00+00:00,0.226,6.023,53.0,0.0,30.007679
2024-04-07 15:00:00+00:00,0.224,6.6730003,53.0,0.1,31.255795
2024-04-07 16:00:00+00:00,0.228,6.623,57.0,0.2,29.88217
2024-04-07 17:00:00+00:00,0.249,6.2229996,65.0,0.6,33.61714
2024-04-07 18:00:00+00:00,0.24,7.4230003,58.0,0.3,28.58545
2024-04-07 19:00:00+00:00,0.249,6.823,72.0,0.3,24.962307
2024-04-07 20:00:00+00:00,0.28,5.373,77.0,1.1,22.505037
2024-04-07 21:00:00+00:00,0.261,4.823,64.0,0.0,14.205182
2024-04-07 22:00:00+00:00,0.253,4.073,69.0,0.0,14.05845
2024-04-07 23:00:00+00:00,0.248,3.023,77.0,0.0,10.630672
2024-04-08 00:00:00+00:00,0.244,2.673,82.0,0.0,8.427383
2024-04-08 01:00:00+00:00,0.241,2.023,87.0,0.0,10.137692
2024-04-08 02:00:00+00:00,0.242,1.473,92.0,0.2,10.931203
2024-04-08 03:00:00+00:00,0.243,1.273,92.0,0.2,15.315873
2024-04-08 04:00:00+00:00,0.24,1.523,86.0,0.0,20.774214
2024-04-08 05:00:00+00:00,0.239,1.323,80.0,0.0,22.366402
2024-04-08 06:00:00+00:00,0.236,0.773,81.0,0.0,24.881702
2024-04-08 07:00:00+00:00,0.235,0.623,80.0,0.0,23.0653
2024-04-08 08:00:00+00:00,0.234,0.323,81.0,0.0,20.633371
2024-04-08 09:00:00+00:00,0.234,0.073,82.0,0.0,18.175545
2024-04-08 10:00:00+00:00,0.233,-0.17699999,83.0,0.0,16.039202
2024-04-08 11:00:00+00:00,0.233,-0.477,85.0,0.0,14.759999
2024-04-08 12:00:00+00:00,0.233,-0.37699997,88.0,0.0,14.154915
2024-04-08 13:00:00+00:00,0.233,0.673,85.0,0.0,13.32
2024-04-08 14:00:00+00:00,0.241,2.523,75.0,0.0,14.759999
2024-04-08 15:00:00+00:00,0.237,4.323,61.0,0.0,16.676977
2024-04-08 16:00:00+00:00,0.242,4.9230003,57.0,0.2,17.414474
2024-04-08 17:00:00+00:00,0.24,5.6730003,50.0,0.1,19.966211
2024-04-08 18:00:00+00:00,0.237,5.9729996,45.0,0.0,24.269983
2024-04-08 19:00:00+00:00,0.234,5.6730003,44.0,0.0,25.516865
2024-04-08 20:00:00+00:00,0.231,4.9230003,48.0,0.0,24.884306
2024-04-08 21:00:00+00:00,0.23,4.073,53.0,0.0,21.746504
2024-04-08 22:00:00+00:00,0.229,2.873,62.0,0.0,19.09358
2024-04-08 23:00:00+00:00,0.229,2.223,67.0,0.0,16.418526
2024-04-09 00:00:00+00:00,0.225,1.323,75.0,0.0,19.592731
2024-04-09 01:00:00+00:00,0.225,1.173,81.0,0.0,19.191748
2024-04-09 02:00:00+00:00,0.225,1.373,82.0,0.0,18.455048
2024-04-09 03:00:00+00:00,0.224,1.473,82.0,0.0,15.509274
2024-04-09 04:00:00+00:00,0.224,1.573,85.0,0.0,12.72283
2024-04-09 05:00:00+00:00,0.224,1.873,89.0,0.0,11.592895
2024-04-09 06:00:00+00:00,0.224,2.423,86.0,0.0,13.854155
2024-04-09 07:00:00+00:00,0.223,2.573,88.0,0.0,17.811815
2024-04-09 08:00:00+00:00,0.223,2.673,89.0,0.0,17.015474
2024-04-09 09:00:00+00:00,0.223,2.373,91.0,0.0,15.137133
2024-04-09 10:00:00+00:00,0.223,2.223,92.0,0.0,14.77755
2024-04-09 11:00:00+00:00,0.223,2.423,90.0,0.0,14.830076
2024-04-09 12:00:00+00:00,0.222,2.873,87.0,0.0,14.512064
2024-04-09 13:00:00+00:00,0.222,4.4230003,77.0,0.0,15.328561
2024-04-09 14:00:00+00:00,0.22,6.523,63.0,0.0,18.057508
2024-04-09 15:00:00+00:00,0.219,7.7229996,58.0,0.0,15.778516
2024-04-09 16:00:00+00:00,0.218,8.173,53.0,0.0,15.141414
2024-04-09 17:00:00+00:00,0.217,8.023,48.0,0.0,16.055355
2024-04-09 18:00:00+00:00,0.217,8.422999,45.0,0.0,17.786331
2024-04-09 19:00:00+00:00,0.215,8.173,46.0,0.0,18.043148
2024-04-09 20:00:00+00:00,0.214,7.523,46.0,0.0,19.011953
2024-04-09 21:00:00+00:00,0.214,6.4729996,54.0,0.0,18.25026
2024-04-09 22:00:00+00:00,0.214,5.073,59.0,0.0,16.039202
2024-04-09 23:00:00+00:00,0.214,3.823,68.0,0.0,13.849476
2024-04-10 00:00:00+00:00,0.202,3.073,71.0,0.0,13.684735
2024-04-10 01:00:00+00:00,0.203,2.323,76.0,0.0,12.979984
2024-04-10 02:00:00+00:00,0.203,2.1230001,79.0,0.0,12.599999
2024-04-10 03:00:00+00:00,0.203,2.023,80.0,0.0,13.339445
2024-04-10 04:00:00+00:00,0.203,2.473,79.0,0.0,15.496736
2024-04-10 05:00:00+00:00,0.203,2.873,75.0,0.0,15.856356
2024-04-10 06:00:00+00:00,0.203,2.773,80.0,0.0,15.683776
2024-04-10 07:00:00+00:00,0.203,3.123,80.0,0.0,15.281989
2024-04-10 08:00:00+00:00,0.203,3.373,80.0,0.0,15.596767
2024-04-10 09:00:00+00:00,0.203,3.523,83.0,0.0,15.141414
2024-04-10 10:00:00+00:00,0.203,3.823,84.0,0.0,14.587776
2024-04-10 11:00:00+00:00,0.203,4.1730003,86.0,0.0,13.910169
2024-04-10 12:00:00+00:00,0.204,4.073,85.0,0.0,11.525623
2024-04-10 13:00:00+00:00,0.203,5.6730003,77.0,0.0,12.783802
2024-04-10 14:00:00+00:00,0.203,7.373,69.0,0.0,15.546833
2024-04-10 15:00:00+00:00,0.202,8.823,65.0,0.0,20.188908
2024-04-10 16:00:00+00:00,0.201,9.623,62.0,0.0,23.863409
2024-04-10 17:00:00+00:00,0.2,9.873,60.0,0.0,25.045238
2024-04-10 18:00:00+00:00,0.199,10.623,58.0,0.0,23.933908
2024-04-10 19:00:00+00:00,0.199,10.273,61.0,0.0,23.157824
2024-04-10 20:00:00+00:00,0.198,9.823,65.0,0.0,23.319553
2024-04-10 21:00:00+00:00,0.199,8.873,70.0,0.0,22.461807
2024-04-10 22:00:00+00:00,0.199,7.9729996,75.0,0.0,23.110207
2024-04-10 23:00:00+00:00,0.199,7.373,77.0,0.0,22.725668
2024-04-11 00:00:00+00:00,0.206,6.4729996,75.0,0.0,22.319998
2024-04-11 01:00:00+00:00,0.206,6.323,78.0,0.0,20.957443
2024-04-11 02:00:00+00:00,0.206,6.073,79.0,0.0,18.089775
2024-04-11 03:00:00+00:00,0.206,5.6730003,81.0,0.0,15.986595
2024-04-11 04:00:00+00:00,0.206,5.373,84.0,0.0,14.759999
2024-04-11 05:00:00+00:00,0.207,5.273,86.0,0.0,14.494192
2024-04-11 06:00:00+00:00,0.207,4.873,85.0,0.0,14.934577
2024-04-11 07:00:00+00:00,0.207,5.2229996,84.0,0.0,15.281989
2024-04-11 08:00:00+00:00,0.207,5.4230003,82.0,0.0,15.725037
2024-04-11 09:00:00+00:00,0.207,5.523,83.0,0.0,16.862455
2024-04-11 10:00:00+00:00,0.207,5.6730003,83.0,0.0,17.902534
2024-04-11 11:00:00+00:00,0.207,5.6730003,84.0,0.0,17.654686
2024-04-11 12:00:00+00:00,0.207,4.773,85.0,0.0,18.25026
2024-04-11 13:00:00+00:00,0.207,6.2229996,80.0,0.0,20.696085
2024-04-11 14:00:00+00:00,0.206,8.073,69.0,0.0,25.241108
2024-04-11 15:00:00+00:00,0.205,8.973,62.0,0.0,30.018473
2024-04-11 16:00:00+00:00,0.205,9.023,59.0,0.0,32.24161
2024-04-11 17:00:00+00:00,0.204,9.123,57.0,0.0,33.04361
2024-04-11 18:00:00+00:00,0.203,9.723,53.0,0.0,36.102455
2024-04-11 19:00:00+00:00,0.203,9.473,58.0,0.0,34.471764
2024-04-11 20:00:00+00:00,0.203,8.323,59.0,0.0,35.80688
2024-04-11 21:00:00+00:00,0.203,7.573,58.0,0.0,31.421213
2024-04-11 22:00:00+00:00,0.203,7.1730003,64.0,0.0,29.88
2024-04-11 23:00:00+00:00,0.203,6.523,68.0,0.0,27.059933
2024-04-12 00:00:00+00:00,0.201,6.373,71.0,0.0,25.812277
2024-04-12 01:00:00+00:00,0.201,6.4230003,75.0,0.0,24.442911
2024-04-12 02:00:00+00:00,0.202,6.4230003,79.0,0.0,24.014996
2024-04-12 03:00:00+00:00,0.202,6.9230003,82.0,0.0,24.503809
2024-04-12 04:00:00+00:00,0.202,7.073,83.0,0.0,23.266697
2024-04-12 05:00:00+00:00,0.202,6.9230003,85.0,0.0,22.668568
2024-04-12 06:00:00+00:00,0.202,6.773,85.0,0.0,22.101183
2024-04-12 07:00:00+00:00,0.202,6.823,87.0,0.0,19.9954
2024-04-12 08:00:00+00:00,0.202,6.773,88.0,0.0,19.201874
2024-04-12 09:00:00+00:00,0.202,6.573,90.0,0.0,17.057314
2024-04-12 10:00:00+00:00,0.202,6.4230003,91.0,0.0,15.905319
2024-04-12 11:00:00+00:00,0.203,6.273,91.0,0.0,15.629972
2024-04-12 12:00:00+00:00,0.203,6.4230003,87.0,0.0,16.454008
2024-04-12 13:00:00+00:00,0.202,7.773,78.0,0.0,16.700275
2024-04-12 14:00:00+00:00,0.202,9.523,63.0,0.0,19.917469
2024-04-12 15:00:00+00:00,0.201,10.623,53.0,0.0,22.077717
2024-04-12 16:00:00+00:00,0.2,11.023,51.0,0.0,21.924562
2024-04-12 17:00:00+00:00,0.199,11.373,50.0,0.0,20.00512
2024-04-12 18:00:00+00:00,0.198,11.773,50.0,0.0,21.868332
2024-04-12 19:00:00+00:00,0.197,11.672999,52.0,0.0,20.393293
2024-04-12 20:00:00+00:00,0.197,11.223,56.0,0.0,19.011953
2024-04-12 21:00:00+00:00,0.197,10.273,61.0,0.0,16.418526
2024-04-12 22:00:00+00:00,0.197,8.573,72.0,0.0,11.901798
2024-04-12 23:00:00+00:00,0.198,7.2229996,82.0,0.0,9.6932955
2024-04-13 00:00:00+00:00,0.191,6.2229996,87.0,0.0,11.165805
2024-04-13 01:00:00+00:00,0.192,5.873,89.0,0.0,12.43434
2024-04-13 02:00:00+00:00,0.192,5.773,90.0,0.0,12.979984
2024-04-13 03:00:00+00:00,0.192,6.123,89.0,0.0,12.979984
2024-04-13 04:00:00+00:00,0.193,6.4729996,90.0,0.0,13.32
2024-04-13 05:00:00+00:00,0.193,6.7229996,90.0,0.0,13.779114
2024-04-13 06:00:00+00:00,0.193,5.623,93.0,0.0,10.966713
2024-04-13 07:00:00+00:00,0.193,5.6730003,94.0,0.0,10.966713
2024-04-13 08:00:00+00:00,0.193,5.9230003,94.0,0.0,11.503113
2024-04-13 09:00:00+00:00,0.194,5.9729996,94.0,0.0,10.829958
2024-04-13 10:00:00+00:00,0.194,6.023,94.0,0.0,10.787993
2024-04-13 11:00:00+00:00,0.194,6.2229996,93.0,0.0,11.298495
2024-04-13 12:00:00+00:00,0.194,5.823,93.0,0.0,10.483357
2024-04-13 13:00:00+00:00,0.194,6.873,89.0,0.0,13.32
2024-04-13 14:00:00+00:00,0.194,8.672999,81.0,0.0,15.379206
2024-04-13 15:00:00+00:00,0.193,10.123,74.0,0.0,18.58451
2024-04-13 16:00:00+00:00,0.193,10.773,69.0,0.0,22.530937
2024-04-13 17:00:00+00:00,0.192,11.123,68.0,0.0,22.963936
2024-04-13 18:00:00+00:00,0.192,11.323,69.0,0.0,21.915693
2024-04-13 19:00:00+00:00,0.193,10.823,73.0,0.1,21.2522
2024-04-13 20:00:00+00:00,0.203,10.172999,78.0,0.3,18.861387
2024-04-13 21:00:00+00:00,0.206,9.623,81.0,0.1,17.462782
2024-04-13 22:00:00+00:00,0.202,9.073,84.0,0.0,16.167967
2024-04-13 23:00:00+00:00,0.201,8.873,85.0,0.0,15.034041
2024-04-14 00:00:00+00:00,0.194,8.823,78.0,0.0,15.379206
2024-04-14 01:00:00+00:00,0.195,8.473,81.0,0.1,16.179985
2024-04-14 02:00:00+00:00,0.204,8.023,85.0,0.2,15.978484
2024-04-14 03:00:00+00:00,0.208,7.773,87.0,0.1,15.716793
2024-04-14 04:00:00+00:00,0.216,7.4729996,89.0,0.3,13.905509
2024-04-14 05:00:00+00:00,0.218,7.073,91.0,0.1,11.113451
2024-04-14 06:00:00+00:00,0.208,7.373,86.0,0.0,9.19939
2024-04-14 07:00:00+00:00,0.206,7.4230003,84.0,0.0,8.854829
2024-04-14 08:00:00+00:00,0.208,7.523,84.0,0.2,8.311245
2024-04-14 09:00:00+00:00,0.234,7.373,87.0,0.7,9.107359
2024-04-14 10:00:00+00:00,0.258,7.373,87.0,0.8,10.30883
2024-04-14 11:00:00+00:00,0.255,7.323,83.0,0.2,11.592895
2024-04-14 12:00:00+00:00,0.241,7.573,81.0,0.0,9.983106
2024-04-14 13:00:00+00:00,0.235,8.473,77.0,0.0,11.298495
2024-04-14 14:00:00+00:00,0.23,9.623,75.0,0.0,13.441071
2024-04-14 15:00:00+00:00,0.226,10.623,73.0,0.0,14.689589
2024-04-14 16:00:00+00:00,0.223,11.172999,71.0,0.0,13.905509
2024-04-14 17:00:00+00:00,0.221,11.273,71.0,0.0,15.379206
2024-04-14 18:00:00+00:00,0.218,11.323,74.0,0.2,19.137648
2024-04-14 19:00:00+00:00,0.217,11.672999,73.0,0.0,20.275385
2024-04-14 20:00:00+00:00,0.215,11.823,73.0,0.0,23.664352
2024-04-14 21:00:00+00:00,0.214,11.422999,75.0,0.0,23.266697
2024-04-14 22:00:00+00:00,0.213,10.823,79.0,0.0,20.721119
2024-04-14 23:00:00+00:00,0.213,10.172999,84.0,0.0,17.873556
2024-04-15 00:00:00+00:00,0.215,9.973,89.0,0.0,15.328561
2024-04-15 01:00:00+00:00,0.215,9.523,91.0,0.0,14.264361
2024-04-15 02:00:00+00:00,0.215,9.473,92.0,0.0,13.084402
2024-04-15 03:00:00+00:00,0.215,9.273,92.0,0.0,11.183201
2024-04-15 04:00:00+00:00,0.214,8.773,93.0,0.0,7.42159
2024-04-15 05:00:00+00:00,0.214,8.123,94.0,0.0,5.1919937
2024-04-15 06:00:00+00:00,0.214,8.723,95.0,0.0,3.7064266
2024-04-15 07:00:00+00:00,0.214,9.023,93.0,0.0,1.8
2024-04-15 08:00:00+00:00,0.214,9.422999,92.0,0.1,2.0991426
2024-04-15 09:00:00+00:00,0.219,9.422999,94.0,0.4,3.396233
2024-04-15 10:00:00+00:00,0.227,9.473,94.0,0.3,2.8116899
2024-04-15 11:00:00+00:00,0.228,9.273,94.0,0.0,3.671294
2024-04-15 12:00:00+00:00,0.222,8.922999,93.0,0.0,0.8049845
2024-04-15 13:00:00+00:00,0.222,9.073,94.0,0.0,4.1046314
2024-04-15 14:00:00+00:00,0.22,10.922999,91.0,0.0,2.2768397
2024-04-15 15:00:00+00:00,0.218,12.623,84.0,0.0,2.8116899
2024-04-15 16:00:00+00:00,0.215,14.223,76.0,0.0,4.73506
2024-04-15 17:00:00+00:00,0.213,15.422999,71.0,0.0,9.0645685
2024-04-15 18:00:00+00:00,0.21,16.323,64.0,0.0,15.226764
2024-04-15 19:00:00+00:00,0.209,16.273,65.0,0.0,14.759999
2024-04-15 20:00:00+00:00,0.208,15.823,68.0,0.0,11.384199
2024-04-15 21:00:00+00:00,0.208,14.473,74.0,0.0,8.435069
2024-04-15 22:00:00+00:00,0.208,11.873,85.0,0.0,6.28713
2024-04-15 23:00:00+00:00,0.209,9.672999,92.0,0.0,5.1544156
2024-04-16 00:00:00+00:00,0.192,8.073,95.0,0.0,4.39436
2024-04-16 01:00:00+00:00,0.192,6.9230003,96.0,0.0,3.8268526
2024-04-16 02:00:00+00:00,0.193,5.9729996,98.0,0.0,2.8799999
2024-04-16 03:00:00+00:00,0.193,5.323,99.0,0.0,2.1897945
2024-04-16 04:00:00+00:00,0.193,5.4729996,100.0,0.0,1.5273507
2024-04-16 05:00:00+00:00,0.193,5.6730003,100.0,0.0,1.0182338
2024-04-16 06:00:00+00:00,0.193,6.373,100.0,0.0,2.1897945
2024-04-16 07:00:00+00:00,0.193,6.273,100.0,0.0,3.7585104
2024-04-16 08:00:00+00:00,0.193,6.4230003,99.0,0.0,5.2416787
2024-04-16 09:00:00+00:00,0.193,6.2229996,99.0,0.0,6.725354
2024-04-16 10:00:00+00:00,0.193,5.773,100.0,0.0,6.5693827
2024-04-16 11:00:00+00:00,0.193,4.9230003,100.0,0.0,6.849467
2024-04-16 12:00:00+00:00,0.193,4.373,100.0,0.0,6.162207
2024-04-16 13:00:00+00:00,0.193,4.523,97.0,0.0,5.7599998
2024-04-16 14:00:00+00:00,0.192,7.123,83.0,0.0,5.8603754
2024-04-16 15:00:00+00:00,0.19,10.873,70.0,0.0,7.9932976
2024-04-16 16:00:00+00:00,0.188,13.422999,62.0,0.0,13.084402
2024-04-16 17:00:00+00:00,0.185,14.523,58.0,0.0,15.7908325
2024-04-16 18:00:00+00:00,0.181,14.223,61.0,0.0,15.629971
2024-04-16 19:00:00+00:00,0.179,13.623,63.0,0.0,12.768586
2024-04-16 20:00:00+00:00,0.178,12.922999,71.0,0.0,7.8625183
2024-04-16 21:00:00+00:00,0.179,11.723,77.0,0.0,7.172949
2024-04-16 22:00:00+00:00,0.181,10.023,83.0,0.0,8.766573
2024-04-16 23:00:00+00:00,0.181,9.023,81.0,0.0,10.931203
2024-04-17 00:00:00+00:00,0.195,8.073,86.0,0.0,11.304229
2024-04-17 01:00:00+00:00,0.196,7.523,89.0,0.0,12.682018
2024-04-17 02:00:00+00:00,0.197,7.1730003,92.0,0.0,12.959999
2024-04-17 03:00:00+00:00,0.198,7.1730003,90.0,0.0,12.620554
2024-04-17 04:00:00+00:00,0.198,7.073,90.0,0.0,12.245294
2024-04-17 05:00:00+00:00,0.198,6.823,92.0,0.0,11.159999
2024-04-17 06:00:00+00:00,0.168,6.6730003,90.0,0.0,13.084402
2024-04-17 07:00:00+00:00,0.168,6.623,89.0,0.0,10.538843
2024-04-17 08:00:00+00:00,0.169,6.4230003,91.0,0.0,11.090103
2024-04-17 09:00:00+00:00,0.169,6.4729996,92.0,0.0,10.483357
2024-04-17 10:00:00+00:00,0.17,6.6730003,92.0,0.0,10.390226
2024-04-17 11:00:00+00:00,0.17,6.4729996,93.0,0.0,10.483357
2024-04-17 12:00:00+00:00,0.17,6.123,93.0,0.0,11.27553
2024-04-17 13:00:00+00:00,0.17,7.1730003,89.0,0.0,12.413476
2024-04-17 14:00:00+00:00,0.169,9.023,83.0,0.0,14.689589
2024-04-17 15:00:00+00:00,0.167,10.773,77.0,0.0,18.35647
2024-04-17 16:00:00+00:00,0.165,11.823,72.0,0.0,20.907913
2024-04-17 17:00:00+00:00,0.162,12.422999,68.0,0.0,21.602999
2024-04-17 18:00:00+00:00,0.16,12.623,65.0,0.0,22.682856
2024-04-17 19:00:00+00:00,0.158,12.273,67.0,0.0,21.602999
2024-04-17 20:00:00+00:00,0.157,11.573,71.0,0.0,20.674158
2024-04-17 21:00:00+00:00,0.158,10.723,76.0,0.0,16.327497
2024-04-17 22:00:00+00:00,0.159,9.473,83.0,0.0,13.779114
2024-04-17 23:00:00+00:00,0.16,8.373,87.0,0.0,11.119281
2024-04-18 00:00:00+00:00,0.157,7.2229996,90.0,0.0,10.587918
2024-04-18 01:00:00+00:00,0.158,6.9729996,90.0,0.0,8.209263
2024-04-18 02:00:00+00:00,0.158,6.323,92.0,0.0,6.618519
2024-04-18 03:00:00+00:00,0.159,6.073,92.0,0.0,5.6233797
2024-04-18 04:00:00+00:00,0.16,5.7229996,92.0,0.0,4.829907
2024-04-18 05:00:00+00:00,0.16,5.9230003,92.0,0.0,5.315336
2024-04-18 06:00:00+00:00,0.161,5.573,93.0,0.0,3.7064266
2024-04-18 07:00:00+00:00,0.168,6.373,92.0,0.4,4.896529
2024-04-18 08:00:00+00:00,0.187,7.2229996,90.0,0.4,2.968636
2024-04-18 09:00:00+00:00,0.191,7.4729996,89.0,0.2,1.2979984
2024-04-18 10:00:00+00:00,0.191,6.6730003,93.0,0.0,4.829907
2024-04-18 11:00:00+00:00,0.191,5.7229996,97.0,0.0,4.802999
2024-04-18 12:00:00+00:00,0.193,5.823,97.0,0.1,5.495161
2024-04-18 13:00:00+00:00,0.195,6.373,96.0,0.1,5.991594
2024-04-18 14:00:00+00:00,0.195,7.773,91.0,0.0,8.427383
2024-04-18 15:00:00+00:00,0.192,8.773,90.0,0.0,9.0645685
2024-04-18 16:00:00+00:00,0.188,9.172999,89.0,0.0,8.089993
2024-04-18 17:00:00+00:00,0.185,9.473,88.0,0.0,8.225035
2024-04-18 18:00:00+00:00,0.184,9.573,88.0,0.0,9.178235
2024-04-18 19:00:00+00:00,0.182,9.922999,85.0,0.0,7.289444
2024-04-18 20:00:00+00:00,0.18,9.723,86.0,0.0,8.404285
2024-04-18 21:00:00+00:00,0.18,9.323,89.0,0.1,7.42159
2024-04-18 22:00:00+00:00,0.217,8.773,92.0,0.9,5.3999996
2024-04-18 23:00:00+00:00,0.258,8.473,94.0,1.3,5.495161
2024-04-19 00:00:00+00:00,0.244,8.223,95.0,1.1,9.178235
2024-04-19 01:00:00+00:00,0.239,8.073,93.0,0.3,7.0911775
2024-04-19 02:00:00+00:00,0.253,7.9729996,90.0,0.6,6.439876
2024-04-19 03:00:00+00:00,0.313,7.273,90.0,2.2,10.1376915
2024-04-19 04:00:00+00:00,0.322,6.873,88.0,1.9,12.864649
2024-04-19 05:00:00+00:00,0.324,6.4230003,87.0,1.6,10.587918
2024-04-19 06:00:00+00:00,0.337,5.023,85.0,2.3,14.48972
2024-04-19 07:00:00+00:00,0.345,4.4230003,83.0,2.4,16.75064
2024-04-19 08:00:00+00:00,0.337,4.4230003,83.0,1.6,15.9134655
2024-04-19 09:00:00+00:00,0.327,4.7229996,80.0,0.8,15.281989
2024-04-19 10:00:00+00:00,0.319,4.9230003,79.0,0.4,15.629971
2024-04-19 11:00:00+00:00,0.32,5.023,77.0,0.6,17.339897
2024-04-19 12:00:00+00:00,0.308,4.9729996,81.0,0.4,14.8257065
2024-04-19 13:00:00+00:00,0.3,5.273,77.0,0.0,15.778518
2024-04-19 14:00:00+00:00,0.294,5.823,74.0,0.0,16.434305
2024-04-19 15:00:00+00:00,0.289,6.523,70.0,0.0,17.208603
2024-04-19 16:00:00+00:00,0.285,6.873,61.0,0.0,21.533897
2024-04-19 17:00:00+00:00,0.281,6.823,57.0,0.1,22.473343
2024-04-19 18:00:00+00:00,0.275,6.823,55.0,0.0,21.650938
2024-04-19 19:00:00+00:00,0.271,6.623,54.0,0.0,22.148046
2024-04-19 20:00:00+00:00,0.268,5.823,56.0,0.0,22.104116
2024-04-19 21:00:00+00:00,0.266,4.6730003,59.0,0.0,21.794127
2024-04-19 22:00:00+00:00,0.264,3.473,63.0,0.0,21.659916
2024-04-19 23:00:00+00:00,0.262,2.673,64.0,0.0,21.758419
2024-04-20 00:00:00+00:00,0.261,2.273,65.0,0.0,22.253124
2024-04-20 01:00:00+00:00,0.259,1.873,67.0,0.0,22.963936
2024-04-20 02:00:00+00:00,0.258,1.773,69.0,0.0,22.881956
2024-04-20 03:00:00+00:00,0.256,1.773,68.0,0.0,23.313995
2024-04-20 04:00:00+00:00,0.255,1.723,68.0,0.0,22.881956
2024-04-20 05:00:00+00:00,0.253,1.573,69.0,0.0,22.180206
2024-04-20 06:00:00+00:00,0.252,1.673,72.0,0.0,17.106628
2024-04-20 07:00:00+00:00,0.251,1.573,73.0,0.0,16.700275
2024-04-20 08:00:00+00:00,0.25,1.423,76.0,0.0,15.941944
2024-04-20 09:00:00+00:00,0.249,1.473,77.0,0.0,16.343367
2024-04-20 10:00:00+00:00,0.248,1.723,73.0,0.0,15.629972
2024-04-20 11:00:00+00:00,0.247,1.873,69.0,0.0,16.676977
2024-04-20 12:00:00+00:00,0.246,1.823,69.0,0.0,14.332341
2024-04-20 13:00:00+00:00,0.245,2.473,67.0,0.0,13.5515
2024-04-20 14:00:00+00:00,0.243,3.323,61.0,0.0,13.5515
2024-04-20 15:00:00+00:00,0.241,4.273,56.0,0.0,17.418196
2024-04-20 16:00:00+00:00,0.239,4.873,54.0,0.0,19.66536
2024-04-20 17:00:00+00:00,0.238,4.823,60.0,0.0,21.096123
2024-04-20 18:00:00+00:00,0.237,5.4230003,60.0,0.0,22.59699
2024-04-20 19:00:00+00:00,0.236,5.2229996,62.0,0.0,21.933426
2024-04-20 20:00:00+00:00,0.235,5.023,65.0,0.0,21.659916
2024-04-20 21:00:00+00:00,0.235,4.573,66.0,0.0,20.056877
2024-04-20 22:00:00+00:00,0.235,4.023,70.0,0.0,18.1041
2024-04-20 23:00:00+00:00,0.235,3.473,73.0,0.0,16.454008
2024-04-21 00:00:00+00:00,0.235,2.873,73.0,0.0,16.23596
2024-04-21 01:00:00+00:00,0.234,2.773,78.0,0.0,17.313717
2024-04-21 02:00:00+00:00,0.234,2.473,73.0,0.0,16.299694
2024-04-21 03:00:00+00:00,0.234,1.973,70.0,0.0,15.158522
2024-04-21 04:00:00+00:00,0.233,1.423,71.0,0.0,13.684735
2024-04-21 05:00:00+00:00,0.233,1.123,78.0,0.0,14.044615
2024-04-21 06:00:00+00:00,0.233,0.873,86.0,0.0,14.332341
2024-04-21 07:00:00+00:00,0.233,0.573,80.0,0.0,13.661038
2024-04-21 08:00:00+00:00,0.233,0.623,89.0,0.0,14.689589
2024-04-21 09:00:00+00:00,0.233,1.173,93.0,0.0,15.542662
2024-04-21 10:00:00+00:00,0.233,2.1729999,92.0,0.0,15.192682
2024-04-21 11:00:00+00:00,0.233,3.123,89.0,0.0,15.111424
2024-04-21 12:00:00+00:00,0.233,3.023,87.0,0.0,13.441071
2024-04-21 13:00:00+00:00,0.233,4.123,84.0,0.0,15.273505
2024-04-21 14:00:00+00:00,0.232,5.823,76.0,0.0,19.134262
2024-04-21 15:00:00+00:00,0.231,7.123,71.0,0.0,24.50381
2024-04-21 16:00:00+00:00,0.229,7.9230003,68.0,0.0,27.72
2024-04-21 17:00:00+00:00,0.228,8.173,68.0,0.0,28.808998
2024-04-21 18:00:00+00:00,0.227,8.973,64.0,0.0,30.962095
2024-04-21 19:00:00+00:00,0.226,8.623,66.0,0.0,29.899511
2024-04-21 20:00:00+00:00,0.226,7.9729996,69.0,0.0,27.729347
2024-04-21 21:00:00+00:00,0.226,7.2229996,72.0,0.0,25.562534
2024-04-21 22:00:00+00:00,0.226,6.623,75.0,0.0,23.469128
2024-04-21 23:00:00+00:00,0.226,6.1730003,79.0,0.0,22.253124
2024-04-22 00:00:00+00:00,0.224,6.023,77.0,0.0,22.45315
2024-04-22 01:00:00+00:00,0.224,5.873,78.0,0.0,22.805367
2024-04-22 02:00:00+00:00,0.224,5.623,78.0,0.0,22.101183
2024-04-22 03:00:00+00:00,0.224,5.573,80.0,0.0,21.068459
2024-04-22 04:00:00+00:00,0.224,5.4230003,82.0,0.0,20.393293
2024-04-22 05:00:00+00:00,0.224,5.373,82.0,0.0,21.194187
2024-04-22 06:00:00+00:00,0.224,4.823,83.0,0.0,19.694992
2024-04-22 07:00:00+00:00,0.224,4.873,81.0,0.0,19.930477
2024-04-22 08:00:00+00:00,0.224,4.823,82.0,0.0,20.056877
2024-04-22 09:00:00+00:00,0.223,5.073,82.0,0.0,19.523155
2024-04-22 10:00:00+00:00,0.223,5.023,83.0,0.0,19.191748
2024-04-22 11:00:00+00:00,0.223,4.9729996,84.0,0.0,19.191748
2024-04-22 12:00:00+00:00,0.223,4.623,85.0,0.0,19.66536
2024-04-22 13:00:00+00:00,0.223,5.373,77.0,0.0,22.33161
2024-04-22 14:00:00+00:00,0.222,6.4729996,68.0,0.0,24.18707
2024-04-22 15:00:00+00:00,0.221,7.273,68.0,0.0,25.671307
2024-04-22 16:00:00+00:00,0.221,7.773,67.0,0.0,26.200977
2024-04-22 17:00:00+00:00,0.22,8.123,67.0,0.0,25.922499
2024-04-22 18:00:00+00:00,0.219,8.523,68.0,0.0,26.576681
2024-04-22 19:00:00+00:00,0.219,8.523,71.0,0.0,25.099514
2024-04-22 20:00:00+00:00,0.219,8.223,74.0,0.0,23.535301
2024-04-22 21:00:00+00:00,0.219,7.773,77.0,0.0,20.633371
2024-04-22 22:00:00+00:00,0.219,7.323,80.0,0.0,17.731598
2024-04-22 23:00:00+00:00,0.219,6.873,83.0,0.0,14.917212
2024-04-23 00:00:00+00:00,0.217,5.773,89.0,0.0,8.049845
2024-04-23 01:00:00+00:00,0.219,5.4230003,91.0,0.0,5.0911684
2024-04-23 02:00:00+00:00,0.23,5.123,93.0,0.2,2.16
2024-04-23 03:00:00+00:00,0.238,4.573,92.0,0.3,6.3690495
2024-04-23 04:00:00+00:00,0.233,3.873,89.0,0.1,7.145796
2024-04-23 05:00:00+00:00,0.233,3.473,91.0,0.1,4.8433046
2024-04-23 06:00:00+00:00,0.226,3.573,94.0,0.1,4.6938257
2024-04-23 07:00:00+00:00,0.225,3.723,94.0,0.0,4.510787
2024-04-23 08:00:00+00:00,0.228,3.723,94.0,0.2,5.1919937
2024-04-23 09:00:00+00:00,0.231,3.473,94.0,0.1,5.0911684
2024-04-23 10:00:00+00:00,0.233,3.073,94.0,0.1,4.39436
2024-04-23 11:00:00+00:00,0.231,2.673,95.0,0.0,3.0547013
2024-04-23 12:00:00+00:00,0.231,2.473,97.0,0.0,3.219938
2024-04-23 13:00:00+00:00,0.231,2.773,95.0,0.1,2.4149535
2024-04-23 14:00:00+00:00,0.23,3.223,92.0,0.0,2.2768397
2024-04-23 15:00:00+00:00,0.229,4.273,87.0,0.0,4.3349743
2024-04-23 16:00:00+00:00,0.228,5.323,83.0,0.0,7.2
2024-04-23 17:00:00+00:00,0.227,6.9230003,80.0,0.0,6.4799995
2024-04-23 18:00:00+00:00,0.227,7.4729996,83.0,0.0,7.5685663
2024-04-23 19:00:00+00:00,0.233,7.7229996,83.0,0.2,8.854829
2024-04-23 20:00:00+00:00,0.235,7.7229996,83.0,0.1,9.693296
2024-04-23 21:00:00+00:00,0.233,7.4230003,84.0,0.0,10.685391
2024-04-23 22:00:00+00:00,0.236,6.9230003,85.0,0.1,11.4862
2024-04-23 23:00:00+00:00,0.236,6.523,86.0,0.1,11.384198
2024-04-24 00:00:00+00:00,0.243,6.123,87.0,0.0,11.720751
2024-04-24 01:00:00+00:00,0.242,6.123,86.0,0.0,13.246826
2024-04-24 02:00:00+00:00,0.241,6.073,86.0,0.0,14.799459
2024-04-24 03:00:00+00:00,0.241,6.2229996,84.0,0.0,16.870138
2024-04-24 04:00:00+00:00,0.261,6.073,84.0,0.3,17.654688
2024-04-24 05:00:00+00:00,0.26,6.1730003,83.0,0.4,17.610588
2024-04-24 06:00:00+00:00,0.259,5.9230003,82.0,0.0,16.039202
2024-04-24 07:00:00+00:00,0.255,6.023,81.0,0.0,17.377226
2024-04-24 08:00:00+00:00,0.251,6.023,82.0,0.0,17.49615
2024-04-24 09:00:00+00:00,0.248,5.9230003,82.0,0.0,16.199999
2024-04-24 10:00:00+00:00,0.246,5.7229996,83.0,0.0,14.565548
2024-04-24 11:00:00+00:00,0.244,5.573,82.0,0.0,14.021525
2024-04-24 12:00:00+00:00,0.248,5.523,82.0,0.0,11.212135
2024-04-24 13:00:00+00:00,0.246,5.9230003,82.0,0.0,10.703569
2024-04-24 14:00:00+00:00,0.245,6.773,79.0,0.0,10.233123
2024-04-24 15:00:00+00:00,0.243,7.773,76.0,0.0,9.673221
2024-04-24 16:00:00+00:00,0.241,8.523,70.0,0.0,10.44
2024-04-24 17:00:00+00:00,0.239,9.023,67.0,0.0,8.404285
2024-04-24 18:00:00+00:00,0.238,9.023,70.0,0.0,7.10031
2024-04-24 19:00:00+00:00,0.237,9.023,70.0,0.0,4.73506
2024-04-24 20:00:00+00:00,0.236,8.773,75.0,0.0,6.792466
2024-04-24 21:00:00+00:00,0.236,7.7229996,81.0,0.0,7.172949
2024-04-24 22:00:00+00:00,0.236,6.523,87.0,0.0,8.557102
2024-04-24 23:00:00+00:00,0.236,5.523,90.0,0.0,7.9932976
2024-04-25 00:00:00+00:00,0.239,4.4230003,95.0,0.0,7.69592
2024-04-25 01:00:00+00:00,0.238,4.4729996,96.0,0.0,8.557102
2024-04-25 02:00:00+00:00,0.238,4.7229996,96.0,0.0,8.557102
2024-04-25 03:00:00+00:00,0.238,4.773,97.0,0.1,9.021574
2024-04-25 04:00:00+00:00,0.244,4.823,97.0,0.3,9.028754
2024-04-25 05:00:00+00:00,0.272,4.873,96.0,0.9,8.311245
2024-04-25 06:00:00+00:00,0.275,4.823,96.0,0.7,8.854829
2024-04-25 07:00:00+00:00,0.273,4.873,96.0,0.2,7.4128532
2024-04-25 08:00:00+00:00,0.266,4.873,96.0,0.0,4.829907
2024-04-25 09:00:00+00:00,0.263,4.7229996,97.0,0.1,2.3051248
2024-04-25 10:00:00+00:00,0.259,4.6730003,97.0,0.0,2.16
2024-04-25 11:00:00+00:00,0.259,4.4729996,98.0,0.1,4.379589
2024-04-25 12:00:00+00:00,0.259,4.023,97.0,0.0,6.130579
2024-04-25 13:00:00+00:00,0.259,4.223,95.0,0.0,9.0645685
2024-04-25 14:00:00+00:00,0.257,5.023,87.0,0.0,11.885453
2024-04-25 15:00:00+00:00,0.254,6.2229996,76.0,0.0,15.937878
2024-04-25 16:00:00+00:00,0.251,7.2229996,70.0,0.0,14.685176
2024-04-25 17:00:00+00:00,0.248,8.023,69.0,0.0,11.252519
2024-04-25 18:00:00+00:00,0.245,8.623,66.0,0.0,11.901798
2024-04-25 19:00:00+00:00,0.243,8.723,67.0,0.0,11.720751
2024-04-25 20:00:00+00:00,0.242,8.473,68.0,0.0,11.090103
2024-04-25 21:00:00+00:00,0.242,7.2229996,73.0,0.0,7.729527
2024-04-25 22:00:00+00:00,0.242,5.573,81.0,0.0,3.8939953
2024-04-25 23:00:00+00:00,0.242,4.573,88.0,0.0,6.9527545
2024-04-26 00:00:00+00:00,0.296,3.523,82.0,0.1,23.4
2024-04-26 01:00:00+00:00,0.318,0.973,98.0,2.5,11.928989
2024-04-26 02:00:00+00:00,0.297,1.623,92.0,0.2,5.3999996
2024-04-26 03:00:00+00:00,0.286,1.473,93.0,0.0,7.24486
2024-04-26 04:00:00+00:00,0.279,1.073,93.0,0.0,6.9527545
2024-04-26 05:00:00+00:00,0.275,0.923,90.0,0.0,8.209263
2024-04-26 06:00:00+00:00,0.272,0.723,91.0,0.0,9.346143
2024-04-26 07:00:00+00:00,0.27,0.473,88.0,0.0,9.449572
2024-04-26 08:00:00+00:00,0.269,-0.02700001,86.0,0.0,10.739833
2024-04-26 09:00:00+00:00,0.268,-0.227,87.0,0.0,11.252519
2024-04-26 10:00:00+00:00,0.266,-0.32700002,88.0,0.0,9.885262
2024-04-26 11:00:00+00:00,0.266,-0.32700002,88.0,0.0,10.661107
2024-04-26 12:00:00+00:00,0.266,-0.02700001,89.0,0.0,13.722565
2024-04-26 13:00:00+00:00,0.265,0.423,93.0,0.1,14.113653
2024-04-26 14:00:00+00:00,0.268,1.123,94.0,0.2,13.324863
2024-04-26 15:00:00+00:00,0.29,2.1729999,90.0,0.1,13.684735
2024-04-26 16:00:00+00:00,0.292,3.323,85.0,0.0,13.556282
2024-04-26 17:00:00+00:00,0.281,4.9230003,76.0,0.0,14.118243
2024-04-26 18:00:00+00:00,0.27,6.023,66.0,0.0,15.072783
2024-04-26 19:00:00+00:00,0.275,5.823,65.0,0.3,13.608762
2024-04-26 20:00:00+00:00,0.285,4.773,67.0,0.6,15.94601
2024-04-26 21:00:00+00:00,0.275,3.323,66.0,0.1,17.068707
2024-04-26 22:00:00+00:00,0.271,1.823,69.0,0.1,15.315873
2024-04-26 23:00:00+00:00,0.267,0.923,71.0,0.0,15.937878
2024-04-27 00:00:00+00:00,0.268,0.423,72.0,0.0,16.071491
2024-04-27 01:00:00+00:00,0.266,-0.02700001,73.0,0.0,15.484185
2024-04-27 02:00:00+00:00,0.265,-0.277,83.0,0.0,15.111424
2024-04-27 03:00:00+00:00,0.264,-0.227,83.0,0.0,16.516901
2024-04-27 04:00:00+00:00,0.263,0.073,87.0,0.0,15.716793
2024-04-27 05:00:00+00:00,0.262,0.723,89.0,0.0,15.315873
2024-04-27 06:00:00+00:00,0.262,0.723,88.0,0.0,12.413477
2024-04-27 07:00:00+00:00,0.262,1.123,90.0,0.0,11.090103
2024-04-27 08:00:00+00:00,0.263,1.123,92.0,0.1,9.957108
2024-04-27 09:00:00+00:00,0.263,1.223,93.0,0.2,9.686609
2024-04-27 10:00:00+00:00,0.264,1.823,93.0,0.2,11.4862
2024-04-27 11:00:00+00:00,0.268,2.623,91.0,0.1,14.182355
2024-04-27 12:00:00+00:00,0.274,2.773,91.0,0.1,19.694992
2024-04-27 13:00:00+00:00,0.273,3.973,91.0,0.0,19.694992
2024-04-27 14:00:00+00:00,0.27,5.273,83.0,0.0,23.576563
2024-04-27 15:00:00+00:00,0.264,6.273,75.0,0.0,24.251284
2024-04-27 16:00:00+00:00,0.262,5.823,66.0,0.1,28.08923
2024-04-27 17:00:00+00:00,0.258,5.9729996,64.0,0.0,27.722336
2024-04-27 18:00:00+00:00,0.257,6.2229996,65.0,0.0,28.266306
2024-04-27 19:00:00+00:00,0.264,5.2229996,73.0,0.3,28.241076
2024-04-27 20:00:00+00:00,0.26,4.523,73.0,0.1,28.174456
2024-04-27 21:00:00+00:00,0.257,3.723,77.0,0.0,27.067116
2024-04-27 22:00:00+00:00,0.255,3.373,79.0,0.0,27.343414
2024-04-27 23:00:00+00:00,0.254,3.123,79.0,0.0,27.009598
2024-04-28 00:00:00+00:00,0.253,3.273,79.0,0.0,27.36947
2024-04-28 01:00:00+00:00,0.252,2.973,82.0,0.0,30.676142
2024-04-28 02:00:00+00:00,0.251,2.573,77.0,0.0,35.230373
2024-04-28 03:00:00+00:00,0.25,2.073,77.0,0.0,34.94968
2024-04-28 04:00:00+00:00,0.249,1.773,71.0,0.0,32.058193
2024-04-28 05:00:00+00:00,0.248,1.673,68.0,0.0,29.723444
2024-04-28 06:00:00+00:00,0.248,1.323,77.0,0.0,24.850431
2024-04-28 07:00:00+00:00,0.247,1.123,79.0,0.0,23.14103
2024-04-28 08:00:00+00:00,0.247,1.073,82.0,0.0,22.104116
2024-04-28 09:00:00+00:00,0.247,0.923,84.0,0.0,21.077686
2024-04-28 10:00:00+00:00,0.246,0.823,87.0,0.0,17.727943
2024-04-28 11:00:00+00:00,0.246,0.673,90.0,0.0,14.118243
2024-04-28 12:00:00+00:00,0.246,1.123,90.0,0.0,13.237039
2024-04-28 13:00:00+00:00,0.246,1.373,89.0,0.0,9.983106
2024-04-28 14:00:00+00:00,0.245,2.873,84.0,0.0,9.504273
2024-04-28 15:00:00+00:00,0.244,4.523,77.0,0.0,15.463244
2024-04-28 16:00:00+00:00,0.261,4.9729996,75.0,0.4,13.202726
2024-04-28 17:00:00+00:00,0.268,4.823,80.0,0.5,13.570615
2024-04-28 18:00:00+00:00,0.276,4.9729996,81.0,0.7,16.965895
2024-04-28 19:00:00+00:00,0.277,5.023,78.0,0.4,18.289274
2024-04-28 20:00:00+00:00,0.277,4.623,80.0,0.3,16.62249
2024-04-28 21:00:00+00:00,0.268,4.023,82.0,0.1,12.964998
2024-04-28 22:00:00+00:00,0.264,2.873,89.0,0.0,8.311245
2024-04-28 23:00:00+00:00,0.261,1.823,93.0,0.0,6.12
2024-04-29 00:00:00+00:00,0.256,1.023,97.0,0.0,4.0249224
2024-04-29 01:00:00+00:00,0.255,0.423,98.0,0.0,2.2768397
2024-04-29 02:00:00+00:00,0.254,0.122999996,100.0,0.0,2.0991426
2024-04-29 03:00:00+00:00,0.254,-0.07699999,100.0,0.0,1.9386592
2024-04-29 04:00:00+00:00,0.253,-0.227,100.0,0.0,2.9024127
2024-04-29 05:00:00+00:00,0.255,-0.227,98.0,0.1,2.4149535
2024-04-29 06:00:00+00:00,0.257,-0.627,97.0,0.2,2.0364676
2024-04-29 07:00:00+00:00,0.256,-0.277,94.0,0.2,0.8049845
2024-04-29 08:00:00+00:00,0.256,-0.07699999,93.0,0.1,1.08
2024-04-29 09:00:00+00:00,0.255,-0.127,92.0,0.1,1.2979984
2024-04-29 10:00:00+00:00,0.255,-0.477,93.0,0.1,1.835647
2024-04-29 11:00:00+00:00,0.255,-1.327,96.0,0.0,2.968636
2024-04-29 12:00:00+00:00,0.255,-1.527,95.0,0.0,2.9024127
2024-04-29 13:00:00+00:00,0.254,-1.727,96.0,0.0,2.9024127
2024-04-29 14:00:00+00:00,0.254,-0.77699995,94.0,0.0,2.7416782
2024-04-29 15:00:00+00:00,0.254,1.123,89.0,0.0,2.2768397
2024-04-29 16:00:00+00:00,0.254,2.1729999,85.0,0.0,2.2768397
2024-04-29 17:00:00+00:00,0.25,3.273,77.0,0.0,3.319036
2024-04-29 18:00:00+00:00,0.247,4.023,72.0,0.0,4.2136917
2024-04-29 19:00:00+00:00,0.246,4.1730003,70.0,0.0,4.510787
2024-04-29 20:00:00+00:00,0.245,3.923,71.0,0.0,4.452954
2024-04-29 21:00:00+00:00,0.244,2.573,81.0,0.0,3.5455887
2024-04-29 22:00:00+00:00,0.245,1.223,87.0,0.0,3.396233
2024-04-29 23:00:00+00:00,0.245,0.273,93.0,0.0,3.8939953
2024-04-30 00:00:00+00:00,0.241,-0.677,96.0,0.0,3.396233
2024-04-30 01:00:00+00:00,0.241,-1.377,98.0,0.0,2.7416782
2024-04-30 02:00:00+00:00,0.24,-2.027,100.0,0.0,2.7416782
2024-04-30 03:00:00+00:00,0.24,-2.277,100.0,0.0,3.319036
2024-04-30 04:00:00+00:00,0.24,-2.377,99.0,0.0,3.96
2024-04-30 05:00:00+00:00,0.24,-2.827,100.0,0.0,3.96
2024-04-30 06:00:00+00:00,0.239,-2.677,100.0,0.0,3.219938
2024-04-30 07:00:00+00:00,0.239,-3.027,100.0,0.0,2.8116899
2024-04-30 08:00:00+00:00,0.239,-3.127,99.0,0.0,2.5455842
2024-04-30 09:00:00+00:00,0.239,-3.427,100.0,0.0,3.319036
2024-04-30 10:00:00+00:00,0.239,-3.577,99.0,0.0,3.319036
2024-04-30 11:00:00+00:00,0.239,-3.677,99.0,0.0,3.6
2024-04-30 12:00:00+00:00,0.239,-3.277,100.0,0.0,3.319036
2024-04-30 13:00:00+00:00,0.239,-3.577,100.0,0.0,2.7416782
2024-04-30 14:00:00+00:00,0.239,-2.677,100.0,0.0,2.4149535
2024-04-30 15:00:00+00:00,0.238,-0.527,92.0,0.0,3.0758414
2024-04-30 16:00:00+00:00,0.237,2.023,78.0,0.0,4.0249224
2024-04-30 17:00:00+00:00,0.236,3.423,70.0,0.0,5.0142193
2024-04-30 18:00:00+00:00,0.234,4.573,64.0,0.0,5.8048253
2024-04-30 19:00:00+00:00,0.233,4.823,64.0,0.0,6.763786
2024-04-30 20:00:00+00:00,0.233,4.573,65.0,0.0,7.10031
2024-04-30 21:00:00+00:00,0.233,3.423,75.0,0.0,5.1919937
2024-04-30 22:00:00+00:00,0.234,2.1230001,80.0,0.0,5.6233797
2024-04-30 23:00:00+00:00,0.234,1.173,82.0,0.0,6.1305785
2024-05-01 00:00:00+00:00,0.232,0.623,83.0,0.0,5.495161
2024-05-01 01:00:00+00:00,0.231,0.373,85.0,0.0,5.315336
2024-05-01 02:00:00+00:00,0.231,0.223,86.0,0.0,4.6938257
2024-05-01 03:00:00+00:00,0.23,0.073,88.0,0.0,4.452954
2024-05-01 04:00:00+00:00,0.23,0.023000002,90.0,0.0,4.896529
2024-05-01 05:00:00+00:00,0.23,0.073,91.0,0.0,5.2416787
2024-05-01 06:00:00+00:00,0.23,-0.477,94.0,0.0,5.771239
2024-05-01 07:00:00+00:00,0.23,-0.92700005,95.0,0.0,5.4119864
2024-05-01 08:00:00+00:00,0.23,-1.277,97.0,0.0,4.6938252
2024-05-01 09:00:00+00:00,0.23,-1.677,98.0,0.0,4.32
2024-05-01 10:00:00+00:00,0.23,-1.8269999,99.0,0.0,4.68
2024-05-01 11:00:00+00:00,0.23,-1.777,99.0,0.0,4.68
2024-05-01 12:00:00+00:00,0.23,-2.277,99.0,0.0,4.6938252
2024-05-01 13:00:00+00:00,0.23,-1.527,98.0,0.0,5.04
2024-05-01 14:00:00+00:00,0.23,-0.127,93.0,0.0,5.4477882
2024-05-01 15:00:00+00:00,0.229,1.573,85.0,0.0,6.924738
2024-05-01 16:00:00+00:00,0.228,2.773,82.0,0.0,7.9932976
2024-05-01 17:00:00+00:00,0.228,3.723,79.0,0.0,9.255571
2024-05-01 18:00:00+00:00,0.227,4.7229996,74.0,0.0,9.793058
2024-05-01 19:00:00+00:00,0.226,4.873,73.0,0.0,8.905908
2024-05-01 20:00:00+00:00,0.226,4.4729996,77.0,0.0,7.342588
2024-05-01 21:00:00+00:00,0.227,2.823,85.0,0.0,6.12
2024-05-01 22:00:00+00:00,0.227,1.473,89.0,0.0,5.771239
2024-05-01 23:00:00+00:00,0.227,0.573,92.0,0.0,5.506941
2024-05-02 00:00:00+00:00,0.228,-0.127,94.0,0.0,5.6920996
2024-05-02 01:00:00+00:00,0.228,-0.677,96.0,0.0,5.4833565
2024-05-02 02:00:00+00:00,0.228,-0.877,96.0,0.0,5.1544156
2024-05-02 03:00:00+00:00,0.228,-0.877,97.0,0.0,5.4477882
2024-05-02 04:00:00+00:00,0.228,-0.727,98.0,0.0,6.28713
2024-05-02 05:00:00+00:00,0.228,-0.32700002,96.0,0.0,7.42159
2024-05-02 06:00:00+00:00,0.228,-0.577,95.0,0.0,7.42159
2024-05-02 07:00:00+00:00,0.228,-0.427,93.0,0.0,7.8625183
2024-05-02 08:00:00+00:00,0.228,-0.227,93.0,0.0,8.557102
2024-05-02 09:00:00+00:00,0.229,0.373,92.0,0.0,9.178235
2024-05-02 10:00:00+00:00,0.229,1.023,90.0,0.0,10.308831
2024-05-02 11:00:00+00:00,0.229,1.273,91.0,0.0,10.661107
2024-05-02 12:00:00+00:00,0.229,1.073,93.0,0.0,11.720751
2024-05-02 13:00:00+00:00,0.229,1.373,93.0,0.0,12.144331
2024-05-02 14:00:00+00:00,0.229,2.223,93.0,0.0,13.276144
2024-05-02 15:00:00+00:00,0.232,3.423,90.0,0.0,15.815435
2024-05-02 16:00:00+00:00,0.231,4.623,87.0,0.0,17.518356
2024-05-02 17:00:00+00:00,0.231,5.623,83.0,0.0,19.959719
2024-05-02 18:00:00+00:00,0.228,6.1730003,82.0,0.0,17.873556
2024-05-02 19:00:00+00:00,0.228,6.073,82.0,0.0,16.946787
2024-05-02 20:00:00+00:00,0.228,5.573,84.0,0.0,16.418526
2024-05-02 21:00:00+00:00,0.228,4.273,90.0,0.0,14.241629
2024-05-02 22:00:00+00:00,0.228,3.273,93.0,0.0,12.224107
2024-05-02 23:00:00+00:00,0.228,3.073,93.0,0.0,9.6932955
2024-05-03 00:00:00+00:00,0.228,2.573,93.0,0.0,8.311245
2024-05-03 01:00:00+00:00,0.228,2.073,94.0,0.0,7.172949
2024-05-03 02:00:00+00:00,0.228,1.723,95.0,0.0,6.379216
2024-05-03 03:00:00+00:00,0.228,1.273,96.0,0.0,5.00128
2024-05-03 04:00:00+00:00,0.228,0.823,96.0,0.0,6.162207
2024-05-03 05:00:00+00:00,0.228,0.823,96.0,0.0,3.6179552
2024-05-03 06:00:00+00:00,0.229,0.423,96.0,0.0,4.0249224
2024-05-03 07:00:00+00:00,0.229,0.373,95.0,0.0,3.4152596
2024-05-03 08:00:00+00:00,0.229,0.423,95.0,0.0,2.7416782
2024-05-03 09:00:00+00:00,0.229,0.573,94.0,0.0,1.0182338
2024-05-03 10:00:00+00:00,0.229,0.723,94.0,0.0,2.0364676
2024-05-03 11:00:00+00:00,0.229,0.122999996,96.0,0.0,3.671294
2024-05-03 12:00:00+00:00,0.23,-0.37699997,99.0,0.1,3.6
2024-05-03 13:00:00+00:00,0.232,-0.17699999,98.0,0.1,4.1046314
2024-05-03 14:00:00+00:00,0.238,0.773,97.0,0.4,3.096837
2024-05-03 15:00:00+00:00,0.268,1.373,97.0,0.8,4.452954
2024-05-03 16:00:00+00:00,0.296,1.823,96.0,0.8,5.2416787
2024-05-03 17:00:00+00:00,0.304,2.073,96.0,0.7,5.2416787
2024-05-03 18:00:00+00:00,0.301,2.623,96.0,0.7,5.3999996
2024-05-03 19:00:00+00:00,0.296,3.073,95.0,0.3,6.3690495
2024-05-03 20:00:00+00:00,0.289,2.923,95.0,0.2,5.634891
2024-05-03 21:00:00+00:00,0.283,2.1230001,96.0,0.2,5.04
2024-05-03 22:00:00+00:00,0.282,1.773,96.0,0.4,5.3517847
2024-05-03 23:00:00+00:00,0.293,1.673,96.0,0.8,6.28713
2024-05-04 00:00:00+00:00,0.307,2.1729999,97.0,0.8,5.154415
2024-05-04 01:00:00+00:00,0.324,2.1729999,97.0,1.3,5.1919937
2024-05-04 02:00:00+00:00,0.329,2.273,97.0,1.4,5.692099
2024-05-04 03:00:00+00:00,0.328,2.423,96.0,1.1,6.297428
2024-05-04 04:00:00+00:00,0.325,2.373,95.0,0.9,7.729527
2024-05-04 05:00:00+00:00,0.323,2.373,95.0,0.6,8.699793
2024-05-04 06:00:00+00:00,0.328,2.223,95.0,0.6,8.905908
2024-05-04 07:00:00+00:00,0.333,2.1230001,95.0,1.1,8.669949
2024-05-04 08:00:00+00:00,0.332,2.073,94.0,1.1,8.473393
2024-05-04 09:00:00+00:00,0.328,2.1230001,94.0,0.8,8.089993
2024-05-04 10:00:00+00:00,0.323,2.273,93.0,0.6,6.297428
2024-05-04 11:00:00+00:00,0.314,2.1729999,92.0,0.2,5.3517847
2024-05-04 12:00:00+00:00,0.311,2.1230001,93.0,0.1,4.6938257
2024-05-04 13:00:00+00:00,0.309,2.423,90.0,0.2,5.904439
2024-05-04 14:00:00+00:00,0.312,3.173,85.0,0.1,7.386582
2024-05-04 15:00:00+00:00,0.308,4.1730003,80.0,0.1,9.957108
2024-05-04 16:00:00+00:00,0.303,4.623,74.0,0.1,12.24
2024-05-04 17:00:00+00:00,0.298,4.773,69.0,0.1,13.779114
2024-05-04 18:00:00+00:00,0.296,4.573,69.0,0.0,13.37825
2024-05-04 19:00:00+00:00,0.292,4.4729996,67.0,0.0,12.72283
2024-05-04 20:00:00+00:00,0.288,4.123,67.0,0.0,11.4862
2024-05-04 21:00:00+00:00,0.286,3.223,73.0,0.0,8.913181
2024-05-04 22:00:00+00:00,0.284,2.673,74.0,0.0,7.9932966
2024-05-04 23:00:00+00:00,0.283,2.023,76.0,0.0,7.9036193
2024-05-05 00:00:00+00:00,0.278,1.373,82.0,0.0,7.172949
2024-05-05 01:00:00+00:00,0.277,0.873,83.0,0.0,6.9899354
2024-05-05 02:00:00+00:00,0.277,0.673,85.0,0.0,6.9899354
2024-05-05 03:00:00+00:00,0.276,0.473,84.0,0.0,7.6367526
2024-05-05 04:00:00+00:00,0.276,0.373,84.0,0.0,8.311245
2024-05-05 05:00:00+00:00,0.275,0.373,83.0,0.0,8.647496
2024-05-05 06:00:00+00:00,0.275,0.17300001,83.0,0.0,8.669949
2024-05-05 07:00:00+00:00,0.275,0.073,81.0,0.0,9.3876505
2024-05-05 08:00:00+00:00,0.274,-0.02700001,80.0,0.0,9.726665
2024-05-05 09:00:00+00:00,0.274,-0.17699999,79.0,0.0,9.72
2024-05-05 10:00:00+00:00,0.273,-0.37699997,79.0,0.0,9.3669195
2024-05-05 11:00:00+00:00,0.273,-0.577,79.0,0.0,9.726665
2024-05-05 12:00:00+00:00,0.273,-1.077,86.0,0.0,6.725354
2024-05-05 13:00:00+00:00,0.272,-0.877,84.0,0.0,6.9899354
2024-05-05 14:00:00+00:00,0.272,0.073,81.0,0.0,6.87779
2024-05-05 15:00:00+00:00,0.271,1.273,77.0,0.0,7.92
2024-05-05 16:00:00+00:00,0.269,2.1230001,76.0,0.0,8.707238
2024-05-05 17:00:00+00:00,0.268,2.573,75.0,0.0,9.531505
2024-05-05 18:00:00+00:00,0.265,4.073,65.0,0.0,11.298495
2024-05-05 19:00:00+00:00,0.264,3.823,65.0,0.0,11.090103
2024-05-05 20:00:00+00:00,0.263,3.123,69.0,0.0,8.209263
2024-05-05 21:00:00+00:00,0.263,2.273,71.0,0.0,6.8777895
2024-05-05 22:00:00+00:00,0.263,1.673,74.0,0.0,7.5942082
2024-05-05 23:00:00+00:00,0.263,1.023,86.0,0.1,7.968939
2024-05-06 00:00:00+00:00,0.252,0.823,91.0,0.1,7.771331
2024-05-06 01:00:00+00:00,0.253,0.823,92.0,0.1,7.6367526
2024-05-06 02:00:00+00:00,0.253,0.723,93.0,0.0,6.924738
2024-05-06 03:00:00+00:00,0.253,0.723,93.0,0.0,6.130579
2024-05-06 04:00:00+00:00,0.253,0.573,93.0,0.0,5.4477882
2024-05-06 05:00:00+00:00,0.254,0.523,93.0,0.0,5.1544156
2024-05-06 06:00:00+00:00,0.254,0.423,94.0,0.0,3.6
2024-05-06 07:00:00+00:00,0.254,0.323,94.0,0.0,3.2599385
2024-05-06 08:00:00+00:00,0.254,0.073,94.0,0.0,3.219938
2024-05-06 09:00:00+00:00,0.255,-0.477,95.0,0.0,3.319036
2024-05-06 10:00:00+00:00,0.255,-0.827,95.0,0.0,2.8116899
2024-05-06 11:00:00+00:00,0.255,-1.077,95.0,0.0,2.8116899
2024-05-06 12:00:00+00:00,0.255,-1.377,95.0,0.0,1.8
2024-05-06 13:00:00+00:00,0.255,-1.377,97.0,0.0,1.8
2024-05-06 14:00:00+00:00,0.255,-0.627,96.0,0.0,1.484318
2024-05-06 15:00:00+00:00,0.256,1.223,94.0,0.0,1.08
2024-05-06 16:00:00+00:00,0.263,2.673,86.0,0.0,3.319036
2024-05-06 17:00:00+00:00,0.264,2.973,82.0,0.0,6.4096174
2024-05-06 18:00:00+00:00,0.258,3.723,76.0,0.0,5.8603754
2024-05-06 19:00:00+00:00,0.256,3.223,79.0,0.0,5.692099
2024-05-06 20:00:00+00:00,0.26,2.723,82.0,0.2,4.5536795
2024-05-06 21:00:00+00:00,0.264,1.723,88.0,0.4,2.6208394
2024-05-06 22:00:00+00:00,0.264,0.823,93.0,0.4,1.5273507
2024-05-06 23:00:00+00:00,0.262,0.873,91.0,0.2,1.5273507
2024-05-07 00:00:00+00:00,0.259,0.823,91.0,0.0,2.3051248
2024-05-07 01:00:00+00:00,0.258,0.823,90.0,0.0,1.9386592
2024-05-07 02:00:00+00:00,0.258,0.623,90.0,0.0,1.484318
2024-05-07 03:00:00+00:00,0.257,0.373,90.0,0.0,2.2768397
2024-05-07 04:00:00+00:00,0.257,0.023000002,91.0,0.0,2.4149535
2024-05-07 05:00:00+00:00,0.257,-0.227,92.0,0.0,2.9024127
2024-05-07 06:00:00+00:00,0.257,-0.77699995,93.0,0.1,3.319036
2024-05-07 07:00:00+00:00,0.257,-0.92700005,95.0,0.1,4.2136917
2024-05-07 08:00:00+00:00,0.257,-1.027,96.0,0.1,4.896529
2024-05-07 09:00:00+00:00,0.257,-0.977,96.0,0.1,5.5887027
2024-05-07 10:00:00+00:00,0.257,-1.027,97.0,0.1,5.5887027
2024-05-07 11:00:00+00:00,0.257,-0.977,97.0,0.2,5.937272
2024-05-07 12:00:00+00:00,0.256,-0.77699995,96.0,0.2,4.73506
2024-05-07 13:00:00+00:00,0.256,-0.77699995,96.0,0.0,4.452954
2024-05-07 14:00:00+00:00,0.256,-0.127,95.0,0.0,4.896529
2024-05-07 15:00:00+00:00,0.257,0.473,93.0,0.0,5.937272
2024-05-07 16:00:00+00:00,0.264,0.973,91.0,0.0,6.87779
2024-05-07 17:00:00+00:00,0.274,1.373,90.0,0.0,6.4799995
2024-05-07 18:00:00+00:00,0.271,1.573,87.0,0.1,6.9899354
2024-05-07 19:00:00+00:00,0.273,1.873,87.0,0.1,5.771239
2024-05-07 20:00:00+00:00,0.27,1.573,91.0,0.1,5.506941
2024-05-07 21:00:00+00:00,0.267,0.923,93.0,0.0,4.510787
2024-05-07 22:00:00+00:00,0.266,0.523,94.0,0.0,4.6102495
2024-05-07 23:00:00+00:00,0.265,0.223,95.0,0.0,4.5820518
2024-05-08 00:00:00+00:00,0.264,-0.07699999,95.0,0.0,5.3999996
2024-05-08 01:00:00+00:00,0.264,-0.277,94.0,0.0,4.8433046
2024-05-08 02:00:00+00:00,0.264,-0.32700002,94.0,0.0,4.8433046
2024-05-08 03:00:00+00:00,0.264,-0.477,94.0,0.0,5.1165614
2024-05-08 04:00:00+00:00,0.263,-0.627,94.0,0.0,5.1919937
2024-05-08 05:00:00+00:00,0.263,-0.527,93.0,0.0,5.00128
2024-05-08 06:00:00+00:00,0.263,-0.17699999,95.0,0.0,5.1919937
2024-05-08 07:00:00+00:00,0.263,-0.227,95.0,0.1,5.1165614
2024-05-08 08:00:00+00:00,0.263,-0.277,95.0,0.0,4.8965297
2024-05-08 09:00:00+00:00,0.262,-0.32700002,94.0,0.0,4.6800003
2024-05-08 10:00:00+00:00,0.262,-0.32700002,93.0,0.0,4.2136917
2024-05-08 11:00:00+00:00,0.262,-0.37699997,92.0,0.0,4.2136917
2024-05-08 12:00:00+00:00,0.262,-1.027,92.0,0.0,4.198285
2024-05-08 13:00:00+00:00,0.262,-1.177,92.0,0.0,3.7585104
2024-05-08 14:00:00+00:00,0.262,-0.627,92.0,0.0,3.671294
2024-05-08 15:00:00+00:00,0.262,0.673,90.0,0.0,3.4152596
2024-05-08 16:00:00+00:00,0.266,1.723,82.0,0.0,5.00128
2024-05-08 17:00:00+00:00,0.268,2.073,82.0,0.0,5.692099
2024-05-08 18:00:00+00:00,0.265,2.623,83.0,0.0,6.439876
2024-05-08 19:00:00+00:00,0.264,2.523,85.0,0.0,5.991594
2024-05-08 20:00:00+00:00,0.263,2.023,89.0,0.0,4.0249224
2024-05-08 21:00:00+00:00,0.262,1.373,92.0,0.0,3.8773184
2024-05-08 22:00:00+00:00,0.262,0.923,94.0,0.0,4.2136917
2024-05-08 23:00:00+00:00,0.261,0.723,94.0,0.0,4.2136917
2024-05-09 00:00:00+00:00,0.261,0.273,97.0,0.0,4.198285
2024-05-09 01:00:00+00:00,0.261,-0.277,97.0,0.0,3.7064266
2024-05-09 02:00:00+00:00,0.261,-0.877,98.0,0.0,3.219938
2024-05-09 03:00:00+00:00,0.261,-1.477,99.0,0.0,2.968636
2024-05-09 04:00:00+00:00,0.261,-1.8269999,100.0,0.0,2.9024127
2024-05-09 05:00:00+00:00,0.261,-2.027,99.0,0.0,3.671294
2024-05-09 06:00:00+00:00,0.26,-2.027,99.0,0.0,3.6179552
2024-05-09 07:00:00+00:00,0.26,-2.277,99.0,0.0,3.2399998
2024-05-09 08:00:00+00:00,0.26,-2.627,99.0,0.0,2.8799999
2024-05-09 09:00:00+00:00,0.26,-2.977,100.0,0.0,2.8799999
2024-05-09 10:00:00+00:00,0.259,-3.327,100.0,0.0,2.52
2024-05-09 11:00:00+00:00,0.259,-3.427,99.0,0.0,2.52
2024-05-09 12:00:00+00:00,0.259,-4.5270004,98.0,0.0,1.835647
2024-05-09 13:00:00+00:00,0.259,-4.5769997,99.0,0.0,1.835647
2024-05-09 14:00:00+00:00,0.259,-3.377,96.0,0.0,1.484318
2024-05-09 15:00:00+00:00,0.258,-0.627,92.0,0.0,1.8
2024-05-09 16:00:00+00:00,0.258,1.073,82.0,0.0,3.319036
2024-05-09 17:00:00+00:00,0.255,2.023,79.0,0.0,4.6938252
2024-05-09 18:00:00+00:00,0.254,2.973,77.0,0.0,6.87779
2024-05-09 19:00:00+00:00,0.253,3.073,77.0,0.0,7.2359104
2024-05-09 20:00:00+00:00,0.252,2.273,85.0,0.0,6.0347
2024-05-09 21:00:00+00:00,0.253,1.123,91.0,0.0,5.2416787
2024-05-09 22:00:00+00:00,0.253,0.323,94.0,0.0,5.0911684
2024-05-09 23:00:00+00:00,0.253,-0.37699997,95.0,0.0,5.7599998
2024-05-10 00:00:00+00:00,0.253,-1.177,97.0,0.0,5.771239
2024-05-10 01:00:00+00:00,0.253,-1.627,96.0,0.0,5.4119864
2024-05-10 02:00:00+00:00,0.253,-1.977,94.0,0.0,5.4119864
2024-05-10 03:00:00+00:00,0.253,-2.377,94.0,0.0,5.8048253
2024-05-10 04:00:00+00:00,0.253,-2.677,95.0,0.0,5.8048253
2024-05-10 05:00:00+00:00,0.253,-2.927,96.0,0.0,5.771239
2024-05-10 06:00:00+00:00,0.253,-3.327,98.0,0.0,6.130579
2024-05-10 07:00:00+00:00,0.253,-3.327,97.0,0.0,6.130579
2024-05-10 08:00:00+00:00,0.253,-3.377,97.0,0.0,5.7599998
2024-05-10 09:00:00+00:00,0.253,-3.277,97.0,0.0,6.12
2024-05-10 10:00:00+00:00,0.253,-3.127,96.0,0.0,6.130579
2024-05-10 11:00:00+00:00,0.253,-3.077,96.0,0.0,5.8603754
2024-05-10 12:00:00+00:00,0.253,-3.277,96.0,0.0,5.771239
2024-05-10 13:00:00+00:00,0.253,-3.177,96.0,0.0,5.1544156
2024-05-10 14:00:00+00:00,0.253,-1.8269999,94.0,0.0,5.0911684
2024-05-10 15:00:00+00:00,0.253,0.723,90.0,0.0,6.489992
2024-05-10 16:00:00+00:00,0.255,2.823,84.0,0.0,8.669949
2024-05-10 17:00:00+00:00,0.255,4.023,83.0,0.0,10.1376915
2024-05-10 18:00:00+00:00,0.252,4.7229996,82.0,0.0,11.165805
2024-05-10 19:00:00+00:00,0.251,4.573,83.0,0.0,9.746631
2024-05-10 20:00:00+00:00,0.251,3.473,88.0,0.0,8.049845
2024-05-10 21:00:00+00:00,0.251,2.023,93.0,0.0,6.5693827
2024-05-10 22:00:00+00:00,0.252,1.173,94.0,0.0,6.2145634
2024-05-10 23:00:00+00:00,0.252,0.673,95.0,0.0,6.5693827
2024-05-11 00:00:00+00:00,0.252,-0.127,97.0,0.0,6.2145634
2024-05-11 01:00:00+00:00,0.252,-0.427,97.0,0.0,6.5693827
2024-05-11 02:00:00+00:00,0.252,-0.527,96.0,0.0,6.519877
2024-05-11 03:00:00+00:00,0.252,-0.677,96.0,0.0,6.87779
2024-05-11 04:00:00+00:00,0.252,-0.77699995,95.0,0.0,7.2359104
2024-05-11 05:00:00+00:00,0.252,-0.827,95.0,0.0,7.208994
2024-05-11 06:00:00+00:00,0.252,-0.227,94.0,0.0,9.0645685
2024-05-11 07:00:00+00:00,0.252,0.373,93.0,0.0,10.8955765
2024-05-11 08:00:00+00:00,0.252,0.773,93.0,0.0,11.609651
2024-05-11 09:00:00+00:00,0.252,0.773,93.0,0.0,12.324414
2024-05-11 10:00:00+00:00,0.252,0.973,94.0,0.0,12.429127
2024-05-11 11:00:00+00:00,0.252,1.173,94.0,0.0,13.009903
2024-05-11 12:00:00+00:00,0.252,1.373,94.0,0.0,14.241629
2024-05-11 13:00:00+00:00,0.252,1.823,94.0,0.0,15.596767
2024-05-11 14:00:00+00:00,0.261,2.773,93.0,0.0,18.345877
2024-05-11 15:00:00+00:00,0.264,3.973,89.0,0.0,21.829777
2024-05-11 16:00:00+00:00,0.26,4.773,84.0,0.0,23.97989
2024-05-11 17:00:00+00:00,0.257,5.373,77.0,0.0,25.210283
2024-05-11 18:00:00+00:00,0.254,6.073,74.0,0.0,25.562534
2024-05-11 19:00:00+00:00,0.252,5.6730003,77.0,0.0,23.499481
2024-05-11 20:00:00+00:00,0.251,5.2229996,81.0,0.0,22.148045
2024-05-11 21:00:00+00:00,0.251,4.4230003,86.0,0.0,19.06301
2024-05-11 22:00:00+00:00,0.25,4.073,90.0,0.0,15.137133
2024-05-11 23:00:00+00:00,0.25,3.723,93.0,0.0,11.367109
2024-05-12 00:00:00+00:00,0.252,3.373,93.0,0.0,7.8954163
2024-05-12 01:00:00+00:00,0.254,2.423,94.0,0.1,3.6
2024-05-12 02:00:00+00:00,0.253,1.723,93.0,0.0,3.396233
2024-05-12 03:00:00+00:00,0.255,1.223,93.0,0.1,1.4399999
2024-05-12 04:00:00+00:00,0.254,1.073,93.0,0.0,3.7585104
2024-05-12 05:00:00+00:00,0.254,0.223,89.0,0.0,5.4833565
2024-05-12 06:00:00+00:00,0.257,-0.227,86.0,0.0,6.5693827
2024-05-12 07:00:00+00:00,0.256,-0.527,83.0,0.0,6.849467
2024-05-12 08:00:00+00:00,0.256,-0.727,82.0,0.0,6.489992
2024-05-12 09:00:00+00:00,0.256,-1.127,82.0,0.0,5.0911684
2024-05-12 10:00:00+00:00,0.256,-1.527,84.0,0.0,4.0249224
2024-05-12 11:00:00+00:00,0.256,-2.077,87.0,0.0,3.671294
2024-05-12 12:00:00+00:00,0.254,-2.777,89.0,0.0,5.00128
2024-05-12 13:00:00+00:00,0.254,-2.927,91.0,0.0,4.829907
2024-05-12 14:00:00+00:00,0.254,-1.727,86.0,0.0,5.2416787
2024-05-12 15:00:00+00:00,0.253,0.473,79.0,0.0,7.072878
2024-05-12 16:00:00+00:00,0.252,2.373,71.0,0.0,10.853866
2024-05-12 17:00:00+00:00,0.251,3.823,65.0,0.0,15.978486
2024-05-12 18:00:00+00:00,0.249,4.4230003,54.0,0.0,21.53089
2024-05-12 19:00:00+00:00,0.248,3.973,55.0,0.0,21.398056
2024-05-12 20:00:00+00:00,0.247,3.123,59.0,0.0,19.164719
2024-05-12 21:00:00+00:00,0.247,1.873,68.0,0.0,15.905319
2024-05-12 22:00:00+00:00,0.247,1.073,73.0,0.0,14.973576
2024-05-12 23:00:00+00:00,0.247,0.923,74.0,0.0,14.561099
2024-05-13 00:00:00+00:00,0.236,1.473,69.0,0.0,19.652176
2024-05-13 01:00:00+00:00,0.238,1.573,69.0,0.0,18.888851
2024-05-13 02:00:00+00:00,0.238,1.623,70.0,0.0,18.775301
2024-05-13 03:00:00+00:00,0.239,1.673,71.0,0.0,18.36353
2024-05-13 04:00:00+00:00,0.239,1.723,70.0,0.0,18.36353
2024-05-13 05:00:00+00:00,0.24,1.573,72.0,0.0,17.643673
2024-05-13 06:00:00+00:00,0.24,2.1729999,71.0,0.0,20.957443
2024-05-13 07:00:00+00:00,0.24,2.023,73.0,0.0,20.275383
2024-05-13 08:00:00+00:00,0.24,1.823,75.0,0.0,19.134262
2024-05-13 09:00:00+00:00,0.24,1.523,76.0,0.0,17.283749
2024-05-13 10:00:00+00:00,0.24,1.323,77.0,0.0,16.575644
2024-05-13 11:00:00+00:00,0.24,1.423,76.0,0.0,16.263872
2024-05-13 12:00:00+00:00,0.24,2.423,68.0,0.0,21.24305
2024-05-13 13:00:00+00:00,0.239,2.473,68.0,0.0,21.96295
2024-05-13 14:00:00+00:00,0.239,3.323,64.0,0.0,22.553936
2024-05-13 15:00:00+00:00,0.238,4.273,60.0,0.0,24.066206
2024-05-13 16:00:00+00:00,0.238,4.823,59.0,0.0,26.178707
2024-05-13 17:00:00+00:00,0.237,4.773,61.0,0.0,28.467327
2024-05-13 18:00:00+00:00,0.236,5.123,61.0,0.0,32.489872
2024-05-13 19:00:00+00:00,0.236,4.823,66.0,0.0,31.89608
2024-05-13 20:00:00+00:00,0.236,4.7229996,63.0,0.0,31.875755
2024-05-13 21:00:00+00:00,0.236,4.223,66.0,0.0,28.829233
2024-05-13 22:00:00+00:00,0.236,4.1730003,70.0,0.0,27.551172
2024-05-13 23:00:00+00:00,0.235,4.273,73.0,0.0,29.738703
2024-05-14 00:00:00+00:00,0.235,4.4729996,72.0,0.0,31.698402
2024-05-14 01:00:00+00:00,0.235,4.523,75.0,0.0,32.039997
2024-05-14 02:00:00+00:00,0.235,4.623,76.0,0.0,32.791634
2024-05-14 03:00:00+00:00,0.235,4.9230003,81.0,0.0,33.21573
2024-05-14 04:00:00+00:00,0.235,5.373,82.0,0.0,35.821354
2024-05-14 05:00:00+00:00,0.235,5.773,80.0,0.0,35.78697
2024-05-14 06:00:00+00:00,0.235,6.4230003,78.0,0.0,36.361782
2024-05-14 07:00:00+00:00,0.235,6.6730003,79.0,0.0,35.32589
2024-05-14 08:00:00+00:00,0.234,6.823,78.0,0.0,31.63087
2024-05-14 09:00:00+00:00,0.234,6.623,82.0,0.0,29.168886
2024-05-14 10:00:00+00:00,0.234,6.9230003,84.0,0.0,33.04361
2024-05-14 11:00:00+00:00,0.234,6.9230003,84.0,0.0,33.933697
2024-05-14 12:00:00+00:00,0.234,7.1730003,84.0,0.0,31.97319
2024-05-14 13:00:00+00:00,0.234,7.773,80.0,0.0,34.292713
2024-05-14 14:00:00+00:00,0.234,7.9729996,77.0,0.0,37.123665
2024-05-14 15:00:00+00:00,0.234,7.9230003,78.0,0.0,40.00052
2024-05-14 16:00:00+00:00,0.233,7.9729996,77.0,0.0,41.835968
2024-05-14 17:00:00+00:00,0.233,8.023,74.0,0.0,42.121536
2024-05-14 18:00:00+00:00,0.232,8.973,68.0,0.0,39.98594
2024-05-14 19:00:00+00:00,0.232,8.473,71.0,0.0,37.44692
2024-05-14 20:00:00+00:00,0.232,7.9729996,75.0,0.0,33.510952
2024-05-14 21:00:00+00:00,0.232,7.123,79.0,0.0,32.407997
2024-05-14 22:00:00+00:00,0.232,6.573,79.0,0.0,32.49785
2024-05-14 23:00:00+00:00,0.232,6.273,79.0,0.0,32.908016
2024-05-15 00:00:00+00:00,0.225,6.4729996,83.0,0.0,30.37683
2024-05-15 01:00:00+00:00,0.225,6.523,85.0,0.0,31.012281
2024-05-15 02:00:00+00:00,0.225,6.4729996,84.0,0.0,30.78368
2024-05-15 03:00:00+00:00,0.225,6.273,83.0,0.0,29.784426
2024-05-15 04:00:00+00:00,0.225,6.1730003,84.0,0.0,28.856194
2024-05-15 05:00:00+00:00,0.226,6.1730003,85.0,0.0,28.442278
2024-05-15 06:00:00+00:00,0.226,6.273,86.0,0.0,30.811037
2024-05-15 07:00:00+00:00,0.226,6.623,85.0,0.0,31.487139
2024-05-15 08:00:00+00:00,0.226,6.9230003,85.0,0.0,32.76198
2024-05-15 09:00:00+00:00,0.226,6.9729996,85.0,0.0,32.407997
2024-05-15 10:00:00+00:00,0.226,6.9230003,85.0,0.0,33.127823
2024-05-15 11:00:00+00:00,0.226,6.4729996,84.0,0.0,34.561874
2024-05-15 12:00:00+00:00,0.226,5.523,81.0,0.0,34.711544
2024-05-15 13:00:00+00:00,0.226,5.373,80.0,0.0,33.841915
2024-05-15 14:00:00+00:00,0.226,5.7229996,76.0,0.0,33.908863
2024-05-15 15:00:00+00:00,0.225,6.1730003,74.0,0.0,34.38895
2024-05-15 16:00:00+00:00,0.225,6.9729996,71.0,0.0,34.569374
2024-05-15 17:00:00+00:00,0.224,7.523,69.0,0.0,34.428497
2024-05-15 18:00:00+00:00,0.224,7.873,69.0,0.0,30.676142
2024-05-15 19:00:00+00:00,0.224,7.873,71.0,0.0,29.899511
2024-05-15 20:00:00+00:00,0.224,7.4230003,75.0,0.0,27.419146
2024-05-15 21:00:00+00:00,0.224,6.523,81.0,0.0,22.319998
2024-05-15 22:00:00+00:00,0.225,5.823,86.0,0.0,19.493261
2024-05-15 23:00:00+00:00,0.225,5.373,89.0,0.0,17.673029
2024-05-16 00:00:00+00:00,0.225,5.073,92.0,0.0,15.188415
2024-05-16 01:00:00+00:00,0.225,5.2229996,91.0,0.0,13.324863
2024-05-16 02:00:00+00:00,0.225,5.1730003,91.0,0.0,11.928989
2024-05-16 03:00:00+00:00,0.225,4.873,89.0,0.0,10.661107
2024-05-16 04:00:00+00:00,0.225,4.573,87.0,0.0,10.308831
2024-05-16 05:00:00+00:00,0.225,4.123,88.0,0.0,8.707238
2024-05-16 06:00:00+00:00,0.226,3.423,89.0,0.0,9.3669195
2024-05-16 07:00:00+00:00,0.226,2.923,90.0,0.0,8.287822
2024-05-16 08:00:00+00:00,0.226,2.623,91.0,0.0,7.2359104
2024-05-16 09:00:00+00:00,0.226,2.323,92.0,0.0,7.208994
2024-05-16 10:00:00+00:00,0.226,2.273,92.0,0.0,7.2
2024-05-16 11:00:00+00:00,0.226,2.473,92.0,0.0,7.2
2024-05-16 12:00:00+00:00,0.226,2.723,93.0,0.0,6.87779
2024-05-16 13:00:00+00:00,0.226,3.173,92.0,0.0,7.5685663
2024-05-16 14:00:00+00:00,0.226,3.973,90.0,0.0,7.928178
2024-05-16 15:00:00+00:00,0.226,5.573,84.0,0.0,8.64
2024-05-16 16:00:00+00:00,0.225,7.023,80.0,0.0,10.8955765
2024-05-16 17:00:00+00:00,0.225,7.9729996,77.0,0.0,12.181625
2024-05-16 18:00:00+00:00,0.224,8.523,72.0,0.0,13.708391
2024-05-16 19:00:00+00:00,0.224,7.9729996,75.0,0.0,10.829959
2024-05-16 20:00:00+00:00,0.224,7.1730003,79.0,0.0,10.105681
2024-05-16 21:00:00+00:00,0.224,6.4230003,81.0,0.0,10.105681
2024-05-16 22:00:00+00:00,0.224,5.9729996,82.0,0.0,10.440001
2024-05-16 23:00:00+00:00,0.224,5.823,82.0,0.0,10.853866
2024-05-17 00:00:00+00:00,0.234,5.023,84.0,0.0,10.829959
2024-05-17 01:00:00+00:00,0.233,5.073,83.0,0.0,10.587917
2024-05-17 02:00:00+00:00,0.233,5.073,85.0,0.0,10.041354
2024-05-17 03:00:00+00:00,0.233,4.9230003,87.0,0.0,8.707238
2024-05-17 04:00:00+00:00,0.233,4.823,90.0,0.0,9.028754
2024-05-17 05:00:00+00:00,0.233,4.623,91.0,0.0,9.746631
2024-05-17 06:00:00+00:00,0.233,3.923,93.0,0.0,8.759178
2024-05-17 07:00:00+00:00,0.233,4.023,92.0,0.0,9.779817
2024-05-17 08:00:00+00:00,0.233,5.023,91.0,0.0,13.324863
2024-05-17 09:00:00+00:00,0.233,4.873,92.0,0.0,14.764389
2024-05-17 10:00:00+00:00,0.233,4.773,92.0,0.0,16.203999
2024-05-17 11:00:00+00:00,0.233,4.573,91.0,0.0,16.563911
2024-05-17 12:00:00+00:00,0.233,3.823,90.0,0.0,9.007196
2024-05-17 13:00:00+00:00,0.232,3.523,90.0,0.0,7.5599995
2024-05-17 14:00:00+00:00,0.232,4.073,87.0,0.0,7.208994
2024-05-17 15:00:00+00:00,0.232,5.9230003,79.0,0.0,9.007196
2024-05-17 16:00:00+00:00,0.231,7.273,74.0,0.0,11.928989
2024-05-17 17:00:00+00:00,0.23,8.173,71.0,0.0,14.759999
2024-05-17 18:00:00+00:00,0.229,8.623,69.0,0.0,15.978486
2024-05-17 19:00:00+00:00,0.229,8.173,71.0,0.0,15.111424
2024-05-17 20:00:00+00:00,0.229,7.2229996,73.0,0.0,14.417988
2024-05-17 21:00:00+00:00,0.229,5.873,76.0,0.0,15.124284
2024-05-17 22:00:00+00:00,0.229,4.9230003,79.0,0.0,15.905319
2024-05-17 23:00:00+00:00,0.229,4.4230003,81.0,0.0,17.373497
2024-05-18 00:00:00+00:00,0.224,4.4729996,83.0,0.0,17.581125
2024-05-18 01:00:00+00:00,0.224,4.373,85.0,0.0,17.727943
2024-05-18 02:00:00+00:00,0.224,4.523,85.0,0.0,18.511143
2024-05-18 03:00:00+00:00,0.224,4.623,86.0,0.0,17.581125
2024-05-18 04:00:00+00:00,0.224,4.773,86.0,0.0,17.811815
2024-05-18 05:00:00+00:00,0.224,4.6730003,88.0,0.0,18.079027
2024-05-18 06:00:00+00:00,0.224,4.523,85.0,0.0,18.430452
2024-05-18 07:00:00+00:00,0.224,4.323,86.0,0.0,18.161278
2024-05-18 08:00:00+00:00,0.224,4.073,88.0,0.0,16.418526
2024-05-18 09:00:00+00:00,0.224,3.623,90.0,0.0,14.689589
2024-05-18 10:00:00+00:00,0.224,3.523,91.0,0.0,14.578888
2024-05-18 11:00:00+00:00,0.224,3.723,91.0,0.0,14.689589
2024-05-18 12:00:00+00:00,0.225,3.123,93.0,0.0,14.345898
2024-05-18 13:00:00+00:00,0.225,3.473,92.0,0.0,14.458382
2024-05-18 14:00:00+00:00,0.225,4.273,86.0,0.0,15.629971
2024-05-18 15:00:00+00:00,0.224,5.4729996,75.0,0.0,17.651016
2024-05-18 16:00:00+00:00,0.223,6.523,67.0,0.0,20.211363
2024-05-18 17:00:00+00:00,0.222,7.2229996,62.0,0.0,20.880001
2024-05-18 18:00:00+00:00,0.221,7.4729996,63.0,0.0,18.03237
2024-05-18 19:00:00+00:00,0.221,7.323,64.0,0.0,15.4800005
2024-05-18 20:00:00+00:00,0.221,6.523,71.0,0.0,13.493999
2024-05-18 21:00:00+00:00,0.221,5.1730003,80.0,0.0,12.303366
2024-05-18 22:00:00+00:00,0.221,4.223,88.0,0.0,11.91812
2024-05-18 23:00:00+00:00,0.222,4.023,89.0,0.0,10.365251
2024-05-19 00:00:00+00:00,0.223,3.773,91.0,0.0,9.904906
2024-05-19 01:00:00+00:00,0.223,3.523,91.0,0.0,7.8954163
2024-05-19 02:00:00+00:00,0.223,3.373,92.0,0.0,7.289445
2024-05-19 03:00:00+00:00,0.224,3.323,93.0,0.0,6.297428
2024-05-19 04:00:00+00:00,0.224,3.323,95.0,0.0,5.1919937
2024-05-19 05:00:00+00:00,0.224,3.123,95.0,0.0,4.8965297
2024-05-19 06:00:00+00:00,0.224,2.423,97.0,0.0,5.4833565
2024-05-19 07:00:00+00:00,0.224,2.273,96.0,0.0,5.0142193
2024-05-19 08:00:00+00:00,0.224,2.273,95.0,0.0,4.6800003
2024-05-19 09:00:00+00:00,0.224,2.223,95.0,0.0,4.510787
2024-05-19 10:00:00+00:00,0.224,2.223,95.0,0.0,4.3498964
2024-05-19 11:00:00+00:00,0.224,2.073,94.0,0.0,4.2136917
2024-05-19 12:00:00+00:00,0.224,1.873,95.0,0.0,5.4833565
2024-05-19 13:00:00+00:00,0.224,1.673,96.0,0.0,5.2416787
2024-05-19 14:00:00+00:00,0.224,2.423,94.0,0.0,5.2416787
2024-05-19 15:00:00+00:00,0.224,4.123,89.0,0.0,5.4477882
2024-05-19 16:00:00+00:00,0.223,5.4729996,84.0,0.0,7.6367526
2024-05-19 17:00:00+00:00,0.222,6.4729996,80.0,0.0,9.779817
2024-05-19 18:00:00+00:00,0.222,6.373,81.0,0.0,9.114471
2024-05-19 19:00:00+00:00,0.222,6.373,82.0,0.0,8.825508
2024-05-19 20:00:00+00:00,0.222,5.7229996,85.0,0.0,8.209263
2024-05-19 21:00:00+00:00,0.222,5.023,87.0,0.0,7.628263
2024-05-19 22:00:00+00:00,0.222,4.573,88.0,0.0,7.754637
2024-05-19 23:00:00+00:00,0.222,4.1730003,89.0,0.0,8.089993
2024-05-20 00:00:00+00:00,0.231,3.673,93.0,0.0,10.703569
2024-05-20 01:00:00+00:00,0.231,3.523,94.0,0.0,12.313893
2024-05-20 02:00:00+00:00,0.231,3.523,95.0,0.0,12.758432
2024-05-20 03:00:00+00:00,0.232,3.473,95.0,0.0,13.570615
2024-05-20 04:00:00+00:00,0.232,3.523,94.0,0.0,15.137133
2024-05-20 05:00:00+00:00,0.232,3.473,93.0,0.0,15.315873
2024-05-20 06:00:00+00:00,0.233,3.523,95.0,0.0,16.746773
2024-05-20 07:00:00+00:00,0.233,3.723,93.0,0.0,18.681883
2024-05-20 08:00:00+00:00,0.232,4.023,92.0,0.0,18.671474
2024-05-20 09:00:00+00:00,0.232,4.273,91.0,0.0,20.696085
2024-05-20 10:00:00+00:00,0.232,4.123,86.0,0.0,21.986542
2024-05-20 11:00:00+00:00,0.231,3.323,83.0,0.0,20.907913
2024-05-20 12:00:00+00:00,0.23,2.923,84.0,0.0,20.929596
2024-05-20 13:00:00+00:00,0.229,2.1230001,82.0,0.0,18.129137
2024-05-20 14:00:00+00:00,0.229,2.423,84.0,0.0,17.81909
2024-05-20 15:00:00+00:00,0.228,3.523,80.0,0.0,18.289274
2024-05-20 16:00:00+00:00,0.227,4.573,75.0,0.0,21.749481
2024-05-20 17:00:00+00:00,0.225,5.073,74.0,0.0,23.233253
2024-05-20 18:00:00+00:00,0.224,5.123,73.0,0.0,25.346148
2024-05-20 19:00:00+00:00,0.223,5.073,72.0,0.0,22.89611
2024-05-20 20:00:00+00:00,0.223,4.623,77.0,0.0,21.868332
2024-05-20 21:00:00+00:00,0.223,4.273,82.0,0.0,21.734581
2024-05-20 22:00:00+00:00,0.223,4.323,84.0,0.0,24.819122
2024-05-20 23:00:00+00:00,0.228,4.4729996,85.0,0.1,29.09103
2024-05-21 00:00:00+00:00,0.225,4.7229996,82.0,0.0,30.317043
2024-05-21 01:00:00+00:00,0.224,4.523,82.0,0.0,28.162956
2024-05-21 02:00:00+00:00,0.223,4.323,83.0,0.0,27.117346
2024-05-21 03:00:00+00:00,0.223,4.273,83.0,0.0,27.038372
2024-05-21 04:00:00+00:00,0.223,3.973,82.0,0.0,25.929996
2024-05-21 05:00:00+00:00,0.222,3.623,83.0,0.0,24.50381
2024-05-21 06:00:00+00:00,0.222,3.673,82.0,0.0,24.522316
2024-05-21 07:00:00+00:00,0.222,3.523,77.0,0.0,25.929996
2024-05-21 08:00:00+00:00,0.221,3.373,77.0,0.0,23.770906
2024-05-21 09:00:00+00:00,0.221,3.473,81.0,0.0,22.19773
2024-05-21 10:00:00+00:00,0.221,3.623,84.0,0.0,23.510508
2024-05-21 11:00:00+00:00,0.221,3.873,81.0,0.0,24.798225
2024-05-21 12:00:00+00:00,0.22,4.273,79.0,0.0,25.099514
2024-05-21 13:00:00+00:00,0.22,4.223,76.0,0.0,26.27753
2024-05-21 14:00:00+00:00,0.219,4.573,77.0,0.0,26.82906
2024-05-21 15:00:00+00:00,0.218,5.323,76.0,0.0,27.466372
2024-05-21 16:00:00+00:00,0.217,5.9230003,74.0,0.0,28.528723
2024-05-21 17:00:00+00:00,0.216,6.523,72.0,0.0,30.36403
2024-05-21 18:00:00+00:00,0.223,6.4230003,74.0,0.5,28.174456
2024-05-21 19:00:00+00:00,0.22,6.4230003,73.0,0.0,28.82249
2024-05-21 20:00:00+00:00,0.219,6.023,73.0,0.0,27.959742
2024-05-21 21:00:00+00:00,0.218,5.6730003,71.0,0.0,26.901417
2024-05-21 22:00:00+00:00,0.217,5.373,73.0,0.0,26.183659
2024-05-21 23:00:00+00:00,0.217,5.123,73.0,0.0,28.236486
2024-05-22 00:00:00+00:00,0.213,5.273,75.0,0.0,28.696312
2024-05-22 01:00:00+00:00,0.217,4.9230003,79.0,0.2,28.348713
2024-05-22 02:00:00+00:00,0.225,4.273,83.0,0.1,24.717085
2024-05-22 03:00:00+00:00,0.222,3.773,81.0,0.0,24.162945
2024-05-22 04:00:00+00:00,0.22,3.223,79.0,0.0,22.782625
2024-05-22 05:00:00+00:00,0.219,2.723,82.0,0.0,22.065973
2024-05-22 06:00:00+00:00,0.218,2.523,86.0,0.0,18.36353
2024-05-22 07:00:00+00:00,0.217,2.1230001,81.0,0.0,18.775301
2024-05-22 08:00:00+00:00,0.217,1.523,75.0,0.0,18.844202
2024-05-22 09:00:00+00:00,0.216,1.073,77.0,0.0,17.698677
2024-05-22 10:00:00+00:00,0.216,0.573,80.0,0.0,15.484185
2024-05-22 11:00:00+00:00,0.216,0.17300001,83.0,0.0,14.404499
2024-05-22 12:00:00+00:00,0.216,-0.32700002,88.0,0.0,13.679999
2024-05-22 13:00:00+00:00,0.216,-0.577,83.0,0.0,12.605142
2024-05-22 14:00:00+00:00,0.216,-0.127,78.0,0.0,13.004921
2024-05-22 15:00:00+00:00,0.214,1.173,69.0,0.0,14.561099
2024-05-22 16:00:00+00:00,0.213,2.273,59.0,0.0,17.873554
2024-05-22 17:00:00+00:00,0.211,2.873,55.0,0.0,19.694992
2024-05-22 18:00:00+00:00,0.209,3.273,50.0,0.0,18.581022
2024-05-22 19:00:00+00:00,0.208,2.773,54.0,0.0,16.263872
2024-05-22 20:00:00+00:00,0.208,1.623,59.0,0.0,15.281989
2024-05-22 21:00:00+00:00,0.208,0.473,66.0,0.0,14.685176
2024-05-22 22:00:00+00:00,0.209,-0.17699999,73.0,0.0,14.264361
2024-05-22 23:00:00+00:00,0.209,-0.477,77.0,0.0,12.605142
2024-05-23 00:00:00+00:00,0.205,-0.877,76.0,0.0,14.332341
2024-05-23 01:00:00+00:00,0.205,-0.727,81.0,0.0,14.561099
2024-05-23 02:00:00+00:00,0.205,-0.77699995,78.0,0.0,13.722565
2024-05-23 03:00:00+00:00,0.205,-0.92700005,80.0,0.0,13.722565
2024-05-23 04:00:00+00:00,0.206,-1.127,85.0,0.0,13.75558
2024-05-23 05:00:00+00:00,0.206,-1.227,89.0,0.0,13.849476
2024-05-23 06:00:00+00:00,0.206,-1.327,84.0,0.0,13.708391
2024-05-23 07:00:00+00:00,0.207,-1.327,84.0,0.0,13.797913
2024-05-23 08:00:00+00:00,0.207,-1.427,82.0,0.0,13.276144
2024-05-23 09:00:00+00:00,0.207,-1.527,83.0,0.0,13.708391
2024-05-23 10:00:00+00:00,0.207,-1.427,87.0,0.0,14.241629
2024-05-23 11:00:00+00:00,0.208,-1.177,89.0,0.0,15.937878
2024-05-23 12:00:00+00:00,0.208,-0.677,90.0,0.0,17.208603
2024-05-23 13:00:00+00:00,0.208,0.073,90.0,0.0,17.651016
2024-05-23 14:00:00+00:00,0.208,0.873,88.0,0.0,17.771753
2024-05-23 15:00:00+00:00,0.208,1.923,84.0,0.0,19.803272
2024-05-23 16:00:00+00:00,0.208,3.173,79.0,0.0,23.675303
2024-05-23 17:00:00+00:00,0.207,4.4230003,72.0,0.0,25.922499
2024-05-23 18:00:00+00:00,0.207,5.023,67.0,0.0,25.40743
2024-05-23 19:00:00+00:00,0.207,4.773,67.0,0.0,23.623243
2024-05-23 20:00:00+00:00,0.207,4.223,69.0,0.0,21.841648
2024-05-23 21:00:00+00:00,0.207,3.523,74.0,0.0,19.917469
2024-05-23 22:00:00+00:00,0.208,3.073,77.0,0.0,18.733839
2024-05-23 23:00:00+00:00,0.208,2.923,79.0,0.0,18.72
2024-05-24 00:00:00+00:00,0.208,2.973,77.0,0.0,22.319998
2024-05-24 01:00:00+00:00,0.208,3.023,77.0,0.0,22.691425
2024-05-24 02:00:00+00:00,0.208,2.823,75.0,0.0,21.316135
2024-05-24 03:00:00+00:00,0.208,2.673,69.0,0.0,19.770523
2024-05-24 04:00:00+00:00,0.208,2.1729999,69.0,0.0,17.727943
2024-05-24 05:00:00+00:00,0.208,1.923,76.0,0.0,16.766108
2024-05-24 06:00:00+00:00,0.208,2.073,79.0,0.0,18.64369
2024-05-24 07:00:00+00:00,0.208,1.923,82.0,0.0,16.23596
2024-05-24 08:00:00+00:00,0.209,1.723,85.0,0.0,14.440443
2024-05-24 09:00:00+00:00,0.209,1.673,87.0,0.0,11.901798
2024-05-24 10:00:00+00:00,0.209,1.573,89.0,0.0,8.64
2024-05-24 11:00:00+00:00,0.21,1.123,91.0,0.0,7.5942073
2024-05-24 12:00:00+00:00,0.21,0.873,92.0,0.0,5.8603754
2024-05-24 13:00:00+00:00,0.21,0.523,93.0,0.0,5.506941
2024-05-24 14:00:00+00:00,0.21,1.073,92.0,0.0,4.3349743
2024-05-24 15:00:00+00:00,0.21,2.273,89.0,0.0,3.6179552
2024-05-24 16:00:00+00:00,0.21,3.823,85.0,0.0,3.671294
2024-05-24 17:00:00+00:00,0.21,5.023,79.0,0.0,4.452954
2024-05-24 18:00:00+00:00,0.209,6.823,69.0,0.0,5.3999996
2024-05-24 19:00:00+00:00,0.209,6.823,73.0,0.0,3.9763298
2024-05-24 20:00:00+00:00,0.209,6.2229996,75.0,0.0,3.319036
2024-05-24 21:00:00+00:00,0.21,5.073,80.0,0.0,3.2599385
2024-05-24 22:00:00+00:00,0.21,3.823,84.0,0.0,2.9024127
2024-05-24 23:00:00+00:00,0.21,2.723,88.0,0.0,2.0991426
2024-05-25 00:00:00+00:00,0.198,0.373,95.0,0.0,2.4149535
2024-05-25 01:00:00+00:00,0.198,-0.577,100.0,0.0,1.9386592
2024-05-25 02:00:00+00:00,0.198,-1.027,100.0,0.0,2.3051248
2024-05-25 03:00:00+00:00,0.199,-1.177,100.0,0.0,2.9024127
2024-05-25 04:00:00+00:00,0.199,-1.427,100.0,0.0,3.396233
2024-05-25 05:00:00+00:00,0.199,-1.577,100.0,0.0,3.319036
2024-05-25 06:00:00+00:00,0.199,-2.227,100.0,0.0,4.1046314
2024-05-25 07:00:00+00:00,0.199,-2.677,100.0,0.0,3.6179552
2024-05-25 08:00:00+00:00,0.199,-3.427,100.0,0.0,3.4152596
2024-05-25 09:00:00+00:00,0.199,-4.0270004,100.0,0.0,3.219938
2024-05-25 10:00:00+00:00,0.199,-4.477,100.0,0.0,3.219938
2024-05-25 11:00:00+00:00,0.199,-4.227,100.0,0.0,2.9024127
2024-05-25 12:00:00+00:00,0.199,-4.227,100.0,0.0,2.9024127
2024-05-25 13:00:00+00:00,0.2,-4.877,100.0,0.0,1.9386592
2024-05-25 14:00:00+00:00,0.199,-5.0270004,100.0,0.0,1.9386592
2024-05-25 15:00:00+00:00,0.199,-4.477,100.0,0.0,1.609969
2024-05-25 16:00:00+00:00,0.199,-3.277,100.0,0.0,1.08
2024-05-25 17:00:00+00:00,0.199,-1.577,95.0,0.0,0.8049845
2024-05-25 18:00:00+00:00,0.199,0.073,89.0,0.0,1.0182338
2024-05-25 19:00:00+00:00,0.199,0.673,88.0,0.0,1.2979984
2024-05-25 20:00:00+00:00,0.2,0.373,90.0,0.0,2.2768397
2024-05-25 21:00:00+00:00,0.2,-0.477,93.0,0.0,2.52
2024-05-25 22:00:00+00:00,0.2,-1.177,95.0,0.0,2.1897945
2024-05-25 23:00:00+00:00,0.2,-2.077,99.0,0.0,2.4149535
2024-05-26 00:00:00+00:00,0.2,-2.077,100.0,0.0,1.0182338
2024-05-26 01:00:00+00:00,0.201,-3.127,100.0,0.0,1.9386592
2024-05-26 02:00:00+00:00,0.201,-3.527,100.0,0.0,2.16
2024-05-26 03:00:00+00:00,0.201,-3.9269998,100.0,0.0,2.0991426
2024-05-26 04:00:00+00:00,0.201,-3.627,100.0,0.0,2.5959969
2024-05-26 05:00:00+00:00,0.201,-2.977,100.0,0.0,2.7416782
2024-05-26 06:00:00+00:00,0.201,-2.227,100.0,0.0,2.9024127
2024-05-26 07:00:00+00:00,0.201,-1.8269999,100.0,0.0,3.219938
2024-05-26 08:00:00+00:00,0.201,-1.627,100.0,0.0,3.219938
2024-05-26 09:00:00+00:00,0.201,-1.527,100.0,0.0,3.5455887
2024-05-26 10:00:00+00:00,0.202,-1.577,100.0,0.0,3.219938
2024-05-26 11:00:00+00:00,0.202,-1.527,100.0,0.0,3.219938
2024-05-26 12:00:00+00:00,0.202,-1.277,99.0,0.0,3.319036
2024-05-26 13:00:00+00:00,0.202,-1.477,100.0,0.0,2.5455842
2024-05-26 14:00:00+00:00,0.202,-1.277,100.0,0.0,1.4399999
2024-05-26 15:00:00+00:00,0.202,-0.427,97.0,0.0,0.8049845
2024-05-26 16:00:00+00:00,0.202,0.273,93.0,0.0,0.5091169
2024-05-26 17:00:00+00:00,0.202,0.823,88.0,0.0,0.71999997
2024-05-26 18:00:00+00:00,0.202,1.073,86.0,0.0,1.1384199
2024-05-26 19:00:00+00:00,0.202,1.023,84.0,0.0,1.1384199
2024-05-26 20:00:00+00:00,0.202,0.773,85.0,0.0,2.6208394
2024-05-26 21:00:00+00:00,0.202,0.323,89.0,0.0,1.484318
2024-05-26 22:00:00+00:00,0.202,0.122999996,88.0,0.0,0.35999998
2024-05-26 23:00:00+00:00,0.203,0.073,87.0,0.0,1.484318
2024-05-27 00:00:00+00:00,0.203,-0.577,90.0,0.0,2.2768397
2024-05-27 01:00:00+00:00,0.203,-0.627,92.0,0.0,3.7585104
2024-05-27 02:00:00+00:00,0.203,-0.727,93.0,0.0,3.9763298
2024-05-27 03:00:00+00:00,0.203,-0.827,94.0,0.0,4.6938252
2024-05-27 04:00:00+00:00,0.203,-0.827,94.0,0.0,5.0528407
2024-05-27 05:00:00+00:00,0.203,-1.077,93.0,0.0,5.4119864
2024-05-27 06:00:00+00:00,0.203,-1.577,91.0,0.0,5.937272
2024-05-27 07:00:00+00:00,0.203,-1.627,91.0,0.0,5.4833565
2024-05-27 08:00:00+00:00,0.203,-1.777,91.0,0.0,5.154415
2024-05-27 09:00:00+00:00,0.203,-2.027,92.0,0.0,4.3498964
2024-05-27 10:00:00+00:00,0.203,-2.527,95.0,0.0,3.396233
2024-05-27 11:00:00+00:00,0.203,-3.177,97.0,0.0,2.5959969
2024-05-27 12:00:00+00:00,0.203,-3.427,99.0,0.0,3.8268526
2024-05-27 13:00:00+00:00,0.204,-3.677,100.0,0.0,2.5959969
2024-05-27 14:00:00+00:00,0.204,-3.227,97.0,0.0,1.2979984
2024-05-27 15:00:00+00:00,0.204,-2.027,93.0,0.0,0.35999998
2024-05-27 16:00:00+00:00,0.203,-1.077,91.0,0.0,1.609969
2024-05-27 17:00:00+00:00,0.203,-0.32700002,85.0,0.0,1.5273507
2024-05-27 18:00:00+00:00,0.203,0.223,80.0,0.0,0.8049845
2024-05-27 19:00:00+00:00,0.203,0.223,82.0,0.0,1.2979984
2024-05-27 20:00:00+00:00,0.203,0.073,84.0,0.0,1.9386592
2024-05-27 21:00:00+00:00,0.203,-0.477,88.0,0.0,2.3051248
2024-05-27 22:00:00+00:00,0.204,-1.077,91.0,0.0,2.8116899
2024-05-27 23:00:00+00:00,0.204,-1.627,93.0,0.0,1.835647
2024-05-28 00:00:00+00:00,0.204,-1.477,92.0,0.0,2.3051248
2024-05-28 01:00:00+00:00,0.204,-1.627,92.0,0.1,2.8116899
2024-05-28 02:00:00+00:00,0.204,-1.8269999,92.0,0.1,1.484318
2024-05-28 03:00:00+00:00,0.204,-2.127,92.0,0.0,0.71999997
2024-05-28 04:00:00+00:00,0.204,-2.277,93.0,0.0,0.5091169
2024-05-28 05:00:00+00:00,0.204,-2.627,94.0,0.0,1.0182338
2024-05-28 06:00:00+00:00,0.204,-4.677,95.0,0.0,2.7416782
2024-05-28 07:00:00+00:00,0.204,-5.127,94.0,0.0,2.5959969
2024-05-28 08:00:00+00:00,0.204,-5.127,95.0,0.0,1.609969
2024-05-28 09:00:00+00:00,0.204,-4.8269997,95.0,0.0,1.1384199
2024-05-28 10:00:00+00:00,0.204,-4.5769997,95.0,0.0,1.08
2024-05-28 11:00:00+00:00,0.204,-4.927,94.0,0.0,2.8116899
2024-05-28 12:00:00+00:00,0.204,-6.5769997,94.0,0.0,3.8268526
2024-05-28 13:00:00+00:00,0.204,-6.977,92.0,0.0,3.8773184
2024-05-28 14:00:00+00:00,0.204,-6.227,90.0,0.0,3.9763298
2024-05-28 15:00:00+00:00,0.204,-4.727,88.0,0.0,4.73506
2024-05-28 16:00:00+00:00,0.204,-2.777,84.0,0.0,6.12
2024-05-28 17:00:00+00:00,0.204,-1.377,81.0,0.0,5.904439
2024-05-28 18:00:00+00:00,0.204,-0.277,80.0,0.0,7.127636
2024-05-28 19:00:00+00:00,0.207,-0.07699999,83.0,0.1,5.6920996
2024-05-28 20:00:00+00:00,0.206,-0.627,93.0,0.8,6.28713
2024-05-28 21:00:00+00:00,0.206,0.023000002,86.0,0.7,8.714677
2024-05-28 22:00:00+00:00,0.205,0.773,83.0,0.4,11.384198
2024-05-28 23:00:00+00:00,0.205,0.823,87.0,0.2,13.608762
2024-05-29 00:00:00+00:00,0.206,1.223,89.0,0.2,11.525623
2024-05-29 01:00:00+00:00,0.207,1.323,91.0,0.3,12.313894
2024-05-29 02:00:00+00:00,0.208,1.623,93.0,0.5,13.830749
2024-05-29 03:00:00+00:00,0.215,1.923,94.0,0.7,14.565548
2024-05-29 04:00:00+00:00,0.232,2.223,94.0,0.6,15.021105
2024-05-29 05:00:00+00:00,0.253,2.473,94.0,0.6,14.512064
2024-05-29 06:00:00+00:00,0.292,2.373,95.0,1.0,11.183201
2024-05-29 07:00:00+00:00,0.309,2.523,94.0,1.1,10.931203
2024-05-29 08:00:00+00:00,0.316,2.323,93.0,0.9,11.928989
2024-05-29 09:00:00+00:00,0.322,2.073,93.0,1.1,9.885262
2024-05-29 10:00:00+00:00,0.341,1.773,95.0,1.7,10.587917
2024-05-29 11:00:00+00:00,0.353,1.273,97.0,2.3,11.928989
2024-05-29 12:00:00+00:00,0.341,2.273,94.0,2.1,12.245294
2024-05-29 13:00:00+00:00,0.332,2.1729999,94.0,1.1,12.964998
2024-05-29 14:00:00+00:00,0.322,2.523,92.0,0.3,12.979984
2024-05-29 15:00:00+00:00,0.316,3.223,88.0,0.0,13.084402
2024-05-29 16:00:00+00:00,0.308,4.023,85.0,0.0,13.397612
2024-05-29 17:00:00+00:00,0.301,4.7229996,82.0,0.0,13.684735
2024-05-29 18:00:00+00:00,0.296,4.6730003,81.0,0.0,15.226764
2024-05-29 19:00:00+00:00,0.292,4.873,75.0,0.0,16.56
2024-05-29 20:00:00+00:00,0.288,4.323,74.0,0.0,17.015474
2024-05-29 21:00:00+00:00,0.285,3.323,78.0,0.0,16.09969
2024-05-29 22:00:00+00:00,0.283,2.523,79.0,0.0,14.917212
2024-05-29 23:00:00+00:00,0.281,2.023,80.0,0.0,14.799459
2024-05-30 00:00:00+00:00,0.28,1.723,83.0,0.0,15.496736
2024-05-30 01:00:00+00:00,0.278,1.773,82.0,0.0,16.575644
2024-05-30 02:00:00+00:00,0.276,1.423,80.0,0.0,16.039202
2024-05-30 03:00:00+00:00,0.275,1.073,82.0,0.0,13.556282
2024-05-30 04:00:00+00:00,0.274,1.073,83.0,0.0,12.144331
2024-05-30 05:00:00+00:00,0.273,1.273,82.0,0.0,11.367109
2024-05-30 06:00:00+00:00,0.275,0.923,87.0,0.0,14.417988
2024-05-30 07:00:00+00:00,0.275,0.823,87.0,0.0,13.722565
2024-05-30 08:00:00+00:00,0.274,0.623,88.0,0.0,13.684735
2024-05-30 09:00:00+00:00,0.274,0.673,87.0,0.0,12.605142
2024-05-30 10:00:00+00:00,0.274,0.723,86.0,0.0,12.6462
2024-05-30 11:00:00+00:00,0.274,0.523,84.0,0.0,11.928989
2024-05-30 12:00:00+00:00,0.273,0.17300001,86.0,0.0,12.620554
2024-05-30 13:00:00+00:00,0.273,-0.07699999,86.0,0.0,10.853866
2024-05-30 14:00:00+00:00,0.272,0.223,85.0,0.0,10.105681
2024-05-30 15:00:00+00:00,0.272,1.273,82.0,0.0,10.805999
2024-05-30 16:00:00+00:00,0.27,2.273,81.0,0.0,12.245294
2024-05-30 17:00:00+00:00,0.269,2.973,76.0,0.0,13.722565
2024-05-30 18:00:00+00:00,0.267,3.973,61.0,0.0,19.914217
2024-05-30 19:00:00+00:00,0.265,3.473,64.0,0.0,17.902534
2024-05-30 20:00:00+00:00,0.265,2.273,73.0,0.0,14.154915
2024-05-30 21:00:00+00:00,0.265,1.373,80.0,0.0,12.24
2024-05-30 22:00:00+00:00,0.265,0.923,83.0,0.0,11.542478
2024-05-30 23:00:00+00:00,0.265,0.723,83.0,0.0,10.805999
2024-05-31 00:00:00+00:00,0.259,-0.07699999,84.0,0.0,10.105681
2024-05-31 01:00:00+00:00,0.259,-0.32700002,86.0,0.0,9.779817
2024-05-31 02:00:00+00:00,0.259,-0.677,86.0,0.0,9.779817
2024-05-31 03:00:00+00:00,0.259,-0.77699995,86.0,0.0,10.538843
2024-05-31 04:00:00+00:00,0.259,-0.827,85.0,0.0,10.495713
2024-05-31 05:00:00+00:00,0.259,-1.227,87.0,0.0,9.0645685
2024-05-31 06:00:00+00:00,0.259,-1.377,90.0,0.0,8.707238
2024-05-31 07:00:00+00:00,0.259,-1.8269999,91.0,0.0,7.5685663
2024-05-31 08:00:00+00:00,0.259,-2.377,92.0,0.0,6.519877
2024-05-31 09:00:00+00:00,0.259,-2.827,94.0,0.0,5.8048253
2024-05-31 10:00:00+00:00,0.259,-3.277,96.0,0.0,5.154415
2024-05-31 11:00:00+00:00,0.259,-4.127,99.0,0.0,4.6102495
2024-05-31 12:00:00+00:00,0.259,-4.3269997,99.0,0.0,4.3349743
2024-05-31 13:00:00+00:00,0.259,-4.5270004,98.0,0.0,3.8268526
2024-05-31 14:00:00+00:00,0.259,-4.477,99.0,0.0,3.5455887
2024-05-31 15:00:00+00:00,0.259,-3.877,97.0,0.0,1.8
2024-05-31 16:00:00+00:00,0.259,-1.777,92.0,0.0,1.8
2024-05-31 17:00:00+00:00,0.258,-0.127,83.0,0.0,2.1897945
2024-05-31 18:00:00+00:00,0.258,0.673,81.0,0.0,0.5091169
2024-05-31 19:00:00+00:00,0.258,0.823,83.0,0.0,0.0
2024-05-31 20:00:00+00:00,0.258,0.573,82.0,0.0,0.5091169
2024-05-31 21:00:00+00:00,0.258,-0.127,84.0,0.0,1.609969
2024-05-31 22:00:00+00:00,0.258,-1.477,90.0,0.0,3.6179552
2024-05-31 23:00:00+00:00,0.258,-3.527,99.0,0.0,4.0249224
2024-06-01 00:00:00+00:00,0.258,-4.227,100.0,0.0,3.4152596
2024-06-01 01:00:00+00:00,0.258,-4.477,99.0,0.0,3.319036
2024-06-01 02:00:00+00:00,0.258,-4.727,99.0,0.0,3.671294
2024-06-01 03:00:00+00:00,0.258,-5.0270004,99.0,0.0,3.671294
2024-06-01 04:00:00+00:00,0.258,-5.2770004,99.0,0.0,3.7585104
2024-06-01 05:00:00+00:00,0.258,-5.677,100.0,0.0,3.7585104
2024-06-01 06:00:00+00:00,0.258,-5.877,100.0,0.0,3.563818
2024-06-01 07:00:00+00:00,0.258,-5.877,100.0,0.0,3.563818
2024-06-01 08:00:00+00:00,0.258,-5.977,100.0,0.0,3.6
2024-06-01 09:00:00+00:00,0.258,-6.0270004,100.0,0.0,3.5455887
2024-06-01 10:00:00+00:00,0.258,-6.127,100.0,0.0,4.2136917
2024-06-01 11:00:00+00:00,0.258,-6.0769997,99.0,0.0,4.6800003
2024-06-01 12:00:00+00:00,0.258,-5.877,99.0,0.0,4.896529
2024-06-01 13:00:00+00:00,0.258,-5.5769997,99.0,0.0,5.1544156
2024-06-01 14:00:00+00:00,0.258,-4.677,97.0,0.0,5.0911684
2024-06-01 15:00:00+00:00,0.258,-3.127,93.0,0.0,5.04
2024-06-01 16:00:00+00:00,0.258,-1.427,90.0,0.0,5.3999996
2024-06-01 17:00:00+00:00,0.257,0.122999996,87.0,0.0,5.3999996
2024-06-01 18:00:00+00:00,0.257,0.773,84.0,0.0,5.0528407
2024-06-01 19:00:00+00:00,0.257,1.173,84.0,0.0,5.0528407
2024-06-01 20:00:00+00:00,0.257,0.873,86.0,0.0,5.0528407
2024-06-01 21:00:00+00:00,0.257,0.122999996,89.0,0.0,5.1544156
2024-06-01 22:00:00+00:00,0.257,-0.527,91.0,0.0,5.1544156
2024-06-01 23:00:00+00:00,0.257,-1.127,93.0,0.0,5.7599998
2024-06-02 00:00:00+00:00,0.257,-2.177,93.0,0.0,6.519877
2024-06-02 01:00:00+00:00,0.257,-2.527,94.0,0.0,5.4119864
2024-06-02 02:00:00+00:00,0.257,-2.627,94.0,0.0,5.3999996
2024-06-02 03:00:00+00:00,0.257,-2.727,94.0,0.0,5.3999996
2024-06-02 04:00:00+00:00,0.257,-2.827,95.0,0.0,5.4119864
2024-06-02 05:00:00+00:00,0.257,-2.827,95.0,0.0,5.0911684
2024-06-02 06:00:00+00:00,0.257,-3.127,95.0,0.0,6.4799995
2024-06-02 07:00:00+00:00,0.257,-3.677,97.0,0.0,6.162207
2024-06-02 08:00:00+00:00,0.257,-4.0769997,97.0,0.0,5.937272
2024-06-02 09:00:00+00:00,0.257,-4.427,98.0,0.0,5.5887027
2024-06-02 10:00:00+00:00,0.257,-4.5769997,98.0,0.0,6.2145634
2024-06-02 11:00:00+00:00,0.257,-4.427,97.0,0.0,6.5693827
2024-06-02 12:00:00+00:00,0.257,-4.8269997,98.0,0.0,4.32
2024-06-02 13:00:00+00:00,0.257,-5.0769997,99.0,0.0,5.0528407
2024-06-02 14:00:00+00:00,0.257,-4.5769997,99.0,0.0,4.802999
2024-06-02 15:00:00+00:00,0.257,-3.027,94.0,0.0,5.0528407
2024-06-02 16:00:00+00:00,0.257,-0.627,87.0,0.0,6.130579
2024-06-02 17:00:00+00:00,0.256,1.373,85.0,0.0,8.669949
2024-06-02 18:00:00+00:00,0.256,2.223,85.0,0.0,9.605998
2024-06-02 19:00:00+00:00,0.257,2.373,89.0,0.0,11.792404
2024-06-02 20:00:00+00:00,0.257,2.073,91.0,0.0,12.849528
2024-06-02 21:00:00+00:00,0.257,1.673,91.0,0.0,14.241629
2024-06-02 22:00:00+00:00,0.257,1.473,91.0,0.0,15.315873
2024-06-02 23:00:00+00:00,0.257,1.473,90.0,0.0,15.7908325
2024-06-03 00:00:00+00:00,0.256,1.073,88.0,0.0,17.992796
2024-06-03 01:00:00+00:00,0.256,1.123,88.0,0.0,18.11841
2024-06-03 02:00:00+00:00,0.256,0.973,89.0,0.0,17.58481
2024-06-03 03:00:00+00:00,0.256,0.923,90.0,0.0,18.057508
2024-06-03 04:00:00+00:00,0.256,0.923,90.0,0.0,19.008547
2024-06-03 05:00:00+00:00,0.256,1.073,90.0,0.0,19.995398
2024-06-03 06:00:00+00:00,0.256,0.623,89.0,0.0,17.727943
2024-06-03 07:00:00+00:00,0.256,0.873,90.0,0.0,17.58481
2024-06-03 08:00:00+00:00,0.256,1.023,90.0,0.0,17.654688
2024-06-03 09:00:00+00:00,0.256,1.223,88.0,0.0,17.992796
2024-06-03 10:00:00+00:00,0.256,1.123,88.0,0.0,17.114204
2024-06-03 11:00:00+00:00,0.256,1.123,90.0,0.0,16.854767
2024-06-03 12:00:00+00:00,0.256,1.123,91.0,0.0,14.458382
2024-06-03 13:00:00+00:00,0.256,1.173,91.0,0.0,14.799459
2024-06-03 14:00:00+00:00,0.256,1.273,90.0,0.0,12.864649
2024-06-03 15:00:00+00:00,0.256,1.673,89.0,0.0,12.864649
2024-06-03 16:00:00+00:00,0.259,2.423,87.0,0.0,14.241629
2024-06-03 17:00:00+00:00,0.261,2.823,86.0,0.0,14.241629
2024-06-03 18:00:00+00:00,0.26,3.023,84.0,0.0,14.145756
2024-06-03 19:00:00+00:00,0.258,2.923,85.0,0.0,12.9249525
2024-06-03 20:00:00+00:00,0.257,2.273,89.0,0.0,10.239453
2024-06-03 21:00:00+00:00,0.257,1.823,91.0,0.0,9.007196
2024-06-03 22:00:00+00:00,0.257,1.523,92.0,0.0,7.5599995
2024-06-03 23:00:00+00:00,0.257,1.223,93.0,0.0,6.489992
2024-06-04 00:00:00+00:00,0.256,1.073,92.0,0.0,6.130579
2024-06-04 01:00:00+00:00,0.256,0.823,93.0,0.0,5.0528407
2024-06-04 02:00:00+00:00,0.256,0.573,94.0,0.0,3.96
2024-06-04 03:00:00+00:00,0.256,0.273,95.0,0.0,2.9024127
2024-06-04 04:00:00+00:00,0.256,-0.07699999,96.0,0.0,2.4149535
2024-06-04 05:00:00+00:00,0.256,-0.527,99.0,0.0,2.9024127
2024-06-04 06:00:00+00:00,0.256,-1.977,99.0,0.0,3.7585104
2024-06-04 07:00:00+00:00,0.256,-1.927,97.0,0.0,3.7064266
2024-06-04 08:00:00+00:00,0.256,-1.627,93.0,0.0,3.8939953
2024-06-04 09:00:00+00:00,0.256,-1.277,91.0,0.0,3.0758414
2024-06-04 10:00:00+00:00,0.256,-0.877,91.0,0.1,2.9024127
2024-06-04 11:00:00+00:00,0.255,-0.727,93.0,0.1,2.8116899
2024-06-04 12:00:00+00:00,0.255,-0.677,94.0,0.2,2.2768397
2024-06-04 13:00:00+00:00,0.255,-0.627,96.0,0.2,2.7416782
2024-06-04 14:00:00+00:00,0.255,-0.427,96.0,0.2,3.0758414
2024-06-04 15:00:00+00:00,0.256,-0.127,96.0,0.1,2.6208394
2024-06-04 16:00:00+00:00,0.257,0.122999996,96.0,0.2,2.52
2024-06-04 17:00:00+00:00,0.258,0.623,95.0,0.1,2.4149535
2024-06-04 18:00:00+00:00,0.256,0.523,94.0,0.0,2.1897945
2024-06-04 19:00:00+00:00,0.256,0.523,95.0,0.0,1.484318
2024-06-04 20:00:00+00:00,0.255,0.473,96.0,0.0,1.4399999
2024-06-04 21:00:00+00:00,0.255,0.273,96.0,0.0,2.7416782
2024-06-04 22:00:00+00:00,0.255,0.073,97.0,0.0,3.2599385
2024-06-04 23:00:00+00:00,0.255,-0.17699999,97.0,0.0,3.2399998
2024-06-05 00:00:00+00:00,0.255,-0.627,97.0,0.0,3.671294
2024-06-05 01:00:00+00:00,0.255,-0.877,96.0,0.0,3.9763298
2024-06-05 02:00:00+00:00,0.255,-1.127,96.0,0.0,3.96
2024-06-05 03:00:00+00:00,0.255,-1.677,96.0,0.0,3.6
2024-06-05 04:00:00+00:00,0.255,-2.127,96.0,0.0,3.6
2024-06-05 05:00:00+00:00,0.255,-2.277,96.0,0.0,3.319036
2024-06-05 06:00:00+00:00,0.255,-3.127,97.0,0.0,3.319036
2024-06-05 07:00:00+00:00,0.255,-3.477,98.0,0.0,2.4149535
2024-06-05 08:00:00+00:00,0.255,-3.827,98.0,0.0,2.0364676
2024-06-05 09:00:00+00:00,0.255,-4.227,100.0,0.0,1.835647
2024-06-05 10:00:00+00:00,0.255,-4.5769997,100.0,0.0,2.1897945
2024-06-05 11:00:00+00:00,0.254,-5.3269997,100.0,0.0,3.7585104
2024-06-05 12:00:00+00:00,0.254,-6.427,99.0,0.0,3.4152596
2024-06-05 13:00:00+00:00,0.254,-6.927,99.0,0.0,2.968636
2024-06-05 14:00:00+00:00,0.254,-6.8269997,98.0,0.0,3.4152596
2024-06-05 15:00:00+00:00,0.254,-5.477,92.0,0.0,2.6208394
2024-06-05 16:00:00+00:00,0.254,-3.577,88.0,0.0,1.835647
2024-06-05 17:00:00+00:00,0.254,-1.977,86.0,0.0,0.5091169
2024-06-05 18:00:00+00:00,0.253,-1.027,85.0,0.0,1.2979984
2024-06-05 19:00:00+00:00,0.253,-0.827,84.0,0.0,2.6208394
2024-06-05 20:00:00+00:00,0.253,-1.077,82.0,0.0,2.5959969
2024-06-05 21:00:00+00:00,0.253,-1.527,82.0,0.0,2.0991426
2024-06-05 22:00:00+00:00,0.253,-1.8269999,82.0,0.0,1.484318
2024-06-05 23:00:00+00:00,0.253,-2.227,84.0,0.0,1.5273507
2024-06-06 00:00:00+00:00,0.253,-2.627,85.0,0.0,1.08
2024-06-06 01:00:00+00:00,0.253,-3.127,86.0,0.0,1.835647
2024-06-06 02:00:00+00:00,0.253,-3.527,88.0,0.0,1.9386592
2024-06-06 03:00:00+00:00,0.253,-3.9269998,88.0,0.0,2.0364676
2024-06-06 04:00:00+00:00,0.253,-4.5270004,90.0,0.0,2.6208394
2024-06-06 05:00:00+00:00,0.253,-4.877,91.0,0.0,2.4149535
2024-06-06 06:00:00+00:00,0.253,-5.2770004,89.0,0.0,2.6208394
2024-06-06 07:00:00+00:00,0.253,-6.0270004,92.0,0.0,3.2599385
2024-06-06 08:00:00+00:00,0.253,-6.8269997,94.0,0.0,2.9024127
2024-06-06 09:00:00+00:00,0.253,-7.477,95.0,0.0,2.6208394
2024-06-06 10:00:00+00:00,0.253,-7.977,96.0,0.0,2.1897945
2024-06-06 11:00:00+00:00,0.253,-8.127,95.0,0.0,1.484318
2024-06-06 12:00:00+00:00,0.253,-7.477,96.0,0.0,1.4399999
2024-06-06 13:00:00+00:00,0.253,-7.2770004,94.0,0.0,1.835647
2024-06-06 14:00:00+00:00,0.253,-6.727,92.0,0.0,2.5455842
2024-06-06 15:00:00+00:00,0.253,-5.627,90.0,0.0,1.835647
2024-06-06 16:00:00+00:00,0.253,-4.0769997,88.0,0.0,2.3051248
2024-06-06 17:00:00+00:00,0.253,-2.677,87.0,0.0,2.3051248
2024-06-06 18:00:00+00:00,0.253,-1.577,89.0,0.0,2.4149535
2024-06-06 19:00:00+00:00,0.253,-1.427,90.0,0.0,1.1384199
2024-06-06 20:00:00+00:00,0.253,-1.627,92.0,0.1,0.5091169
2024-06-06 21:00:00+00:00,0.253,-1.777,94.0,0.1,1.1384199
2024-06-06 22:00:00+00:00,0.253,-1.977,96.0,0.1,1.609969
2024-06-06 23:00:00+00:00,0.253,-2.127,97.0,0.1,1.609969
2024-06-07 00:00:00+00:00,0.253,-2.427,97.0,0.1,1.5273507
2024-06-07 01:00:00+00:00,0.253,-2.477,97.0,0.1,1.609969
2024-06-07 02:00:00+00:00,0.253,-2.477,97.0,0.1,1.835647
2024-06-07 03:00:00+00:00,0.253,-2.327,97.0,0.1,1.8
2024-06-07 04:00:00+00:00,0.253,-2.127,97.0,0.1,1.609969
2024-06-07 05:00:00+00:00,0.253,-1.977,98.0,0.1,1.9386592
2024-06-07 06:00:00+00:00,0.253,-1.377,98.0,0.1,2.9024127
2024-06-07 07:00:00+00:00,0.253,-1.327,98.0,0.0,3.2599385
2024-06-07 08:00:00+00:00,0.253,-1.477,98.0,0.0,3.319036
2024-06-07 09:00:00+00:00,0.253,-1.577,97.0,0.0,3.6
2024-06-07 10:00:00+00:00,0.253,-1.527,97.0,0.0,3.96
2024-06-07 11:00:00+00:00,0.253,-1.477,97.0,0.0,4.379589
2024-06-07 12:00:00+00:00,0.253,-0.827,97.0,0.0,6.12
2024-06-07 13:00:00+00:00,0.253,-0.877,96.0,0.0,5.4477882
2024-06-07 14:00:00+00:00,0.253,-0.627,95.0,0.0,5.506941
2024-06-07 15:00:00+00:00,0.253,-0.02700001,95.0,0.0,5.4119864
2024-06-07 16:00:00+00:00,0.253,0.723,95.0,0.0,6.130579
2024-06-07 17:00:00+00:00,0.254,1.773,92.0,0.0,7.6367526
2024-06-07 18:00:00+00:00,0.254,1.873,95.0,0.0,6.4799995
2024-06-07 19:00:00+00:00,0.255,1.923,95.0,0.0,6.519877
2024-06-07 20:00:00+00:00,0.254,1.423,95.0,0.0,5.5887027
2024-06-07 21:00:00+00:00,0.254,1.223,94.0,0.0,5.4477882
2024-06-07 22:00:00+00:00,0.254,0.973,94.0,0.0,6.130579
2024-06-07 23:00:00+00:00,0.254,0.523,94.0,0.0,6.489992
2024-06-08 00:00:00+00:00,0.254,-0.127,93.0,0.0,5.771239
2024-06-08 01:00:00+00:00,0.254,-0.577,93.0,0.0,5.506941
2024-06-08 02:00:00+00:00,0.254,-0.977,93.0,0.0,5.6920996
2024-06-08 03:00:00+00:00,0.253,-1.377,92.0,0.0,5.4833565
2024-06-08 04:00:00+00:00,0.253,-1.727,91.0,0.0,5.3517847
2024-06-08 05:00:00+00:00,0.253,-2.127,91.0,0.0,5.0142193
2024-06-08 06:00:00+00:00,0.253,-2.827,92.0,0.0,4.1046314
2024-06-08 07:00:00+00:00,0.253,-3.327,92.0,0.0,4.0249224
2024-06-08 08:00:00+00:00,0.253,-3.877,93.0,0.0,3.8939953
2024-06-08 09:00:00+00:00,0.253,-4.377,94.0,0.0,3.8268526
2024-06-08 10:00:00+00:00,0.253,-4.8269997,94.0,0.0,3.563818
2024-06-08 11:00:00+00:00,0.253,-5.2770004,95.0,0.0,3.096837
2024-06-08 12:00:00+00:00,0.253,-5.377,94.0,0.0,3.319036
2024-06-08 13:00:00+00:00,0.253,-5.627,94.0,0.0,3.219938
2024-06-08 14:00:00+00:00,0.253,-5.677,94.0,0.0,2.9024127
2024-06-08 15:00:00+00:00,0.253,-4.677,93.0,0.0,2.6208394
2024-06-08 16:00:00+00:00,0.253,-3.127,92.0,0.0,2.6208394
2024-06-08 17:00:00+00:00,0.252,-1.777,91.0,0.0,2.6208394
2024-06-08 18:00:00+00:00,0.252,-0.77699995,86.0,0.0,2.52
2024-06-08 19:00:00+00:00,0.252,-0.677,87.0,0.0,1.8
2024-06-08 20:00:00+00:00,0.252,-1.027,86.0,0.0,1.2979984
2024-06-08 21:00:00+00:00,0.252,-1.627,88.0,0.0,1.8
2024-06-08 22:00:00+00:00,0.252,-2.777,93.0,0.0,2.9024127
2024-06-08 23:00:00+00:00,0.252,-4.177,95.0,0.0,3.0758414
2024-06-09 00:00:00+00:00,0.252,-4.727,92.0,0.0,2.9024127
2024-06-09 01:00:00+00:00,0.252,-5.227,91.0,0.0,2.7416782
2024-06-09 02:00:00+00:00,0.252,-5.677,91.0,0.0,2.968636
2024-06-09 03:00:00+00:00,0.252,-6.177,91.0,0.0,3.2399998
2024-06-09 04:00:00+00:00,0.252,-6.477,92.0,0.0,3.6
2024-06-09 05:00:00+00:00,0.252,-6.377,91.0,0.0,3.2399998
2024-06-09 06:00:00+00:00,0.252,-6.877,91.0,0.0,3.0758414
2024-06-09 07:00:00+00:00,0.252,-7.0270004,91.0,0.0,2.0991426
2024-06-09 08:00:00+00:00,0.252,-7.227,93.0,0.0,2.0991426
2024-06-09 09:00:00+00:00,0.252,-7.5270004,94.0,0.0,2.4149535
2024-06-09 10:00:00+00:00,0.252,-7.627,94.0,0.0,2.5455842
2024-06-09 11:00:00+00:00,0.252,-7.5270004,93.0,0.0,3.096837
2024-06-09 12:00:00+00:00,0.252,-8.077001,92.0,0.0,3.8939953
2024-06-09 13:00:00+00:00,0.252,-8.177,92.0,0.0,3.319036
2024-06-09 14:00:00+00:00,0.252,-8.127,93.0,0.0,2.3051248
2024-06-09 15:00:00+00:00,0.252,-7.127,93.0,0.0,2.0991426
2024-06-09 16:00:00+00:00,0.252,-5.477,92.0,0.0,2.2768397
2024-06-09 17:00:00+00:00,0.252,-3.7770002,91.0,0.0,2.5455842
2024-06-09 18:00:00+00:00,0.251,-2.777,89.0,0.0,3.2599385
2024-06-09 19:00:00+00:00,0.251,-2.477,89.0,0.0,2.6208394
2024-06-09 20:00:00+00:00,0.251,-2.777,90.0,0.0,2.2768397
2024-06-09 21:00:00+00:00,0.251,-3.327,91.0,0.0,2.1897945
2024-06-09 22:00:00+00:00,0.251,-3.977,93.0,0.0,2.9024127
2024-06-09 23:00:00+00:00,0.251,-4.727,95.0,0.0,2.9024127
2024-06-10 00:00:00+00:00,0.252,-4.5769997,95.0,0.0,2.968636
2024-06-10 01:00:00+00:00,0.252,-4.627,95.0,0.0,2.968636
2024-06-10 02:00:00+00:00,0.252,-4.677,95.0,0.0,3.0758414
2024-06-10 03:00:00+00:00,0.252,-4.677,94.0,0.0,3.219938
2024-06-10 04:00:00+00:00,0.252,-4.5769997,94.0,0.0,3.219938
2024-06-10 05:00:00+00:00,0.252,-4.5769997,94.0,0.0,3.219938
2024-06-10 06:00:00+00:00,0.252,-4.477,94.0,0.0,3.219938
2024-06-10 07:00:00+00:00,0.252,-4.5270004,94.0,0.0,3.0758414
2024-06-10 08:00:00+00:00,0.252,-4.627,94.0,0.0,2.5455842
2024-06-10 09:00:00+00:00,0.252,-4.7770004,94.0,0.0,2.52
2024-06-10 10:00:00+00:00,0.252,-5.0270004,94.0,0.0,2.52
2024-06-10 11:00:00+00:00,0.252,-5.3269997,94.0,0.0,2.52
2024-06-10 12:00:00+00:00,0.252,-5.627,96.0,0.0,2.9024127
2024-06-10 13:00:00+00:00,0.252,-5.7770004,96.0,0.0,3.219938
2024-06-10 14:00:00+00:00,0.252,-5.627,95.0,0.0,3.396233
2024-06-10 15:00:00+00:00,0.252,-4.727,94.0,0.0,3.319036
2024-06-10 16:00:00+00:00,0.251,-3.677,93.0,0.0,3.319036
2024-06-10 17:00:00+00:00,0.251,-2.727,92.0,0.0,3.671294
2024-06-10 18:00:00+00:00,0.251,-2.127,91.0,0.0,3.96
2024-06-10 19:00:00+00:00,0.251,-1.927,91.0,0.0,3.2599385
2024-06-10 20:00:00+00:00,0.251,-2.327,91.0,0.0,2.9024127
2024-06-10 21:00:00+00:00,0.251,-2.977,92.0,0.0,2.8799999
2024-06-10 22:00:00+00:00,0.251,-3.527,92.0,0.0,2.968636
2024-06-10 23:00:00+00:00,0.251,-4.0270004,92.0,0.0,2.9024127
2024-06-11 00:00:00+00:00,0.251,-4.3269997,93.0,0.0,3.0547013
2024-06-11 01:00:00+00:00,0.251,-4.677,94.0,0.0,3.096837
2024-06-11 02:00:00+00:00,0.251,-4.927,94.0,0.0,2.8116899
2024-06-11 03:00:00+00:00,0.251,-5.0769997,94.0,0.0,2.8116899
2024-06-11 04:00:00+00:00,0.251,-5.3269997,94.0,0.0,2.9024127
2024-06-11 05:00:00+00:00,0.251,-5.727,94.0,0.0,2.6208394
2024-06-11 06:00:00+00:00,0.251,-5.727,94.0,0.0,3.6179552
2024-06-11 07:00:00+00:00,0.251,-5.977,94.0,0.0,3.7585104
2024-06-11 08:00:00+00:00,0.251,-5.877,94.0,0.0,3.5455887
2024-06-11 09:00:00+00:00,0.251,-5.427,94.0,0.0,3.4152596
2024-06-11 10:00:00+00:00,0.251,-5.0270004,94.0,0.0,3.396233
2024-06-11 11:00:00+00:00,0.251,-4.877,95.0,0.0,3.2399998
2024-06-11 12:00:00+00:00,0.251,-5.227,97.0,0.0,2.6208394
2024-06-11 13:00:00+00:00,0.251,-5.0769997,96.0,0.0,3.319036
2024-06-11 14:00:00+00:00,0.251,-4.927,96.0,0.0,3.319036
2024-06-11 15:00:00+00:00,0.251,-4.3269997,96.0,0.0,3.6
2024-06-11 16:00:00+00:00,0.251,-3.377,96.0,0.0,3.671294
2024-06-11 17:00:00+00:00,0.251,-2.477,96.0,0.0,3.9763298
2024-06-11 18:00:00+00:00,0.25,-1.977,96.0,0.0,4.32
2024-06-11 19:00:00+00:00,0.25,-1.477,95.0,0.0,4.32
2024-06-11 20:00:00+00:00,0.25,-1.577,94.0,0.0,4.3349743
2024-06-11 21:00:00+00:00,0.25,-1.577,95.0,0.0,4.6938252
2024-06-11 22:00:00+00:00,0.25,-1.427,95.0,0.0,5.0528407
2024-06-11 23:00:00+00:00,0.25,-1.177,95.0,0.0,5.2416787
2024-06-12 00:00:00+00:00,0.25,-0.627,94.0,0.0,7.42159
2024-06-12 01:00:00+00:00,0.25,-0.277,93.0,0.0,8.089993
2024-06-12 02:00:00+00:00,0.25,-0.07699999,93.0,0.0,11.503113
2024-06-12 03:00:00+00:00,0.25,0.023000002,91.0,0.0,15.256526
2024-06-12 04:00:00+00:00,0.25,-0.427,88.0,0.0,16.854767
2024-06-12 05:00:00+00:00,0.25,-0.977,88.0,0.0,17.418196
2024-06-12 06:00:00+00:00,0.25,-1.227,89.0,0.0,16.327497
2024-06-12 07:00:00+00:00,0.25,-1.177,90.0,0.0,16.965895
2024-06-12 08:00:00+00:00,0.25,-1.127,90.0,0.0,16.62249
2024-06-12 09:00:00+00:00,0.25,-1.227,90.0,0.0,14.799459
2024-06-12 10:00:00+00:00,0.25,-1.227,89.0,0.0,14.799459
2024-06-12 11:00:00+00:00,0.25,-0.977,89.0,0.0,14.689589
2024-06-12 12:00:00+00:00,0.25,-0.677,91.0,0.0,13.708391
2024-06-12 13:00:00+00:00,0.25,-0.577,91.0,0.0,13.450708
2024-06-12 14:00:00+00:00,0.25,-0.677,91.0,0.0,12.0694
2024-06-12 15:00:00+00:00,0.25,-0.37699997,91.0,0.0,12.10157
2024-06-12 16:00:00+00:00,0.25,0.223,90.0,0.0,13.37825
2024-06-12 17:00:00+00:00,0.249,0.773,89.0,0.0,14.84318
2024-06-12 18:00:00+00:00,0.249,0.973,87.0,0.0,16.854767
2024-06-12 19:00:00+00:00,0.248,0.773,82.0,0.0,18.584509
2024-06-12 20:00:00+00:00,0.247,0.17300001,80.0,0.0,16.65754
2024-06-12 21:00:00+00:00,0.247,-0.577,85.0,0.0,14.145756
2024-06-12 22:00:00+00:00,0.247,-0.827,89.0,0.0,15.042659
2024-06-12 23:00:00+00:00,0.247,-0.92700005,86.0,0.0,18.584509
2024-06-13 00:00:00+00:00,0.247,-1.377,87.0,0.0,19.70815
2024-06-13 01:00:00+00:00,0.247,-1.777,87.0,0.0,19.13426
2024-06-13 02:00:00+00:00,0.247,-2.027,87.0,0.0,18.782204
2024-06-13 03:00:00+00:00,0.247,-2.127,88.0,0.0,18.0
2024-06-13 04:00:00+00:00,0.247,-1.927,87.0,0.0,18.692286
2024-06-13 05:00:00+00:00,0.247,-1.727,86.0,0.0,18.692286
2024-06-13 06:00:00+00:00,0.247,-2.077,83.0,0.0,15.941944
2024-06-13 07:00:00+00:00,0.247,-2.127,84.0,0.0,13.584932
2024-06-13 08:00:00+00:00,0.247,-2.077,86.0,0.0,12.984975
2024-06-13 09:00:00+00:00,0.247,-1.077,88.0,0.0,18.35647
2024-06-13 10:00:00+00:00,0.247,-0.477,90.0,0.1,21.407139
2024-06-13 11:00:00+00:00,0.247,0.273,90.0,0.2,25.02971
2024-06-13 12:00:00+00:00,0.247,1.723,84.0,0.1,32.76791
2024-06-13 13:00:00+00:00,0.248,1.973,86.0,0.1,33.549606
2024-06-13 14:00:00+00:00,0.253,2.1729999,89.0,0.2,31.259941
2024-06-13 15:00:00+00:00,0.284,2.223,92.0,0.5,28.694056
2024-06-13 16:00:00+00:00,0.302,2.223,89.0,1.0,25.620771
2024-06-13 17:00:00+00:00,0.304,2.723,79.0,0.2,29.69727
2024-06-13 18:00:00+00:00,0.285,3.173,65.0,0.0,34.217045
2024-06-13 19:00:00+00:00,0.277,2.423,64.0,0.0,36.04497
2024-06-13 20:00:00+00:00,0.273,1.723,63.0,0.0,36.217144
2024-06-13 21:00:00+00:00,0.27,1.373,65.0,0.0,33.68069
2024-06-13 22:00:00+00:00,0.268,1.273,67.0,0.0,34.05379
2024-06-13 23:00:00+00:00,0.266,1.223,70.0,0.0,35.80688
2024-06-14 00:00:00+00:00,0.265,1.173,75.0,0.0,37.079998
2024-06-14 01:00:00+00:00,0.263,0.823,69.0,0.0,35.705395
2024-06-14 02:00:00+00:00,0.262,0.473,69.0,0.0,37.08175
2024-06-14 03:00:00+00:00,0.26,0.223,70.0,0.0,36.001797
2024-06-14 04:00:00+00:00,0.259,-0.02700001,70.0,0.0,35.32589
2024-06-14 05:00:00+00:00,0.258,-0.227,71.0,0.0,35.309376
2024-06-14 06:00:00+00:00,0.257,-0.627,75.0,0.0,32.76791
2024-06-14 07:00:00+00:00,0.256,-0.727,74.0,0.0,32.04202
2024-06-14 08:00:00+00:00,0.255,-0.727,75.0,0.0,32.04202
2024-06-14 09:00:00+00:00,0.254,-0.727,75.0,0.0,31.319998
2024-06-14 10:00:00+00:00,0.253,-0.727,77.0,0.0,30.962095
2024-06-14 11:00:00+00:00,0.253,-0.77699995,75.0,0.0,28.449112
2024-06-14 12:00:00+00:00,0.252,-1.227,75.0,0.0,24.490587
2024-06-14 13:00:00+00:00,0.252,-1.627,79.0,0.0,21.99538
2024-06-14 14:00:00+00:00,0.252,-1.327,79.0,0.0,17.727943
2024-06-14 15:00:00+00:00,0.251,-0.92700005,80.0,0.0,16.263872
2024-06-14 16:00:00+00:00,0.251,-0.527,80.0,0.0,14.917212
2024-06-14 17:00:00+00:00,0.251,-0.32700002,81.0,0.0,15.192682
2024-06-14 18:00:00+00:00,0.251,-0.127,85.0,0.0,15.034041
2024-06-14 19:00:00+00:00,0.251,-0.127,84.0,0.0,18.792551
2024-06-14 20:00:00+00:00,0.251,-0.627,89.0,0.0,18.25026
2024-06-14 21:00:00+00:00,0.251,-0.827,88.0,0.0,18.0
2024-06-14 22:00:00+00:00,0.251,-0.977,81.0,0.0,20.674158
2024-06-14 23:00:00+00:00,0.251,-1.377,84.0,0.0,19.881649
2024-06-15 00:00:00+00:00,0.251,-1.727,88.0,0.0,18.888851
2024-06-15 01:00:00+00:00,0.251,-2.027,89.0,0.0,17.462784
2024-06-15 02:00:00+00:00,0.252,-2.427,90.0,0.0,14.440443
2024-06-15 03:00:00+00:00,0.252,-2.727,90.0,0.0,12.6462
2024-06-15 04:00:00+00:00,0.252,-2.777,89.0,0.0,12.261158
2024-06-15 05:00:00+00:00,0.253,-2.727,89.0,0.0,11.183201
2024-06-15 06:00:00+00:00,0.253,-3.277,89.0,0.0,13.004921
2024-06-15 07:00:00+00:00,0.253,-3.377,88.0,0.0,12.287555
2024-06-15 08:00:00+00:00,0.253,-3.627,86.0,0.0,11.542478
2024-06-15 09:00:00+00:00,0.253,-3.877,84.0,0.0,11.183201
2024-06-15 10:00:00+00:00,0.253,-3.977,84.0,0.0,10.853866
2024-06-15 11:00:00+00:00,0.253,-3.9269998,84.0,0.0,11.720751
2024-06-15 12:00:00+00:00,0.254,-3.727,85.0,0.0,13.138765
2024-06-15 13:00:00+00:00,0.254,-3.727,85.0,0.0,14.264361
2024-06-15 14:00:00+00:00,0.254,-3.327,85.0,0.0,14.685176
2024-06-15 15:00:00+00:00,0.254,-2.627,85.0,0.0,17.114204
2024-06-15 16:00:00+00:00,0.253,-1.377,82.0,0.0,20.176065
2024-06-15 17:00:00+00:00,0.252,-0.37699997,84.0,0.0,23.233253
2024-06-15 18:00:00+00:00,0.251,0.023000002,78.0,0.0,24.967499
2024-06-15 19:00:00+00:00,0.25,0.023000002,78.0,0.0,24.251284
2024-06-15 20:00:00+00:00,0.249,-0.577,81.0,0.0,22.104116
2024-06-15 21:00:00+00:00,0.249,-1.377,85.0,0.0,20.478907
2024-06-15 22:00:00+00:00,0.25,-1.8269999,87.0,0.0,20.345573
2024-06-15 23:00:00+00:00,0.25,-2.027,88.0,0.0,20.431387
2024-06-16 00:00:00+00:00,0.25,-2.427,88.0,0.0,19.386591
2024-06-16 01:00:00+00:00,0.251,-2.377,89.0,0.0,19.586117
2024-06-16 02:00:00+00:00,0.251,-2.377,89.0,0.0,19.242327
2024-06-16 03:00:00+00:00,0.251,-2.377,88.0,0.0,19.469975
2024-06-16 04:00:00+00:00,0.251,-2.177,88.0,0.0,21.068459
2024-06-16 05:00:00+00:00,0.251,-1.8770001,85.0,0.0,22.66857
2024-06-16 06:00:00+00:00,0.251,-1.627,83.0,0.0,24.023088
2024-06-16 07:00:00+00:00,0.251,-1.527,82.0,0.0,24.144167
2024-06-16 08:00:00+00:00,0.251,-1.427,82.0,0.0,25.38702
2024-06-16 09:00:00+00:00,0.25,-1.227,84.0,0.0,25.842384
2024-06-16 10:00:00+00:00,0.25,-0.977,85.0,0.0,26.758923
2024-06-16 11:00:00+00:00,0.25,-0.727,85.0,0.0,27.682571
2024-06-16 12:00:00+00:00,0.25,-0.477,87.0,0.0,29.175552
2024-06-16 13:00:00+00:00,0.251,-0.577,88.0,0.0,25.364037
2024-06-16 14:00:00+00:00,0.25,-0.527,81.0,0.0,24.842607
2024-06-16 15:00:00+00:00,0.249,-0.02700001,76.0,0.0,26.200977
2024-06-16 16:00:00+00:00,0.248,0.423,64.0,0.0,27.322077
2024-06-16 17:00:00+00:00,0.246,0.673,62.0,0.0,27.558228
2024-06-16 18:00:00+00:00,0.245,0.673,61.0,0.0,24.606731
2024-06-16 19:00:00+00:00,0.244,0.523,61.0,0.0,20.948164
2024-06-16 20:00:00+00:00,0.242,-0.127,64.0,0.0,18.1041
2024-06-16 21:00:00+00:00,0.242,-1.327,72.0,0.0,14.685176
2024-06-16 22:00:00+00:00,0.242,-2.227,77.0,0.0,13.039754
2024-06-16 23:00:00+00:00,0.242,-2.577,77.0,0.0,10.823973
2024-06-17 00:00:00+00:00,0.242,-3.427,80.0,0.0,9.3876505
2024-06-17 01:00:00+00:00,0.242,-4.0270004,84.0,0.0,6.87779
2024-06-17 02:00:00+00:00,0.243,-4.627,86.0,0.0,5.4477882
2024-06-17 03:00:00+00:00,0.243,-5.177,88.0,0.0,5.4477882
2024-06-17 04:00:00+00:00,0.243,-5.677,89.0,0.0,5.4833565
2024-06-17 05:00:00+00:00,0.244,-6.227,90.0,0.0,4.6938257
2024-06-17 06:00:00+00:00,0.244,-6.977,88.0,0.0,4.8965297
2024-06-17 07:00:00+00:00,0.244,-7.627,90.0,0.0,4.072935
2024-06-17 08:00:00+00:00,0.244,-8.227,91.0,0.0,3.7064266
2024-06-17 09:00:00+00:00,0.244,-8.777,93.0,0.0,3.219938
2024-06-17 10:00:00+00:00,0.244,-9.227,94.0,0.0,2.8116899
2024-06-17 11:00:00+00:00,0.245,-9.627,94.0,0.0,3.319036
2024-06-17 12:00:00+00:00,0.245,-9.777,93.0,0.0,2.4149535
2024-06-17 13:00:00+00:00,0.245,-9.977,93.0,0.0,3.0758414
2024-06-17 14:00:00+00:00,0.245,-9.827001,92.0,0.0,3.5455887
2024-06-17 15:00:00+00:00,0.245,-8.777,90.0,0.0,3.563818
2024-06-17 16:00:00+00:00,0.245,-6.977,87.0,0.0,3.8939953
2024-06-17 17:00:00+00:00,0.245,-5.227,86.0,0.0,3.319036
2024-06-17 18:00:00+00:00,0.245,-4.2770004,86.0,0.0,3.319036
2024-06-17 19:00:00+00:00,0.245,-4.0769997,87.0,0.0,3.6179552
2024-06-17 20:00:00+00:00,0.245,-4.677,89.0,0.0,4.3498964
2024-06-17 21:00:00+00:00,0.245,-5.627,89.0,0.0,4.3349743
2024-06-17 22:00:00+00:00,0.245,-6.677,90.0,0.0,4.829907
2024-06-17 23:00:00+00:00,0.245,-7.5270004,90.0,0.0,4.6800003
2024-06-18 00:00:00+00:00,0.245,-8.177,91.0,0.0,3.8939953
2024-06-18 01:00:00+00:00,0.245,-8.677,90.0,0.0,4.1046314
2024-06-18 02:00:00+00:00,0.246,-8.827001,89.0,0.0,4.3349743
2024-06-18 03:00:00+00:00,0.246,-9.127,89.0,0.0,5.0911684
2024-06-18 04:00:00+00:00,0.246,-9.177,88.0,0.0,4.8433046
2024-06-18 05:00:00+00:00,0.246,-9.177,88.0,0.0,5.3517847
2024-06-18 06:00:00+00:00,0.246,-10.177,90.0,0.0,4.3349743
2024-06-18 07:00:00+00:00,0.246,-10.277,88.0,0.0,4.5820518
2024-06-18 08:00:00+00:00,0.246,-10.477,88.0,0.0,4.8965297
2024-06-18 09:00:00+00:00,0.246,-10.527,88.0,0.0,4.829907
2024-06-18 10:00:00+00:00,0.246,-10.327001,87.0,0.0,5.154415
2024-06-18 11:00:00+00:00,0.246,-9.877,86.0,0.0,5.634891
2024-06-18 12:00:00+00:00,0.246,-10.727,88.0,0.0,5.3517847
2024-06-18 13:00:00+00:00,0.246,-10.677,88.0,0.0,5.1919937
2024-06-18 14:00:00+00:00,0.246,-10.127,88.0,0.0,5.0142193
2024-06-18 15:00:00+00:00,0.246,-8.227,85.0,0.0,5.0911684
2024-06-18 16:00:00+00:00,0.246,-5.8269997,81.0,0.0,4.68
2024-06-18 17:00:00+00:00,0.246,-4.0270004,79.0,0.0,4.802999
2024-06-18 18:00:00+00:00,0.246,-3.127,76.0,0.0,5.991594
2024-06-18 19:00:00+00:00,0.246,-3.227,77.0,0.0,5.692099
2024-06-18 20:00:00+00:00,0.246,-4.0769997,78.0,0.0,6.3690495
2024-06-18 21:00:00+00:00,0.246,-5.227,82.0,0.0,6.1305785
2024-06-18 22:00:00+00:00,0.246,-6.227,85.0,0.0,5.815978
2024-06-18 23:00:00+00:00,0.246,-6.877,85.0,0.0,5.937272
2024-06-19 00:00:00+00:00,0.246,-7.5270004,82.0,0.0,4.3349743
2024-06-19 01:00:00+00:00,0.246,-7.877,81.0,0.0,4.6938252
2024-06-19 02:00:00+00:00,0.246,-8.377,81.0,0.0,4.3349743
2024-06-19 03:00:00+00:00,0.246,-8.927,83.0,0.0,4.3349743
2024-06-19 04:00:00+00:00,0.246,-9.527,84.0,0.0,4.1046314
2024-06-19 05:00:00+00:00,0.247,-10.127,86.0,0.0,4.2136917
2024-06-19 06:00:00+00:00,0.247,-10.577001,87.0,0.0,4.3498964
2024-06-19 07:00:00+00:00,0.247,-10.977,88.0,0.0,3.8939953
2024-06-19 08:00:00+00:00,0.247,-11.527,89.0,0.0,3.8939953
2024-06-19 09:00:00+00:00,0.247,-12.077001,90.0,0.0,3.8268526
2024-06-19 10:00:00+00:00,0.247,-12.377,90.0,0.0,4.072935
2024-06-19 11:00:00+00:00,0.247,-12.577001,90.0,0.0,4.1046314
2024-06-19 12:00:00+00:00,0.247,-12.627,89.0,0.0,4.510787
2024-06-19 13:00:00+00:00,0.247,-12.727,88.0,0.0,4.0249224
2024-06-19 14:00:00+00:00,0.247,-12.427,88.0,0.0,4.198285
2024-06-19 15:00:00+00:00,0.247,-11.077001,86.0,0.0,3.8773184
2024-06-19 16:00:00+00:00,0.247,-9.277,84.0,0.0,4.379589
2024-06-19 17:00:00+00:00,0.247,-7.477,83.0,0.0,5.04
2024-06-19 18:00:00+00:00,0.246,-6.5270004,82.0,0.0,5.7599998
2024-06-19 19:00:00+00:00,0.246,-6.127,83.0,0.0,5.7599998
2024-06-19 20:00:00+00:00,0.246,-6.5769997,84.0,0.0,5.8048253
2024-06-19 21:00:00+00:00,0.247,-7.427,84.0,0.0,5.8603754
2024-06-19 22:00:00+00:00,0.247,-7.977,84.0,0.0,5.506941
2024-06-19 23:00:00+00:00,0.247,-8.527,85.0,0.0,5.0911684
2024-06-20 00:00:00+00:00,0.247,-9.277,86.0,0.0,6.130579
2024-06-20 01:00:00+00:00,0.247,-9.627,86.0,0.0,5.7599998
2024-06-20 02:00:00+00:00,0.247,-9.827001,86.0,0.0,5.4477882
2024-06-20 03:00:00+00:00,0.247,-10.027,86.0,0.0,5.506941
2024-06-20 04:00:00+00:00,0.247,-9.877,86.0,0.0,5.8048253
2024-06-20 05:00:00+00:00,0.247,-9.777,86.0,0.0,5.8048253
2024-06-20 06:00:00+00:00,0.247,-10.527,86.0,0.0,5.937272
2024-06-20 07:00:00+00:00,0.247,-10.777,87.0,0.0,5.8048253
2024-06-20 08:00:00+00:00,0.247,-10.677,87.0,0.0,5.506941
2024-06-20 09:00:00+00:00,0.247,-10.677,88.0,0.0,5.506941
2024-06-20 10:00:00+00:00,0.247,-10.727,88.0,0.0,5.506941
2024-06-20 11:00:00+00:00,0.247,-10.927,88.0,0.0,5.506941
2024-06-20 12:00:00+00:00,0.247,-11.377,90.0,0.0,6.5693827
2024-06-20 13:00:00+00:00,0.247,-11.677,90.0,0.0,5.937272
2024-06-20 14:00:00+00:00,0.247,-11.427,91.0,0.0,5.6920996
2024-06-20 15:00:00+00:00,0.247,-10.177,90.0,0.0,5.1544156
2024-06-20 16:00:00+00:00,0.247,-8.477,89.0,0.0,4.73506
2024-06-20 17:00:00+00:00,0.247,-6.977,89.0,0.0,3.9763298
2024-06-20 18:00:00+00:00,0.247,-5.877,88.0,0.0,4.68
2024-06-20 19:00:00+00:00,0.247,-5.677,89.0,0.0,4.73506
2024-06-20 20:00:00+00:00,0.247,-6.177,90.0,0.0,4.379589
2024-06-20 21:00:00+00:00,0.247,-7.0270004,91.0,0.0,3.9763298
2024-06-20 22:00:00+00:00,0.247,-7.727,92.0,0.0,3.7585104
2024-06-20 23:00:00+00:00,0.247,-8.377,93.0,0.0,3.8773184
2024-06-21 00:00:00+00:00,0.247,-9.577001,93.0,0.0,4.452954
2024-06-21 01:00:00+00:00,0.247,-9.977,92.0,0.0,4.802999
2024-06-21 02:00:00+00:00,0.248,-10.327001,92.0,0.0,4.452954
2024-06-21 03:00:00+00:00,0.248,-10.527,92.0,0.0,4.452954
2024-06-21 04:00:00+00:00,0.248,-10.477,91.0,0.0,4.73506
2024-06-21 05:00:00+00:00,0.248,-10.327001,91.0,0.0,4.802999
2024-06-21 06:00:00+00:00,0.248,-10.727,91.0,0.0,4.5536795
2024-06-21 07:00:00+00:00,0.248,-10.677,92.0,0.0,4.896529
2024-06-21 08:00:00+00:00,0.248,-10.427,92.0,0.0,4.452954
2024-06-21 09:00:00+00:00,0.248,-10.227,92.0,0.0,4.802999
2024-06-21 10:00:00+00:00,0.248,-9.977,91.0,0.0,4.802999
2024-06-21 11:00:00+00:00,0.248,-9.977,92.0,0.0,4.802999
2024-06-21 12:00:00+00:00,0.248,-9.727,93.0,0.0,5.771239
2024-06-21 13:00:00+00:00,0.248,-9.727,92.0,0.0,5.4119864
2024-06-21 14:00:00+00:00,0.248,-9.727,92.0,0.0,5.4119864
2024-06-21 15:00:00+00:00,0.248,-8.977,91.0,0.0,5.4119864
2024-06-21 16:00:00+00:00,0.248,-7.477,90.0,0.0,5.771239
2024-06-21 17:00:00+00:00,0.248,-5.977,90.0,0.0,5.8048253
2024-06-21 18:00:00+00:00,0.248,-5.0769997,90.0,0.0,4.6938252
2024-06-21 19:00:00+00:00,0.248,-5.0270004,91.0,0.0,4.73506
2024-06-21 20:00:00+00:00,0.248,-5.8269997,92.0,0.0,4.3349743
2024-06-21 21:00:00+00:00,0.248,-7.0270004,93.0,0.0,3.96
2024-06-21 22:00:00+00:00,0.248,-7.977,93.0,0.0,4.0249224
2024-06-21 23:00:00+00:00,0.248,-8.777,94.0,0.0,4.0249224
2024-06-22 00:00:00+00:00,0.248,-9.627,93.0,0.0,4.73506
2024-06-22 01:00:00+00:00,0.248,-10.177,92.0,0.0,4.802999
2024-06-22 02:00:00+00:00,0.248,-10.577001,92.0,0.0,4.2136917
2024-06-22 03:00:00+00:00,0.248,-10.977,92.0,0.0,4.3498964
2024-06-22 04:00:00+00:00,0.248,-11.327001,91.0,0.0,4.3498964
2024-06-22 05:00:00+00:00,0.248,-11.727,91.0,0.0,4.510787
2024-06-22 06:00:00+00:00,0.248,-12.227,90.0,0.0,4.896529
2024-06-22 07:00:00+00:00,0.248,-12.427,90.0,0.0,4.802999
2024-06-22 08:00:00+00:00,0.248,-12.527,91.0,0.0,4.896529
2024-06-22 09:00:00+00:00,0.248,-12.527,91.0,0.0,5.2416787
2024-06-22 10:00:00+00:00,0.248,-12.127,91.0,0.0,5.5887027
2024-06-22 11:00:00+00:00,0.248,-10.277,98.0,0.0,6.162207
2024-06-22 12:00:00+00:00,0.248,-10.427,98.0,0.0,6.87779
2024-06-22 13:00:00+00:00,0.248,-10.427,98.0,0.0,6.519877
2024-06-22 14:00:00+00:00,0.248,-9.877,98.0,0.0,6.130579
2024-06-22 15:00:00+00:00,0.248,-8.777,97.0,0.0,6.489992
2024-06-22 16:00:00+00:00,0.248,-7.2770004,95.0,0.0,6.849467
2024-06-22 17:00:00+00:00,0.248,-5.627,90.0,0.0,9.028754
2024-06-22 18:00:00+00:00,0.248,-4.877,88.0,0.0,9.826088
2024-06-22 19:00:00+00:00,0.248,-4.377,87.0,0.0,10.948973
2024-06-22 20:00:00+00:00,0.248,-4.427,86.0,0.0,11.659777
2024-06-22 21:00:00+00:00,0.248,-4.627,85.0,0.0,11.966953
2024-06-22 22:00:00+00:00,0.248,-4.5769997,85.0,0.0,12.287555
2024-06-22 23:00:00+00:00,0.248,-4.477,85.0,0.0,12.287555
2024-06-23 00:00:00+00:00,0.248,-4.977,86.0,0.0,9.779817
2024-06-23 01:00:00+00:00,0.248,-4.727,85.0,0.0,9.746631
2024-06-23 02:00:00+00:00,0.249,-4.2770004,85.0,0.0,10.440001
2024-06-23 03:00:00+00:00,0.249,-3.677,84.0,0.0,10.799999
2024-06-23 04:00:00+00:00,0.249,-3.477,85.0,0.0,10.308831
2024-06-23 05:00:00+00:00,0.249,-3.877,87.0,0.0,8.891344
2024-06-23 06:00:00+00:00,0.249,-4.927,90.0,0.0,8.557102
2024-06-23 07:00:00+00:00,0.249,-5.677,91.0,0.0,6.489992
2024-06-23 08:00:00+00:00,0.249,-6.227,91.0,0.0,6.1305785
2024-06-23 09:00:00+00:00,0.249,-6.7770004,91.0,0.0,5.634891
2024-06-23 10:00:00+00:00,0.249,-7.477,92.0,0.0,4.3498964
2024-06-23 11:00:00+00:00,0.249,-8.027,92.0,0.0,3.563818
2024-06-23 12:00:00+00:00,0.249,-8.127,95.0,0.0,2.5455842
2024-06-23 13:00:00+00:00,0.249,-9.327001,96.0,0.0,3.096837
2024-06-23 14:00:00+00:00,0.249,-10.027,98.0,0.0,3.096837
2024-06-23 15:00:00+00:00,0.249,-9.177,96.0,0.0,2.9024127
2024-06-23 16:00:00+00:00,0.249,-7.177,92.0,0.0,2.8799999
2024-06-23 17:00:00+00:00,0.249,-5.5769997,92.0,0.0,2.6208394
2024-06-23 18:00:00+00:00,0.249,-4.427,90.0,0.0,2.9024127
2024-06-23 19:00:00+00:00,0.249,-4.2770004,91.0,0.0,2.968636
2024-06-23 20:00:00+00:00,0.249,-4.927,90.0,0.0,3.096837
2024-06-23 21:00:00+00:00,0.249,-5.8269997,90.0,0.0,2.5959969
2024-06-23 22:00:00+00:00,0.249,-6.427,91.0,0.0,2.4149535
2024-06-23 23:00:00+00:00,0.249,-7.0769997,92.0,0.0,2.4149535
2024-06-24 00:00:00+00:00,0.249,-8.877,94.0,0.0,2.9024127
2024-06-24 01:00:00+00:00,0.249,-9.577001,94.0,0.0,3.096837
2024-06-24 02:00:00+00:00,0.249,-10.127,93.0,0.0,2.8116899
2024-06-24 03:00:00+00:00,0.249,-10.427,92.0,0.0,3.096837
2024-06-24 04:00:00+00:00,0.249,-10.627,91.0,0.0,3.6
2024-06-24 05:00:00+00:00,0.249,-10.777,90.0,0.0,3.7064266
2024-06-24 06:00:00+00:00,0.249,-10.227,89.0,0.0,3.4152596
2024-06-24 07:00:00+00:00,0.249,-10.377,88.0,0.0,4.2136917
2024-06-24 08:00:00+00:00,0.249,-10.427,88.0,0.0,4.5536795
2024-06-24 09:00:00+00:00,0.249,-10.427,88.0,0.0,5.0911684
2024-06-24 10:00:00+00:00,0.249,-10.327001,88.0,0.0,5.4119864
2024-06-24 11:00:00+00:00,0.249,-10.027,88.0,0.0,5.8048253
2024-06-24 12:00:00+00:00,0.249,-9.227,90.0,0.0,7.69592
2024-06-24 13:00:00+00:00,0.249,-7.927,90.0,0.0,8.557102
2024-06-24 14:00:00+00:00,0.249,-6.377,87.0,0.0,9.346143
2024-06-24 15:00:00+00:00,0.249,-4.5270004,83.0,0.0,11.620809
2024-06-24 16:00:00+00:00,0.249,-3.527,84.0,0.0,12.661564
2024-06-24 17:00:00+00:00,0.249,-3.027,86.0,0.0,13.627795
2024-06-24 18:00:00+00:00,0.249,-2.727,88.0,0.0,12.57426
2024-06-24 19:00:00+00:00,0.249,-2.427,89.0,0.0,12.144331
2024-06-24 20:00:00+00:00,0.249,-2.327,89.0,0.0,11.090103
2024-06-24 21:00:00+00:00,0.249,-2.327,89.0,0.0,9.6932955
2024-06-24 22:00:00+00:00,0.249,-2.577,88.0,0.0,8.12197
2024-06-24 23:00:00+00:00,0.249,-3.177,89.0,0.0,6.725354
2024-06-25 00:00:00+00:00,0.249,-3.127,94.0,0.0,7.172949
2024-06-25 01:00:00+00:00,0.249,-3.027,94.0,0.0,6.0347
2024-06-25 02:00:00+00:00,0.249,-2.927,94.0,0.0,5.5887027
2024-06-25 03:00:00+00:00,0.249,-3.277,92.0,0.0,5.506941
2024-06-25 04:00:00+00:00,0.249,-3.727,91.0,0.0,5.0911684
2024-06-25 05:00:00+00:00,0.249,-3.827,89.0,0.0,4.0249224
2024-06-25 06:00:00+00:00,0.249,-4.0769997,87.0,0.0,2.6208394
2024-06-25 07:00:00+00:00,0.249,-3.9269998,86.0,0.1,2.1897945
2024-06-25 08:00:00+00:00,0.249,-3.727,96.0,0.6,1.609969
2024-06-25 09:00:00+00:00,0.249,-3.877,96.0,0.1,3.4152596
2024-06-25 10:00:00+00:00,0.249,-4.677,96.0,0.0,4.198285
2024-06-25 11:00:00+00:00,0.249,-5.127,96.0,0.0,4.0249224
2024-06-25 12:00:00+00:00,0.249,-5.677,99.0,0.0,3.0547013
2024-06-25 13:00:00+00:00,0.249,-5.8269997,100.0,0.0,3.4152596
2024-06-25 14:00:00+00:00,0.249,-4.5769997,100.0,0.0,3.0758414
2024-06-25 15:00:00+00:00,0.249,-4.377,100.0,0.0,2.1897945
2024-06-25 16:00:00+00:00,0.249,-3.727,99.0,0.0,2.4149535
2024-06-25 17:00:00+00:00,0.249,-3.227,100.0,0.0,3.563818
2024-06-25 18:00:00+00:00,0.249,-2.577,100.0,0.0,4.6800003
2024-06-25 19:00:00+00:00,0.249,-2.527,98.0,0.1,4.3498964
2024-06-25 20:00:00+00:00,0.249,-2.677,97.0,0.3,3.8939953
2024-06-25 21:00:00+00:00,0.249,-2.777,96.0,0.5,3.396233
2024-06-25 22:00:00+00:00,0.249,-2.927,96.0,0.4,2.6208394
2024-06-25 23:00:00+00:00,0.249,-2.927,96.0,0.2,3.319036
2024-06-26 00:00:00+00:00,0.249,-2.677,95.0,0.0,3.6179552
2024-06-26 01:00:00+00:00,0.25,-2.577,93.0,0.0,4.3498964
2024-06-26 02:00:00+00:00,0.25,-2.527,92.0,0.0,4.0249224
2024-06-26 03:00:00+00:00,0.25,-2.627,90.0,0.0,3.096837
2024-06-26 04:00:00+00:00,0.25,-2.877,88.0,0.0,2.3051248
2024-06-26 05:00:00+00:00,0.25,-3.377,89.0,0.0,3.396233
2024-06-26 06:00:00+00:00,0.25,-3.827,90.0,0.0,4.0249224
2024-06-26 07:00:00+00:00,0.25,-4.227,91.0,0.0,3.396233
2024-06-26 08:00:00+00:00,0.25,-4.7770004,92.0,0.0,3.8268526
2024-06-26 09:00:00+00:00,0.25,-5.677,94.0,0.0,4.072935
2024-06-26 10:00:00+00:00,0.25,-6.377,94.0,0.0,4.1046314
2024-06-26 11:00:00+00:00,0.25,-6.477,93.0,0.0,4.198285
2024-06-26 12:00:00+00:00,0.25,-6.3269997,94.0,0.1,3.219938
2024-06-26 13:00:00+00:00,0.25,-6.2770004,94.0,0.1,2.6208394
2024-06-26 14:00:00+00:00,0.25,-6.177,94.0,0.2,2.3051248
2024-06-26 15:00:00+00:00,0.25,-5.177,93.0,0.2,1.08
2024-06-26 16:00:00+00:00,0.25,-3.477,91.0,0.1,2.2768397
2024-06-26 17:00:00+00:00,0.25,-2.127,90.0,0.0,2.6208394
2024-06-26 18:00:00+00:00,0.25,-0.827,85.0,0.0,1.1384199
2024-06-26 19:00:00+00:00,0.25,-0.77699995,84.0,0.0,1.1384199
2024-06-26 20:00:00+00:00,0.25,-1.277,83.0,0.0,1.08
2024-06-26 21:00:00+00:00,0.25,-1.8269999,85.0,0.0,1.8
2024-06-26 22:00:00+00:00,0.25,-2.477,88.0,0.0,1.8
2024-06-26 23:00:00+00:00,0.25,-2.977,90.0,0.0,2.6208394
2024-06-27 00:00:00+00:00,0.25,-3.327,88.0,0.0,2.3051248
2024-06-27 01:00:00+00:00,0.25,-4.3269997,88.0,0.0,4.452954
2024-06-27 02:00:00+00:00,0.25,-5.177,89.0,0.0,4.3498964
2024-06-27 03:00:00+00:00,0.25,-5.627,89.0,0.0,4.198285
2024-06-27 04:00:00+00:00,0.25,-5.977,89.0,0.0,4.072935
2024-06-27 05:00:00+00:00,0.25,-6.2770004,90.0,0.0,2.9024127
2024-06-27 06:00:00+00:00,0.25,-7.877,94.0,0.0,2.968636
2024-06-27 07:00:00+00:00,0.25,-8.527,95.0,0.0,3.319036
2024-06-27 08:00:00+00:00,0.25,-9.177,95.0,0.0,3.8773184
2024-06-27 09:00:00+00:00,0.25,-9.477,93.0,0.0,3.7064266
2024-06-27 10:00:00+00:00,0.25,-9.827001,93.0,0.0,3.5455887
2024-06-27 11:00:00+00:00,0.25,-10.127,93.0,0.0,3.4152596
2024-06-27 12:00:00+00:00,0.25,-10.277,92.0,0.0,3.219938
2024-06-27 13:00:00+00:00,0.25,-10.527,93.0,0.0,3.396233
2024-06-27 14:00:00+00:00,0.25,-10.477,93.0,0.0,3.7064266
2024-06-27 15:00:00+00:00,0.25,-9.227,91.0,0.0,2.8116899
2024-06-27 16:00:00+00:00,0.25,-7.477,90.0,0.0,2.5959969
2024-06-27 17:00:00+00:00,0.249,-5.8269997,90.0,0.0,2.4149535
2024-06-27 18:00:00+00:00,0.249,-4.727,88.0,0.0,4.452954
2024-06-27 19:00:00+00:00,0.249,-4.927,88.0,0.0,4.3349743
2024-06-27 20:00:00+00:00,0.249,-5.7770004,89.0,0.0,4.32
2024-06-27 21:00:00+00:00,0.249,-6.977,90.0,0.0,3.6
2024-06-27 22:00:00+00:00,0.249,-7.7770004,91.0,0.0,2.8799999
2024-06-27 23:00:00+00:00,0.249,-8.477,93.0,0.0,2.9024127
2024-06-28 00:00:00+00:00,0.249,-9.127,93.0,0.0,3.6179552
2024-06-28 01:00:00+00:00,0.249,-9.727,94.0,0.0,3.4152596
2024-06-28 02:00:00+00:00,0.249,-9.827001,93.0,0.0,3.319036
2024-06-28 03:00:00+00:00,0.249,-9.977,93.0,0.0,2.5455842
2024-06-28 04:00:00+00:00,0.249,-10.327001,94.0,0.0,2.0364676
2024-06-28 05:00:00+00:00,0.249,-10.527,94.0,0.0,2.3051248
2024-06-28 06:00:00+00:00,0.249,-9.777,91.0,0.0,3.219938
2024-06-28 07:00:00+00:00,0.249,-9.577001,91.0,0.0,3.0758414
2024-06-28 08:00:00+00:00,0.249,-9.377,91.0,0.0,2.8116899
2024-06-28 09:00:00+00:00,0.249,-9.477,91.0,0.0,2.5959969
2024-06-28 10:00:00+00:00,0.249,-9.777,91.0,0.0,3.319036
2024-06-28 11:00:00+00:00,0.249,-10.227,92.0,0.0,2.5959969
2024-06-28 12:00:00+00:00,0.249,-10.127,93.0,0.0,2.8116899
2024-06-28 13:00:00+00:00,0.249,-10.077001,93.0,0.0,2.8116899
2024-06-28 14:00:00+00:00,0.249,-9.427,92.0,0.0,2.9024127
2024-06-28 15:00:00+00:00,0.249,-8.227,90.0,0.0,1.5273507
2024-06-28 16:00:00+00:00,0.249,-6.8269997,90.0,0.0,1.9386592
2024-06-28 17:00:00+00:00,0.249,-5.377,90.0,0.0,1.484318
2024-06-28 18:00:00+00:00,0.249,-4.677,85.0,0.0,2.5455842
2024-06-28 19:00:00+00:00,0.249,-4.627,87.0,0.0,1.4399999
2024-06-28 20:00:00+00:00,0.249,-4.977,88.0,0.0,1.2979984
2024-06-28 21:00:00+00:00,0.249,-5.5270004,89.0,0.0,1.2979984
2024-06-28 22:00:00+00:00,0.249,-5.8269997,91.0,0.0,1.0182338
2024-06-28 23:00:00+00:00,0.249,-6.127,92.0,0.0,1.484318
2024-06-29 00:00:00+00:00,0.249,-6.127,92.0,0.0,1.835647
2024-06-29 01:00:00+00:00,0.249,-6.5769997,93.0,0.0,2.4149535
2024-06-29 02:00:00+00:00,0.249,-7.0270004,94.0,0.0,2.8116899
2024-06-29 03:00:00+00:00,0.249,-7.5769997,94.0,0.0,2.8116899
2024-06-29 04:00:00+00:00,0.249,-8.377,95.0,0.0,3.319036
2024-06-29 05:00:00+00:00,0.249,-8.977,95.0,0.0,3.563818
2024-06-29 06:00:00+00:00,0.249,-9.677,93.0,0.0,3.319036
2024-06-29 07:00:00+00:00,0.249,-10.077001,94.0,0.0,3.396233
2024-06-29 08:00:00+00:00,0.249,-10.427,94.0,0.0,3.319036
2024-06-29 09:00:00+00:00,0.249,-10.677,95.0,0.0,3.0547013
2024-06-29 10:00:00+00:00,0.249,-10.877,95.0,0.0,2.7416782
2024-06-29 11:00:00+00:00,0.249,-11.077001,95.0,0.0,2.6208394
2024-06-29 12:00:00+00:00,0.249,-10.827001,96.0,0.0,1.835647
2024-06-29 13:00:00+00:00,0.249,-11.127,96.0,0.0,2.2768397
2024-06-29 14:00:00+00:00,0.249,-10.577001,95.0,0.0,3.319036
2024-06-29 15:00:00+00:00,0.249,-9.027,93.0,0.0,2.5959969
2024-06-29 16:00:00+00:00,0.249,-7.177,91.0,0.0,2.0991426
2024-06-29 17:00:00+00:00,0.249,-5.627,91.0,0.0,2.3051248
2024-06-29 18:00:00+00:00,0.249,-4.177,91.0,0.0,3.8773184
2024-06-29 19:00:00+00:00,0.249,-4.2770004,91.0,0.0,4.452954
2024-06-29 20:00:00+00:00,0.249,-5.377,91.0,0.0,5.0911684
2024-06-29 21:00:00+00:00,0.249,-6.227,92.0,0.0,5.506941
2024-06-29 22:00:00+00:00,0.249,-6.677,92.0,0.0,5.3517847
2024-06-29 23:00:00+00:00,0.249,-6.5769997,92.0,0.0,6.193674
2024-06-30 00:00:00+00:00,0.249,-5.877,92.0,0.0,5.3999996
2024-06-30 01:00:00+00:00,0.249,-5.5769997,92.0,0.0,5.8603754
2024-06-30 02:00:00+00:00,0.249,-4.7770004,92.0,0.0,6.489992
2024-06-30 03:00:00+00:00,0.249,-4.0769997,92.0,0.0,8.891343
2024-06-30 04:00:00+00:00,0.249,-3.427,91.0,0.0,10.630672
2024-06-30 05:00:00+00:00,0.249,-3.177,92.0,0.0,12.413477
2024-06-30 06:00:00+00:00,0.249,-2.527,95.0,0.4,14.372974
2024-06-30 07:00:00+00:00,0.249,-2.027,96.0,0.9,14.685176
2024-06-30 08:00:00+00:00,0.249,-0.977,96.0,0.9,14.512064
2024-06-30 09:00:00+00:00,0.249,-0.127,97.0,1.0,17.313717
2024-06-30 10:00:00+00:00,0.249,0.122999996,96.0,0.9,18.057508
2024-06-30 11:00:00+00:00,0.249,0.073,96.0,0.6,18.36353
2024-06-30 12:00:00+00:00,0.249,0.073,96.0,0.6,18.35647
2024-06-30 13:00:00+00:00,0.249,0.17300001,97.0,0.8,17.208603
2024-06-30 14:00:00+00:00,0.249,0.423,96.0,0.9,16.071491
2024-06-30 15:00:00+00:00,0.252,0.323,97.0,0.9,13.207634
2024-06-30 16:00:00+00:00,0.257,0.223,98.0,0.7,7.145796
2024-06-30 17:00:00+00:00,0.266,0.073,98.0,0.4,7.6367526
2024-06-30 18:00:00+00:00,0.272,0.373,96.0,0.1,10.685391
2024-06-30 19:00:00+00:00,0.272,0.623,94.0,0.0,12.181625
2024-06-30 20:00:00+00:00,0.269,-0.07699999,92.0,0.0,12.979984
2024-06-30 21:00:00+00:00,0.268,-1.077,90.0,0.0,12.261158
2024-06-30 22:00:00+00:00,0.266,-1.427,89.0,0.0,11.609651
2024-06-30 23:00:00+00:00,0.265,-2.027,90.0,0.0,10.182337
2024-07-01 00:00:00+00:00,0.265,-2.027,92.0,0.0,10.495713
2024-07-01 01:00:00+00:00,0.264,-2.677,92.0,0.0,9.028754
2024-07-01 02:00:00+00:00,0.263,-3.327,93.0,0.0,7.928178
2024-07-01 03:00:00+00:00,0.262,-3.827,93.0,0.0,7.2359104
2024-07-01 04:00:00+00:00,0.262,-4.177,93.0,0.0,6.87779
2024-07-01 05:00:00+00:00,0.261,-4.2770004,93.0,0.0,7.208994
2024-07-01 06:00:00+00:00,0.261,-5.5270004,93.0,0.0,6.87779
2024-07-01 07:00:00+00:00,0.261,-5.727,93.0,0.0,7.2
2024-07-01 08:00:00+00:00,0.26,-5.927,92.0,0.0,7.928178
2024-07-01 09:00:00+00:00,0.26,-5.5769997,92.0,0.0,8.28
2024-07-01 10:00:00+00:00,0.26,-5.427,91.0,0.0,7.2
2024-07-01 11:00:00+00:00,0.26,-5.627,91.0,0.0,7.9526596
2024-07-01 12:00:00+00:00,0.259,-4.8269997,88.0,0.0,9.3876505
2024-07-01 13:00:00+00:00,0.259,-4.3269997,87.0,0.0,9.47012
2024-07-01 14:00:00+00:00,0.259,-2.827,90.0,0.0,10.538843
2024-07-01 15:00:00+00:00,0.259,-1.227,90.0,0.0,14.512064
2024-07-01 16:00:00+00:00,0.259,0.073,86.0,0.0,17.339897
2024-07-01 17:00:00+00:00,0.259,0.873,81.0,0.0,21.24
2024-07-01 18:00:00+00:00,0.261,0.773,75.0,0.0,20.188908
2024-07-01 19:00:00+00:00,0.26,0.17300001,76.0,0.0,16.62249
2024-07-01 20:00:00+00:00,0.259,-1.227,81.0,0.0,12.661564
2024-07-01 21:00:00+00:00,0.259,-2.077,81.0,0.0,10.483357
2024-07-01 22:00:00+00:00,0.259,-3.077,84.0,0.0,7.0911775
2024-07-01 23:00:00+00:00,0.258,-4.177,87.0,0.0,4.198285
2024-07-02 00:00:00+00:00,0.258,-5.377,89.0,0.0,4.3498964
2024-07-02 01:00:00+00:00,0.258,-5.877,88.0,0.0,3.6
2024-07-02 02:00:00+00:00,0.258,-6.3269997,89.0,0.0,2.5455842
2024-07-02 03:00:00+00:00,0.258,-6.727,91.0,0.0,3.7064266
2024-07-02 04:00:00+00:00,0.258,-5.127,92.0,0.0,4.73506
2024-07-02 05:00:00+00:00,0.258,-3.427,90.0,0.0,6.151683
2024-07-02 06:00:00+00:00,0.257,-5.227,93.0,0.0,3.396233
2024-07-02 07:00:00+00:00,0.257,-4.5769997,92.0,0.0,5.3999996
2024-07-02 08:00:00+00:00,0.257,-3.827,92.0,0.0,6.989936
2024-07-02 09:00:00+00:00,0.257,-3.627,92.0,0.0,6.696387
2024-07-02 10:00:00+00:00,0.257,-4.0769997,93.0,0.0,5.1919937
2024-07-02 11:00:00+00:00,0.257,-4.477,93.0,0.0,4.39436
2024-07-02 12:00:00+00:00,0.257,-4.627,94.0,0.0,4.3498964
2024-07-02 13:00:00+00:00,0.257,-5.0270004,94.0,0.0,4.198285
2024-07-02 14:00:00+00:00,0.257,-5.3269997,94.0,0.0,2.6208394
2024-07-02 15:00:00+00:00,0.257,-4.677,94.0,0.0,1.4399999
2024-07-02 16:00:00+00:00,0.257,-3.577,92.0,0.0,1.484318
2024-07-02 17:00:00+00:00,0.257,-2.777,91.0,0.0,2.3051248
2024-07-02 18:00:00+00:00,0.256,-1.577,92.0,0.0,2.4149535
2024-07-02 19:00:00+00:00,0.256,-1.927,93.0,0.0,3.7585104
2024-07-02 20:00:00+00:00,0.256,-3.477,94.0,0.0,5.04
2024-07-02 21:00:00+00:00,0.256,-5.127,94.0,0.0,5.8048253
2024-07-02 22:00:00+00:00,0.256,-6.227,93.0,0.0,6.924738
2024-07-02 23:00:00+00:00,0.256,-6.677,92.0,0.0,8.049845
2024-07-03 00:00:00+00:00,0.256,-7.0270004,92.0,0.0,8.4963045
2024-07-03 01:00:00+00:00,0.256,-5.2770004,91.0,0.0,10.144082
2024-07-03 02:00:00+00:00,0.256,-3.177,92.0,0.0,10.495713
2024-07-03 03:00:00+00:00,0.256,-2.827,93.0,0.0,8.217153
2024-07-03 04:00:00+00:00,0.256,-2.727,93.0,0.0,7.653705
2024-07-03 05:00:00+00:00,0.256,-2.227,94.0,0.1,8.209263
2024-07-03 06:00:00+00:00,0.256,-2.077,94.0,0.4,10.233123
2024-07-03 07:00:00+00:00,0.256,-1.627,95.0,0.8,8.435069
2024-07-03 08:00:00+00:00,0.255,-1.427,97.0,1.7,4.8965297
2024-07-03 09:00:00+00:00,0.255,-1.427,97.0,1.4,5.00128
2024-07-03 10:00:00+00:00,0.255,-1.227,97.0,0.9,6.989936
2024-07-03 11:00:00+00:00,0.255,-1.077,97.0,0.6,8.373386
2024-07-03 12:00:00+00:00,0.255,-1.177,97.0,1.1,6.924738
2024-07-03 13:00:00+00:00,0.255,-0.92700005,97.0,1.4,8.557102
2024-07-03 14:00:00+00:00,0.255,-0.677,97.0,1.5,9.346143
2024-07-03 15:00:00+00:00,0.255,-0.477,97.0,1.6,10.239453
2024-07-03 16:00:00+00:00,0.255,-0.32700002,96.0,1.4,10.464798
2024-07-03 17:00:00+00:00,0.255,-0.127,96.0,1.1,11.013882
2024-07-03 18:00:00+00:00,0.261,0.122999996,96.0,0.5,6.9247384
2024-07-03 19:00:00+00:00,0.262,0.273,95.0,0.1,6.193674
2024-07-03 20:00:00+00:00,0.261,-0.17699999,94.0,0.0,4.8433046
2024-07-03 21:00:00+00:00,0.26,-0.92700005,94.0,0.1,5.1919937
2024-07-03 22:00:00+00:00,0.26,-1.227,93.0,0.0,5.3517847
2024-07-03 23:00:00+00:00,0.259,-1.627,92.0,0.0,5.0142193
2024-07-04 00:00:00+00:00,0.259,-1.8770001,91.0,0.1,5.634891
2024-07-04 01:00:00+00:00,0.258,-1.577,89.0,0.0,6.439876
2024-07-04 02:00:00+00:00,0.258,-1.677,88.0,0.0,6.3690495
2024-07-04 03:00:00+00:00,0.258,-1.577,88.0,0.0,6.193674
2024-07-04 04:00:00+00:00,0.258,-1.127,89.0,0.1,6.193674
2024-07-04 05:00:00+00:00,0.257,-0.32700002,87.0,0.1,8.049845
2024-07-04 06:00:00+00:00,0.258,1.523,85.0,0.1,14.917212
2024-07-04 07:00:00+00:00,0.261,1.673,85.0,0.1,16.09969
2024-07-04 08:00:00+00:00,0.265,1.723,84.0,0.0,14.869351
2024-07-04 09:00:00+00:00,0.265,1.673,84.0,0.0,14.154915
2024-07-04 10:00:00+00:00,0.265,1.673,84.0,0.1,13.138765
2024-07-04 11:00:00+00:00,0.265,1.573,84.0,0.1,11.792404
2024-07-04 12:00:00+00:00,0.266,1.523,86.0,0.1,13.217443
2024-07-04 13:00:00+00:00,0.264,1.273,87.0,0.1,11.090103
2024-07-04 14:00:00+00:00,0.264,1.473,86.0,0.0,11.720751
2024-07-04 15:00:00+00:00,0.266,1.323,84.0,0.0,11.246759
2024-07-04 16:00:00+00:00,0.27,1.323,82.0,0.0,8.209263
2024-07-04 17:00:00+00:00,0.275,1.323,81.0,0.0,5.495161
2024-07-04 18:00:00+00:00,0.277,1.273,82.0,0.0,1.484318
2024-07-04 19:00:00+00:00,0.275,0.723,84.0,0.0,2.6208394
2024-07-04 20:00:00+00:00,0.272,-0.577,88.0,0.0,2.9024127
2024-07-04 21:00:00+00:00,0.271,-1.927,90.0,0.0,2.4149535
2024-07-04 22:00:00+00:00,0.27,-2.677,92.0,0.0,2.5455842
2024-07-04 23:00:00+00:00,0.269,-3.677,95.0,0.0,3.6179552
2024-07-05 00:00:00+00:00,0.269,-3.277,94.0,0.0,3.6
2024-07-05 01:00:00+00:00,0.268,-3.177,93.0,0.0,2.8799999
2024-07-05 02:00:00+00:00,0.268,-3.177,93.0,0.0,2.9024127
2024-07-05 03:00:00+00:00,0.267,-3.227,93.0,0.0,2.8799999
2024-07-05 04:00:00+00:00,0.267,-3.477,93.0,0.0,3.2399998
2024-07-05 05:00:00+00:00,0.267,-3.527,94.0,0.0,2.52
2024-07-05 06:00:00+00:00,0.266,-3.727,95.0,0.0,2.8116899
2024-07-05 07:00:00+00:00,0.266,-4.627,98.0,0.0,2.4149535
2024-07-05 08:00:00+00:00,0.266,-5.227,99.0,0.0,2.7416782
2024-07-05 09:00:00+00:00,0.266,-5.427,99.0,0.0,3.0758414
2024-07-05 10:00:00+00:00,0.265,-5.5769997,99.0,0.0,3.219938
2024-07-05 11:00:00+00:00,0.265,-5.8269997,99.0,0.0,3.0758414
2024-07-05 12:00:00+00:00,0.265,-6.5769997,97.0,0.0,2.7416782
2024-07-05 13:00:00+00:00,0.265,-7.127,97.0,0.0,3.0758414
2024-07-05 14:00:00+00:00,0.264,-7.0270004,97.0,0.0,2.9024127
2024-07-05 15:00:00+00:00,0.264,-5.977,95.0,0.0,2.3051248
2024-07-05 16:00:00+00:00,0.264,-4.0270004,91.0,0.0,2.0364676
2024-07-05 17:00:00+00:00,0.264,-2.727,90.0,0.0,2.4149535
2024-07-05 18:00:00+00:00,0.264,-1.8770001,89.0,0.0,2.6208394
2024-07-05 19:00:00+00:00,0.263,-1.777,91.0,0.0,2.5455842
2024-07-05 20:00:00+00:00,0.263,-2.927,93.0,0.0,3.0758414
2024-07-05 21:00:00+00:00,0.263,-4.427,96.0,0.0,2.52
2024-07-05 22:00:00+00:00,0.263,-5.627,99.0,0.0,2.4149535
2024-07-05 23:00:00+00:00,0.263,-5.7770004,100.0,0.0,2.3051248
2024-07-06 00:00:00+00:00,0.263,-7.0270004,100.0,0.0,4.0249224
2024-07-06 01:00:00+00:00,0.263,-8.527,100.0,0.0,3.319036
2024-07-06 02:00:00+00:00,0.262,-8.877,100.0,0.0,3.096837
2024-07-06 03:00:00+00:00,0.262,-8.877,100.0,0.0,2.9024127
2024-07-06 04:00:00+00:00,0.262,-8.627,100.0,0.0,3.396233
2024-07-06 05:00:00+00:00,0.262,-8.327001,100.0,0.0,3.8939953
2024-07-06 06:00:00+00:00,0.262,-8.377,100.0,0.0,5.315336
2024-07-06 07:00:00+00:00,0.262,-8.277,100.0,0.0,5.506941
2024-07-06 08:00:00+00:00,0.262,-8.477,100.0,0.0,5.0528407
2024-07-06 09:00:00+00:00,0.262,-8.827001,100.0,0.0,5.04
2024-07-06 10:00:00+00:00,0.262,-9.077001,100.0,0.0,4.73506
2024-07-06 11:00:00+00:00,0.261,-9.127,100.0,0.0,4.0249224
2024-07-06 12:00:00+00:00,0.261,-8.577001,100.0,0.0,3.8939953
2024-07-06 13:00:00+00:00,0.261,-8.627,100.0,0.0,4.6938257
2024-07-06 14:00:00+00:00,0.261,-8.177,100.0,0.0,4.198285
2024-07-06 15:00:00+00:00,0.261,-7.627,100.0,0.0,3.671294
2024-07-06 16:00:00+00:00,0.261,-7.0270004,100.0,0.0,2.1897945
2024-07-06 17:00:00+00:00,0.261,-6.5769997,100.0,0.0,2.3051248
2024-07-06 18:00:00+00:00,0.261,-6.2770004,100.0,0.0,3.0547013
2024-07-06 19:00:00+00:00,0.261,-6.0270004,98.0,0.0,2.7416782
2024-07-06 20:00:00+00:00,0.261,-6.177,100.0,0.0,1.9386592
2024-07-06 21:00:00+00:00,0.26,-6.427,100.0,0.0,0.8049845
2024-07-06 22:00:00+00:00,0.26,-6.5769997,100.0,0.0,0.8049845
2024-07-06 23:00:00+00:00,0.26,-6.927,100.0,0.0,2.2768397
2024-07-07 00:00:00+00:00,0.26,-7.5270004,99.0,0.0,2.9024127
2024-07-07 01:00:00+00:00,0.26,-7.377,100.0,0.0,3.9763298
2024-07-07 02:00:00+00:00,0.26,-7.5769997,100.0,0.0,4.6938252
2024-07-07 03:00:00+00:00,0.26,-7.877,100.0,0.0,4.6938252
2024-07-07 04:00:00+00:00,0.26,-8.127,99.0,0.0,4.1046314
2024-07-07 05:00:00+00:00,0.26,-8.677,98.0,0.0,3.8773184
2024-07-07 06:00:00+00:00,0.26,-8.227,98.0,0.0,4.379589
2024-07-07 07:00:00+00:00,0.26,-9.027,96.0,0.0,3.8773184
2024-07-07 08:00:00+00:00,0.26,-9.727,93.0,0.0,4.6938257
2024-07-07 09:00:00+00:00,0.26,-9.827001,91.0,0.0,4.39436
2024-07-07 10:00:00+00:00,0.259,-9.377,91.0,0.0,4.6938257
2024-07-07 11:00:00+00:00,0.259,-8.327001,92.0,0.0,5.4833565
2024-07-07 12:00:00+00:00,0.259,-6.8269997,95.0,0.0,8.287822
2024-07-07 13:00:00+00:00,0.259,-4.377,95.0,0.0,10.1376915
2024-07-07 14:00:00+00:00,0.259,-2.027,94.0,0.0,14.154915
2024-07-07 15:00:00+00:00,0.259,-0.627,93.0,0.0,15.815435
2024-07-07 16:00:00+00:00,0.262,0.573,93.0,0.0,18.0036
2024-07-07 17:00:00+00:00,0.276,1.073,93.0,0.0,20.617662
2024-07-07 18:00:00+00:00,0.291,1.323,91.0,0.0,21.398056
2024-07-07 19:00:00+00:00,0.303,1.573,91.0,0.0,21.046917
2024-07-07 20:00:00+00:00,0.303,1.523,90.0,0.0,20.06334
2024-07-07 21:00:00+00:00,0.298,1.073,91.0,0.0,17.373497
2024-07-07 22:00:00+00:00,0.294,0.623,92.0,0.0,14.830076
2024-07-07 23:00:00+00:00,0.291,0.473,91.0,0.0,12.6462
2024-07-08 00:00:00+00:00,0.289,0.473,90.0,0.0,12.6462
2024-07-08 01:00:00+00:00,0.287,0.523,89.0,0.0,11.159999
2024-07-08 02:00:00+00:00,0.285,-0.02700001,90.0,0.0,9.422101
2024-07-08 03:00:00+00:00,0.284,-0.827,92.0,0.0,8.669949
2024-07-08 04:00:00+00:00,0.283,-1.277,91.0,0.0,7.92
2024-07-08 05:00:00+00:00,0.282,-1.377,90.0,0.0,7.5685663
2024-07-08 06:00:00+00:00,0.281,0.373,85.0,0.0,11.159999
2024-07-08 07:00:00+00:00,0.28,0.773,84.0,0.0,11.183201
2024-07-08 08:00:00+00:00,0.279,0.723,83.0,0.0,10.594036
2024-07-08 09:00:00+00:00,0.279,0.273,83.0,0.0,9.9571085
2024-07-08 10:00:00+00:00,0.278,-0.07699999,82.0,0.0,9.6932955
2024-07-08 11:00:00+00:00,0.277,-0.877,82.0,0.0,9.0
2024-07-08 12:00:00+00:00,0.277,-3.277,84.0,0.0,7.9526596
2024-07-08 13:00:00+00:00,0.276,-4.0769997,84.0,0.0,7.771331
2024-07-08 14:00:00+00:00,0.276,-4.127,84.0,0.0,7.42159
2024-07-08 15:00:00+00:00,0.276,-2.627,81.0,0.0,7.9526596
2024-07-08 16:00:00+00:00,0.275,-0.32700002,77.0,0.0,9.0
2024-07-08 17:00:00+00:00,0.28,1.123,75.0,0.0,10.823973
2024-07-08 18:00:00+00:00,0.29,1.273,79.0,0.0,13.276144
2024-07-08 19:00:00+00:00,0.291,1.173,81.0,0.0,14.081478
2024-07-08 20:00:00+00:00,0.288,0.773,83.0,0.0,15.188415
2024-07-08 21:00:00+00:00,0.286,0.373,86.0,0.0,17.106628
2024-07-08 22:00:00+00:00,0.284,0.17300001,88.0,0.0,17.462784
2024-07-08 23:00:00+00:00,0.283,0.023000002,90.0,0.0,17.373497
2024-07-09 00:00:00+00:00,0.282,-0.32700002,88.0,0.0,14.830076
2024-07-09 01:00:00+00:00,0.281,-0.37699997,89.0,0.0,14.685176
2024-07-09 02:00:00+00:00,0.28,-0.427,90.0,0.0,15.281989
2024-07-09 03:00:00+00:00,0.28,-0.527,90.0,0.0,15.827721
2024-07-09 04:00:00+00:00,0.279,-0.127,89.0,0.0,19.483284
2024-07-09 05:00:00+00:00,0.278,0.673,88.0,0.0,25.099514
2024-07-09 06:00:00+00:00,0.278,1.373,85.0,0.0,27.193705
2024-07-09 07:00:00+00:00,0.28,1.523,86.0,0.0,28.467329
2024-07-09 08:00:00+00:00,0.282,1.473,85.0,0.0,27.607563
2024-07-09 09:00:00+00:00,0.282,1.423,85.0,0.0,27.553526
2024-07-09 10:00:00+00:00,0.283,1.623,86.0,0.0,29.035288
2024-07-09 11:00:00+00:00,0.29,1.873,87.0,0.0,30.312773
2024-07-09 12:00:00+00:00,0.309,2.023,87.0,0.0,33.971867
2024-07-09 13:00:00+00:00,0.326,2.223,89.0,0.0,33.97187
2024-07-09 14:00:00+00:00,0.341,2.423,89.0,0.0,33.04361
2024-07-09 15:00:00+00:00,0.356,2.873,88.0,0.1,32.919827
2024-07-09 16:00:00+00:00,0.366,3.323,84.0,0.1,36.102455
2024-07-09 17:00:00+00:00,0.375,3.223,86.0,0.4,40.78182
2024-07-09 18:00:00+00:00,0.353,3.773,83.0,0.2,41.19759
2024-07-09 19:00:00+00:00,0.35,3.923,83.0,0.1,43.022636
2024-07-09 20:00:00+00:00,0.349,4.123,81.0,0.1,43.597176
2024-07-09 21:00:00+00:00,0.345,3.823,82.0,0.0,42.133842
2024-07-09 22:00:00+00:00,0.342,3.523,83.0,0.0,37.08175
2024-07-09 23:00:00+00:00,0.339,3.323,82.0,0.0,33.510952
2024-07-10 00:00:00+00:00,0.338,3.473,80.0,0.0,37.550602
2024-07-10 01:00:00+00:00,0.332,3.173,75.0,0.0,33.449017
2024-07-10 02:00:00+00:00,0.327,2.673,71.0,0.0,29.795301
2024-07-10 03:00:00+00:00,0.323,1.723,69.0,0.0,26.987997
2024-07-10 04:00:00+00:00,0.321,1.123,69.0,0.0,25.651104
2024-07-10 05:00:00+00:00,0.319,0.823,67.0,0.0,26.727423
2024-07-10 06:00:00+00:00,0.315,1.473,67.0,0.0,33.137604
2024-07-10 07:00:00+00:00,0.313,1.423,68.0,0.0,36.23682
2024-07-10 08:00:00+00:00,0.312,1.523,69.0,0.0,39.33072
2024-07-10 09:00:00+00:00,0.31,1.523,68.0,0.0,39.575443
2024-07-10 10:00:00+00:00,0.309,1.473,68.0,0.0,40.915073
2024-07-10 11:00:00+00:00,0.307,1.473,67.0,0.0,41.742928
2024-07-10 12:00:00+00:00,0.303,2.073,69.0,0.0,43.6551
2024-07-10 13:00:00+00:00,0.302,1.923,69.0,0.0,42.402134
2024-07-10 14:00:00+00:00,0.3,2.223,67.0,0.0,40.4115
2024-07-10 15:00:00+00:00,0.306,2.623,63.0,0.0,37.84283
2024-07-10 16:00:00+00:00,0.317,2.923,60.0,0.0,35.259792
2024-07-10 17:00:00+00:00,0.323,3.073,59.0,0.0,32.714474
2024-07-10 18:00:00+00:00,0.324,3.173,58.0,0.0,34.03476
2024-07-10 19:00:00+00:00,0.318,2.923,59.0,0.0,29.257614
2024-07-10 20:00:00+00:00,0.312,2.1729999,63.0,0.0,24.923338
2024-07-10 21:00:00+00:00,0.309,1.073,69.0,0.0,21.602999
2024-07-10 22:00:00+00:00,0.307,0.673,71.0,0.0,20.211363
2024-07-10 23:00:00+00:00,0.305,0.423,72.0,0.0,18.888851
2024-07-11 00:00:00+00:00,0.301,-0.02700001,72.0,0.0,18.228943
2024-07-11 01:00:00+00:00,0.3,-0.227,73.0,0.0,18.532133
2024-07-11 02:00:00+00:00,0.299,-0.37699997,74.0,0.0,19.110542
2024-07-11 03:00:00+00:00,0.299,-0.627,75.0,0.0,20.172853
2024-07-11 04:00:00+00:00,0.298,-0.727,78.0,0.0,21.602999
2024-07-11 05:00:00+00:00,0.298,-0.627,81.0,0.0,22.366402
2024-07-11 06:00:00+00:00,0.297,-0.02700001,85.0,0.0,23.683512
2024-07-11 07:00:00+00:00,0.297,0.423,86.0,0.0,22.930048
2024-07-11 08:00:00+00:00,0.296,0.673,86.0,0.0,22.226902
2024-07-11 09:00:00+00:00,0.296,1.073,92.0,0.1,23.132626
2024-07-11 10:00:00+00:00,0.296,1.273,93.0,0.0,22.104116
2024-07-11 11:00:00+00:00,0.299,1.523,93.0,0.0,20.275385
2024-07-11 12:00:00+00:00,0.3,2.523,92.0,0.0,21.791153
2024-07-11 13:00:00+00:00,0.317,3.923,88.0,0.0,32.777798
2024-07-11 14:00:00+00:00,0.326,4.273,84.0,0.0,36.748222
2024-07-11 15:00:00+00:00,0.328,4.4729996,85.0,0.0,36.764088
2024-07-11 16:00:00+00:00,0.328,5.023,84.0,0.0,37.648838
2024-07-11 17:00:00+00:00,0.326,5.4729996,84.0,0.0,40.23312
2024-07-11 18:00:00+00:00,0.32,5.7229996,79.0,0.0,42.60338
2024-07-11 19:00:00+00:00,0.317,5.623,80.0,0.0,40.091137
2024-07-11 20:00:00+00:00,0.314,5.123,83.0,0.0,36.217144
2024-07-11 21:00:00+00:00,0.312,4.9729996,88.0,0.0,33.805515
2024-07-11 22:00:00+00:00,0.311,4.823,91.0,0.0,29.427658
2024-07-11 23:00:00+00:00,0.31,5.2229996,90.0,0.0,31.796375
2024-07-12 00:00:00+00:00,0.308,5.4230003,91.0,0.0,33.1845
2024-07-12 01:00:00+00:00,0.307,5.7229996,92.0,0.0,34.17157
2024-07-12 02:00:00+00:00,0.306,6.123,89.0,0.0,34.322937
2024-07-12 03:00:00+00:00,0.304,6.773,85.0,0.0,43.321327
2024-07-12 04:00:00+00:00,0.302,6.623,85.0,0.0,41.835968
2024-07-12 05:00:00+00:00,0.302,6.523,85.0,0.1,36.764088
2024-07-12 06:00:00+00:00,0.299,6.773,81.0,0.1,38.886665
2024-07-12 07:00:00+00:00,0.298,6.623,78.0,0.1,42.864193
2024-07-12 08:00:00+00:00,0.296,6.323,76.0,0.0,46.834602
2024-07-12 09:00:00+00:00,0.294,5.6730003,79.0,0.0,46.50832
2024-07-12 10:00:00+00:00,0.293,5.373,80.0,0.0,43.973083
2024-07-12 11:00:00+00:00,0.291,5.4729996,80.0,0.0,42.864193
2024-07-12 12:00:00+00:00,0.287,5.823,79.0,0.0,45.721416
2024-07-12 13:00:00+00:00,0.286,5.323,78.0,0.0,41.798775
2024-07-12 14:00:00+00:00,0.285,5.4230003,79.0,0.0,38.56203
2024-07-12 15:00:00+00:00,0.285,6.123,77.0,0.0,38.546906
2024-07-12 16:00:00+00:00,0.284,6.523,71.0,0.0,41.982853
2024-07-12 17:00:00+00:00,0.283,6.7229996,74.0,0.0,39.98594
2024-07-12 18:00:00+00:00,0.282,6.4230003,72.0,0.0,41.76621
2024-07-12 19:00:00+00:00,0.281,6.1730003,75.0,0.0,41.117294
2024-07-12 20:00:00+00:00,0.28,5.823,77.0,0.0,40.377815
2024-07-12 21:00:00+00:00,0.279,5.523,80.0,0.0,39.626175
2024-07-12 22:00:00+00:00,0.275,5.623,81.0,0.0,38.894997
2024-07-12 23:00:00+00:00,0.275,5.6730003,82.0,0.0,37.806854
2024-07-13 00:00:00+00:00,0.273,5.4230003,81.0,0.0,34.03095
2024-07-13 01:00:00+00:00,0.273,5.273,81.0,0.0,32.686733
2024-07-13 02:00:00+00:00,0.273,4.9729996,82.0,0.0,30.78368
2024-07-13 03:00:00+00:00,0.272,4.773,83.0,0.0,30.500309
2024-07-13 04:00:00+00:00,0.274,4.7229996,85.0,0.1,30.54701
2024-07-13 05:00:00+00:00,0.275,4.773,84.0,0.1,30.955812
2024-07-13 06:00:00+00:00,0.272,5.023,79.0,0.0,28.883131
2024-07-13 07:00:00+00:00,0.272,5.323,78.0,0.0,30.244286
2024-07-13 08:00:00+00:00,0.272,5.373,77.0,0.0,32.91983
2024-07-13 09:00:00+00:00,0.271,5.323,77.0,0.0,32.47192
2024-07-13 10:00:00+00:00,0.271,5.373,77.0,0.0,31.338614
2024-07-13 11:00:00+00:00,0.271,5.323,78.0,0.0,32.09052
2024-07-13 12:00:00+00:00,0.27,5.6730003,75.0,0.0,28.162956
2024-07-13 13:00:00+00:00,0.269,5.7229996,75.0,0.0,29.522196
2024-07-13 14:00:00+00:00,0.269,6.073,74.0,0.0,29.888672
2024-07-13 15:00:00+00:00,0.268,6.523,73.0,0.0,31.37168
2024-07-13 16:00:00+00:00,0.268,6.773,71.0,0.0,31.035257
2024-07-13 17:00:00+00:00,0.267,6.9230003,73.0,0.0,31.012281
2024-07-13 18:00:00+00:00,0.267,6.7229996,73.0,0.0,32.2034
2024-07-13 19:00:00+00:00,0.266,6.4729996,73.0,0.0,31.452133
2024-07-13 20:00:00+00:00,0.266,5.9230003,75.0,0.0,28.981676
2024-07-13 21:00:00+00:00,0.266,5.2229996,78.0,0.0,24.522316
2024-07-13 22:00:00+00:00,0.266,4.7229996,82.0,0.0,20.883104
2024-07-13 23:00:00+00:00,0.266,4.273,85.0,0.0,18.014393
2024-07-14 00:00:00+00:00,0.266,3.823,86.0,0.0,17.673029
2024-07-14 01:00:00+00:00,0.265,3.373,88.0,0.0,14.618837
2024-07-14 02:00:00+00:00,0.265,2.873,91.0,0.0,12.522619
2024-07-14 03:00:00+00:00,0.265,2.673,91.0,0.0,12.904882
2024-07-14 04:00:00+00:00,0.265,2.973,93.0,0.0,12.879752
2024-07-14 05:00:00+00:00,0.265,3.523,92.0,0.0,13.527572
2024-07-14 06:00:00+00:00,0.265,3.173,90.0,0.0,13.527572
2024-07-14 07:00:00+00:00,0.265,3.423,90.0,0.0,13.854155
2024-07-14 08:00:00+00:00,0.264,3.323,91.0,0.0,12.43434
2024-07-14 09:00:00+00:00,0.264,3.223,91.0,0.0,11.440979
2024-07-14 10:00:00+00:00,0.264,3.073,90.0,0.0,10.315115
2024-07-14 11:00:00+00:00,0.264,3.173,88.0,0.0,10.1887
2024-07-14 12:00:00+00:00,0.264,3.023,88.0,0.0,8.891343
2024-07-14 13:00:00+00:00,0.264,2.973,89.0,0.0,8.427383
2024-07-14 14:00:00+00:00,0.264,3.223,90.0,0.0,7.42159
2024-07-14 15:00:00+00:00,0.265,4.4729996,86.0,0.0,8.049845
2024-07-14 16:00:00+00:00,0.265,6.073,80.0,0.0,10.883676
2024-07-14 17:00:00+00:00,0.264,7.323,74.0,0.0,13.18308
2024-07-14 18:00:00+00:00,0.263,7.773,69.0,0.0,9.793059
2024-07-14 19:00:00+00:00,0.262,7.4729996,68.0,0.0,7.0911775
2024-07-14 20:00:00+00:00,0.262,6.1730003,73.0,0.0,5.2416787
2024-07-14 21:00:00+00:00,0.262,4.4729996,79.0,0.0,4.6938252
2024-07-14 22:00:00+00:00,0.262,3.323,83.0,0.0,4.3349743
2024-07-14 23:00:00+00:00,0.262,2.573,85.0,0.0,3.319036
2024-07-15 00:00:00+00:00,0.268,1.323,88.0,0.0,4.1046314
2024-07-15 01:00:00+00:00,0.268,0.773,91.0,0.0,4.0249224
2024-07-15 02:00:00+00:00,0.268,0.473,91.0,0.0,3.4152596
2024-07-15 03:00:00+00:00,0.268,-0.02700001,93.0,0.0,2.968636
2024-07-15 04:00:00+00:00,0.268,-0.627,96.0,0.0,2.9024127
2024-07-15 05:00:00+00:00,0.268,-1.077,99.0,0.0,3.0758414
2024-07-15 06:00:00+00:00,0.268,-1.377,92.0,0.0,2.968636
2024-07-15 07:00:00+00:00,0.268,-1.427,92.0,0.0,2.8799999
2024-07-15 08:00:00+00:00,0.268,-1.177,90.0,0.0,2.6208394
2024-07-15 09:00:00+00:00,0.268,-1.127,90.0,0.0,3.0758414
2024-07-15 10:00:00+00:00,0.268,-1.527,93.0,0.0,3.4152596
2024-07-15 11:00:00+00:00,0.268,-1.8269999,95.0,0.0,3.5455887
2024-07-15 12:00:00+00:00,0.268,-1.977,94.0,0.0,4.6938252
2024-07-15 13:00:00+00:00,0.268,-1.8269999,94.0,0.0,4.1046314
2024-07-15 14:00:00+00:00,0.268,-1.177,92.0,0.0,3.7585104
2024-07-15 15:00:00+00:00,0.268,0.073,87.0,0.0,2.9024127
2024-07-15 16:00:00+00:00,0.268,1.273,85.0,0.0,2.3051248
2024-07-15 17:00:00+00:00,0.269,2.023,85.0,0.1,2.3051248
2024-07-15 18:00:00+00:00,0.282,2.323,91.0,0.7,1.9386592
2024-07-15 19:00:00+00:00,0.294,2.973,88.0,0.5,0.35999998
2024-07-15 20:00:00+00:00,0.288,3.173,87.0,0.0,1.8
2024-07-15 21:00:00+00:00,0.286,2.623,89.0,0.0,4.452954
2024-07-15 22:00:00+00:00,0.286,1.723,92.0,0.0,5.506941
2024-07-15 23:00:00+00:00,0.285,1.523,92.0,0.0,7.072878
2024-07-16 00:00:00+00:00,0.289,1.823,91.0,0.0,8.350138
2024-07-16 01:00:00+00:00,0.289,2.1230001,92.0,0.0,9.255571
2024-07-16 02:00:00+00:00,0.288,2.373,92.0,0.0,9.178235
2024-07-16 03:00:00+00:00,0.288,2.273,92.0,0.0,8.049845
2024-07-16 04:00:00+00:00,0.287,2.273,92.0,0.0,7.5170207
2024-07-16 05:00:00+00:00,0.287,2.023,94.0,0.0,6.6185193
2024-07-16 06:00:00+00:00,0.287,2.073,92.0,0.0,7.729527
2024-07-16 07:00:00+00:00,0.286,2.273,91.0,0.0,6.763786
2024-07-16 08:00:00+00:00,0.288,2.823,90.0,0.0,8.699793
2024-07-16 09:00:00+00:00,0.289,3.273,88.0,0.0,10.163227
2024-07-16 10:00:00+00:00,0.292,3.373,89.0,0.0,10.966713
2024-07-16 11:00:00+00:00,0.29,3.073,90.0,0.0,10.464797
2024-07-16 12:00:00+00:00,0.291,2.273,90.0,0.0,9.028754
2024-07-16 13:00:00+00:00,0.291,2.273,90.0,0.0,7.5685663
2024-07-16 14:00:00+00:00,0.29,2.1729999,91.0,0.0,6.151683
2024-07-16 15:00:00+00:00,0.308,2.723,91.0,0.0,4.379589
2024-07-16 16:00:00+00:00,0.308,3.523,89.0,0.0,4.6800003
2024-07-16 17:00:00+00:00,0.304,4.323,86.0,0.0,4.8965297
2024-07-16 18:00:00+00:00,0.293,5.773,80.0,0.0,5.991594
2024-07-16 19:00:00+00:00,0.289,5.773,80.0,0.0,5.991594
2024-07-16 20:00:00+00:00,0.287,4.9729996,82.0,0.0,4.6938257
2024-07-16 21:00:00+00:00,0.285,3.673,86.0,0.0,3.8939953
2024-07-16 22:00:00+00:00,0.284,2.873,89.0,0.0,4.198285
2024-07-16 23:00:00+00:00,0.284,2.623,90.0,0.0,4.1046314
2024-07-17 00:00:00+00:00,0.285,2.723,90.0,0.0,2.7416782
2024-07-17 01:00:00+00:00,0.285,2.523,89.0,0.0,3.5455887
2024-07-17 02:00:00+00:00,0.285,2.573,88.0,0.0,4.1046314
2024-07-17 03:00:00+00:00,0.286,2.573,88.0,0.0,3.319036
2024-07-17 04:00:00+00:00,0.286,2.773,87.0,0.1,3.319036
2024-07-17 05:00:00+00:00,0.29,2.873,86.0,0.2,3.0547013
2024-07-17 06:00:00+00:00,0.291,2.273,91.0,0.3,3.2399998
2024-07-17 07:00:00+00:00,0.298,2.273,92.0,0.3,3.219938
2024-07-17 08:00:00+00:00,0.302,1.473,96.0,0.3,4.896529
2024-07-17 09:00:00+00:00,0.297,1.523,95.0,0.1,5.2416787
2024-07-17 10:00:00+00:00,0.295,1.373,95.0,0.0,3.8773184
2024-07-17 11:00:00+00:00,0.294,1.223,95.0,0.0,2.9024127
2024-07-17 12:00:00+00:00,0.282,1.123,96.0,0.0,4.5536795
2024-07-17 13:00:00+00:00,0.281,0.973,96.0,0.0,3.5455887
2024-07-17 14:00:00+00:00,0.28,1.173,96.0,0.0,1.484318
2024-07-17 15:00:00+00:00,0.29,1.573,95.0,0.0,1.835647
2024-07-17 16:00:00+00:00,0.292,2.073,95.0,0.1,1.8
2024-07-17 17:00:00+00:00,0.291,2.823,95.0,0.1,0.71999997
2024-07-17 18:00:00+00:00,0.293,3.923,90.0,0.2,1.8
2024-07-17 19:00:00+00:00,0.292,4.073,90.0,0.2,1.4399999
2024-07-17 20:00:00+00:00,0.289,3.673,92.0,0.0,1.1384199
2024-07-17 21:00:00+00:00,0.285,3.373,91.0,0.0,1.8
2024-07-17 22:00:00+00:00,0.283,2.473,94.0,0.0,3.6
2024-07-17 23:00:00+00:00,0.282,1.923,95.0,0.0,4.379589
2024-07-18 00:00:00+00:00,0.28,1.923,93.0,0.1,5.3999996
2024-07-18 01:00:00+00:00,0.279,2.1230001,92.0,0.0,7.2359104
2024-07-18 02:00:00+00:00,0.283,2.573,91.0,0.2,7.8954163
2024-07-18 03:00:00+00:00,0.314,2.973,90.0,1.0,7.7879906
2024-07-18 04:00:00+00:00,0.307,2.923,89.0,0.6,3.6
2024-07-18 05:00:00+00:00,0.303,2.473,89.0,0.3,5.7599998
2024-07-18 06:00:00+00:00,0.305,2.273,88.0,0.1,7.5685663
2024-07-18 07:00:00+00:00,0.298,2.1729999,83.0,0.1,9.885262
2024-07-18 08:00:00+00:00,0.294,1.673,81.0,0.0,11.043261
2024-07-18 09:00:00+00:00,0.291,1.123,77.0,0.0,12.979984
2024-07-18 10:00:00+00:00,0.29,0.623,75.0,0.0,13.708391
2024-07-18 11:00:00+00:00,0.289,0.223,77.0,0.0,14.408997
2024-07-18 12:00:00+00:00,0.289,-0.227,74.0,0.0,14.471821
2024-07-18 13:00:00+00:00,0.288,-0.527,73.0,0.0,14.440443
2024-07-18 14:00:00+00:00,0.288,-0.427,74.0,0.0,13.979871
2024-07-18 15:00:00+00:00,0.287,0.273,76.0,0.0,15.937878
2024-07-18 16:00:00+00:00,0.289,1.473,74.0,0.0,18.792551
2024-07-18 17:00:00+00:00,0.3,2.523,69.0,0.0,19.839235
2024-07-18 18:00:00+00:00,0.286,3.323,68.0,0.0,22.81957
2024-07-18 19:00:00+00:00,0.283,3.573,73.0,0.0,20.898611
2024-07-18 20:00:00+00:00,0.281,3.923,77.0,0.0,22.862125
2024-07-18 21:00:00+00:00,0.28,3.873,80.0,0.0,23.469128
2024-07-18 22:00:00+00:00,0.279,3.523,83.0,0.0,21.9718
2024-07-18 23:00:00+00:00,0.279,3.423,83.0,0.0,22.033648
2024-07-19 00:00:00+00:00,0.277,3.323,67.0,0.0,23.863409
2024-07-19 01:00:00+00:00,0.276,3.023,64.0,0.0,24.503809
2024-07-19 02:00:00+00:00,0.276,2.523,69.0,0.0,21.288757
2024-07-19 03:00:00+00:00,0.275,2.023,79.0,0.0,19.201874
2024-07-19 04:00:00+00:00,0.275,1.923,85.0,0.0,18.844202
2024-07-19 05:00:00+00:00,0.275,1.923,85.0,0.0,19.35314
2024-07-19 06:00:00+00:00,0.275,1.873,84.0,0.0,19.770523
2024-07-19 07:00:00+00:00,0.274,2.073,87.0,0.0,19.0392
2024-07-19 08:00:00+00:00,0.274,2.723,87.0,0.0,19.386591
2024-07-19 09:00:00+00:00,0.274,3.423,86.0,0.0,19.211996
2024-07-19 10:00:00+00:00,0.274,3.923,85.0,0.0,19.483284
2024-07-19 11:00:00+00:00,0.273,4.023,84.0,0.0,18.388212
2024-07-19 12:00:00+00:00,0.274,3.923,84.0,0.0,21.900904
2024-07-19 13:00:00+00:00,0.275,4.373,82.0,0.0,22.73707
2024-07-19 14:00:00+00:00,0.274,4.773,80.0,0.0,23.828083
2024-07-19 15:00:00+00:00,0.274,5.2229996,79.0,0.0,26.564486
2024-07-19 16:00:00+00:00,0.276,5.373,79.0,0.1,28.185955
2024-07-19 17:00:00+00:00,0.279,5.4230003,79.0,0.2,28.503725
2024-07-19 18:00:00+00:00,0.278,5.6730003,77.0,0.2,28.174458
2024-07-19 19:00:00+00:00,0.28,5.4729996,78.0,0.2,27.212759
2024-07-19 20:00:00+00:00,0.281,5.373,79.0,0.1,26.564486
2024-07-19 21:00:00+00:00,0.28,5.1730003,81.0,0.1,24.149532
2024-07-19 22:00:00+00:00,0.281,5.1730003,80.0,0.1,23.532547
2024-07-19 23:00:00+00:00,0.282,5.373,75.0,0.1,27.698954
2024-07-20 00:00:00+00:00,0.284,5.4230003,74.0,0.2,28.84721
2024-07-20 01:00:00+00:00,0.284,5.4729996,75.0,0.1,29.47826
2024-07-20 02:00:00+00:00,0.283,5.4230003,76.0,0.1,29.795301
2024-07-20 03:00:00+00:00,0.283,5.323,77.0,0.1,27.381308
2024-07-20 04:00:00+00:00,0.282,5.323,78.0,0.1,27.381308
2024-07-20 05:00:00+00:00,0.281,5.4230003,79.0,0.1,27.086262
2024-07-20 06:00:00+00:00,0.278,5.773,76.0,0.1,27.381308
2024-07-20 07:00:00+00:00,0.278,5.873,77.0,0.1,26.099379
2024-07-20 08:00:00+00:00,0.279,5.9729996,81.0,0.1,24.162947
2024-07-20 09:00:00+00:00,0.28,6.073,82.0,0.1,24.472057
2024-07-20 10:00:00+00:00,0.281,6.273,83.0,0.1,23.993399
2024-07-20 11:00:00+00:00,0.281,6.2229996,85.0,0.1,24.819122
2024-07-20 12:00:00+00:00,0.278,6.373,83.0,0.1,22.702845
2024-07-20 13:00:00+00:00,0.277,6.1730003,80.0,0.0,24.144167
2024-07-20 14:00:00+00:00,0.278,6.123,78.0,0.1,23.263912
2024-07-20 15:00:00+00:00,0.277,6.4729996,67.0,0.1,28.137632
2024-07-20 16:00:00+00:00,0.275,6.4729996,66.0,0.0,29.257614
2024-07-20 17:00:00+00:00,0.273,6.4230003,63.0,0.0,32.343952
2024-07-20 18:00:00+00:00,0.273,6.323,64.0,0.1,38.243114
2024-07-20 19:00:00+00:00,0.278,5.4729996,70.0,0.3,38.08861
2024-07-20 20:00:00+00:00,0.28,4.9230003,70.0,0.2,39.626175
2024-07-20 21:00:00+00:00,0.278,4.6730003,70.0,0.1,37.550602
2024-07-20 22:00:00+00:00,0.276,4.623,70.0,0.0,40.186382
2024-07-20 23:00:00+00:00,0.274,4.4729996,68.0,0.0,38.41387
2024-07-21 00:00:00+00:00,0.272,3.923,72.0,0.0,43.225487
2024-07-21 01:00:00+00:00,0.271,3.723,72.0,0.0,42.699093
2024-07-21 02:00:00+00:00,0.27,3.273,68.0,0.0,40.480392
2024-07-21 03:00:00+00:00,0.27,2.773,69.0,0.0,36.764088
2024-07-21 04:00:00+00:00,0.269,2.423,73.0,0.0,30.453527
2024-07-21 05:00:00+00:00,0.269,2.1230001,78.0,0.0,23.110207
2024-07-21 06:00:00+00:00,0.269,1.673,79.0,0.0,18.806337
2024-07-21 07:00:00+00:00,0.269,1.273,84.0,0.0,13.207634
2024-07-21 08:00:00+00:00,0.269,1.023,87.0,0.0,8.654987
2024-07-21 09:00:00+00:00,0.269,1.123,90.0,0.0,6.130579
2024-07-21 10:00:00+00:00,0.269,1.473,90.0,0.0,9.107359
2024-07-21 11:00:00+00:00,0.271,2.073,89.0,0.3,14.081478
2024-07-21 12:00:00+00:00,0.271,3.173,80.0,0.1,20.991426
2024-07-21 13:00:00+00:00,0.272,3.423,77.0,0.0,23.770906
2024-07-21 14:00:00+00:00,0.27,4.023,74.0,0.0,27.748037
2024-07-21 15:00:00+00:00,0.269,4.9729996,76.0,0.0,29.07989
2024-07-21 16:00:00+00:00,0.268,6.2229996,79.0,0.0,34.838253
2024-07-21 17:00:00+00:00,0.267,7.323,76.0,0.0,35.80688
2024-07-21 18:00:00+00:00,0.28,7.823,81.0,0.4,35.74711
2024-07-21 19:00:00+00:00,0.306,7.373,85.0,1.1,30.918108
2024-07-21 20:00:00+00:00,0.329,7.4230003,88.0,1.5,35.09769
2024-07-21 21:00:00+00:00,0.335,7.4729996,87.0,1.6,41.848354
2024-07-21 22:00:00+00:00,0.327,7.523,80.0,0.9,43.831387
2024-07-21 23:00:00+00:00,0.327,7.273,79.0,0.9,45.60079
2024-07-22 00:00:00+00:00,0.316,6.373,74.0,0.4,51.33378
2024-07-22 01:00:00+00:00,0.306,4.823,71.0,0.0,50.482216
2024-07-22 02:00:00+00:00,0.301,3.973,69.0,0.0,48.32589
2024-07-22 03:00:00+00:00,0.297,3.323,69.0,0.0,48.305775
2024-07-22 04:00:00+00:00,0.294,2.773,70.0,0.0,48.261486
2024-07-22 05:00:00+00:00,0.292,2.373,71.0,0.0,46.102493
2024-07-22 06:00:00+00:00,0.289,2.1729999,71.0,0.0,43.2015
2024-07-22 07:00:00+00:00,0.288,2.073,71.0,0.0,40.334457
2024-07-22 08:00:00+00:00,0.286,2.073,71.0,0.0,37.14286
2024-07-22 09:00:00+00:00,0.285,2.073,75.0,0.0,34.114628
2024-07-22 10:00:00+00:00,0.284,2.1230001,76.0,0.0,30.85307
2024-07-22 11:00:00+00:00,0.283,2.1230001,78.0,0.0,28.58545
2024-07-22 12:00:00+00:00,0.282,2.423,79.0,0.1,29.882166
2024-07-22 13:00:00+00:00,0.282,2.873,81.0,0.1,33.588207
2024-07-22 14:00:00+00:00,0.281,3.673,75.0,0.0,37.84283
2024-07-22 15:00:00+00:00,0.279,4.273,68.0,0.0,40.03938
2024-07-22 16:00:00+00:00,0.277,4.7229996,67.0,0.0,41.117294
2024-07-22 17:00:00+00:00,0.276,4.873,67.0,0.0,41.784824
2024-07-22 18:00:00+00:00,0.274,4.7229996,65.0,0.0,38.535137
2024-07-22 19:00:00+00:00,0.273,4.523,65.0,0.0,37.801712
2024-07-22 20:00:00+00:00,0.272,4.123,69.0,0.0,36.721764
2024-07-22 21:00:00+00:00,0.272,3.623,73.0,0.0,36.028786
2024-07-22 22:00:00+00:00,0.272,3.323,75.0,0.0,36.115017
2024-07-22 23:00:00+00:00,0.272,3.173,75.0,0.0,35.945957
2024-07-23 00:00:00+00:00,0.282,2.923,77.0,0.0,35.369884
2024-07-23 01:00:00+00:00,0.281,2.673,77.0,0.0,33.168877
2024-07-23 02:00:00+00:00,0.28,2.523,80.0,0.0,30.619051
2024-07-23 03:00:00+00:00,0.28,2.273,82.0,0.0,25.929996
2024-07-23 04:00:00+00:00,0.279,1.823,85.0,0.0,20.176065
2024-07-23 05:00:00+00:00,0.279,1.623,89.0,0.0,15.2947035
2024-07-23 06:00:00+00:00,0.279,1.373,93.0,0.0,6.151683
2024-07-23 07:00:00+00:00,0.316,1.673,93.0,1.4,15.986595
2024-07-23 08:00:00+00:00,0.318,0.873,97.0,1.3,11.183201
2024-07-23 09:00:00+00:00,0.324,1.523,94.0,1.0,8.557102
2024-07-23 10:00:00+00:00,0.322,1.573,94.0,0.8,9.449572
2024-07-23 11:00:00+00:00,0.325,2.323,91.0,0.8,8.534353
2024-07-23 12:00:00+00:00,0.311,3.973,85.0,0.2,5.4833565
2024-07-23 13:00:00+00:00,0.31,5.373,88.0,0.1,13.755579
2024-07-23 14:00:00+00:00,0.306,8.123,78.0,0.0,32.696644
2024-07-23 15:00:00+00:00,0.3,8.873,72.0,0.0,37.600616
2024-07-23 16:00:00+00:00,0.296,8.623,71.0,0.0,36.233246
2024-07-23 17:00:00+00:00,0.295,7.9729996,69.0,0.0,37.909554
2024-07-23 18:00:00+00:00,0.291,8.373,63.0,0.1,36.860905
2024-07-23 19:00:00+00:00,0.289,7.773,63.0,0.0,37.226505
2024-07-23 20:00:00+00:00,0.287,7.1730003,66.0,0.0,39.562344
2024-07-23 21:00:00+00:00,0.285,6.323,68.0,0.0,42.73702
2024-07-23 22:00:00+00:00,0.284,4.6730003,68.0,0.0,44.014324
2024-07-23 23:00:00+00:00,0.283,3.873,63.0,0.0,41.67612
2024-07-24 00:00:00+00:00,0.273,3.273,67.0,0.0,49.52454
2024-07-24 01:00:00+00:00,0.273,2.473,61.0,0.0,46.675217
2024-07-24 02:00:00+00:00,0.273,2.1230001,67.0,0.0,43.38112
2024-07-24 03:00:00+00:00,0.273,1.973,71.0,0.0,38.423992
2024-07-24 04:00:00+00:00,0.273,1.773,74.0,0.0,33.26252
2024-07-24 05:00:00+00:00,0.273,1.723,76.0,0.0,28.802248
2024-07-24 06:00:00+00:00,0.274,1.523,72.0,0.0,29.195534
2024-07-24 07:00:00+00:00,0.274,1.223,74.0,0.0,25.984917
2024-07-24 08:00:00+00:00,0.274,0.773,76.0,0.0,23.313995
2024-07-24 09:00:00+00:00,0.274,0.423,81.0,0.0,21.915693
2024-07-24 10:00:00+00:00,0.275,0.223,81.0,0.0,22.007162
2024-07-24 11:00:00+00:00,0.275,0.073,81.0,0.0,18.448023
2024-07-24 12:00:00+00:00,0.275,-0.827,84.0,0.0,8.534353
2024-07-24 13:00:00+00:00,0.275,-1.227,87.0,0.0,6.792466
2024-07-24 14:00:00+00:00,0.275,-0.677,85.0,0.0,7.5685663
2024-07-24 15:00:00+00:00,0.275,0.623,79.0,0.0,5.937272
2024-07-24 16:00:00+00:00,0.274,1.923,69.0,0.0,8.707238
2024-07-24 17:00:00+00:00,0.273,3.073,61.0,0.0,17.643673
2024-07-24 18:00:00+00:00,0.273,3.173,70.0,0.0,20.721119
2024-07-24 19:00:00+00:00,0.272,2.973,71.0,0.0,20.633371
2024-07-24 20:00:00+00:00,0.273,2.623,76.0,0.0,17.731598
2024-07-24 21:00:00+00:00,0.274,2.073,79.0,0.0,13.797912
2024-07-24 22:00:00+00:00,0.274,1.523,83.0,0.0,11.183201
2024-07-24 23:00:00+00:00,0.274,1.373,84.0,0.0,6.9527545
2024-07-25 00:00:00+00:00,0.276,1.423,82.0,0.1,0.35999998
2024-07-25 01:00:00+00:00,0.277,1.373,79.0,0.0,2.6208394
2024-07-25 02:00:00+00:00,0.277,0.673,82.0,0.0,5.495161
2024-07-25 03:00:00+00:00,0.277,0.523,84.0,0.0,7.7043357
2024-07-25 04:00:00+00:00,0.277,0.773,87.0,0.0,10.514218
2024-07-25 05:00:00+00:00,0.278,0.723,92.0,0.0,10.948973
2024-07-25 06:00:00+00:00,0.277,0.373,91.0,0.0,11.874544
2024-07-25 07:00:00+00:00,0.278,0.273,93.0,0.0,11.726277
2024-07-25 08:00:00+00:00,0.278,0.073,93.0,0.0,11.043261
2024-07-25 09:00:00+00:00,0.278,0.122999996,92.0,0.0,11.440979
2024-07-25 10:00:00+00:00,0.278,-0.02700001,92.0,0.0,11.592895
2024-07-25 11:00:00+00:00,0.278,0.023000002,91.0,0.0,10.383987
2024-07-25 12:00:00+00:00,0.278,-0.07699999,85.0,0.0,11.019764
2024-07-25 13:00:00+00:00,0.278,-0.02700001,87.0,0.0,11.808878
2024-07-25 14:00:00+00:00,0.278,0.773,79.0,0.0,14.4
2024-07-25 15:00:00+00:00,0.277,1.923,70.0,0.0,21.385939
2024-07-25 16:00:00+00:00,0.281,2.1729999,74.0,0.1,26.260265
2024-07-25 17:00:00+00:00,0.286,3.323,69.0,0.0,28.257132
2024-07-25 18:00:00+00:00,0.277,4.4230003,70.0,0.0,29.6383
2024-07-25 19:00:00+00:00,0.281,4.023,78.0,0.1,28.467327
2024-07-25 20:00:00+00:00,0.279,3.723,74.0,0.0,25.006397
2024-07-25 21:00:00+00:00,0.278,3.023,71.0,0.0,23.277834
2024-07-25 22:00:00+00:00,0.277,2.523,72.0,0.0,22.26768
2024-07-25 23:00:00+00:00,0.277,2.223,76.0,0.0,23.333443
2024-07-26 00:00:00+00:00,0.276,1.823,83.0,0.0,22.691423
2024-07-26 01:00:00+00:00,0.276,1.923,83.0,0.0,24.063513
2024-07-26 02:00:00+00:00,0.276,1.723,86.0,0.0,22.828087
2024-07-26 03:00:00+00:00,0.278,1.773,86.0,0.1,23.904108
2024-07-26 04:00:00+00:00,0.278,1.923,85.0,0.0,25.77962
2024-07-26 05:00:00+00:00,0.278,1.923,83.0,0.0,25.661207
2024-07-26 06:00:00+00:00,0.276,1.873,85.0,0.0,23.233252
2024-07-26 07:00:00+00:00,0.276,2.023,84.0,0.0,22.406927
2024-07-26 08:00:00+00:00,0.277,1.673,88.0,0.2,21.650938
2024-07-26 09:00:00+00:00,0.278,1.673,88.0,0.0,20.746122
2024-07-26 10:00:00+00:00,0.277,1.523,89.0,0.0,18.584509
2024-07-26 11:00:00+00:00,0.277,1.623,89.0,0.0,18.11841
2024-07-26 12:00:00+00:00,0.279,1.073,94.0,0.0,18.532135
2024-07-26 13:00:00+00:00,0.279,1.273,92.0,0.1,20.140705
2024-07-26 14:00:00+00:00,0.279,1.323,91.0,0.0,19.930477
2024-07-26 15:00:00+00:00,0.285,1.673,87.0,0.0,21.175835
2024-07-26 16:00:00+00:00,0.29,2.223,80.0,0.0,23.664352
2024-07-26 17:00:00+00:00,0.286,2.423,71.0,0.0,26.758923
2024-07-26 18:00:00+00:00,0.278,2.473,70.0,0.0,29.339449
2024-07-26 19:00:00+00:00,0.275,2.323,70.0,0.0,29.478264
2024-07-26 20:00:00+00:00,0.274,1.773,73.0,0.0,28.467329
2024-07-26 21:00:00+00:00,0.274,1.123,77.0,0.0,28.001427
2024-07-26 22:00:00+00:00,0.274,0.823,79.0,0.0,27.059933
2024-07-26 23:00:00+00:00,0.273,0.573,79.0,0.0,23.97989
2024-07-27 00:00:00+00:00,0.273,0.17300001,81.0,0.0,22.26477
2024-07-27 01:00:00+00:00,0.272,-0.127,83.0,0.0,22.805367
2024-07-27 02:00:00+00:00,0.272,-0.32700002,85.0,0.0,22.380884
2024-07-27 03:00:00+00:00,0.272,-0.477,85.0,0.0,21.188072
2024-07-27 04:00:00+00:00,0.272,-0.577,85.0,0.0,20.774214
2024-07-27 05:00:00+00:00,0.272,-0.727,85.0,0.0,20.008356
2024-07-27 06:00:00+00:00,0.272,-1.077,89.0,0.0,17.873556
2024-07-27 07:00:00+00:00,0.272,-1.077,89.0,0.0,17.873556
2024-07-27 08:00:00+00:00,0.272,-1.127,87.0,0.0,18.64369
2024-07-27 09:00:00+00:00,0.272,-1.227,87.0,0.0,18.844202
2024-07-27 10:00:00+00:00,0.272,-1.377,87.0,0.0,17.873556
2024-07-27 11:00:00+00:00,0.272,-1.477,85.0,0.0,18.709612
2024-07-27 12:00:00+00:00,0.272,-1.327,85.0,0.0,22.180206
2024-07-27 13:00:00+00:00,0.272,-1.427,84.0,0.0,21.398056
2024-07-27 14:00:00+00:00,0.271,-0.877,82.0,0.0,19.93048
2024-07-27 15:00:00+00:00,0.27,0.122999996,76.0,0.0,20.188908
2024-07-27 16:00:00+00:00,0.268,1.123,73.0,0.0,23.990698
2024-07-27 17:00:00+00:00,0.267,1.523,74.0,0.0,26.111792
2024-07-27 18:00:00+00:00,0.266,1.673,71.0,0.0,28.162956
2024-07-27 19:00:00+00:00,0.265,1.373,70.0,0.0,26.67889
2024-07-27 20:00:00+00:00,0.265,0.873,70.0,0.0,25.570139
2024-07-27 21:00:00+00:00,0.264,0.122999996,73.0,0.0,23.762726
2024-07-27 22:00:00+00:00,0.263,-0.427,73.0,0.0,23.762726
2024-07-27 23:00:00+00:00,0.262,-0.92700005,71.0,0.0,23.444265
2024-07-28 00:00:00+00:00,0.26,-1.727,73.0,0.0,23.469128
2024-07-28 01:00:00+00:00,0.258,-2.177,62.0,0.0,26.309572
2024-07-28 02:00:00+00:00,0.256,-2.927,59.0,0.0,25.277023
2024-07-28 03:00:00+00:00,0.254,-3.427,60.0,0.0,23.584808
2024-07-28 04:00:00+00:00,0.253,-3.7770002,65.0,0.0,20.880001
2024-07-28 05:00:00+00:00,0.252,-3.977,71.0,0.0,19.829433
2024-07-28 06:00:00+00:00,0.252,-4.377,74.0,0.0,21.862406
2024-07-28 07:00:00+00:00,0.252,-3.577,78.0,0.0,24.149532
2024-07-28 08:00:00+00:00,0.252,-3.127,67.0,0.0,26.27753
2024-07-28 09:00:00+00:00,0.251,-3.127,65.0,0.0,27.595825
2024-07-28 10:00:00+00:00,0.249,-2.977,64.0,0.0,28.930204
2024-07-28 11:00:00+00:00,0.248,-2.627,61.0,0.0,29.257614
2024-07-28 12:00:00+00:00,0.246,-2.527,64.0,0.0,27.897097
2024-07-28 13:00:00+00:00,0.245,-2.327,64.0,0.0,25.620771
2024-07-28 14:00:00+00:00,0.244,-1.627,62.0,0.0,23.565567
2024-07-28 15:00:00+00:00,0.242,-0.577,59.0,0.0,24.606731
2024-07-28 16:00:00+00:00,0.24,0.17300001,56.0,0.0,25.40743
2024-07-28 17:00:00+00:00,0.239,0.573,54.0,0.0,25.282152
2024-07-28 18:00:00+00:00,0.239,0.723,53.0,0.0,27.943512
2024-07-28 19:00:00+00:00,0.238,0.623,52.0,0.0,24.023088
2024-07-28 20:00:00+00:00,0.237,0.273,56.0,0.0,18.692286
2024-07-28 21:00:00+00:00,0.237,-0.627,65.0,0.0,12.599999
2024-07-28 22:00:00+00:00,0.237,-1.577,74.0,0.0,9.904906
2024-07-28 23:00:00+00:00,0.238,-2.077,81.0,0.0,8.39657
2024-07-29 00:00:00+00:00,0.24,-2.077,86.0,0.0,8.654987
2024-07-29 01:00:00+00:00,0.241,-1.077,95.0,0.1,7.7879906
2024-07-29 02:00:00+00:00,0.242,-0.577,95.0,0.2,10.799999
2024-07-29 03:00:00+00:00,0.244,-0.227,94.0,0.0,15.856354
2024-07-29 04:00:00+00:00,0.245,0.17300001,93.0,0.0,18.998316
2024-07-29 05:00:00+00:00,0.246,0.423,92.0,0.1,20.771093
2024-07-29 06:00:00+00:00,0.247,0.723,91.0,0.0,20.073025
2024-07-29 07:00:00+00:00,0.248,0.823,92.0,0.0,22.406927
2024-07-29 08:00:00+00:00,0.249,0.923,88.0,0.0,22.930048
2024-07-29 09:00:00+00:00,0.249,0.973,87.0,0.0,23.469128
2024-07-29 10:00:00+00:00,0.25,1.023,88.0,0.0,23.683512
2024-07-29 11:00:00+00:00,0.25,1.023,88.0,0.0,23.806318
2024-07-29 12:00:00+00:00,0.251,1.123,88.0,0.0,22.7057
2024-07-29 13:00:00+00:00,0.252,1.173,89.0,0.0,22.218153
2024-07-29 14:00:00+00:00,0.253,1.823,85.0,0.0,23.358423
2024-07-29 15:00:00+00:00,0.254,2.523,81.0,0.0,26.486313
2024-07-29 16:00:00+00:00,0.255,3.173,79.0,0.0,29.88217
2024-07-29 17:00:00+00:00,0.255,3.423,79.0,0.0,31.796375
2024-07-29 18:00:00+00:00,0.255,4.023,77.0,0.1,33.00436
2024-07-29 19:00:00+00:00,0.263,3.623,81.0,0.2,26.405453
2024-07-29 20:00:00+00:00,0.27,3.273,84.0,0.2,24.735432
2024-07-29 21:00:00+00:00,0.271,2.673,88.0,0.1,21.518847
2024-07-29 22:00:00+00:00,0.268,2.1729999,91.0,0.0,19.483284
2024-07-29 23:00:00+00:00,0.267,1.823,92.0,0.0,18.947083
2024-07-30 00:00:00+00:00,0.264,1.723,91.0,0.0,19.652176
2024-07-30 01:00:00+00:00,0.264,1.373,91.0,0.0,19.201874
2024-07-30 02:00:00+00:00,0.264,1.123,86.0,0.0,18.733839
2024-07-30 03:00:00+00:00,0.263,0.673,73.0,0.0,20.570463
2024-07-30 04:00:00+00:00,0.262,0.273,77.0,0.0,19.44
2024-07-30 05:00:00+00:00,0.262,-0.02700001,81.0,0.0,17.673029
2024-07-30 06:00:00+00:00,0.262,-0.127,84.0,0.0,18.057508
2024-07-30 07:00:00+00:00,0.262,-0.32700002,83.0,0.0,15.905319
2024-07-30 08:00:00+00:00,0.262,-0.727,85.0,0.0,13.039754
2024-07-30 09:00:00+00:00,0.262,-0.827,84.0,0.0,9.3669195
2024-07-30 10:00:00+00:00,0.262,-1.527,88.0,0.0,5.3999996
2024-07-30 11:00:00+00:00,0.262,-2.077,90.0,0.0,4.6800003
2024-07-30 12:00:00+00:00,0.263,-2.427,90.0,0.0,2.7416782
2024-07-30 13:00:00+00:00,0.263,-2.477,89.0,0.0,1.484318
2024-07-30 14:00:00+00:00,0.263,-1.977,88.0,0.0,1.4399999
2024-07-30 15:00:00+00:00,0.263,-0.92700005,89.0,0.0,1.2979984
2024-07-30 16:00:00+00:00,0.262,0.673,81.0,0.0,2.52
2024-07-30 17:00:00+00:00,0.261,1.623,75.0,0.0,3.8773184
2024-07-30 18:00:00+00:00,0.26,2.323,67.0,0.0,8.913181
2024-07-30 19:00:00+00:00,0.259,2.423,65.0,0.0,9.0
2024-07-30 20:00:00+00:00,0.259,1.673,73.0,0.0,7.386582
2024-07-30 21:00:00+00:00,0.26,0.873,79.0,0.0,5.692099
2024-07-30 22:00:00+00:00,0.26,0.223,81.0,0.0,5.4833565
2024-07-30 23:00:00+00:00,0.26,-0.427,83.0,0.0,5.1544156
2024-07-31 00:00:00+00:00,0.257,-1.077,88.0,0.0,4.68
2024-07-31 01:00:00+00:00,0.257,-1.227,89.0,0.0,5.2416787
2024-07-31 02:00:00+00:00,0.257,-1.277,90.0,0.0,5.6920996
2024-07-31 03:00:00+00:00,0.258,-1.227,90.0,0.0,5.815978
2024-07-31 04:00:00+00:00,0.258,-1.177,90.0,0.0,6.151683
2024-07-31 05:00:00+00:00,0.258,-1.027,90.0,0.0,6.6185193
2024-07-31 06:00:00+00:00,0.258,-0.877,90.0,0.0,7.42159
2024-07-31 07:00:00+00:00,0.258,-0.627,90.0,0.0,7.42159
2024-07-31 08:00:00+00:00,0.258,-0.527,91.0,0.0,7.0911775
2024-07-31 09:00:00+00:00,0.258,-0.527,92.0,0.0,6.9247384
2024-07-31 10:00:00+00:00,0.258,-0.427,92.0,0.0,6.792466
2024-07-31 11:00:00+00:00,0.259,-0.37699997,94.0,0.1,6.489992
2024-07-31 12:00:00+00:00,0.259,-0.07699999,95.0,0.2,9.983106
2024-07-31 13:00:00+00:00,0.259,-0.02700001,96.0,0.2,10.163227
2024-07-31 14:00:00+00:00,0.259,0.073,97.0,0.4,10.390226
2024-07-31 15:00:00+00:00,0.261,0.573,97.0,0.4,11.659777
2024-07-31 16:00:00+00:00,0.266,0.673,98.0,0.4,12.599999
2024-07-31 17:00:00+00:00,0.269,0.773,99.0,0.4,12.605142
2024-07-31 18:00:00+00:00,0.274,0.923,99.0,0.3,14.05845
2024-07-31 19:00:00+00:00,0.28,1.023,99.0,0.3,15.124284
2024-07-31 20:00:00+00:00,0.281,1.073,98.0,0.3,15.124284
2024-07-31 21:00:00+00:00,0.28,1.073,98.0,0.3,15.119999
2024-07-31 22:00:00+00:00,0.282,1.273,97.0,0.3,14.77755
2024-07-31 23:00:00+00:00,0.287,1.623,97.0,0.4,16.039202
2024-08-01 00:00:00+00:00,0.294,1.623,97.0,0.5,17.731598
2024-08-01 01:00:00+00:00,0.302,1.773,97.0,0.4,18.36353
2024-08-01 02:00:00+00:00,0.316,2.1729999,97.0,0.5,19.164719
2024-08-01 03:00:00+00:00,0.32,2.323,98.0,0.4,18.448023
2024-08-01 04:00:00+00:00,0.317,2.523,98.0,0.3,17.414476
2024-08-01 05:00:00+00:00,0.317,2.673,97.0,0.4,17.873556
2024-08-01 06:00:00+00:00,0.323,2.923,96.0,0.4,18.792551
2024-08-01 07:00:00+00:00,0.334,2.873,94.0,1.1,18.161278
2024-08-01 08:00:00+00:00,0.341,2.773,93.0,1.3,18.161278
2024-08-01 09:00:00+00:00,0.341,2.723,94.0,1.1,17.339897
2024-08-01 10:00:00+00:00,0.345,2.673,96.0,1.1,15.124284
2024-08-01 11:00:00+00:00,0.345,2.773,96.0,1.2,13.797912
2024-08-01 12:00:00+00:00,0.337,2.573,97.0,1.2,12.904882
2024-08-01 13:00:00+00:00,0.334,2.473,97.0,0.7,11.592894
2024-08-01 14:00:00+00:00,0.328,2.573,97.0,0.3,10.464797
2024-08-01 15:00:00+00:00,0.322,2.723,96.0,0.1,9.931042
2024-08-01 16:00:00+00:00,0.317,2.923,95.0,0.1,8.587338
2024-08-01 17:00:00+00:00,0.312,3.173,94.0,0.0,7.9036193
2024-08-01 18:00:00+00:00,0.309,3.323,93.0,0.0,8.427383
2024-08-01 19:00:00+00:00,0.306,3.423,92.0,0.0,5.4833565
2024-08-01 20:00:00+00:00,0.304,3.423,92.0,0.0,2.52
2024-08-01 21:00:00+00:00,0.302,2.973,95.0,0.0,2.9024127
2024-08-01 22:00:00+00:00,0.3,2.473,97.0,0.0,2.9024127
2024-08-01 23:00:00+00:00,0.299,2.1230001,97.0,0.0,2.8116899
2024-08-02 00:00:00+00:00,0.297,1.423,97.0,0.0,2.0991426
2024-08-02 01:00:00+00:00,0.296,0.673,99.0,0.0,3.219938
2024-08-02 02:00:00+00:00,0.296,0.323,100.0,0.0,2.5455842
2024-08-02 03:00:00+00:00,0.296,0.423,99.0,0.0,2.2768397
2024-08-02 04:00:00+00:00,0.296,0.17300001,100.0,0.0,2.0991426
2024-08-02 05:00:00+00:00,0.296,-0.02700001,100.0,0.0,4.3349743
2024-08-02 06:00:00+00:00,0.296,0.323,99.0,0.0,4.8965297
2024-08-02 07:00:00+00:00,0.297,0.573,96.0,0.0,6.763786
2024-08-02 08:00:00+00:00,0.297,0.923,94.0,0.0,8.39657
2024-08-02 09:00:00+00:00,0.298,1.123,94.0,0.0,10.685391
2024-08-02 10:00:00+00:00,0.298,1.423,93.0,0.0,13.779114
2024-08-02 11:00:00+00:00,0.298,1.623,93.0,0.0,14.021525
2024-08-02 12:00:00+00:00,0.298,1.673,90.0,0.0,14.182355
2024-08-02 13:00:00+00:00,0.302,1.673,91.0,0.3,15.175612
2024-08-02 14:00:00+00:00,0.315,1.823,91.0,0.5,18.532133
2024-08-02 15:00:00+00:00,0.335,1.873,92.0,0.7,20.073025
2024-08-02 16:00:00+00:00,0.345,2.073,91.0,0.7,20.466246
2024-08-02 17:00:00+00:00,0.346,2.523,88.0,0.5,20.150354
2024-08-02 18:00:00+00:00,0.323,2.973,84.0,0.4,24.014996
2024-08-02 19:00:00+00:00,0.32,3.323,80.0,0.4,25.02971
2024-08-02 20:00:00+00:00,0.316,3.223,78.0,0.2,24.248611
2024-08-02 21:00:00+00:00,0.31,2.873,78.0,0.1,22.691423
2024-08-02 22:00:00+00:00,0.306,2.423,79.0,0.0,18.584509
2024-08-02 23:00:00+00:00,0.304,2.073,80.0,0.0,14.291592
2024-08-03 00:00:00+00:00,0.302,2.023,85.0,0.0,11.966954
2024-08-03 01:00:00+00:00,0.301,1.773,85.0,0.0,9.931042
2024-08-03 02:00:00+00:00,0.299,1.473,86.0,0.0,8.161764
2024-08-03 03:00:00+00:00,0.298,1.323,86.0,0.0,6.193674
2024-08-03 04:00:00+00:00,0.298,0.973,87.0,0.0,5.1919937
2024-08-03 05:00:00+00:00,0.298,0.873,85.0,0.0,7.386582
2024-08-03 06:00:00+00:00,0.299,0.623,84.0,0.0,6.1094027
2024-08-03 07:00:00+00:00,0.298,0.373,82.0,0.0,6.9247384
2024-08-03 08:00:00+00:00,0.298,0.073,82.0,0.0,7.0911775
2024-08-03 09:00:00+00:00,0.298,-0.277,83.0,0.0,6.489992
2024-08-03 10:00:00+00:00,0.298,-0.577,83.0,0.0,5.6920996
2024-08-03 11:00:00+00:00,0.298,-0.877,84.0,0.0,5.0142193
2024-08-03 12:00:00+00:00,0.298,-0.827,80.0,0.0,2.5455842
2024-08-03 13:00:00+00:00,0.298,-0.977,80.0,0.0,2.8799999
2024-08-03 14:00:00+00:00,0.298,-0.727,82.0,0.0,3.6
2024-08-03 15:00:00+00:00,0.298,-0.227,78.0,0.0,5.4477882
2024-08-03 16:00:00+00:00,0.296,0.17300001,66.0,0.0,8.350138
2024-08-03 17:00:00+00:00,0.295,0.122999996,60.0,0.0,7.754637
2024-08-03 18:00:00+00:00,0.292,0.473,59.0,0.0,6.989936
2024-08-03 19:00:00+00:00,0.29,0.373,56.0,0.0,6.638072
2024-08-03 20:00:00+00:00,0.289,0.17300001,58.0,0.0,5.8603754
2024-08-03 21:00:00+00:00,0.29,-0.32700002,64.0,0.0,5.315336
2024-08-03 22:00:00+00:00,0.29,-0.677,68.0,0.0,4.452954
2024-08-03 23:00:00+00:00,0.29,-1.127,72.0,0.0,5.4477882
2024-08-04 00:00:00+00:00,0.276,-1.277,84.0,0.0,6.638072
2024-08-04 01:00:00+00:00,0.275,-1.427,80.0,0.0,7.653705
2024-08-04 02:00:00+00:00,0.275,-1.577,77.0,0.0,6.439876
2024-08-04 03:00:00+00:00,0.274,-1.677,75.0,0.0,5.937272
2024-08-04 04:00:00+00:00,0.274,-1.8770001,76.0,0.0,5.1544156
2024-08-04 05:00:00+00:00,0.274,-2.277,79.0,0.0,5.3517847
2024-08-04 06:00:00+00:00,0.274,-2.527,80.0,0.0,4.39436
2024-08-04 07:00:00+00:00,0.274,-2.577,79.0,0.0,3.8268526
2024-08-04 08:00:00+00:00,0.274,-2.677,80.0,0.0,3.096837
2024-08-04 09:00:00+00:00,0.274,-2.727,81.0,0.0,2.7416782
2024-08-04 10:00:00+00:00,0.274,-2.877,83.0,0.0,1.835647
2024-08-04 11:00:00+00:00,0.274,-2.977,86.0,0.0,1.4399999
2024-08-04 12:00:00+00:00,0.275,-3.177,92.0,0.0,1.5273507
2024-08-04 13:00:00+00:00,0.275,-3.227,92.0,0.0,2.3051248
2024-08-04 14:00:00+00:00,0.276,-2.577,91.0,0.0,2.5455842
2024-08-04 15:00:00+00:00,0.275,-1.627,88.0,0.0,3.6
2024-08-04 16:00:00+00:00,0.275,-0.827,84.0,0.0,3.8268526
2024-08-04 17:00:00+00:00,0.274,-0.17699999,78.0,0.0,4.1046314
2024-08-04 18:00:00+00:00,0.275,0.373,74.0,0.0,3.5455887
2024-08-04 19:00:00+00:00,0.275,0.423,69.0,0.0,3.2599385
2024-08-04 20:00:00+00:00,0.275,0.223,67.0,0.0,2.9024127
2024-08-04 21:00:00+00:00,0.276,-0.277,74.0,0.0,0.71999997
2024-08-04 22:00:00+00:00,0.277,-0.727,74.0,0.0,1.484318
2024-08-04 23:00:00+00:00,0.277,-1.377,77.0,0.0,1.9386592
2024-08-05 00:00:00+00:00,0.277,-2.127,85.0,0.0,2.1897945
2024-08-05 01:00:00+00:00,0.278,-2.427,85.0,0.0,2.0991426
2024-08-05 02:00:00+00:00,0.278,-3.077,90.0,0.0,2.0364676
2024-08-05 03:00:00+00:00,0.278,-3.677,92.0,0.0,2.5959969
2024-08-05 04:00:00+00:00,0.278,-4.5270004,95.0,0.0,3.096837
2024-08-05 05:00:00+00:00,0.278,-5.0270004,96.0,0.0,3.319036
2024-08-05 06:00:00+00:00,0.278,-6.477,97.0,0.0,3.5455887
2024-08-05 07:00:00+00:00,0.279,-6.2770004,93.0,0.0,3.7064266
2024-08-05 08:00:00+00:00,0.279,-5.977,89.0,0.0,3.7064266
2024-08-05 09:00:00+00:00,0.279,-5.5769997,88.0,0.0,2.8116899
2024-08-05 10:00:00+00:00,0.279,-5.427,88.0,0.0,2.8116899
2024-08-05 11:00:00+00:00,0.279,-5.2770004,88.0,0.0,2.8116899
2024-08-05 12:00:00+00:00,0.278,-5.5769997,82.0,0.0,3.096837
2024-08-05 13:00:00+00:00,0.278,-5.0769997,82.0,0.0,3.096837
2024-08-05 14:00:00+00:00,0.278,-4.177,81.0,0.0,3.096837
2024-08-05 15:00:00+00:00,0.278,-3.127,79.0,0.0,3.4152596
2024-08-05 16:00:00+00:00,0.277,-1.727,79.0,0.0,4.68
2024-08-05 17:00:00+00:00,0.276,-0.427,78.0,0.0,6.849467
2024-08-05 18:00:00+00:00,0.276,0.623,79.0,0.0,8.759178
2024-08-05 19:00:00+00:00,0.276,1.023,75.0,0.0,9.0645685
2024-08-05 20:00:00+00:00,0.276,0.973,74.0,0.0,7.5942073
2024-08-05 21:00:00+00:00,0.276,0.373,79.0,0.0,5.95906
2024-08-05 22:00:00+00:00,0.276,-0.37699997,82.0,0.0,5.692099
2024-08-05 23:00:00+00:00,0.276,-0.977,85.0,0.0,5.0911684
2024-08-06 00:00:00+00:00,0.276,-1.927,90.0,0.0,4.8965297
2024-08-06 01:00:00+00:00,0.277,-2.477,92.0,0.0,3.8939953
2024-08-06 02:00:00+00:00,0.277,-2.727,94.0,0.0,3.319036
2024-08-06 03:00:00+00:00,0.277,-3.027,95.0,0.0,3.096837
2024-08-06 04:00:00+00:00,0.277,-3.377,96.0,0.0,3.219938
2024-08-06 05:00:00+00:00,0.278,-3.627,97.0,0.0,2.7416782
2024-08-06 06:00:00+00:00,0.278,-3.727,96.0,0.0,2.0364676
2024-08-06 07:00:00+00:00,0.278,-3.727,94.0,0.0,1.2979984
2024-08-06 08:00:00+00:00,0.278,-3.677,93.0,0.0,1.2979984
2024-08-06 09:00:00+00:00,0.278,-3.877,93.0,0.0,1.8
2024-08-06 10:00:00+00:00,0.278,-4.177,94.0,0.0,1.835647
2024-08-06 11:00:00+00:00,0.278,-4.627,95.0,0.0,2.0991426
2024-08-06 12:00:00+00:00,0.278,-4.2770004,96.0,0.0,1.484318
2024-08-06 13:00:00+00:00,0.279,-4.5769997,97.0,0.0,1.835647
2024-08-06 14:00:00+00:00,0.279,-4.177,95.0,0.0,1.835647
2024-08-06 15:00:00+00:00,0.279,-2.527,88.0,0.0,2.5455842
2024-08-06 16:00:00+00:00,0.278,-1.077,83.0,0.0,3.9763298
2024-08-06 17:00:00+00:00,0.276,0.073,80.0,0.0,5.0911684
2024-08-06 18:00:00+00:00,0.276,0.523,78.0,0.0,3.319036
2024-08-06 19:00:00+00:00,0.276,0.773,74.0,0.0,5.04
2024-08-06 20:00:00+00:00,0.276,0.673,74.0,0.0,5.4119864
2024-08-06 21:00:00+00:00,0.276,0.17300001,80.0,0.0,4.68
2024-08-06 22:00:00+00:00,0.276,-0.477,85.0,0.0,4.1046314
2024-08-06 23:00:00+00:00,0.277,-0.977,88.0,0.0,4.198285
2024-08-07 00:00:00+00:00,0.277,-1.127,91.0,0.0,4.8433046
2024-08-07 01:00:00+00:00,0.277,-1.277,90.0,0.0,4.8965297
2024-08-07 02:00:00+00:00,0.277,-1.127,88.0,0.0,5.3517847
2024-08-07 03:00:00+00:00,0.277,-0.977,88.0,0.0,6.193674
2024-08-07 04:00:00+00:00,0.277,-0.77699995,89.0,0.0,7.5942082
2024-08-07 05:00:00+00:00,0.277,-0.727,90.0,0.0,8.557102
2024-08-07 06:00:00+00:00,0.277,-1.227,93.0,0.0,7.0911775
2024-08-07 07:00:00+00:00,0.278,-1.127,92.0,0.0,7.754637
2024-08-07 08:00:00+00:00,0.278,-0.977,90.0,0.0,8.311245
2024-08-07 09:00:00+00:00,0.278,-1.127,90.0,0.0,8.766573
2024-08-07 10:00:00+00:00,0.278,-1.727,91.0,0.0,7.771331
2024-08-07 11:00:00+00:00,0.278,-2.377,93.0,0.0,6.638072
2024-08-07 12:00:00+00:00,0.278,-3.327,94.0,0.0,5.771239
2024-08-07 13:00:00+00:00,0.278,-3.627,96.0,0.0,5.04
2024-08-07 14:00:00+00:00,0.279,-2.277,90.0,0.0,4.68
2024-08-07 15:00:00+00:00,0.278,-0.277,82.0,0.0,6.489992
2024-08-07 16:00:00+00:00,0.276,1.173,77.0,0.0,7.5942073
2024-08-07 17:00:00+00:00,0.275,1.923,75.0,0.0,8.64
2024-08-07 18:00:00+00:00,0.275,2.673,77.0,0.0,10.446206
2024-08-07 19:00:00+00:00,0.274,2.723,78.0,0.0,10.105681
2024-08-07 20:00:00+00:00,0.275,2.073,86.0,0.0,7.928178
2024-08-07 21:00:00+00:00,0.275,1.173,92.0,0.0,5.771239
2024-08-07 22:00:00+00:00,0.276,0.523,96.0,0.0,4.379589
2024-08-07 23:00:00+00:00,0.277,0.223,96.0,0.0,3.0758414
2024-08-08 00:00:00+00:00,0.277,-0.17699999,98.0,0.0,3.4152596
2024-08-08 01:00:00+00:00,0.278,-0.37699997,98.0,0.0,4.1046314
2024-08-08 02:00:00+00:00,0.278,-0.477,96.0,0.0,4.3349743
2024-08-08 03:00:00+00:00,0.278,-0.277,95.0,0.0,7.6367526
2024-08-08 04:00:00+00:00,0.278,0.122999996,96.0,1.2,6.87779
2024-08-08 05:00:00+00:00,0.279,0.473,95.0,1.3,6.379216
2024-08-08 06:00:00+00:00,0.279,0.323,99.0,0.6,5.3999996
2024-08-08 07:00:00+00:00,0.279,0.573,96.0,0.6,6.792466
2024-08-08 08:00:00+00:00,0.28,0.673,95.0,0.4,8.311245
2024-08-08 09:00:00+00:00,0.28,0.573,96.0,0.3,6.638072
2024-08-08 10:00:00+00:00,0.28,0.473,96.0,0.3,5.1544156
2024-08-08 11:00:00+00:00,0.28,0.523,95.0,0.3,4.1046314
2024-08-08 12:00:00+00:00,0.28,0.623,96.0,0.7,5.3999996
2024-08-08 13:00:00+00:00,0.281,0.623,96.0,0.1,5.04
2024-08-08 14:00:00+00:00,0.285,0.923,96.0,0.3,4.32
2024-08-08 15:00:00+00:00,0.292,1.273,95.0,0.0,5.0528407
2024-08-08 16:00:00+00:00,0.3,2.023,92.0,0.0,5.0911684
2024-08-08 17:00:00+00:00,0.306,3.073,89.0,0.0,6.5693827
2024-08-08 18:00:00+00:00,0.305,3.773,86.0,0.0,6.9899354
2024-08-08 19:00:00+00:00,0.304,4.273,85.0,0.0,6.439876
2024-08-08 20:00:00+00:00,0.303,4.073,88.0,0.0,7.729527
2024-08-08 21:00:00+00:00,0.3,3.423,92.0,0.0,7.729527
2024-08-08 22:00:00+00:00,0.299,3.173,92.0,0.0,9.659814
2024-08-08 23:00:00+00:00,0.3,3.023,94.0,0.0,11.298495
2024-08-09 00:00:00+00:00,0.298,3.273,94.0,0.0,13.358861
2024-08-09 01:00:00+00:00,0.298,3.273,95.0,0.0,13.910169
2024-08-09 02:00:00+00:00,0.297,3.173,95.0,0.0,14.264361
2024-08-09 03:00:00+00:00,0.297,3.073,95.0,0.0,14.830076
2024-08-09 04:00:00+00:00,0.297,3.073,93.0,0.0,16.203999
2024-08-09 05:00:00+00:00,0.296,3.023,91.0,0.0,15.119999
2024-08-09 06:00:00+00:00,0.295,2.723,91.0,0.0,14.113653
2024-08-09 07:00:00+00:00,0.294,2.473,92.0,0.0,13.493999
2024-08-09 08:00:00+00:00,0.293,2.1729999,93.0,0.0,12.849528
2024-08-09 09:00:00+00:00,0.292,1.973,93.0,0.0,13.276144
2024-08-09 10:00:00+00:00,0.291,1.873,93.0,0.0,11.367109
2024-08-09 11:00:00+00:00,0.291,1.723,93.0,0.0,9.885262
2024-08-09 12:00:00+00:00,0.291,1.873,92.0,0.0,11.27553
2024-08-09 13:00:00+00:00,0.291,2.023,92.0,0.0,10.703569
2024-08-09 14:00:00+00:00,0.292,2.773,90.0,0.0,10.239453
2024-08-09 15:00:00+00:00,0.294,4.073,86.0,0.0,10.08
2024-08-09 16:00:00+00:00,0.293,5.273,82.0,0.0,11.5199995
2024-08-09 17:00:00+00:00,0.292,5.773,77.0,0.0,12.24
2024-08-09 18:00:00+00:00,0.289,5.773,78.0,0.0,11.165805
2024-08-09 19:00:00+00:00,0.288,5.6730003,77.0,0.0,7.5942073
2024-08-09 20:00:00+00:00,0.288,5.073,83.0,0.0,3.219938
2024-08-09 21:00:00+00:00,0.287,4.073,87.0,0.0,2.3051248
2024-08-09 22:00:00+00:00,0.287,3.073,90.0,0.0,2.9024127
2024-08-09 23:00:00+00:00,0.287,2.423,92.0,0.0,1.8
2024-08-10 00:00:00+00:00,0.286,1.323,95.0,0.0,5.6233797
2024-08-10 01:00:00+00:00,0.286,1.123,95.0,0.0,5.8603754
2024-08-10 02:00:00+00:00,0.286,1.273,93.0,0.0,4.8433046
2024-08-10 03:00:00+00:00,0.287,1.273,93.0,0.0,4.3349743
2024-08-10 04:00:00+00:00,0.287,1.223,93.0,0.0,4.198285
2024-08-10 05:00:00+00:00,0.287,1.223,92.0,0.0,4.0249224
2024-08-10 06:00:00+00:00,0.289,0.923,92.0,0.0,4.1046314
2024-08-10 07:00:00+00:00,0.289,0.973,92.0,0.0,3.7585104
2024-08-10 08:00:00+00:00,0.289,0.823,92.0,0.0,3.319036
2024-08-10 09:00:00+00:00,0.289,0.673,93.0,0.0,2.5455842
2024-08-10 10:00:00+00:00,0.289,0.573,93.0,0.0,2.3051248
2024-08-10 11:00:00+00:00,0.289,0.023000002,95.0,0.0,2.7416782
2024-08-10 12:00:00+00:00,0.29,-0.92700005,97.0,0.0,3.319036
2024-08-10 13:00:00+00:00,0.29,-1.077,98.0,0.0,3.96
2024-08-10 14:00:00+00:00,0.29,-0.277,96.0,0.0,3.9763298
2024-08-10 15:00:00+00:00,0.289,1.923,89.0,0.0,5.1544156
2024-08-10 16:00:00+00:00,0.289,3.323,84.0,0.0,7.2805495
2024-08-10 17:00:00+00:00,0.288,4.073,80.0,0.0,7.928178
2024-08-10 18:00:00+00:00,0.285,4.7229996,80.0,0.0,8.311245
2024-08-10 19:00:00+00:00,0.283,4.823,79.0,0.0,8.557102
2024-08-10 20:00:00+00:00,0.282,4.273,83.0,0.0,6.489992
2024-08-10 21:00:00+00:00,0.283,2.723,89.0,0.0,4.6800003
2024-08-10 22:00:00+00:00,0.284,1.473,92.0,0.0,3.8939953
2024-08-10 23:00:00+00:00,0.284,0.723,94.0,0.0,3.396233
2024-08-11 00:00:00+00:00,0.291,-0.02700001,95.0,0.0,3.8773184
2024-08-11 01:00:00+00:00,0.292,-0.827,98.0,0.0,3.8773184
2024-08-11 02:00:00+00:00,0.293,-1.277,99.0,0.0,3.5455887
2024-08-11 03:00:00+00:00,0.293,-1.477,99.0,0.0,3.7585104
2024-08-11 04:00:00+00:00,0.293,-1.8269999,99.0,0.0,3.6179552
2024-08-11 05:00:00+00:00,0.294,-2.227,99.0,0.0,3.319036
2024-08-11 06:00:00+00:00,0.294,-2.527,99.0,0.0,3.0758414
2024-08-11 07:00:00+00:00,0.294,-2.677,99.0,0.0,2.2768397
2024-08-11 08:00:00+00:00,0.294,-2.677,99.0,0.0,1.835647
2024-08-11 09:00:00+00:00,0.295,-2.727,99.0,0.0,2.2768397
2024-08-11 10:00:00+00:00,0.295,-2.927,100.0,0.0,2.4149535
2024-08-11 11:00:00+00:00,0.295,-3.127,99.0,0.0,2.968636
2024-08-11 12:00:00+00:00,0.295,-2.977,99.0,0.0,1.9386592
2024-08-11 13:00:00+00:00,0.295,-2.977,99.0,0.0,2.6208394
2024-08-11 14:00:00+00:00,0.295,-1.927,95.0,0.0,2.2768397
2024-08-11 15:00:00+00:00,0.295,-0.02700001,87.0,0.0,2.2768397
2024-08-11 16:00:00+00:00,0.293,1.723,83.0,0.0,2.1897945
2024-08-11 17:00:00+00:00,0.293,2.973,79.0,0.0,2.52
2024-08-11 18:00:00+00:00,0.29,3.723,76.0,0.0,1.484318
2024-08-11 19:00:00+00:00,0.289,4.023,74.0,0.0,0.0
2024-08-11 20:00:00+00:00,0.289,3.723,77.0,0.0,2.2768397
2024-08-11 21:00:00+00:00,0.289,2.273,87.0,0.0,4.0249224
2024-08-11 22:00:00+00:00,0.29,0.973,93.0,0.0,5.154415
2024-08-11 23:00:00+00:00,0.291,0.573,93.0,0.0,6.151683
2024-08-12 00:00:00+00:00,0.291,0.473,93.0,0.0,6.151683
2024-08-12 01:00:00+00:00,0.291,0.573,94.0,0.0,6.830519
2024-08-12 02:00:00+00:00,0.291,0.573,96.0,0.0,8.759178
2024-08-12 03:00:00+00:00,0.291,0.373,98.0,0.0,10.495713
2024-08-12 04:00:00+00:00,0.291,0.323,98.0,0.2,11.159999
2024-08-12 05:00:00+00:00,0.291,0.423,98.0,0.6,9.422101
2024-08-12 06:00:00+00:00,0.292,0.473,98.0,0.4,8.557102
2024-08-12 07:00:00+00:00,0.292,0.473,98.0,0.2,9.3669195
2024-08-12 08:00:00+00:00,0.293,0.523,98.0,0.3,7.2805495
2024-08-12 09:00:00+00:00,0.293,0.473,99.0,0.6,10.08
2024-08-12 10:00:00+00:00,0.293,0.523,98.0,0.6,14.404499
2024-08-12 11:00:00+00:00,0.294,0.623,98.0,0.3,12.245294
2024-08-12 12:00:00+00:00,0.294,0.523,99.0,0.9,13.339445
2024-08-12 13:00:00+00:00,0.297,0.673,99.0,0.7,12.224107
2024-08-12 14:00:00+00:00,0.298,0.473,99.0,1.6,10.538843
2024-08-12 15:00:00+00:00,0.303,0.523,99.0,1.0,9.3669195
2024-08-12 16:00:00+00:00,0.309,0.523,98.0,1.3,9.114471
2024-08-12 17:00:00+00:00,0.317,0.523,98.0,0.8,9.255571
2024-08-12 18:00:00+00:00,0.326,0.523,98.0,0.6,10.137692
2024-08-12 19:00:00+00:00,0.328,0.523,98.0,0.5,9.227524
2024-08-12 20:00:00+00:00,0.326,0.573,97.0,0.3,6.439876
2024-08-12 21:00:00+00:00,0.321,0.473,98.0,0.7,4.8433046
2024-08-12 22:00:00+00:00,0.318,0.323,97.0,0.2,5.6002855
2024-08-12 23:00:00+00:00,0.316,0.122999996,97.0,0.0,3.4152596
2024-08-13 00:00:00+00:00,0.315,0.323,98.0,0.6,3.563818
2024-08-13 01:00:00+00:00,0.313,0.223,98.0,0.1,2.9024127
2024-08-13 02:00:00+00:00,0.312,0.273,98.0,0.2,2.2768397
2024-08-13 03:00:00+00:00,0.311,0.122999996,99.0,0.2,2.5455842
2024-08-13 04:00:00+00:00,0.31,-0.37699997,99.0,0.0,2.52
2024-08-13 05:00:00+00:00,0.31,-0.577,99.0,0.0,3.671294
2024-08-13 06:00:00+00:00,0.308,-0.527,98.0,0.0,4.452954
2024-08-13 07:00:00+00:00,0.308,-0.77699995,98.0,0.0,4.452954
2024-08-13 08:00:00+00:00,0.307,-0.827,97.0,0.0,6.8399997
2024-08-13 09:00:00+00:00,0.307,-0.02700001,96.0,0.0,9.422101
2024-08-13 10:00:00+00:00,0.307,1.373,93.0,0.0,12.287555
2024-08-13 11:00:00+00:00,0.307,1.473,92.0,0.0,11.542478
2024-08-13 12:00:00+00:00,0.306,1.673,88.0,0.0,8.373386
2024-08-13 13:00:00+00:00,0.307,1.773,88.0,0.0,7.968939
2024-08-13 14:00:00+00:00,0.317,1.923,89.0,0.0,6.519877
2024-08-13 15:00:00+00:00,0.337,2.273,89.0,0.0,2.9024127
2024-08-13 16:00:00+00:00,0.345,2.773,89.0,0.0,2.1897945
2024-08-13 17:00:00+00:00,0.344,3.523,84.0,0.0,0.0
2024-08-13 18:00:00+00:00,0.339,4.323,84.0,0.0,6.379216
2024-08-13 19:00:00+00:00,0.334,4.123,87.0,0.0,6.5693827
2024-08-13 20:00:00+00:00,0.33,3.323,91.0,0.0,8.209263
2024-08-13 21:00:00+00:00,0.325,2.423,94.0,0.0,7.24486
2024-08-13 22:00:00+00:00,0.32,1.373,96.0,0.0,5.991594
2024-08-13 23:00:00+00:00,0.318,1.023,97.0,0.1,6.439876
2024-08-14 00:00:00+00:00,0.317,0.523,97.0,0.0,8.225035
2024-08-14 01:00:00+00:00,0.316,0.623,96.0,0.0,11.874544
2024-08-14 02:00:00+00:00,0.315,0.423,97.0,0.0,9.605998
2024-08-14 03:00:00+00:00,0.315,0.523,98.0,0.0,10.495713
2024-08-14 04:00:00+00:00,0.315,0.673,98.0,0.0,10.636766
2024-08-14 05:00:00+00:00,0.315,0.773,98.0,0.0,10.966713
2024-08-14 06:00:00+00:00,0.313,0.923,98.0,0.0,11.631956
2024-08-14 07:00:00+00:00,0.314,1.023,98.0,0.0,12.313893
2024-08-14 08:00:00+00:00,0.313,0.973,98.0,0.0,12.429127
2024-08-14 09:00:00+00:00,0.313,1.023,98.0,0.0,12.429127
2024-08-14 10:00:00+00:00,0.311,0.923,98.0,0.0,12.074766
2024-08-14 11:00:00+00:00,0.31,1.023,98.0,0.0,11.874544
2024-08-14 12:00:00+00:00,0.31,1.373,98.0,0.0,13.797913
2024-08-14 13:00:00+00:00,0.312,1.723,97.0,0.0,12.682018
2024-08-14 14:00:00+00:00,0.314,2.023,97.0,0.0,11.885453
2024-08-14 15:00:00+00:00,0.317,2.523,96.0,0.0,12.261158
2024-08-14 16:00:00+00:00,0.317,2.823,95.0,0.0,12.605142
2024-08-14 17:00:00+00:00,0.318,2.973,95.0,0.2,13.910169
2024-08-14 18:00:00+00:00,0.328,3.523,94.0,0.2,15.617529
2024-08-14 19:00:00+00:00,0.324,3.473,94.0,0.1,15.629971
2024-08-14 20:00:00+00:00,0.319,3.373,96.0,0.0,13.779114
2024-08-14 21:00:00+00:00,0.316,3.223,96.0,0.0,10.636766
2024-08-14 22:00:00+00:00,0.314,2.923,96.0,0.0,10.30883
2024-08-14 23:00:00+00:00,0.312,2.773,96.0,0.0,9.178235
2024-08-15 00:00:00+00:00,0.31,2.273,96.0,0.0,9.360001
2024-08-15 01:00:00+00:00,0.308,2.073,97.0,0.0,8.699793
2024-08-15 02:00:00+00:00,0.307,1.823,96.0,0.0,7.4128532
2024-08-15 03:00:00+00:00,0.305,1.423,96.0,0.0,6.12
2024-08-15 04:00:00+00:00,0.304,1.073,96.0,0.0,4.3498964
2024-08-15 05:00:00+00:00,0.304,0.823,97.0,0.0,3.6179552
2024-08-15 06:00:00+00:00,0.305,0.623,97.0,0.0,3.396233
2024-08-15 07:00:00+00:00,0.305,0.573,97.0,0.0,3.396233
2024-08-15 08:00:00+00:00,0.305,0.523,97.0,0.0,4.5536795
2024-08-15 09:00:00+00:00,0.305,0.523,97.0,0.0,5.506941
2024-08-15 10:00:00+00:00,0.305,0.523,97.0,0.0,1.8
2024-08-15 11:00:00+00:00,0.305,0.623,97.0,0.0,1.1384199
2024-08-15 12:00:00+00:00,0.304,0.223,97.0,0.0,3.8939953
2024-08-15 13:00:00+00:00,0.304,0.423,96.0,0.0,3.6
2024-08-15 14:00:00+00:00,0.305,1.023,94.0,0.0,3.671294
2024-08-15 15:00:00+00:00,0.307,1.573,90.0,0.0,6.2145634
2024-08-15 16:00:00+00:00,0.308,1.973,87.0,0.0,7.172949
2024-08-15 17:00:00+00:00,0.307,2.1230001,87.0,0.0,5.937272
2024-08-15 18:00:00+00:00,0.3,3.423,80.0,0.0,5.8048253
2024-08-15 19:00:00+00:00,0.299,3.673,79.0,0.0,5.3999996
2024-08-15 20:00:00+00:00,0.298,3.773,79.0,0.0,4.6102495
2024-08-15 21:00:00+00:00,0.296,2.973,86.0,0.0,2.9024127
2024-08-15 22:00:00+00:00,0.296,1.773,90.0,0.0,2.3051248
2024-08-15 23:00:00+00:00,0.296,1.223,93.0,0.0,2.7416782
2024-08-16 00:00:00+00:00,0.296,0.773,94.0,0.0,2.968636
2024-08-16 01:00:00+00:00,0.296,0.573,96.0,0.0,3.6179552
2024-08-16 02:00:00+00:00,0.296,0.473,96.0,0.0,4.32
2024-08-16 03:00:00+00:00,0.297,0.373,97.0,0.0,4.32
2024-08-16 04:00:00+00:00,0.297,0.273,97.0,0.0,5.0528407
2024-08-16 05:00:00+00:00,0.297,0.373,96.0,0.0,6.519877
2024-08-16 06:00:00+00:00,0.297,0.17300001,96.0,0.0,7.928178
2024-08-16 07:00:00+00:00,0.298,0.17300001,96.0,0.0,8.647496
2024-08-16 08:00:00+00:00,0.298,0.17300001,96.0,0.0,8.287822
2024-08-16 09:00:00+00:00,0.298,0.122999996,96.0,0.0,9.726665
2024-08-16 10:00:00+00:00,0.298,0.17300001,95.0,0.0,9.746631
2024-08-16 11:00:00+00:00,0.298,0.323,95.0,0.0,6.489992
2024-08-16 12:00:00+00:00,0.295,0.623,96.0,0.0,5.6920996
2024-08-16 13:00:00+00:00,0.295,0.573,96.0,0.2,4.0249224
2024-08-16 14:00:00+00:00,0.296,0.523,97.0,1.3,4.0249224
2024-08-16 15:00:00+00:00,0.3,0.473,98.0,2.4,4.1046314
2024-08-16 16:00:00+00:00,0.312,0.923,97.0,0.5,4.5820518
2024-08-16 17:00:00+00:00,0.32,1.323,95.0,0.0,6.989936
2024-08-16 18:00:00+00:00,0.317,1.823,92.0,0.0,7.072878
2024-08-16 19:00:00+00:00,0.315,1.973,91.0,0.0,6.4096174
2024-08-16 20:00:00+00:00,0.311,1.873,92.0,0.0,6.924738
2024-08-16 21:00:00+00:00,0.308,1.523,92.0,0.0,6.489992
2024-08-16 22:00:00+00:00,0.306,0.723,92.0,0.0,6.12
2024-08-16 23:00:00+00:00,0.306,0.323,90.0,0.0,6.162207
2024-08-17 00:00:00+00:00,0.306,-0.627,92.0,0.0,6.130579
2024-08-17 01:00:00+00:00,0.306,-1.227,92.0,0.0,5.771239
2024-08-17 02:00:00+00:00,0.306,-1.777,92.0,0.0,5.0528407
2024-08-17 03:00:00+00:00,0.306,-1.8770001,92.0,0.0,4.379589
2024-08-17 04:00:00+00:00,0.306,-1.977,92.0,0.0,4.379589
2024-08-17 05:00:00+00:00,0.306,-2.227,92.0,0.0,4.1046314
2024-08-17 06:00:00+00:00,0.306,-2.977,95.0,0.0,4.2136917
2024-08-17 07:00:00+00:00,0.306,-2.827,94.0,0.0,4.2136917
2024-08-17 08:00:00+00:00,0.306,-2.827,94.0,0.0,4.5536795
2024-08-17 09:00:00+00:00,0.306,-2.677,93.0,0.0,4.452954
2024-08-17 10:00:00+00:00,0.306,-2.527,93.0,0.0,4.802999
2024-08-17 11:00:00+00:00,0.306,-2.427,92.0,0.0,4.73506
2024-08-17 12:00:00+00:00,0.306,-1.977,93.0,0.0,4.3349743
2024-08-17 13:00:00+00:00,0.306,-1.627,93.0,0.0,3.96
2024-08-17 14:00:00+00:00,0.306,-0.577,92.0,0.0,4.1046314
2024-08-17 15:00:00+00:00,0.309,0.723,91.0,0.0,4.452954
2024-08-17 16:00:00+00:00,0.313,1.873,85.0,0.0,6.0347
2024-08-17 17:00:00+00:00,0.315,2.723,83.0,0.0,8.12197
2024-08-17 18:00:00+00:00,0.311,4.223,77.0,0.0,10.661107
2024-08-17 19:00:00+00:00,0.31,4.323,78.0,0.0,10.041354
2024-08-17 20:00:00+00:00,0.308,3.973,80.0,0.0,7.771331
2024-08-17 21:00:00+00:00,0.306,2.773,83.0,0.0,6.379216
2024-08-17 22:00:00+00:00,0.305,1.623,87.0,0.0,5.937272
2024-08-17 23:00:00+00:00,0.306,1.323,88.0,0.0,5.5887027
2024-08-18 00:00:00+00:00,0.305,0.773,88.0,0.0,5.04
2024-08-18 01:00:00+00:00,0.305,0.273,89.0,0.0,5.3999996
2024-08-18 02:00:00+00:00,0.305,-0.127,89.0,0.0,5.4119864
2024-08-18 03:00:00+00:00,0.305,-0.37699997,89.0,0.0,6.162207
2024-08-18 04:00:00+00:00,0.305,-0.527,88.0,0.0,6.489992
2024-08-18 05:00:00+00:00,0.305,-0.577,86.0,0.0,7.5685663
2024-08-18 06:00:00+00:00,0.303,0.023000002,85.0,0.0,9.826088
2024-08-18 07:00:00+00:00,0.303,0.573,84.0,0.0,12.015589
2024-08-18 08:00:00+00:00,0.303,0.673,87.0,0.0,12.074766
2024-08-18 09:00:00+00:00,0.303,0.773,89.0,0.0,12.783802
2024-08-18 10:00:00+00:00,0.303,0.823,91.0,0.0,13.441071
2024-08-18 11:00:00+00:00,0.303,0.923,89.0,0.0,14.471821
2024-08-18 12:00:00+00:00,0.303,1.273,89.0,0.0,15.379206
2024-08-18 13:00:00+00:00,0.303,1.673,90.0,0.0,16.516901
2024-08-18 14:00:00+00:00,0.304,2.773,87.0,0.0,17.76081
2024-08-18 15:00:00+00:00,0.304,3.973,82.0,0.0,18.0
2024-08-18 16:00:00+00:00,0.302,5.373,77.0,0.0,17.727943
2024-08-18 17:00:00+00:00,0.298,6.7229996,73.0,0.0,17.81909
2024-08-18 18:00:00+00:00,0.292,8.173,64.0,0.0,21.2522
2024-08-18 19:00:00+00:00,0.29,7.7229996,63.0,0.0,23.499481
2024-08-18 20:00:00+00:00,0.289,7.023,64.0,0.0,22.805367
2024-08-18 21:00:00+00:00,0.289,5.773,69.0,0.0,20.082708
2024-08-18 22:00:00+00:00,0.288,4.123,76.0,0.0,16.808569
2024-08-18 23:00:00+00:00,0.288,2.773,80.0,0.0,14.471821
2024-08-19 00:00:00+00:00,0.287,2.373,78.0,0.0,15.158522
2024-08-19 01:00:00+00:00,0.287,2.623,78.0,0.0,15.158522
2024-08-19 02:00:00+00:00,0.287,2.773,77.0,0.0,16.039202
2024-08-19 03:00:00+00:00,0.286,2.673,73.0,0.0,15.941944
2024-08-19 04:00:00+00:00,0.285,2.523,77.0,0.0,16.93531
2024-08-19 05:00:00+00:00,0.285,2.423,82.0,0.0,16.981165
2024-08-19 06:00:00+00:00,0.285,2.623,78.0,0.0,19.469976
2024-08-19 07:00:00+00:00,0.284,2.823,78.0,0.0,19.493261
2024-08-19 08:00:00+00:00,0.284,2.923,78.0,0.0,17.373497
2024-08-19 09:00:00+00:00,0.284,2.823,78.0,0.0,16.199999
2024-08-19 10:00:00+00:00,0.283,2.773,79.0,0.0,16.700275
2024-08-19 11:00:00+00:00,0.283,2.473,81.0,0.0,17.811815
2024-08-19 12:00:00+00:00,0.283,2.323,79.0,0.0,14.685176
2024-08-19 13:00:00+00:00,0.283,2.673,77.0,0.0,16.520823
2024-08-19 14:00:00+00:00,0.282,4.573,69.0,0.0,17.414476
2024-08-19 15:00:00+00:00,0.281,6.523,59.0,0.0,20.883104
2024-08-19 16:00:00+00:00,0.28,7.523,56.0,0.0,23.177402
2024-08-19 17:00:00+00:00,0.28,7.773,53.0,0.0,23.863409
2024-08-19 18:00:00+00:00,0.279,7.823,51.0,0.0,24.535524
2024-08-19 19:00:00+00:00,0.279,7.373,52.0,0.0,24.280659
2024-08-19 20:00:00+00:00,0.278,6.6730003,56.0,0.0,22.35481
2024-08-19 21:00:00+00:00,0.278,5.373,61.0,0.0,18.998314
2024-08-19 22:00:00+00:00,0.279,3.523,71.0,0.0,15.137133
2024-08-19 23:00:00+00:00,0.279,2.373,77.0,0.0,13.324863
2024-08-20 00:00:00+00:00,0.276,1.723,80.0,0.0,14.044615
2024-08-20 01:00:00+00:00,0.277,1.623,79.0,0.0,12.964998
2024-08-20 02:00:00+00:00,0.277,1.423,79.0,0.0,11.879999
2024-08-20 03:00:00+00:00,0.277,1.173,80.0,0.0,11.542478
2024-08-20 04:00:00+00:00,0.278,1.023,81.0,0.0,11.966953
2024-08-20 05:00:00+00:00,0.278,0.773,83.0,0.0,13.084402
2024-08-20 06:00:00+00:00,0.278,0.223,81.0,0.0,12.245294
2024-08-20 07:00:00+00:00,0.278,0.023000002,83.0,0.0,12.959999
2024-08-20 08:00:00+00:00,0.278,-0.07699999,84.0,0.0,13.039754
2024-08-20 09:00:00+00:00,0.279,-0.02700001,85.0,0.0,11.659777
2024-08-20 10:00:00+00:00,0.279,-0.32700002,85.0,0.0,9.47012
2024-08-20 11:00:00+00:00,0.279,-1.027,88.0,0.0,7.208994
2024-08-20 12:00:00+00:00,0.279,-0.827,88.0,0.0,8.28
2024-08-20 13:00:00+00:00,0.279,0.473,83.0,0.0,9.779817
2024-08-20 14:00:00+00:00,0.279,3.023,74.0,0.0,14.113653
2024-08-20 15:00:00+00:00,0.279,4.9230003,69.0,0.0,17.373497
2024-08-20 16:00:00+00:00,0.278,6.4230003,65.0,0.0,20.633371
2024-08-20 17:00:00+00:00,0.277,7.4729996,64.0,0.0,20.570463
2024-08-20 18:00:00+00:00,0.276,8.173,61.0,0.0,21.24305
2024-08-20 19:00:00+00:00,0.275,8.073,62.0,0.0,20.240196
2024-08-20 20:00:00+00:00,0.275,7.4729996,65.0,0.0,17.873556
2024-08-20 21:00:00+00:00,0.275,6.373,70.0,0.0,14.154915
2024-08-20 22:00:00+00:00,0.275,4.573,81.0,0.0,10.805999
2024-08-20 23:00:00+00:00,0.275,3.673,86.0,0.0,10.446206
2024-08-21 00:00:00+00:00,0.274,2.873,88.0,0.0,11.928989
2024-08-21 01:00:00+00:00,0.274,2.723,87.0,0.0,11.879999
2024-08-21 02:00:00+00:00,0.273,2.473,87.0,0.0,12.261158
2024-08-21 03:00:00+00:00,0.274,2.073,89.0,0.0,12.261158
2024-08-21 04:00:00+00:00,0.274,1.823,90.0,0.0,10.799999
2024-08-21 05:00:00+00:00,0.274,1.573,91.0,0.0,10.853866
2024-08-21 06:00:00+00:00,0.275,1.123,91.0,0.0,9.0645685
2024-08-21 07:00:00+00:00,0.275,0.823,92.0,0.0,8.350138
2024-08-21 08:00:00+00:00,0.275,0.273,94.0,0.0,7.2805495
2024-08-21 09:00:00+00:00,0.275,-0.277,96.0,0.0,6.849467
2024-08-21 10:00:00+00:00,0.276,-0.627,97.0,0.0,6.162207
2024-08-21 11:00:00+00:00,0.276,-0.827,98.0,0.0,5.3999996
2024-08-21 12:00:00+00:00,0.276,-0.32700002,96.0,0.0,8.12197
2024-08-21 13:00:00+00:00,0.276,0.823,94.0,0.0,9.107359
2024-08-21 14:00:00+00:00,0.276,3.173,87.0,0.0,13.797913
2024-08-21 15:00:00+00:00,0.277,5.073,80.0,0.0,18.0036
2024-08-21 16:00:00+00:00,0.276,6.4230003,73.0,0.0,22.782625
2024-08-21 17:00:00+00:00,0.275,7.123,67.0,0.0,25.651104
2024-08-21 18:00:00+00:00,0.273,7.623,59.0,0.0,24.967499
2024-08-21 19:00:00+00:00,0.272,7.6730003,60.0,0.0,25.364037
2024-08-21 20:00:00+00:00,0.272,7.073,66.0,0.0,24.490587
2024-08-21 21:00:00+00:00,0.272,6.073,70.0,0.0,24.48
2024-08-21 22:00:00+00:00,0.271,4.273,71.0,0.0,22.725668
2024-08-21 23:00:00+00:00,0.271,2.973,78.0,0.0,22.505037
2024-08-22 00:00:00+00:00,0.27,2.023,82.0,0.0,23.828083
2024-08-22 01:00:00+00:00,0.271,1.723,80.0,0.0,22.366402
2024-08-22 02:00:00+00:00,0.271,1.473,83.0,0.0,20.532627
2024-08-22 03:00:00+00:00,0.271,1.373,82.0,0.0,20.211363
2024-08-22 04:00:00+00:00,0.271,1.173,81.0,0.0,18.733839
2024-08-22 05:00:00+00:00,0.271,1.073,85.0,0.0,18.72346
2024-08-22 06:00:00+00:00,0.272,1.323,90.0,0.0,20.907913
2024-08-22 07:00:00+00:00,0.272,1.473,86.0,0.0,20.883104
2024-08-22 08:00:00+00:00,0.274,1.973,83.0,0.1,20.163212
2024-08-22 09:00:00+00:00,0.274,1.873,85.0,0.1,18.36353
2024-08-22 10:00:00+00:00,0.274,1.573,87.0,0.0,16.923828
2024-08-22 11:00:00+00:00,0.274,1.323,89.0,0.0,16.199999
2024-08-22 12:00:00+00:00,0.273,1.823,90.0,0.0,13.339445
2024-08-22 13:00:00+00:00,0.273,2.723,87.0,0.0,14.77755
2024-08-22 14:00:00+00:00,0.274,4.623,82.0,0.0,15.496736
2024-08-22 15:00:00+00:00,0.272,7.023,73.0,0.0,18.709612
2024-08-22 16:00:00+00:00,0.27,8.023,69.0,0.0,21.629978
2024-08-22 17:00:00+00:00,0.269,8.473,67.0,0.0,22.427162
2024-08-22 18:00:00+00:00,0.268,8.723,67.0,0.0,27.210379
2024-08-22 19:00:00+00:00,0.267,8.422999,67.0,0.0,28.829233
2024-08-22 20:00:00+00:00,0.266,8.023,70.0,0.0,28.639803
2024-08-22 21:00:00+00:00,0.266,7.123,73.0,0.0,25.849905
2024-08-22 22:00:00+00:00,0.267,5.873,80.0,0.0,21.542923
2024-08-22 23:00:00+00:00,0.267,5.273,84.0,0.0,19.523155
2024-08-23 00:00:00+00:00,0.275,4.573,88.0,0.0,17.673029
2024-08-23 01:00:00+00:00,0.275,4.373,89.0,0.0,16.919998
2024-08-23 02:00:00+00:00,0.274,4.373,88.0,0.0,17.414476
2024-08-23 03:00:00+00:00,0.274,4.273,88.0,0.0,17.298738
2024-08-23 04:00:00+00:00,0.273,4.1730003,88.0,0.0,15.281989
2024-08-23 05:00:00+00:00,0.273,4.223,86.0,0.0,12.758432
2024-08-23 06:00:00+00:00,0.272,2.923,88.0,0.0,10.308831
2024-08-23 07:00:00+00:00,0.272,2.1729999,91.0,0.0,8.350138
2024-08-23 08:00:00+00:00,0.272,1.723,92.0,0.0,6.849467
2024-08-23 09:00:00+00:00,0.272,1.323,94.0,0.0,6.162207
2024-08-23 10:00:00+00:00,0.272,0.723,96.0,0.0,6.28713
2024-08-23 11:00:00+00:00,0.272,0.122999996,99.0,0.0,6.0347
2024-08-23 12:00:00+00:00,0.273,-0.277,97.0,0.0,5.2416787
2024-08-23 13:00:00+00:00,0.273,0.122999996,96.0,0.0,4.73506
2024-08-23 14:00:00+00:00,0.272,2.473,88.0,0.0,5.3999996
2024-08-23 15:00:00+00:00,0.271,5.4230003,75.0,0.0,9.007196
2024-08-23 16:00:00+00:00,0.269,7.523,68.0,0.0,13.441071
2024-08-23 17:00:00+00:00,0.267,8.773,65.0,0.0,17.309973
2024-08-23 18:00:00+00:00,0.267,9.922999,58.0,0.0,17.114204
2024-08-23 19:00:00+00:00,0.265,9.823,60.0,0.0,20.545246
2024-08-23 20:00:00+00:00,0.265,9.023,64.0,0.0,21.129885
2024-08-23 21:00:00+00:00,0.265,7.773,71.0,0.0,18.057508
2024-08-23 22:00:00+00:00,0.265,6.2229996,79.0,0.0,13.75558
2024-08-23 23:00:00+00:00,0.265,5.1730003,85.0,0.0,13.556282
2024-08-24 00:00:00+00:00,0.268,4.7229996,85.0,0.0,14.759999
2024-08-24 01:00:00+00:00,0.268,4.7229996,86.0,0.0,14.759999
2024-08-24 02:00:00+00:00,0.268,4.873,85.0,0.0,15.745627
2024-08-24 03:00:00+00:00,0.268,4.873,86.0,0.0,16.946787
2024-08-24 04:00:00+00:00,0.267,4.9729996,86.0,0.0,18.511143
2024-08-24 05:00:00+00:00,0.267,4.873,88.0,0.0,18.25026
2024-08-24 06:00:00+00:00,0.267,4.6730003,91.0,0.0,17.902534
2024-08-24 07:00:00+00:00,0.267,4.4729996,91.0,0.0,17.309973
2024-08-24 08:00:00+00:00,0.267,4.273,91.0,0.0,17.309973
2024-08-24 09:00:00+00:00,0.267,4.073,91.0,0.0,16.965895
2024-08-24 10:00:00+00:00,0.266,3.823,91.0,0.0,16.516901
2024-08-24 11:00:00+00:00,0.266,3.573,92.0,0.0,16.62249
2024-08-24 12:00:00+00:00,0.266,2.923,94.0,0.0,13.661038
2024-08-24 13:00:00+00:00,0.266,3.673,92.0,0.0,15.484185
2024-08-24 14:00:00+00:00,0.265,5.523,84.0,0.0,17.902534
2024-08-24 15:00:00+00:00,0.264,6.9729996,77.0,0.0,20.188908
2024-08-24 16:00:00+00:00,0.263,8.073,69.0,0.0,20.5484
2024-08-24 17:00:00+00:00,0.262,8.723,64.0,0.0,20.598795
2024-08-24 18:00:00+00:00,0.261,9.023,61.0,0.0,20.008356
2024-08-24 19:00:00+00:00,0.26,9.023,60.0,0.0,18.228943
2024-08-24 20:00:00+00:00,0.26,8.473,64.0,0.0,15.158522
2024-08-24 21:00:00+00:00,0.26,7.4729996,71.0,0.0,9.726665
2024-08-24 22:00:00+00:00,0.26,6.123,79.0,0.0,6.439876
2024-08-24 23:00:00+00:00,0.261,4.9729996,84.0,0.0,5.0911684
2024-08-25 00:00:00+00:00,0.26,3.923,89.0,0.0,3.8268526
2024-08-25 01:00:00+00:00,0.26,3.423,90.0,0.0,2.1897945
2024-08-25 02:00:00+00:00,0.26,2.823,91.0,0.0,2.9024127
2024-08-25 03:00:00+00:00,0.261,2.523,91.0,0.0,3.096837
2024-08-25 04:00:00+00:00,0.261,2.523,91.0,0.0,3.8773184
2024-08-25 05:00:00+00:00,0.261,2.423,91.0,0.0,4.452954
2024-08-25 06:00:00+00:00,0.261,0.973,96.0,0.0,5.5887027
2024-08-25 07:00:00+00:00,0.263,1.023,96.0,0.0,6.28713
2024-08-25 08:00:00+00:00,0.269,1.423,95.0,0.2,7.2359104
2024-08-25 09:00:00+00:00,0.267,1.773,94.0,0.1,8.287822
2024-08-25 10:00:00+00:00,0.266,1.823,95.0,0.0,10.464798
2024-08-25 11:00:00+00:00,0.265,1.823,96.0,0.0,9.885262
2024-08-25 12:00:00+00:00,0.264,2.1230001,95.0,0.0,9.346143
2024-08-25 13:00:00+00:00,0.264,2.423,95.0,0.0,9.793058
2024-08-25 14:00:00+00:00,0.268,2.923,96.0,0.3,10.137692
2024-08-25 15:00:00+00:00,0.283,3.423,96.0,0.6,9.531505
2024-08-25 16:00:00+00:00,0.298,4.023,94.0,0.8,7.2805495
2024-08-25 17:00:00+00:00,0.304,4.523,91.0,0.7,5.506941
2024-08-25 18:00:00+00:00,0.306,5.023,86.0,0.6,6.489992
2024-08-25 19:00:00+00:00,0.3,5.073,85.0,0.3,4.6938257
2024-08-25 20:00:00+00:00,0.294,5.073,85.0,0.1,2.9024127
2024-08-25 21:00:00+00:00,0.291,4.823,87.0,0.0,2.1897945
2024-08-25 22:00:00+00:00,0.288,4.073,92.0,0.0,3.9763298
2024-08-25 23:00:00+00:00,0.286,3.273,95.0,0.0,3.6179552
2024-08-26 00:00:00+00:00,0.284,2.523,97.0,0.0,4.68
2024-08-26 01:00:00+00:00,0.282,2.023,98.0,0.0,4.73506
2024-08-26 02:00:00+00:00,0.281,1.873,99.0,0.0,3.4152596
2024-08-26 03:00:00+00:00,0.28,1.873,99.0,0.0,2.8116899
2024-08-26 04:00:00+00:00,0.279,1.823,99.0,0.0,3.0547013
2024-08-26 05:00:00+00:00,0.278,1.773,99.0,0.0,2.8116899
2024-08-26 06:00:00+00:00,0.277,0.973,100.0,0.0,2.6208394
2024-08-26 07:00:00+00:00,0.276,1.023,100.0,0.0,1.1384199
2024-08-26 08:00:00+00:00,0.275,1.073,100.0,0.0,0.35999998
2024-08-26 09:00:00+00:00,0.274,1.023,100.0,0.0,1.484318
2024-08-26 10:00:00+00:00,0.274,0.973,100.0,0.0,3.2599385
2024-08-26 11:00:00+00:00,0.273,0.623,100.0,0.0,4.3349743
2024-08-26 12:00:00+00:00,0.273,0.673,100.0,0.0,0.8049845
2024-08-26 13:00:00+00:00,0.272,0.523,100.0,0.0,4.5536795
2024-08-26 14:00:00+00:00,0.282,1.023,100.0,0.2,3.6
2024-08-26 15:00:00+00:00,0.276,2.423,95.0,0.0,2.16
2024-08-26 16:00:00+00:00,0.274,5.373,86.0,0.0,4.829907
2024-08-26 17:00:00+00:00,0.273,7.773,67.0,0.0,16.516901
2024-08-26 18:00:00+00:00,0.269,8.823,49.0,0.0,25.729298
2024-08-26 19:00:00+00:00,0.268,8.373,51.0,0.0,25.620771
2024-08-26 20:00:00+00:00,0.267,7.773,54.0,0.0,25.071098
2024-08-26 21:00:00+00:00,0.266,6.623,60.0,0.0,22.66857
2024-08-26 22:00:00+00:00,0.266,5.2229996,69.0,0.0,17.782688
2024-08-26 23:00:00+00:00,0.266,4.123,77.0,0.0,15.509274
2024-08-27 00:00:00+00:00,0.263,3.423,79.0,0.0,19.353138
2024-08-27 01:00:00+00:00,0.263,2.873,82.0,0.0,21.629978
2024-08-27 02:00:00+00:00,0.263,2.673,85.0,0.0,24.590923
2024-08-27 03:00:00+00:00,0.263,2.673,86.0,0.0,25.417631
2024-08-27 04:00:00+00:00,0.263,2.723,89.0,0.0,27.248457
2024-08-27 05:00:00+00:00,0.263,2.923,83.0,0.0,31.667723
2024-08-27 06:00:00+00:00,0.263,3.173,80.0,0.0,31.698402
2024-08-27 07:00:00+00:00,0.262,2.723,76.0,0.0,28.808998
2024-08-27 08:00:00+00:00,0.262,2.1230001,79.0,0.0,24.187069
2024-08-27 09:00:00+00:00,0.262,1.423,82.0,0.0,18.692286
2024-08-27 10:00:00+00:00,0.262,1.073,86.0,0.0,17.22742
2024-08-27 11:00:00+00:00,0.263,1.273,90.0,0.0,16.58346
2024-08-27 12:00:00+00:00,0.262,1.273,87.0,0.0,13.708391
2024-08-27 13:00:00+00:00,0.262,2.623,83.0,0.0,15.463246
2024-08-27 14:00:00+00:00,0.261,4.7229996,76.0,0.0,18.720001
2024-08-27 15:00:00+00:00,0.26,6.1730003,66.0,0.0,27.691935
2024-08-27 16:00:00+00:00,0.26,6.623,64.0,0.0,22.553936
2024-08-27 17:00:00+00:00,0.259,6.873,66.0,0.0,26.064596
2024-08-27 18:00:00+00:00,0.257,7.023,65.0,0.0,28.257132
2024-08-27 19:00:00+00:00,0.257,6.7229996,63.0,0.0,30.77105
2024-08-27 20:00:00+00:00,0.257,6.2229996,66.0,0.0,28.712116
2024-08-27 21:00:00+00:00,0.257,5.873,67.0,0.1,25.772078
2024-08-27 22:00:00+00:00,0.265,5.1730003,71.0,0.2,23.708124
2024-08-27 23:00:00+00:00,0.265,5.023,68.0,0.1,20.929594
2024-08-28 00:00:00+00:00,0.274,5.073,69.0,0.0,21.767351
2024-08-28 01:00:00+00:00,0.269,4.6730003,70.0,0.0,19.228851
2024-08-28 02:00:00+00:00,0.266,4.073,72.0,0.0,15.986593
2024-08-28 03:00:00+00:00,0.265,3.923,74.0,0.0,17.873556
2024-08-28 04:00:00+00:00,0.264,4.573,70.0,0.0,25.264202
2024-08-28 05:00:00+00:00,0.273,4.273,74.0,0.3,29.088802
2024-08-28 06:00:00+00:00,0.273,4.323,72.0,0.2,28.555965
2024-08-28 07:00:00+00:00,0.269,4.023,76.0,0.0,29.142216
2024-08-28 08:00:00+00:00,0.267,3.573,76.0,0.0,25.294964
2024-08-28 09:00:00+00:00,0.266,3.223,76.0,0.0,23.675304
2024-08-28 10:00:00+00:00,0.265,2.973,82.0,0.0,23.847115
2024-08-28 11:00:00+00:00,0.265,3.073,81.0,0.0,26.00486
2024-08-28 12:00:00+00:00,0.264,2.873,78.0,0.0,28.802248
2024-08-28 13:00:00+00:00,0.263,3.523,73.0,0.0,32.26572
2024-08-28 14:00:00+00:00,0.262,4.573,68.0,0.0,33.71338
2024-08-28 15:00:00+00:00,0.26,5.4230003,63.0,0.0,35.28
2024-08-28 16:00:00+00:00,0.259,5.773,62.0,0.0,35.038563
2024-08-28 17:00:00+00:00,0.258,5.873,60.0,0.0,33.75756
2024-08-28 18:00:00+00:00,0.256,5.373,59.0,0.0,33.190357
2024-08-28 19:00:00+00:00,0.255,5.073,59.0,0.0,31.355152
2024-08-28 20:00:00+00:00,0.254,4.623,58.0,0.0,29.68636
2024-08-28 21:00:00+00:00,0.254,3.823,62.0,0.0,27.402597
2024-08-28 22:00:00+00:00,0.255,2.873,67.0,0.0,25.651104
2024-08-28 23:00:00+00:00,0.255,2.223,72.0,0.0,24.850431
2024-08-29 00:00:00+00:00,0.26,1.473,77.0,0.0,27.038372
2024-08-29 01:00:00+00:00,0.26,1.323,77.0,0.0,27.397867
2024-08-29 02:00:00+00:00,0.26,1.273,73.0,0.0,25.683926
2024-08-29 03:00:00+00:00,0.259,1.223,71.0,0.0,24.162945
2024-08-29 04:00:00+00:00,0.259,1.273,76.0,0.0,24.122683
2024-08-29 05:00:00+00:00,0.259,1.423,80.0,0.0,26.64
2024-08-29 06:00:00+00:00,0.259,1.673,78.0,0.0,25.562534
2024-08-29 07:00:00+00:00,0.259,1.773,75.0,0.0,23.4
2024-08-29 08:00:00+00:00,0.259,1.623,80.0,0.0,22.253124
2024-08-29 09:00:00+00:00,0.259,1.573,88.0,0.0,20.478907
2024-08-29 10:00:00+00:00,0.259,1.773,91.0,0.0,20.12461
2024-08-29 11:00:00+00:00,0.259,2.073,92.0,0.0,19.770523
2024-08-29 12:00:00+00:00,0.259,2.473,90.0,0.0,18.792551
2024-08-29 13:00:00+00:00,0.258,3.973,85.0,0.0,23.34455
2024-08-29 14:00:00+00:00,0.258,5.023,82.0,0.0,22.427162
2024-08-29 15:00:00+00:00,0.257,6.123,78.0,0.0,23.263912
2024-08-29 16:00:00+00:00,0.256,6.4729996,77.0,0.0,25.0064
2024-08-29 17:00:00+00:00,0.255,6.573,77.0,0.0,24.535526
2024-08-29 18:00:00+00:00,0.254,6.7229996,72.0,0.0,20.037485
2024-08-29 19:00:00+00:00,0.254,6.6730003,71.0,0.0,19.353138
2024-08-29 20:00:00+00:00,0.253,6.523,72.0,0.0,17.917007
2024-08-29 21:00:00+00:00,0.253,6.123,75.0,0.0,16.75064
2024-08-29 22:00:00+00:00,0.253,5.523,77.0,0.0,14.20062
2024-08-29 23:00:00+00:00,0.254,5.073,79.0,0.0,13.684735
2024-08-30 00:00:00+00:00,0.254,4.223,81.0,0.0,12.096214
2024-08-30 01:00:00+00:00,0.255,3.473,84.0,0.0,11.212135
2024-08-30 02:00:00+00:00,0.255,3.123,84.0,0.0,10.703569
2024-08-30 03:00:00+00:00,0.255,2.773,85.0,0.0,9.793059
2024-08-30 04:00:00+00:00,0.255,2.773,83.0,0.0,10.685391
2024-08-30 05:00:00+00:00,0.255,2.673,84.0,0.0,10.805998
2024-08-30 06:00:00+00:00,0.255,2.273,80.0,0.0,5.634891
2024-08-30 07:00:00+00:00,0.255,2.223,79.0,0.0,6.12
2024-08-30 08:00:00+00:00,0.256,2.073,79.0,0.0,5.1919937
2024-08-30 09:00:00+00:00,0.256,2.1729999,78.0,0.0,5.1165614
2024-08-30 10:00:00+00:00,0.257,2.623,79.0,0.3,5.1165614
2024-08-30 11:00:00+00:00,0.266,2.973,79.0,0.5,6.1305785
2024-08-30 12:00:00+00:00,0.271,3.823,72.0,0.6,3.396233
2024-08-30 13:00:00+00:00,0.284,4.823,70.0,0.3,2.4149535
2024-08-30 14:00:00+00:00,0.28,5.123,71.0,0.1,3.319036
2024-08-30 15:00:00+00:00,0.277,7.123,57.0,0.0,8.669949
2024-08-30 16:00:00+00:00,0.275,9.672999,50.0,0.0,22.288042
2024-08-30 17:00:00+00:00,0.27,10.373,53.0,0.0,27.959743
2024-08-30 18:00:00+00:00,0.266,11.073,50.0,0.0,30.45566
2024-08-30 19:00:00+00:00,0.265,10.473,56.0,0.0,29.162222
2024-08-30 20:00:00+00:00,0.263,9.973,58.0,0.0,27.729347
2024-08-30 21:00:00+00:00,0.263,9.023,65.0,0.0,25.925
2024-08-30 22:00:00+00:00,0.263,8.073,72.0,0.1,22.73707
2024-08-30 23:00:00+00:00,0.263,7.523,74.0,0.0,21.461555
2024-08-31 00:00:00+00:00,0.247,7.7229996,70.0,0.0,24.627787
2024-08-31 01:00:00+00:00,0.247,7.123,69.0,0.0,24.627787
2024-08-31 02:00:00+00:00,0.247,6.773,71.0,0.0,24.72495
2024-08-31 03:00:00+00:00,0.247,6.4729996,73.0,0.0,22.734219
2024-08-31 04:00:00+00:00,0.247,6.2229996,76.0,0.0,18.782204
2024-08-31 05:00:00+00:00,0.247,5.873,78.0,0.0,14.799459
2024-08-31 06:00:00+00:00,0.247,5.323,78.0,0.0,11.440979
2024-08-31 07:00:00+00:00,0.248,4.873,77.0,0.0,9.983106
2024-08-31 08:00:00+00:00,0.248,4.323,80.0,0.0,7.729527
2024-08-31 09:00:00+00:00,0.248,3.823,83.0,0.0,5.0142193
2024-08-31 10:00:00+00:00,0.248,3.423,84.0,0.1,3.4152596
2024-08-31 11:00:00+00:00,0.252,3.623,84.0,0.3,2.0991426
2024-08-31 12:00:00+00:00,0.269,3.873,81.0,0.6,4.8433046
2024-08-31 13:00:00+00:00,0.27,3.823,87.0,0.1,4.8965297
2024-08-31 14:00:00+00:00,0.27,5.073,84.0,0.1,7.5942073
2024-08-31 15:00:00+00:00,0.268,5.6730003,84.0,0.0,8.759178
2024-08-31 16:00:00+00:00,0.266,6.873,81.0,0.1,9.793058
2024-08-31 17:00:00+00:00,0.263,7.9729996,75.0,0.0,8.534353
2024-08-31 18:00:00+00:00,0.261,8.573,72.0,0.1,10.383987
2024-08-31 19:00:00+00:00,0.26,8.823,72.0,0.1,8.669949
2024-08-31 20:00:00+00:00,0.274,8.323,80.0,0.6,3.319036
2024-08-31 21:00:00+00:00,0.309,7.573,88.0,1.3,2.7416782
2024-08-31 22:00:00+00:00,0.314,7.023,91.0,1.0,2.9024127
2024-08-31 23:00:00+00:00,0.306,6.773,92.0,0.4,2.1897945
2024-09-01 00:00:00+00:00,0.3,5.9729996,93.0,0.3,3.671294
2024-09-01 01:00:00+00:00,0.294,5.9230003,92.0,0.0,3.5455887
2024-09-01 02:00:00+00:00,0.291,5.9230003,88.0,0.0,7.127636
2024-09-01 03:00:00+00:00,0.29,7.123,73.0,0.0,15.683774
2024-09-01 04:00:00+00:00,0.285,6.623,73.0,0.0,11.753876
2024-09-01 05:00:00+00:00,0.282,6.123,76.0,0.0,7.5685663
2024-09-01 06:00:00+00:00,0.28,6.123,71.0,0.0,12.88981
2024-09-01 07:00:00+00:00,0.278,6.323,70.0,0.0,15.7908325
2024-09-01 08:00:00+00:00,0.277,6.023,72.0,0.0,14.529915
2024-09-01 09:00:00+00:00,0.276,5.4729996,74.0,0.0,12.984975
2024-09-01 10:00:00+00:00,0.274,4.773,78.0,0.0,10.787993
2024-09-01 11:00:00+00:00,0.274,4.573,76.0,0.0,10.495713
2024-09-01 12:00:00+00:00,0.272,4.9729996,71.0,0.2,11.043261
2024-09-01 13:00:00+00:00,0.271,6.273,68.0,0.0,15.072783
2024-09-01 14:00:00+00:00,0.27,7.7229996,63.0,0.0,23.1774
2024-09-01 15:00:00+00:00,0.273,7.373,68.0,0.2,29.96662
2024-09-01 16:00:00+00:00,0.271,7.873,66.0,0.0,27.783045
2024-09-01 17:00:00+00:00,0.268,8.672999,59.0,0.0,29.574827
2024-09-01 18:00:00+00:00,0.268,8.523,60.0,0.0,30.121912
2024-09-01 19:00:00+00:00,0.267,8.473,60.0,0.0,28.576382
2024-09-01 20:00:00+00:00,0.266,8.323,62.0,0.0,24.36325
2024-09-01 21:00:00+00:00,0.265,7.773,65.0,0.0,22.206486
2024-09-01 22:00:00+00:00,0.265,6.773,70.0,0.0,19.05281
2024-09-01 23:00:00+00:00,0.265,6.073,78.0,0.0,18.919704
2024-09-02 00:00:00+00:00,0.26,5.323,81.0,0.0,24.29133
2024-09-02 01:00:00+00:00,0.26,4.123,68.0,0.0,25.922499
2024-09-02 02:00:00+00:00,0.26,3.323,72.0,0.0,24.130743
2024-09-02 03:00:00+00:00,0.26,2.823,76.0,0.0,22.7057
2024-09-02 04:00:00+00:00,0.26,2.623,79.0,0.0,19.06301
2024-09-02 05:00:00+00:00,0.259,2.373,82.0,0.0,18.1041
2024-09-02 06:00:00+00:00,0.259,2.023,82.0,0.0,17.651016
2024-09-02 07:00:00+00:00,0.259,1.873,84.0,0.0,17.377226
2024-09-02 08:00:00+00:00,0.259,1.823,85.0,0.0,15.978486
2024-09-02 09:00:00+00:00,0.259,1.773,87.0,0.0,14.145756
2024-09-02 10:00:00+00:00,0.259,1.673,89.0,0.0,13.661038
2024-09-02 11:00:00+00:00,0.259,1.573,91.0,0.0,12.979984
2024-09-02 12:00:00+00:00,0.259,1.573,91.0,0.0,13.5515
2024-09-02 13:00:00+00:00,0.259,3.323,83.0,0.0,15.141414
2024-09-02 14:00:00+00:00,0.258,5.4230003,73.0,0.0,17.902534
2024-09-02 15:00:00+00:00,0.257,7.073,67.0,0.0,20.12461
2024-09-02 16:00:00+00:00,0.256,8.323,63.0,0.0,20.721119
2024-09-02 17:00:00+00:00,0.254,9.172999,60.0,0.0,23.40277
2024-09-02 18:00:00+00:00,0.253,8.973,60.0,0.0,21.2522
2024-09-02 19:00:00+00:00,0.253,9.123,60.0,0.0,20.674158
2024-09-02 20:00:00+00:00,0.252,8.723,63.0,0.0,19.483284
2024-09-02 21:00:00+00:00,0.252,7.9230003,67.0,0.0,19.242327
2024-09-02 22:00:00+00:00,0.253,7.023,72.0,0.0,17.551615
2024-09-02 23:00:00+00:00,0.253,6.373,76.0,0.0,19.592731
2024-09-03 00:00:00+00:00,0.257,5.823,73.0,0.0,17.902534
2024-09-03 01:00:00+00:00,0.257,5.273,75.0,0.0,16.171976
2024-09-03 02:00:00+00:00,0.257,4.573,79.0,0.0,13.37825
2024-09-03 03:00:00+00:00,0.257,4.123,82.0,0.0,10.990322
2024-09-03 04:00:00+00:00,0.257,4.123,85.0,0.0,11.753876
2024-09-03 05:00:00+00:00,0.257,4.273,81.0,0.0,14.565548
2024-09-03 06:00:00+00:00,0.257,3.423,83.0,0.0,13.684735
2024-09-03 07:00:00+00:00,0.257,3.873,81.0,0.0,17.873556
2024-09-03 08:00:00+00:00,0.257,4.1730003,78.0,0.0,19.05281
2024-09-03 09:00:00+00:00,0.256,4.273,79.0,0.0,19.855558
2024-09-03 10:00:00+00:00,0.256,4.323,80.0,0.0,19.319628
2024-09-03 11:00:00+00:00,0.256,4.123,80.0,0.0,18.58451
2024-09-03 12:00:00+00:00,0.256,5.023,72.0,0.0,18.875126
2024-09-03 13:00:00+00:00,0.256,5.823,69.0,0.0,22.565422
2024-09-03 14:00:00+00:00,0.255,6.773,65.0,0.0,26.242987
2024-09-03 15:00:00+00:00,0.254,6.9230003,66.0,0.0,29.44307
2024-09-03 16:00:00+00:00,0.253,6.4230003,57.0,0.0,28.08923
2024-09-03 17:00:00+00:00,0.252,6.073,50.0,0.0,29.888672
2024-09-03 18:00:00+00:00,0.252,5.373,51.0,0.0,30.49818
2024-09-03 19:00:00+00:00,0.252,5.273,48.0,0.0,28.521906
2024-09-03 20:00:00+00:00,0.251,4.7229996,49.0,0.0,27.059933
2024-09-03 21:00:00+00:00,0.251,3.873,55.0,0.0,23.051247
2024-09-03 22:00:00+00:00,0.251,2.923,58.0,0.0,18.03237
2024-09-03 23:00:00+00:00,0.251,2.1729999,63.0,0.0,14.689589
2024-09-04 00:00:00+00:00,0.253,1.223,72.0,0.0,14.986553
2024-09-04 01:00:00+00:00,0.253,0.973,76.0,0.0,14.654254
2024-09-04 02:00:00+00:00,0.253,0.923,78.0,0.0,14.021525
2024-09-04 03:00:00+00:00,0.253,1.123,76.0,0.0,15.30741
2024-09-04 04:00:00+00:00,0.253,1.223,82.0,0.0,17.935081
2024-09-04 05:00:00+00:00,0.253,1.373,84.0,0.0,21.382906
2024-09-04 06:00:00+00:00,0.254,2.073,84.0,0.0,23.47741
2024-09-04 07:00:00+00:00,0.253,2.573,84.0,0.0,26.674032
2024-09-04 08:00:00+00:00,0.253,2.773,81.0,0.0,25.455843
2024-09-04 09:00:00+00:00,0.253,2.873,78.0,0.0,24.693481
2024-09-04 10:00:00+00:00,0.253,2.973,79.0,0.0,22.963936
2024-09-04 11:00:00+00:00,0.253,2.973,81.0,0.0,22.61419
2024-09-04 12:00:00+00:00,0.253,3.623,79.0,0.0,21.915693
2024-09-04 13:00:00+00:00,0.253,4.7229996,74.0,0.0,25.417631
2024-09-04 14:00:00+00:00,0.254,5.873,69.0,0.1,30.385365
2024-09-04 15:00:00+00:00,0.252,6.4230003,66.0,0.0,36.71294
2024-09-04 16:00:00+00:00,0.255,6.873,65.0,0.2,37.419224
2024-09-04 17:00:00+00:00,0.258,6.9729996,66.0,0.2,36.061146
2024-09-04 18:00:00+00:00,0.257,7.873,61.0,0.2,40.10406
2024-09-04 19:00:00+00:00,0.257,7.323,66.0,0.1,36.359997
2024-09-04 20:00:00+00:00,0.26,6.773,71.0,0.2,34.94968
2024-09-04 21:00:00+00:00,0.257,6.7229996,63.0,0.0,36.785233
2024-09-04 22:00:00+00:00,0.255,6.123,63.0,0.0,32.335934
2024-09-04 23:00:00+00:00,0.255,5.7229996,64.0,0.0,32.396
2024-09-05 00:00:00+00:00,0.247,5.773,61.0,0.0,29.940662
2024-09-05 01:00:00+00:00,0.247,5.773,65.0,0.0,27.009598
2024-09-05 02:00:00+00:00,0.247,5.823,65.0,0.0,28.66468
2024-09-05 03:00:00+00:00,0.247,5.623,62.0,0.0,29.947153
2024-09-05 04:00:00+00:00,0.247,5.2229996,63.0,0.0,32.06426
2024-09-05 05:00:00+00:00,0.247,5.123,67.0,0.0,28.277763
2024-09-05 06:00:00+00:00,0.247,5.4230003,63.0,0.0,27.579382
2024-09-05 07:00:00+00:00,0.247,5.373,63.0,0.0,26.959166
2024-09-05 08:00:00+00:00,0.247,5.623,62.0,0.0,27.459293
2024-09-05 09:00:00+00:00,0.246,5.4230003,62.0,0.0,25.488914
2024-09-05 10:00:00+00:00,0.246,5.2229996,64.0,0.0,23.708124
2024-09-05 11:00:00+00:00,0.246,4.9729996,66.0,0.0,23.78453
2024-09-05 12:00:00+00:00,0.246,6.6730003,53.0,0.0,24.184391
2024-09-05 13:00:00+00:00,0.246,7.073,53.0,0.0,24.967497
2024-09-05 14:00:00+00:00,0.246,8.023,50.0,0.0,26.596178
2024-09-05 15:00:00+00:00,0.245,8.473,50.0,0.0,27.217524
2024-09-05 16:00:00+00:00,0.245,8.873,49.0,0.0,28.66694
2024-09-05 17:00:00+00:00,0.244,9.323,49.0,0.0,29.827904
2024-09-05 18:00:00+00:00,0.244,9.922999,51.0,0.0,29.784426
2024-09-05 19:00:00+00:00,0.243,9.073,57.0,0.0,30.886656
2024-09-05 20:00:00+00:00,0.244,8.123,64.0,0.0,27.219902
2024-09-05 21:00:00+00:00,0.244,7.4230003,69.0,0.0,23.990698
2024-09-05 22:00:00+00:00,0.244,6.7229996,74.0,0.0,22.59699
2024-09-05 23:00:00+00:00,0.245,6.4230003,71.0,0.0,23.565569
2024-09-06 00:00:00+00:00,0.237,6.6730003,67.0,0.0,25.862436
2024-09-06 01:00:00+00:00,0.237,6.323,69.0,0.0,26.42753
2024-09-06 02:00:00+00:00,0.238,6.2229996,69.0,0.0,27.871534
2024-09-06 03:00:00+00:00,0.238,5.9729996,71.0,0.0,29.168886
2024-09-06 04:00:00+00:00,0.238,6.073,71.0,0.0,29.5551
2024-09-06 05:00:00+00:00,0.239,6.023,73.0,0.1,28.961546
2024-09-06 06:00:00+00:00,0.24,6.323,72.0,0.1,29.957968
2024-09-06 07:00:00+00:00,0.24,6.023,75.0,0.0,26.925497
2024-09-06 08:00:00+00:00,0.24,5.873,77.0,0.0,23.042812
2024-09-06 09:00:00+00:00,0.24,5.9230003,74.0,0.0,22.881958
2024-09-06 10:00:00+00:00,0.24,6.023,69.0,0.0,23.006226
2024-09-06 11:00:00+00:00,0.24,5.823,69.0,0.0,20.140705
2024-09-06 12:00:00+00:00,0.24,5.4230003,72.0,0.0,18.532133
2024-09-06 13:00:00+00:00,0.24,6.073,71.0,0.0,25.44566
2024-09-06 14:00:00+00:00,0.245,5.873,76.0,0.2,25.12016
2024-09-06 15:00:00+00:00,0.246,6.623,70.0,0.1,25.671307
2024-09-06 16:00:00+00:00,0.244,7.1730003,64.0,0.0,27.887802
2024-09-06 17:00:00+00:00,0.242,7.4729996,61.0,0.0,25.764534
2024-09-06 18:00:00+00:00,0.239,7.523,53.0,0.0,27.74103
2024-09-06 19:00:00+00:00,0.238,7.773,51.0,0.0,26.836306
2024-09-06 20:00:00+00:00,0.237,7.4230003,53.0,0.0,25.49908
2024-09-06 21:00:00+00:00,0.237,6.823,60.0,0.0,23.469128
2024-09-06 22:00:00+00:00,0.238,5.7229996,73.0,0.0,17.287498
2024-09-06 23:00:00+00:00,0.238,5.073,74.0,0.0,16.199999
2024-09-07 00:00:00+00:00,0.241,4.323,82.0,0.0,16.92383
2024-09-07 01:00:00+00:00,0.241,4.073,85.0,0.0,19.008545
2024-09-07 02:00:00+00:00,0.241,3.923,85.0,0.0,19.64228
2024-09-07 03:00:00+00:00,0.242,3.623,84.0,0.0,17.551615
2024-09-07 04:00:00+00:00,0.242,3.173,84.0,0.0,14.007655
2024-09-07 05:00:00+00:00,0.242,2.523,89.0,0.0,12.229406
2024-09-07 06:00:00+00:00,0.242,2.823,86.0,0.0,15.815435
2024-09-07 07:00:00+00:00,0.242,2.623,86.0,0.0,16.08761
2024-09-07 08:00:00+00:00,0.242,2.823,85.0,0.0,16.80857
2024-09-07 09:00:00+00:00,0.242,2.973,83.0,0.0,18.335276
2024-09-07 10:00:00+00:00,0.242,3.023,82.0,0.0,18.11841
2024-09-07 11:00:00+00:00,0.242,3.023,81.0,0.0,19.453327
2024-09-07 12:00:00+00:00,0.242,3.623,80.0,0.0,22.476227
2024-09-07 13:00:00+00:00,0.242,4.573,72.0,0.0,27.009598
2024-09-07 14:00:00+00:00,0.24,5.573,60.0,0.0,30.85307
2024-09-07 15:00:00+00:00,0.239,6.1730003,57.0,0.0,31.355152
2024-09-07 16:00:00+00:00,0.238,6.7229996,52.0,0.0,31.782108
2024-09-07 17:00:00+00:00,0.236,7.4729996,48.0,0.0,30.926489
2024-09-07 18:00:00+00:00,0.236,7.7229996,44.0,0.0,28.006058
2024-09-07 19:00:00+00:00,0.235,8.023,44.0,0.0,23.358425
2024-09-07 20:00:00+00:00,0.234,7.623,48.0,0.0,22.90743
2024-09-07 21:00:00+00:00,0.237,6.623,65.0,0.2,24.184391
2024-09-07 22:00:00+00:00,0.26,5.9230003,73.0,0.7,18.514643
2024-09-07 23:00:00+00:00,0.294,5.573,75.0,1.2,18.1041
2024-09-08 00:00:00+00:00,0.297,6.773,67.0,1.0,18.844202
2024-09-08 01:00:00+00:00,0.297,6.9729996,64.0,0.6,18.416384
2024-09-08 02:00:00+00:00,0.295,6.573,68.0,0.5,17.339897
2024-09-08 03:00:00+00:00,0.295,7.323,63.0,0.4,21.933426
2024-09-08 04:00:00+00:00,0.285,7.7229996,62.0,0.0,26.31942
2024-09-08 05:00:00+00:00,0.278,7.323,64.0,0.0,27.776047
2024-09-08 06:00:00+00:00,0.274,7.4230003,63.0,0.0,28.732422
2024-09-08 07:00:00+00:00,0.271,6.623,64.0,0.0,31.581665
2024-09-08 08:00:00+00:00,0.269,5.623,67.0,0.0,30.0767
2024-09-08 09:00:00+00:00,0.268,4.9729996,70.0,0.0,28.266304
2024-09-08 10:00:00+00:00,0.266,4.573,69.0,0.0,28.510544
2024-09-08 11:00:00+00:00,0.265,4.4729996,65.0,0.0,30.563978
2024-09-08 12:00:00+00:00,0.264,4.6730003,71.0,0.0,31.902174
2024-09-08 13:00:00+00:00,0.262,4.9729996,67.0,0.0,40.83898
2024-09-08 14:00:00+00:00,0.26,5.623,66.0,0.0,38.358162
2024-09-08 15:00:00+00:00,0.258,6.1730003,58.0,0.0,40.41311
2024-09-08 16:00:00+00:00,0.256,6.4230003,53.0,0.0,41.251034
2024-09-08 17:00:00+00:00,0.254,6.323,51.0,0.0,41.312252
2024-09-08 18:00:00+00:00,0.252,5.9230003,57.0,0.0,44.131947
2024-09-08 19:00:00+00:00,0.25,5.523,57.0,0.0,37.08699
2024-09-08 20:00:00+00:00,0.249,5.073,55.0,0.0,33.487743
2024-09-08 21:00:00+00:00,0.249,4.223,59.0,0.0,30.413074
2024-09-08 22:00:00+00:00,0.249,2.973,68.0,0.0,26.693459
2024-09-08 23:00:00+00:00,0.25,1.923,74.0,0.0,22.963936
2024-09-09 00:00:00+00:00,0.248,1.123,83.0,0.0,22.45315
2024-09-09 01:00:00+00:00,0.248,0.773,85.0,0.0,19.803272
2024-09-09 02:00:00+00:00,0.249,0.473,79.0,0.0,20.008356
2024-09-09 03:00:00+00:00,0.248,0.073,73.0,0.0,19.559633
2024-09-09 04:00:00+00:00,0.248,-0.37699997,70.0,0.0,19.110542
2024-09-09 05:00:00+00:00,0.248,-0.77699995,72.0,0.0,19.917469
2024-09-09 06:00:00+00:00,0.247,-1.277,72.0,0.0,17.643673
2024-09-09 07:00:00+00:00,0.247,-1.777,75.0,0.0,16.167967
2024-09-09 08:00:00+00:00,0.247,-2.077,77.0,0.0,14.587776
2024-09-09 09:00:00+00:00,0.247,-2.427,80.0,0.0,12.245293
2024-09-09 10:00:00+00:00,0.247,-2.227,79.0,0.0,11.298495
2024-09-09 11:00:00+00:00,0.247,-2.027,81.0,0.0,11.304229
2024-09-09 12:00:00+00:00,0.247,-1.327,85.0,0.0,12.229406
2024-09-09 13:00:00+00:00,0.246,0.523,81.0,0.0,17.377226
2024-09-09 14:00:00+00:00,0.244,2.523,70.0,0.0,28.555965
2024-09-09 15:00:00+00:00,0.242,3.323,63.0,0.0,30.945345
2024-09-09 16:00:00+00:00,0.241,3.823,63.0,0.0,31.92654
2024-09-09 17:00:00+00:00,0.244,3.973,65.0,0.1,32.85678
2024-09-09 18:00:00+00:00,0.24,4.1730003,62.0,0.0,34.847553
2024-09-09 19:00:00+00:00,0.24,3.923,65.0,0.0,32.59939
2024-09-09 20:00:00+00:00,0.239,4.023,66.0,0.0,30.684587
2024-09-09 21:00:00+00:00,0.239,3.823,68.0,0.0,30.652895
2024-09-09 22:00:00+00:00,0.239,3.073,73.0,0.0,25.35637
2024-09-09 23:00:00+00:00,0.242,2.323,80.0,0.3,26.987997
2024-09-10 00:00:00+00:00,0.265,2.523,79.0,0.4,30.378967
2024-09-10 01:00:00+00:00,0.278,2.573,81.0,0.1,28.58545
2024-09-10 02:00:00+00:00,0.272,2.373,83.0,0.0,24.675106
2024-09-10 03:00:00+00:00,0.267,1.923,87.0,0.0,22.545315
2024-09-10 04:00:00+00:00,0.264,1.573,88.0,0.0,21.461555
2024-09-10 05:00:00+00:00,0.262,1.423,86.0,0.0,21.461555
2024-09-10 06:00:00+00:00,0.261,1.223,83.0,0.0,24.023088
2024-09-10 07:00:00+00:00,0.26,1.173,84.0,0.0,23.795427
2024-09-10 08:00:00+00:00,0.26,1.123,85.0,0.0,22.104116
2024-09-10 09:00:00+00:00,0.259,1.023,87.0,0.0,20.870687
2024-09-10 10:00:00+00:00,0.259,1.123,87.0,0.0,20.176065
2024-09-10 11:00:00+00:00,0.258,1.223,85.0,0.0,19.296133
2024-09-10 12:00:00+00:00,0.257,2.073,82.0,0.0,18.0
2024-09-10 13:00:00+00:00,0.257,2.923,79.0,0.0,19.386591
2024-09-10 14:00:00+00:00,0.256,3.973,74.0,0.0,20.345573
2024-09-10 15:00:00+00:00,0.254,5.073,64.0,0.0,25.264202
2024-09-10 16:00:00+00:00,0.252,5.573,61.0,0.0,22.963936
2024-09-10 17:00:00+00:00,0.251,6.023,58.0,0.0,22.734219
2024-09-10 18:00:00+00:00,0.249,6.123,60.0,0.0,22.314194
2024-09-10 19:00:00+00:00,0.248,5.4230003,65.0,0.0,21.2522
2024-09-10 20:00:00+00:00,0.25,5.273,68.0,0.1,25.44566
2024-09-10 21:00:00+00:00,0.253,4.623,76.0,0.1,18.678415
2024-09-10 22:00:00+00:00,0.253,4.1730003,79.0,0.1,15.077082
2024-09-10 23:00:00+00:00,0.253,3.923,80.0,0.0,16.92383
2024-09-11 00:00:00+00:00,0.25,3.873,80.0,0.0,19.453327
2024-09-11 01:00:00+00:00,0.25,3.723,81.0,0.0,20.46941
2024-09-11 02:00:00+00:00,0.249,3.673,83.0,0.0,22.218153
2024-09-11 03:00:00+00:00,0.249,3.723,85.0,0.0,25.38702
2024-09-11 04:00:00+00:00,0.249,3.523,86.0,0.0,26.309572
2024-09-11 05:00:00+00:00,0.249,3.473,85.0,0.0,26.476522
2024-09-11 06:00:00+00:00,0.248,3.173,86.0,0.0,23.087763
2024-09-11 07:00:00+00:00,0.248,3.373,86.0,0.0,21.67487
2024-09-11 08:00:00+00:00,0.248,3.873,84.0,0.0,23.675303
2024-09-11 09:00:00+00:00,0.248,4.123,81.0,0.0,25.982424
2024-09-11 10:00:00+00:00,0.248,4.123,77.0,0.0,27.74103
2024-09-11 11:00:00+00:00,0.247,3.873,80.0,0.0,25.006397
2024-09-11 12:00:00+00:00,0.247,4.873,74.0,0.0,26.661882
2024-09-11 13:00:00+00:00,0.246,5.6730003,72.0,0.0,26.67889
2024-09-11 14:00:00+00:00,0.245,6.573,69.0,0.0,29.195534
2024-09-11 15:00:00+00:00,0.244,7.123,64.0,0.0,30.274265
2024-09-11 16:00:00+00:00,0.243,7.823,62.0,0.0,30.77105
2024-09-11 17:00:00+00:00,0.242,7.6730003,61.0,0.0,31.912327
2024-09-11 18:00:00+00:00,0.241,8.123,59.0,0.0,31.845247
2024-09-11 19:00:00+00:00,0.243,7.6730003,63.0,0.1,30.659237
2024-09-11 20:00:00+00:00,0.246,7.4729996,65.0,0.1,30.282827
2024-09-11 21:00:00+00:00,0.247,7.023,67.0,0.1,30.05515
2024-09-11 22:00:00+00:00,0.25,6.2229996,72.0,0.1,29.830078
2024-09-11 23:00:00+00:00,0.256,5.523,78.0,0.2,27.609911
2024-09-12 00:00:00+00:00,0.245,5.7229996,75.0,0.1,24.798225
2024-09-12 01:00:00+00:00,0.244,5.373,77.0,0.1,25.11758
2024-09-12 02:00:00+00:00,0.245,5.123,79.0,0.1,24.967499
2024-09-12 03:00:00+00:00,0.245,4.9729996,79.0,0.0,23.828083
2024-09-12 04:00:00+00:00,0.243,4.9230003,78.0,0.0,23.4
2024-09-12 05:00:00+00:00,0.242,4.823,78.0,0.0,23.47741
2024-09-12 06:00:00+00:00,0.245,5.073,77.0,0.1,25.570139
2024-09-12 07:00:00+00:00,0.247,5.1730003,77.0,0.1,28.296091
2024-09-12 08:00:00+00:00,0.256,4.773,80.0,0.3,28.174458
2024-09-12 09:00:00+00:00,0.252,4.373,76.0,0.0,25.842384
2024-09-12 10:00:00+00:00,0.256,4.023,76.0,0.2,28.467329
2024-09-12 11:00:00+00:00,0.26,2.873,72.0,0.2,27.086262
2024-09-12 12:00:00+00:00,0.254,3.523,68.0,0.0,34.201893
2024-09-12 13:00:00+00:00,0.251,3.173,56.0,0.0,36.361782
2024-09-12 14:00:00+00:00,0.249,3.573,56.0,0.0,36.721764
2024-09-12 15:00:00+00:00,0.246,3.973,52.0,0.0,37.8
2024-09-12 16:00:00+00:00,0.245,4.373,49.0,0.0,38.52168
2024-09-12 17:00:00+00:00,0.243,4.623,47.0,0.0,39.24165
2024-09-12 18:00:00+00:00,0.242,4.123,55.0,0.0,40.422726
2024-09-12 19:00:00+00:00,0.24,3.873,52.0,0.0,38.403748
2024-09-12 20:00:00+00:00,0.24,3.373,54.0,0.0,35.78697
2024-09-12 21:00:00+00:00,0.24,2.523,58.0,0.0,33.857227
2024-09-12 22:00:00+00:00,0.24,1.573,64.0,0.0,31.328272
2024-09-12 23:00:00+00:00,0.24,1.023,67.0,0.0,28.266306
2024-09-13 00:00:00+00:00,0.243,0.623,73.0,0.0,24.798223
2024-09-13 01:00:00+00:00,0.243,0.673,74.0,0.0,25.277023
2024-09-13 02:00:00+00:00,0.243,0.773,76.0,0.0,27.210379
2024-09-13 03:00:00+00:00,0.243,1.023,73.0,0.0,29.871325
2024-09-13 04:00:00+00:00,0.242,1.173,72.0,0.0,30.096085
2024-09-13 05:00:00+00:00,0.242,1.173,72.0,0.0,30.676142
2024-09-13 06:00:00+00:00,0.242,0.923,74.0,0.0,32.09052
2024-09-13 07:00:00+00:00,0.241,0.723,73.0,0.0,32.407997
2024-09-13 08:00:00+00:00,0.241,0.723,73.0,0.0,31.328272
2024-09-13 09:00:00+00:00,0.241,0.773,74.0,0.0,31.338614
2024-09-13 10:00:00+00:00,0.24,0.723,72.0,0.0,32.072342
2024-09-13 11:00:00+00:00,0.24,0.623,71.0,0.0,30.259275
2024-09-13 12:00:00+00:00,0.239,1.573,71.0,0.0,31.012281
2024-09-13 13:00:00+00:00,0.238,2.523,66.0,0.0,37.330803
2024-09-13 14:00:00+00:00,0.237,3.323,63.0,0.0,37.490158
2024-09-13 15:00:00+00:00,0.237,3.873,60.0,0.0,37.731365
2024-09-13 16:00:00+00:00,0.233,4.323,56.0,0.0,38.706276
2024-09-13 17:00:00+00:00,0.23,4.523,54.0,0.0,39.503334
2024-09-13 18:00:00+00:00,0.224,4.1730003,58.0,0.0,44.53682
2024-09-13 19:00:00+00:00,0.222,3.873,57.0,0.0,43.45276
2024-09-13 20:00:00+00:00,0.221,3.473,58.0,0.0,40.044235
2024-09-13 21:00:00+00:00,0.221,2.923,60.0,0.0,36.204617
2024-09-13 22:00:00+00:00,0.222,1.973,65.0,0.0,32.654995
2024-09-13 23:00:00+00:00,0.224,1.323,72.0,0.0,30.735231
2024-09-14 00:00:00+00:00,0.234,0.923,76.0,0.0,31.394394
2024-09-14 01:00:00+00:00,0.234,0.923,77.0,0.0,31.353085
2024-09-14 02:00:00+00:00,0.235,0.973,79.0,0.0,30.978832
2024-09-14 03:00:00+00:00,0.236,1.023,80.0,0.0,30.602118
2024-09-14 04:00:00+00:00,0.236,1.023,80.0,0.0,30.619051
2024-09-14 05:00:00+00:00,0.236,0.973,80.0,0.0,29.598919
2024-09-14 06:00:00+00:00,0.236,1.073,77.0,0.0,25.651104
2024-09-14 07:00:00+00:00,0.236,0.723,82.0,0.0,22.751316
2024-09-14 08:00:00+00:00,0.237,0.523,86.0,0.0,20.696085
2024-09-14 09:00:00+00:00,0.237,0.323,87.0,0.0,20.929594
2024-09-14 10:00:00+00:00,0.238,0.323,88.0,0.0,18.58451
2024-09-14 11:00:00+00:00,0.238,0.122999996,89.0,0.0,14.336861
2024-09-14 12:00:00+00:00,0.238,1.023,88.0,0.0,13.513193
2024-09-14 13:00:00+00:00,0.238,2.323,81.0,0.1,16.87398
2024-09-14 14:00:00+00:00,0.241,2.773,85.0,0.1,22.077717
2024-09-14 15:00:00+00:00,0.241,3.523,80.0,0.1,26.89419
2024-09-14 16:00:00+00:00,0.239,4.9230003,71.0,0.1,25.14852
2024-09-14 17:00:00+00:00,0.245,5.2229996,72.0,0.3,24.482647
2024-09-14 18:00:00+00:00,0.262,5.1730003,70.0,0.4,21.746504
2024-09-14 19:00:00+00:00,0.268,5.773,69.0,0.4,22.725668
2024-09-14 20:00:00+00:00,0.27,5.623,71.0,0.4,22.253124
2024-09-14 21:00:00+00:00,0.27,5.7229996,71.0,0.3,19.70815
2024-09-14 22:00:00+00:00,0.262,5.4230003,71.0,0.0,16.516901
2024-09-14 23:00:00+00:00,0.26,4.873,78.0,0.2,12.72283
2024-09-15 00:00:00+00:00,0.267,4.373,82.0,0.4,13.32
2024-09-15 01:00:00+00:00,0.271,4.773,81.0,0.2,18.671474
2024-09-15 02:00:00+00:00,0.266,4.273,82.0,0.0,20.620806
2024-09-15 03:00:00+00:00,0.262,3.173,90.0,0.0,17.31746
2024-09-15 04:00:00+00:00,0.259,2.723,91.0,0.0,18.25026
2024-09-15 05:00:00+00:00,0.258,2.723,90.0,0.0,20.523157
2024-09-15 06:00:00+00:00,0.256,2.673,87.0,0.0,23.993399
2024-09-15 07:00:00+00:00,0.255,2.473,87.0,0.0,25.44566
2024-09-15 08:00:00+00:00,0.255,2.473,89.0,0.0,27.66384
2024-09-15 09:00:00+00:00,0.254,2.573,85.0,0.0,28.551426
2024-09-15 10:00:00+00:00,0.253,2.573,84.0,0.0,28.594517
2024-09-15 11:00:00+00:00,0.252,2.573,83.0,0.0,29.784426
2024-09-15 12:00:00+00:00,0.251,3.273,80.0,0.0,35.038563
2024-09-15 13:00:00+00:00,0.25,4.073,73.0,0.0,35.66908
2024-09-15 14:00:00+00:00,0.247,5.323,64.0,0.0,32.26572
2024-09-15 15:00:00+00:00,0.243,6.123,58.0,0.0,32.654995
2024-09-15 16:00:00+00:00,0.24,6.773,56.0,0.0,29.784426
2024-09-15 17:00:00+00:00,0.237,7.273,52.0,0.0,29.17777
2024-09-15 18:00:00+00:00,0.234,7.123,51.0,0.0,30.735231
2024-09-15 19:00:00+00:00,0.232,6.873,53.0,0.0,28.291512
2024-09-15 20:00:00+00:00,0.231,6.7229996,54.0,0.0,26.903828
2024-09-15 21:00:00+00:00,0.231,6.023,61.0,0.0,22.42427
2024-09-15 22:00:00+00:00,0.232,4.773,70.0,0.0,18.751125
2024-09-15 23:00:00+00:00,0.234,3.323,78.0,0.0,15.629971
2024-09-16 00:00:00+00:00,0.234,2.023,83.0,0.0,15.978484
2024-09-16 01:00:00+00:00,0.236,1.423,87.0,0.0,14.81259
2024-09-16 02:00:00+00:00,0.237,1.223,89.0,0.0,12.783802
2024-09-16 03:00:00+00:00,0.237,1.423,92.0,0.0,12.738099
2024-09-16 04:00:00+00:00,0.238,1.623,93.0,0.0,15.30741
2024-09-16 05:00:00+00:00,0.238,2.573,89.0,0.0,17.873556
2024-09-16 06:00:00+00:00,0.239,1.973,90.0,0.0,13.779114
2024-09-16 07:00:00+00:00,0.239,2.323,89.0,0.0,14.618837
2024-09-16 08:00:00+00:00,0.239,2.473,90.0,0.0,13.493999
2024-09-16 09:00:00+00:00,0.239,2.473,90.0,0.0,13.276144
2024-09-16 10:00:00+00:00,0.239,2.823,87.0,0.0,15.273505
2024-09-16 11:00:00+00:00,0.239,4.023,84.0,0.0,24.363249
2024-09-16 12:00:00+00:00,0.239,5.7229996,77.0,0.1,24.774696
2024-09-16 13:00:00+00:00,0.238,6.9230003,75.0,0.0,28.97944
2024-09-16 14:00:00+00:00,0.236,7.773,66.0,0.0,28.04305
2024-09-16 15:00:00+00:00,0.234,8.273,63.0,0.0,35.58177
2024-09-16 16:00:00+00:00,0.232,8.473,63.0,0.0,36.367126
2024-09-16 17:00:00+00:00,0.244,7.9729996,71.0,0.4,36.941685
2024-09-16 18:00:00+00:00,0.235,9.172999,61.0,0.2,40.050705
2024-09-16 19:00:00+00:00,0.236,8.922999,62.0,0.1,39.463947
2024-09-16 20:00:00+00:00,0.236,8.773,63.0,0.0,34.653625
2024-09-16 21:00:00+00:00,0.235,8.223,67.0,0.0,32.83705
2024-09-16 22:00:00+00:00,0.235,7.873,71.0,0.0,32.219498
2024-09-16 23:00:00+00:00,0.235,7.523,74.0,0.0,31.394394
2024-09-17 00:00:00+00:00,0.225,7.4729996,75.0,0.0,30.96837
2024-09-17 01:00:00+00:00,0.225,7.373,77.0,0.0,27.722336
2024-09-17 02:00:00+00:00,0.23,6.9729996,80.0,0.1,25.630886
2024-09-17 03:00:00+00:00,0.238,6.373,81.0,0.2,25.14852
2024-09-17 04:00:00+00:00,0.246,4.6730003,72.0,0.2,24.50381
2024-09-17 05:00:00+00:00,0.24,3.523,72.0,0.0,23.087763
2024-09-17 06:00:00+00:00,0.241,2.823,77.0,0.0,23.576563
2024-09-17 07:00:00+00:00,0.239,2.623,79.0,0.0,26.302181
2024-09-17 08:00:00+00:00,0.238,2.273,75.0,0.0,27.021591
2024-09-17 09:00:00+00:00,0.236,1.973,70.0,0.0,28.137634
2024-09-17 10:00:00+00:00,0.236,1.273,72.0,0.0,28.449112
2024-09-17 11:00:00+00:00,0.235,0.873,74.0,0.0,26.302181
2024-09-17 12:00:00+00:00,0.234,1.623,70.0,0.0,31.093666
2024-09-17 13:00:00+00:00,0.233,2.873,63.0,0.0,34.561874
2024-09-17 14:00:00+00:00,0.231,4.373,52.0,0.0,36.376038
2024-09-17 15:00:00+00:00,0.229,5.523,46.0,0.0,37.254345
2024-09-17 16:00:00+00:00,0.236,5.273,57.0,0.1,36.58918
2024-09-17 17:00:00+00:00,0.246,5.4230003,59.0,0.2,38.59395
2024-09-17 18:00:00+00:00,0.245,5.373,64.0,0.3,40.24922
2024-09-17 19:00:00+00:00,0.239,5.4230003,61.0,0.1,37.806854
2024-09-17 20:00:00+00:00,0.236,4.9729996,60.0,0.0,34.245445
2024-09-17 21:00:00+00:00,0.234,4.123,50.0,0.0,34.04047
2024-09-17 22:00:00+00:00,0.233,2.473,50.0,0.0,31.278593
2024-09-17 23:00:00+00:00,0.233,1.273,54.0,0.0,28.664682
2024-09-18 00:00:00+00:00,0.232,0.373,63.0,0.0,28.58545
2024-09-18 01:00:00+00:00,0.231,-0.127,66.0,0.0,27.0024
2024-09-18 02:00:00+00:00,0.231,-0.477,71.0,0.0,25.210283
2024-09-18 03:00:00+00:00,0.231,-0.77699995,74.0,0.0,22.782625
2024-09-18 04:00:00+00:00,0.231,-0.977,76.0,0.0,20.617662
2024-09-18 05:00:00+00:00,0.231,-1.127,78.0,0.0,18.792551
2024-09-18 06:00:00+00:00,0.231,-1.777,78.0,0.0,19.33639
2024-09-18 07:00:00+00:00,0.231,-1.927,82.0,0.0,17.782686
2024-09-18 08:00:00+00:00,0.231,-1.777,80.0,0.0,18.472595
2024-09-18 09:00:00+00:00,0.231,-1.577,80.0,0.0,18.218275
2024-09-18 10:00:00+00:00,0.231,-1.477,82.0,0.0,19.346441
2024-09-18 11:00:00+00:00,0.231,-1.377,85.0,0.0,19.914215
2024-09-18 12:00:00+00:00,0.231,0.223,74.0,0.0,22.66857
2024-09-18 13:00:00+00:00,0.23,1.973,68.0,0.0,29.574827
2024-09-18 14:00:00+00:00,0.229,3.323,57.0,0.0,32.714474
2024-09-18 15:00:00+00:00,0.228,4.273,53.0,0.0,36.16701
2024-09-18 16:00:00+00:00,0.227,5.1730003,50.0,0.0,36.08091
2024-09-18 17:00:00+00:00,0.226,5.4230003,48.0,0.0,37.77256
2024-09-18 18:00:00+00:00,0.225,6.023,47.0,0.0,39.31259
2024-09-18 19:00:00+00:00,0.225,5.9729996,47.0,0.0,37.63679
2024-09-18 20:00:00+00:00,0.224,5.823,50.0,0.0,35.603615
2024-09-18 21:00:00+00:00,0.224,5.373,52.0,0.0,34.137413
2024-09-18 22:00:00+00:00,0.225,4.523,57.0,0.0,29.5551
2024-09-18 23:00:00+00:00,0.225,3.723,61.0,0.0,24.850431
2024-09-19 00:00:00+00:00,0.224,2.923,66.0,0.0,21.385939
2024-09-19 01:00:00+00:00,0.225,2.623,67.0,0.0,21.096123
2024-09-19 02:00:00+00:00,0.225,2.1729999,70.0,0.0,19.878391
2024-09-19 03:00:00+00:00,0.226,1.723,72.0,0.0,18.581022
2024-09-19 04:00:00+00:00,0.226,1.323,75.0,0.0,16.418526
2024-09-19 05:00:00+00:00,0.226,0.973,77.0,0.0,15.629971
2024-09-19 06:00:00+00:00,0.226,0.223,76.0,0.0,12.096214
2024-09-19 07:00:00+00:00,0.227,-0.07699999,78.0,0.0,12.313894
2024-09-19 08:00:00+00:00,0.227,-0.277,80.0,0.0,12.031756
2024-09-19 09:00:00+00:00,0.227,-0.37699997,81.0,0.0,11.480557
2024-09-19 10:00:00+00:00,0.227,-0.427,80.0,0.0,10.464797
2024-09-19 11:00:00+00:00,0.228,-0.477,80.0,0.0,9.504272
2024-09-19 12:00:00+00:00,0.228,1.023,77.0,0.0,10.990322
2024-09-19 13:00:00+00:00,0.227,3.173,69.0,0.0,13.684735
2024-09-19 14:00:00+00:00,0.226,5.373,62.0,0.0,19.242327
2024-09-19 15:00:00+00:00,0.224,6.773,57.0,0.0,22.450264
2024-09-19 16:00:00+00:00,0.222,7.773,52.0,0.0,22.206486
2024-09-19 17:00:00+00:00,0.22,7.873,53.0,0.0,23.400002
2024-09-19 18:00:00+00:00,0.22,7.823,51.0,0.0,22.930048
2024-09-19 19:00:00+00:00,0.219,7.9729996,50.0,0.0,22.930048
2024-09-19 20:00:00+00:00,0.219,7.573,52.0,0.0,22.768398
2024-09-19 21:00:00+00:00,0.22,6.6730003,58.0,0.0,21.542923
2024-09-19 22:00:00+00:00,0.223,5.073,71.0,0.1,18.057508
2024-09-19 23:00:00+00:00,0.223,3.423,70.0,0.0,15.328561
2024-09-20 00:00:00+00:00,0.22,1.873,73.0,0.0,15.84409
2024-09-20 01:00:00+00:00,0.22,1.073,74.0,0.0,10.587917
2024-09-20 02:00:00+00:00,0.222,0.973,75.0,0.1,8.217153
2024-09-20 03:00:00+00:00,0.222,0.623,71.0,0.1,10.483357
2024-09-20 04:00:00+00:00,0.222,0.323,67.0,0.2,12.303366
2024-09-20 05:00:00+00:00,0.222,-0.427,65.0,0.0,14.145756
2024-09-20 06:00:00+00:00,0.221,-1.327,65.0,0.0,13.661038
2024-09-20 07:00:00+00:00,0.221,-1.777,65.0,0.0,12.979984
2024-09-20 08:00:00+00:00,0.221,-2.127,64.0,0.0,13.779114
2024-09-20 09:00:00+00:00,0.221,-2.777,65.0,0.0,13.1041975
2024-09-20 10:00:00+00:00,0.221,-3.377,68.0,0.0,11.304229
2024-09-20 11:00:00+00:00,0.221,-3.477,67.0,0.0,10.594036
2024-09-20 12:00:00+00:00,0.221,-2.377,65.0,0.0,13.797912
2024-09-20 13:00:00+00:00,0.22,-0.677,56.0,0.0,18.448023
2024-09-20 14:00:00+00:00,0.224,0.473,46.0,0.0,19.05281
2024-09-20 15:00:00+00:00,0.233,1.273,40.0,0.0,19.130875
2024-09-20 16:00:00+00:00,0.237,1.973,32.0,0.0,20.724247
2024-09-20 17:00:00+00:00,0.236,2.223,29.0,0.0,21.758419
2024-09-20 18:00:00+00:00,0.234,2.1230001,31.0,0.0,23.110205
2024-09-20 19:00:00+00:00,0.232,2.023,34.0,0.0,21.2522
2024-09-20 20:00:00+00:00,0.23,1.773,36.0,0.0,20.5484
2024-09-20 21:00:00+00:00,0.229,1.423,38.0,0.0,19.13426
2024-09-20 22:00:00+00:00,0.228,0.773,41.0,0.0,16.854767
2024-09-20 23:00:00+00:00,0.227,0.223,46.0,0.0,14.81259
2024-09-21 00:00:00+00:00,0.226,-0.727,55.0,0.0,12.475961
2024-09-21 01:00:00+00:00,0.226,-1.277,65.0,0.0,12.031756
2024-09-21 02:00:00+00:00,0.226,-1.527,66.0,0.0,11.770403
2024-09-21 03:00:00+00:00,0.226,-1.8269999,68.0,0.0,13.202726
2024-09-21 04:00:00+00:00,0.226,-1.8269999,75.0,0.0,14.982228
2024-09-21 05:00:00+00:00,0.226,-1.627,77.0,0.0,16.039202
2024-09-21 06:00:00+00:00,0.226,-2.527,79.0,0.0,14.003028
2024-09-21 07:00:00+00:00,0.226,-2.477,78.0,0.0,13.044722
2024-09-21 08:00:00+00:00,0.226,-2.727,79.0,0.0,12.287555
2024-09-21 09:00:00+00:00,0.226,-2.877,80.0,0.0,11.384198
2024-09-21 10:00:00+00:00,0.226,-2.877,80.0,0.0,11.090103
2024-09-21 11:00:00+00:00,0.226,-2.727,78.0,0.0,10.883676
2024-09-21 12:00:00+00:00,0.226,-1.227,72.0,0.0,11.983188
2024-09-21 13:00:00+00:00,0.225,0.873,62.0,0.0,17.57744
2024-09-21 14:00:00+00:00,0.225,2.573,55.0,0.0,21.533897
2024-09-21 15:00:00+00:00,0.225,3.973,49.0,0.0,25.741888
2024-09-21 16:00:00+00:00,0.223,5.023,45.0,0.0,28.528723
2024-09-21 17:00:00+00:00,0.219,5.823,42.0,0.0,29.024128
2024-09-21 18:00:00+00:00,0.219,5.7229996,41.0,0.0,29.52878
2024-09-21 19:00:00+00:00,0.219,5.523,41.0,0.0,30.04221
2024-09-21 20:00:00+00:00,0.219,5.4230003,43.0,0.0,27.776047
2024-09-21 21:00:00+00:00,0.218,5.1730003,43.0,0.0,27.757376
2024-09-21 22:00:00+00:00,0.219,4.623,44.0,0.0,23.688984
2024-09-21 23:00:00+00:00,0.219,3.873,47.0,0.0,21.370783
2024-09-22 00:00:00+00:00,0.22,3.223,49.0,0.0,20.380579
2024-09-22 01:00:00+00:00,0.22,3.273,47.0,0.0,20.730501
2024-09-22 02:00:00+00:00,0.221,3.373,46.0,0.0,21.068459
2024-09-22 03:00:00+00:00,0.221,3.423,43.0,0.0,19.930477
2024-09-22 04:00:00+00:00,0.221,3.473,42.0,0.0,19.242327
2024-09-22 05:00:00+00:00,0.221,3.173,46.0,0.0,16.78156
2024-09-22 06:00:00+00:00,0.221,3.023,52.0,0.0,17.974781
2024-09-22 07:00:00+00:00,0.221,2.873,59.0,0.0,18.875126
2024-09-22 08:00:00+00:00,0.222,1.473,83.0,0.0,17.654686
2024-09-22 09:00:00+00:00,0.223,0.673,83.0,0.0,16.520823
2024-09-22 10:00:00+00:00,0.223,0.223,78.0,0.0,19.164719
2024-09-22 11:00:00+00:00,0.223,0.073,80.0,0.0,20.523155
2024-09-22 12:00:00+00:00,0.223,1.073,71.0,0.0,18.486622
2024-09-22 13:00:00+00:00,0.222,2.1230001,56.0,0.0,22.55106
2024-09-22 14:00:00+00:00,0.221,3.423,46.0,0.0,24.269983
2024-09-22 15:00:00+00:00,0.219,3.973,39.0,0.0,25.959969
2024-09-22 16:00:00+00:00,0.217,4.1730003,37.0,0.0,26.758923
2024-09-22 17:00:00+00:00,0.215,4.373,34.0,0.0,27.276978
2024-09-22 18:00:00+00:00,0.214,3.573,34.0,0.0,31.311722
2024-09-22 19:00:00+00:00,0.213,3.273,36.0,0.0,29.620802
2024-09-22 20:00:00+00:00,0.213,2.623,41.0,0.0,28.739187
2024-09-22 21:00:00+00:00,0.213,2.073,46.0,0.0,28.001427
2024-09-22 22:00:00+00:00,0.213,1.373,51.0,0.0,22.33161
2024-09-22 23:00:00+00:00,0.214,0.523,57.0,0.0,18.486622
2024-09-23 00:00:00+00:00,0.212,-0.277,64.0,0.0,16.676977
2024-09-23 01:00:00+00:00,0.212,-0.677,67.0,0.0,16.516901
2024-09-23 02:00:00+00:00,0.213,-1.027,71.0,0.0,15.175612
2024-09-23 03:00:00+00:00,0.213,-1.277,74.0,0.0,13.217443
2024-09-23 04:00:00+00:00,0.213,-1.227,77.0,0.0,13.891522
2024-09-23 05:00:00+00:00,0.214,-0.827,78.0,0.0,15.379206
2024-09-23 06:00:00+00:00,0.214,-0.32700002,79.0,0.0,17.339897
2024-09-23 07:00:00+00:00,0.214,-0.07699999,80.0,0.0,18.335276
2024-09-23 08:00:00+00:00,0.214,0.122999996,77.0,0.0,20.390114
2024-09-23 09:00:00+00:00,0.215,0.273,78.0,0.0,20.523157
2024-09-23 10:00:00+00:00,0.215,-0.32700002,87.0,0.2,19.08
2024-09-23 11:00:00+00:00,0.215,-0.527,87.0,0.3,18.218275
2024-09-23 12:00:00+00:00,0.215,0.973,54.0,0.2,24.144167
2024-09-23 13:00:00+00:00,0.215,2.1230001,51.0,0.0,30.113304
2024-09-23 14:00:00+00:00,0.216,3.373,46.0,0.0,32.385994
2024-09-23 15:00:00+00:00,0.216,4.4230003,45.0,0.0,37.379375
2024-09-23 16:00:00+00:00,0.229,4.223,59.0,0.2,40.70548
2024-09-23 17:00:00+00:00,0.229,4.773,69.0,0.1,35.08292
2024-09-23 18:00:00+00:00,0.214,7.4729996,47.0,0.0,46.24424
2024-09-23 19:00:00+00:00,0.214,6.123,51.0,0.0,48.717194
2024-09-23 20:00:00+00:00,0.214,5.4230003,54.0,0.0,45.91235
2024-09-23 21:00:00+00:00,0.214,4.523,58.0,0.0,42.732468
2024-09-23 22:00:00+00:00,0.214,3.573,53.0,0.0,39.279613
2024-09-23 23:00:00+00:00,0.215,2.573,55.0,0.0,38.332817
2024-09-24 00:00:00+00:00,0.213,1.423,69.0,0.0,35.50155
2024-09-24 01:00:00+00:00,0.213,0.723,66.0,0.0,30.599998
2024-09-24 02:00:00+00:00,0.212,0.423,69.0,0.0,30.78368
2024-09-24 03:00:00+00:00,0.212,0.073,67.0,0.0,32.998474
2024-09-24 04:00:00+00:00,0.212,-0.477,62.0,0.0,34.966362
2024-09-24 05:00:00+00:00,0.211,-0.877,63.0,0.0,32.91983
2024-09-24 06:00:00+00:00,0.21,-1.477,70.0,0.0,29.660152
2024-09-24 07:00:00+00:00,0.21,-1.727,66.0,0.0,29.660152
2024-09-24 08:00:00+00:00,0.209,-2.027,69.0,0.0,27.908709
2024-09-24 09:00:00+00:00,0.209,-2.227,70.0,0.0,26.168804
2024-09-24 10:00:00+00:00,0.209,-2.277,71.0,0.0,25.099514
2024-09-24 11:00:00+00:00,0.209,-2.127,71.0,0.0,25.099514
2024-09-24 12:00:00+00:00,0.208,-1.327,72.0,0.0,29.899511
2024-09-24 13:00:00+00:00,0.206,-0.32700002,62.0,0.0,32.760002
2024-09-24 14:00:00+00:00,0.206,0.323,60.0,0.1,35.346058
2024-09-24 15:00:00+00:00,0.206,0.923,56.0,0.1,38.445908
2024-09-24 16:00:00+00:00,0.207,1.373,54.0,0.1,39.831684
2024-09-24 17:00:00+00:00,0.21,1.773,52.0,0.1,41.235325
2024-09-24 18:00:00+00:00,0.203,1.723,53.0,0.1,42.437263
2024-09-24 19:00:00+00:00,0.204,1.373,55.0,0.1,42.236763
2024-09-24 20:00:00+00:00,0.202,1.373,53.0,0.0,40.786587
2024-09-24 21:00:00+00:00,0.201,0.973,53.0,0.0,38.48129
2024-09-24 22:00:00+00:00,0.201,0.423,54.0,0.0,37.71075
2024-09-24 23:00:00+00:00,0.201,-0.17699999,61.0,0.0,34.17157
2024-09-25 00:00:00+00:00,0.209,-0.727,62.0,0.0,31.956972
2024-09-25 01:00:00+00:00,0.208,-0.827,67.0,0.0,28.1169
2024-09-25 02:00:00+00:00,0.208,-0.827,75.0,0.0,26.67889
2024-09-25 03:00:00+00:00,0.209,-0.627,80.0,0.0,28.835976
2024-09-25 04:00:00+00:00,0.21,-0.277,79.0,0.0,29.986076
2024-09-25 05:00:00+00:00,0.21,-0.127,78.0,0.0,29.237675
2024-09-25 06:00:00+00:00,0.213,0.623,77.0,0.0,30.85307
2024-09-25 07:00:00+00:00,0.213,0.923,78.0,0.0,32.136932
2024-09-25 08:00:00+00:00,0.213,1.323,77.0,0.0,33.326748
2024-09-25 09:00:00+00:00,0.214,1.373,81.0,0.1,36.158054
2024-09-25 10:00:00+00:00,0.214,1.523,82.0,0.0,38.156605
2024-09-25 11:00:00+00:00,0.216,1.973,82.0,0.1,37.930065
2024-09-25 12:00:00+00:00,0.224,4.023,73.0,0.1,45.49836
2024-09-25 13:00:00+00:00,0.221,4.773,71.0,0.0,51.782467
2024-09-25 14:00:00+00:00,0.218,5.4729996,68.0,0.0,53.707603
2024-09-25 15:00:00+00:00,0.216,5.773,68.0,0.0,53.45606
2024-09-25 16:00:00+00:00,0.216,6.323,68.0,0.0,51.1922
2024-09-25 17:00:00+00:00,0.248,6.073,71.0,0.7,48.590664
2024-09-25 18:00:00+00:00,0.249,6.323,69.0,1.0,56.538338
2024-09-25 19:00:00+00:00,0.252,6.623,66.0,0.3,53.067955
2024-09-25 20:00:00+00:00,0.263,5.9230003,70.0,0.4,49.352833
2024-09-25 21:00:00+00:00,0.272,4.823,76.0,0.6,43.253967
2024-09-25 22:00:00+00:00,0.262,4.273,73.0,0.2,39.26641
2024-09-25 23:00:00+00:00,0.254,3.723,70.0,0.0,35.069984
2024-09-26 00:00:00+00:00,0.246,2.923,74.0,0.0,33.887836
2024-09-26 01:00:00+00:00,0.242,2.573,76.0,0.0,33.151287
2024-09-26 02:00:00+00:00,0.24,2.323,75.0,0.0,33.933697
2024-09-26 03:00:00+00:00,0.238,2.223,76.0,0.0,35.069984
2024-09-26 04:00:00+00:00,0.236,2.1729999,75.0,0.0,35.66908
2024-09-26 05:00:00+00:00,0.235,1.973,78.0,0.0,34.207577
2024-09-26 06:00:00+00:00,0.234,2.273,78.0,0.0,32.072342
2024-09-26 07:00:00+00:00,0.234,1.773,84.0,0.0,27.059933
2024-09-26 08:00:00+00:00,0.234,1.423,89.0,0.0,21.915693
2024-09-26 09:00:00+00:00,0.234,1.673,92.0,0.0,22.26477
2024-09-26 10:00:00+00:00,0.233,2.523,89.0,0.0,24.472057
2024-09-26 11:00:00+00:00,0.233,2.873,85.0,0.0,26.795223
2024-09-26 12:00:00+00:00,0.232,4.7229996,77.0,0.0,31.435646
2024-09-26 13:00:00+00:00,0.23,6.023,71.0,0.0,35.494247
2024-09-26 14:00:00+00:00,0.228,7.123,67.0,0.0,45.504055
2024-09-26 15:00:00+00:00,0.23,7.573,68.0,0.1,45.872814
2024-09-26 16:00:00+00:00,0.233,7.823,67.0,0.2,49.426308
2024-09-26 17:00:00+00:00,0.243,7.823,69.0,0.4,51.03627
2024-09-26 18:00:00+00:00,0.254,9.123,65.0,0.3,49.82587
2024-09-26 19:00:00+00:00,0.257,8.823,67.0,0.3,50.137028
2024-09-26 20:00:00+00:00,0.264,8.422999,69.0,0.4,44.647255
2024-09-26 21:00:00+00:00,0.264,7.873,73.0,0.3,43.9436
2024-09-26 22:00:00+00:00,0.27,7.523,75.0,0.4,40.377815
2024-09-26 23:00:00+00:00,0.264,6.9230003,79.0,0.1,37.191677
2024-09-27 00:00:00+00:00,0.271,7.323,82.0,0.5,36.23682
2024-09-27 01:00:00+00:00,0.271,6.373,79.0,0.3,36.93291
2024-09-27 02:00:00+00:00,0.263,4.623,73.0,0.0,37.861664
2024-09-27 03:00:00+00:00,0.258,4.023,72.0,0.0,39.160656
2024-09-27 04:00:00+00:00,0.254,2.973,68.0,0.0,39.966484
2024-09-27 05:00:00+00:00,0.252,2.1729999,73.0,0.0,41.161396
2024-09-27 06:00:00+00:00,0.249,1.823,71.0,0.0,36.67232
2024-09-27 07:00:00+00:00,0.247,0.773,60.0,0.0,34.38895
2024-09-27 08:00:00+00:00,0.246,0.423,62.0,0.0,32.777798
2024-09-27 09:00:00+00:00,0.245,0.373,67.0,0.0,30.24214
2024-09-27 10:00:00+00:00,0.244,0.323,68.0,0.0,28.808998
2024-09-27 11:00:00+00:00,0.243,0.373,65.0,0.0,29.539747
2024-09-27 12:00:00+00:00,0.242,2.073,62.0,0.0,33.549606
2024-09-27 13:00:00+00:00,0.241,2.723,56.0,0.0,36.001797
2024-09-27 14:00:00+00:00,0.239,3.123,49.0,0.0,37.330803
2024-09-27 15:00:00+00:00,0.237,3.423,44.0,0.0,37.47114
2024-09-27 16:00:00+00:00,0.234,3.673,41.0,0.0,36.997772
2024-09-27 17:00:00+00:00,0.232,3.623,41.0,0.0,35.80688
2024-09-27 18:00:00+00:00,0.231,3.673,40.0,0.0,35.62363
2024-09-27 19:00:00+00:00,0.23,3.223,40.0,0.0,33.82659
2024-09-27 20:00:00+00:00,0.229,2.873,40.0,0.0,32.83705
2024-09-27 21:00:00+00:00,0.228,2.1729999,42.0,0.0,30.563978
2024-09-27 22:00:00+00:00,0.228,1.173,45.0,0.0,25.630886
2024-09-27 23:00:00+00:00,0.229,0.073,53.0,0.0,18.72346
2024-09-28 00:00:00+00:00,0.229,-0.677,64.0,0.0,13.905509
2024-09-28 01:00:00+00:00,0.23,-1.277,69.0,0.0,13.281023
2024-09-28 02:00:00+00:00,0.23,-1.627,73.0,0.0,13.004922
2024-09-28 03:00:00+00:00,0.23,-1.427,80.0,0.0,15.856354
2024-09-28 04:00:00+00:00,0.23,-0.627,79.0,0.0,22.881958
2024-09-28 05:00:00+00:00,0.23,-0.277,73.0,0.0,28.112288
2024-09-28 06:00:00+00:00,0.23,-0.577,73.0,0.0,27.419146
2024-09-28 07:00:00+00:00,0.229,-1.227,73.0,0.0,26.795223
2024-09-28 08:00:00+00:00,0.228,-1.427,70.0,0.0,28.808998
2024-09-28 09:00:00+00:00,0.228,-1.8269999,69.0,0.0,27.722336
2024-09-28 10:00:00+00:00,0.227,-2.227,68.0,0.0,25.922499
2024-09-28 11:00:00+00:00,0.226,-2.227,67.0,0.0,24.490587
2024-09-28 12:00:00+00:00,0.225,-1.027,66.0,0.0,23.499481
2024-09-28 13:00:00+00:00,0.223,0.223,54.0,0.0,27.362366
2024-09-28 14:00:00+00:00,0.22,1.323,47.0,0.0,28.100763
2024-09-28 15:00:00+00:00,0.219,1.873,46.0,0.0,29.070974
2024-09-28 16:00:00+00:00,0.22,2.273,44.0,0.1,29.01743
2024-09-28 17:00:00+00:00,0.216,2.873,39.0,0.0,28.467329
2024-09-28 18:00:00+00:00,0.214,2.923,38.0,0.0,29.337238
2024-09-28 19:00:00+00:00,0.212,2.723,37.0,0.0,28.829233
2024-09-28 20:00:00+00:00,0.211,2.273,38.0,0.0,26.208395
2024-09-28 21:00:00+00:00,0.211,1.573,39.0,0.0,24.379204
2024-09-28 22:00:00+00:00,0.211,0.473,42.0,0.0,20.523157
2024-09-28 23:00:00+00:00,0.211,-0.627,51.0,0.0,13.75558
2024-09-29 00:00:00+00:00,0.21,-1.8269999,60.0,0.0,7.42159
2024-09-29 01:00:00+00:00,0.21,-2.527,67.0,0.0,7.24486
2024-09-29 02:00:00+00:00,0.21,-2.977,71.0,0.0,5.991594
2024-09-29 03:00:00+00:00,0.21,-3.277,75.0,0.0,4.6102495
2024-09-29 04:00:00+00:00,0.211,-3.427,77.0,0.0,3.6
2024-09-29 05:00:00+00:00,0.211,-3.127,78.0,0.1,2.968636
2024-09-29 06:00:00+00:00,0.212,-3.377,82.0,0.4,2.0364676
2024-09-29 07:00:00+00:00,0.212,-3.427,86.0,0.0,3.0758414
2024-09-29 08:00:00+00:00,0.212,-3.527,89.0,0.0,4.6938252
2024-09-29 09:00:00+00:00,0.212,-3.577,89.0,0.0,6.4799995
2024-09-29 10:00:00+00:00,0.213,-3.727,87.0,0.0,7.92
2024-09-29 11:00:00+00:00,0.213,-3.177,81.0,0.0,8.647496
2024-09-29 12:00:00+00:00,0.212,-1.577,72.0,0.0,10.829959
2024-09-29 13:00:00+00:00,0.21,0.323,58.0,0.0,14.587776
2024-09-29 14:00:00+00:00,0.209,1.073,55.0,0.1,12.879752
2024-09-29 15:00:00+00:00,0.215,1.423,59.0,0.3,12.4811535
2024-09-29 16:00:00+00:00,0.221,2.073,57.0,0.2,12.738099
2024-09-29 17:00:00+00:00,0.233,2.773,51.0,0.2,14.84318
2024-09-29 18:00:00+00:00,0.228,3.073,44.0,0.1,15.9134655
2024-09-29 19:00:00+00:00,0.222,3.323,41.0,0.0,16.831684
2024-09-29 20:00:00+00:00,0.218,3.023,39.0,0.0,18.391737
2024-09-29 21:00:00+00:00,0.216,2.1729999,42.0,0.0,18.504139
2024-09-29 22:00:00+00:00,0.215,1.023,45.0,0.0,16.1198
2024-09-29 23:00:00+00:00,0.214,-0.32700002,55.0,0.0,13.661038
2024-09-30 00:00:00+00:00,0.212,-1.477,59.0,0.0,13.75558
2024-09-30 01:00:00+00:00,0.212,-2.027,63.0,0.0,13.684735
2024-09-30 02:00:00+00:00,0.212,-2.577,67.0,0.0,14.404499
2024-09-30 03:00:00+00:00,0.212,-3.027,71.0,0.0,14.417988
2024-09-30 04:00:00+00:00,0.212,-3.377,75.0,0.0,15.188415
2024-09-30 05:00:00+00:00,0.212,-3.477,79.0,0.0,15.546833
2024-09-30 06:00:00+00:00,0.212,-3.477,78.0,0.0,17.163355
2024-09-30 07:00:00+00:00,0.212,-3.377,79.0,0.0,17.163355
2024-09-30 08:00:00+00:00,0.212,-3.177,77.0,0.0,18.161278
2024-09-30 09:00:00+00:00,0.212,-2.927,77.0,0.0,18.947083
2024-09-30 10:00:00+00:00,0.212,-2.827,84.0,0.0,19.242327
2024-09-30 11:00:00+00:00,0.213,-1.977,85.0,0.0,18.161278
2024-09-30 12:00:00+00:00,0.213,0.323,77.0,0.0,18.844202
2024-09-30 13:00:00+00:00,0.211,1.973,59.0,0.0,21.53089
2024-09-30 14:00:00+00:00,0.21,3.123,51.0,0.0,21.611996
2024-09-30 15:00:00+00:00,0.208,3.923,49.0,0.0,20.746122
2024-09-30 16:00:00+00:00,0.206,4.4729996,45.0,0.0,17.31746
2024-09-30 17:00:00+00:00,0.204,4.523,42.0,0.0,16.563911
2024-09-30 18:00:00+00:00,0.205,4.323,50.0,0.0,19.171478
2024-09-30 19:00:00+00:00,0.205,4.123,55.0,0.0,16.299694
2024-09-30 20:00:00+00:00,0.204,4.323,53.0,0.0,15.408671
2024-09-30 21:00:00+00:00,0.204,3.923,53.0,0.0,13.584932
2024-09-30 22:00:00+00:00,0.204,3.273,54.0,0.0,9.227524
2024-09-30 23:00:00+00:00,0.206,1.223,75.0,0.4,5.8048253
2024-10-01 00:00:00+00:00,0.206,-0.577,91.0,0.3,15.273505
2024-10-01 01:00:00+00:00,0.206,-1.377,93.0,0.7,15.03835
2024-10-01 02:00:00+00:00,0.206,-2.277,90.0,0.6,14.561099
2024-10-01 03:00:00+00:00,0.205,-2.977,89.0,0.3,13.084402
2024-10-01 04:00:00+00:00,0.205,-3.277,91.0,0.3,10.308831
2024-10-01 05:00:00+00:00,0.205,-3.477,93.0,0.4,7.24486
2024-10-01 06:00:00+00:00,0.205,-3.377,94.0,0.4,5.5887027
2024-10-01 07:00:00+00:00,0.205,-3.627,94.0,0.3,4.68
2024-10-01 08:00:00+00:00,0.205,-3.827,95.0,0.2,3.7585104
2024-10-01 09:00:00+00:00,0.206,-4.177,96.0,0.1,2.4149535
2024-10-01 10:00:00+00:00,0.206,-4.627,96.0,0.1,1.835647
2024-10-01 11:00:00+00:00,0.206,-4.3269997,95.0,0.1,1.1384199
2024-10-01 12:00:00+00:00,0.206,-2.877,87.0,0.1,3.7585104
2024-10-01 13:00:00+00:00,0.213,-1.727,83.0,0.0,3.671294
2024-10-01 14:00:00+00:00,0.245,-0.577,74.0,0.0,2.4149535
2024-10-01 15:00:00+00:00,0.255,0.273,63.0,0.0,3.563818
2024-10-01 16:00:00+00:00,0.252,1.073,54.0,0.0,5.6002855
2024-10-01 17:00:00+00:00,0.246,1.623,47.0,0.0,7.7043357
2024-10-01 18:00:00+00:00,0.239,1.873,46.0,0.0,9.339208
2024-10-01 19:00:00+00:00,0.234,2.323,45.0,0.0,10.041354
2024-10-01 20:00:00+00:00,0.23,2.473,45.0,0.0,10.931203
2024-10-01 21:00:00+00:00,0.225,2.323,47.0,0.0,11.440979
2024-10-01 22:00:00+00:00,0.223,1.423,54.0,0.0,9.387651
2024-10-01 23:00:00+00:00,0.223,0.223,62.0,0.0,7.729527
2024-10-02 00:00:00+00:00,0.223,-1.027,70.0,0.0,6.2145634
2024-10-02 01:00:00+00:00,0.222,-1.727,71.0,0.0,5.8048253
2024-10-02 02:00:00+00:00,0.222,-2.177,75.0,0.0,6.0347
2024-10-02 03:00:00+00:00,0.221,-2.577,79.0,0.0,5.95906
2024-10-02 04:00:00+00:00,0.221,-2.577,80.0,0.0,6.489992
2024-10-02 05:00:00+00:00,0.221,-2.127,79.0,0.0,7.8954163
2024-10-02 06:00:00+00:00,0.221,-1.777,82.0,0.0,11.753877
2024-10-02 07:00:00+00:00,0.221,-1.527,87.0,0.0,14.372974
2024-10-02 08:00:00+00:00,0.221,-0.977,84.0,0.0,16.171976
2024-10-02 09:00:00+00:00,0.221,-0.277,89.0,0.0,19.353138
2024-10-02 10:00:00+00:00,0.222,0.223,91.0,0.0,21.175835
2024-10-02 11:00:00+00:00,0.222,0.973,89.0,0.0,22.26477
2024-10-02 12:00:00+00:00,0.226,2.723,83.0,0.0,23.933908
2024-10-02 13:00:00+00:00,0.229,3.923,79.0,0.0,27.112564
2024-10-02 14:00:00+00:00,0.228,5.4230003,70.0,0.0,32.399998
2024-10-02 15:00:00+00:00,0.226,6.2229996,67.0,0.0,34.92
2024-10-02 16:00:00+00:00,0.223,6.323,68.0,0.0,36.367126
2024-10-02 17:00:00+00:00,0.222,6.623,66.0,0.0,35.296524
2024-10-02 18:00:00+00:00,0.216,7.2229996,61.0,0.0,37.50225
2024-10-02 19:00:00+00:00,0.211,7.373,63.0,0.0,37.861664
2024-10-02 20:00:00+00:00,0.211,7.123,63.0,0.0,37.938602
2024-10-02 21:00:00+00:00,0.211,6.323,67.0,0.0,35.64727
2024-10-02 22:00:00+00:00,0.211,5.4729996,70.0,0.0,34.201893
2024-10-02 23:00:00+00:00,0.212,4.573,79.0,0.0,31.698402
2024-10-03 00:00:00+00:00,0.213,4.273,78.0,0.0,32.09052
2024-10-03 01:00:00+00:00,0.213,3.923,80.0,0.0,32.47192
2024-10-03 02:00:00+00:00,0.213,3.623,82.0,0.0,32.47192
2024-10-03 03:00:00+00:00,0.213,3.423,83.0,0.0,32.85678
2024-10-03 04:00:00+00:00,0.213,3.323,83.0,0.0,33.24498
2024-10-03 05:00:00+00:00,0.213,3.323,82.0,0.0,33.574707
2024-10-03 06:00:00+00:00,0.213,3.473,80.0,0.0,29.024128
2024-10-03 07:00:00+00:00,0.214,3.423,80.0,0.0,29.339449
2024-10-03 08:00:00+00:00,0.214,3.323,81.0,0.0,29.627363
2024-10-03 09:00:00+00:00,0.214,3.273,81.0,0.0,29.528778
2024-10-03 10:00:00+00:00,0.214,3.123,80.0,0.0,28.162956
2024-10-03 11:00:00+00:00,0.214,3.473,73.0,0.0,31.129074
2024-10-03 12:00:00+00:00,0.214,4.4729996,68.0,0.1,30.500309
2024-10-03 13:00:00+00:00,0.215,5.123,67.0,0.1,34.57687
2024-10-03 14:00:00+00:00,0.215,5.9230003,65.0,0.1,37.564407
2024-10-03 15:00:00+00:00,0.222,6.1730003,63.0,0.2,44.700928
2024-10-03 16:00:00+00:00,0.228,5.573,65.0,0.3,38.2973
2024-10-03 17:00:00+00:00,0.222,6.4729996,57.0,0.0,36.80637
2024-10-03 18:00:00+00:00,0.222,7.323,51.0,0.0,41.750687
2024-10-03 19:00:00+00:00,0.219,6.9729996,48.0,0.0,41.393738
2024-10-03 20:00:00+00:00,0.218,6.123,51.0,0.0,40.42593
2024-10-03 21:00:00+00:00,0.217,4.9230003,57.0,0.0,39.205303
2024-10-03 22:00:00+00:00,0.217,3.723,63.0,0.0,37.420956
2024-10-03 23:00:00+00:00,0.216,2.773,63.0,0.0,34.679794
2024-10-04 00:00:00+00:00,0.214,2.673,68.0,0.0,33.487743
2024-10-04 01:00:00+00:00,0.214,2.223,71.0,0.0,33.481937
2024-10-04 02:00:00+00:00,0.214,1.923,73.0,0.0,33.151287
2024-10-04 03:00:00+00:00,0.214,1.623,75.0,0.0,32.431984
2024-10-04 04:00:00+00:00,0.215,1.423,75.0,0.0,30.602118
2024-10-04 05:00:00+00:00,0.215,1.423,74.0,0.0,30.248568
2024-10-04 06:00:00+00:00,0.215,1.373,74.0,0.0,29.888672
2024-10-04 07:00:00+00:00,0.215,1.173,75.0,0.0,29.888672
2024-10-04 08:00:00+00:00,0.215,1.123,75.0,0.0,28.802248
2024-10-04 09:00:00+00:00,0.215,1.073,74.0,0.0,28.08923
2024-10-04 10:00:00+00:00,0.215,0.973,74.0,0.0,27.729347
2024-10-04 11:00:00+00:00,0.215,1.323,73.0,0.0,27.729347
2024-10-04 12:00:00+00:00,0.214,3.323,65.0,0.0,33.487743
2024-10-04 13:00:00+00:00,0.213,4.573,54.0,0.0,38.592266
2024-10-04 14:00:00+00:00,0.211,5.523,49.0,0.0,40.20573
2024-10-04 15:00:00+00:00,0.21,6.123,46.0,0.0,41.21646
2024-10-04 16:00:00+00:00,0.208,5.9729996,50.0,0.0,40.30071
2024-10-04 17:00:00+00:00,0.207,6.773,46.0,0.0,40.0782
2024-10-04 18:00:00+00:00,0.204,6.9729996,47.0,0.0,42.87628
2024-10-04 19:00:00+00:00,0.203,6.6730003,48.0,0.0,39.28456
2024-10-04 20:00:00+00:00,0.203,6.123,51.0,0.0,38.344646
2024-10-04 21:00:00+00:00,0.203,5.4230003,54.0,0.0,34.387066
2024-10-04 22:00:00+00:00,0.203,4.823,57.0,0.0,31.006012
2024-10-04 23:00:00+00:00,0.204,3.873,63.0,0.0,27.834309
2024-10-05 00:00:00+00:00,0.206,3.123,74.0,0.0,27.038372
2024-10-05 01:00:00+00:00,0.207,2.873,79.0,0.0,28.820242
2024-10-05 02:00:00+00:00,0.208,2.873,74.0,0.0,27.729347
2024-10-05 03:00:00+00:00,0.208,2.773,79.0,0.0,29.339449
2024-10-05 04:00:00+00:00,0.209,2.673,78.0,0.0,29.834423
2024-10-05 05:00:00+00:00,0.209,3.023,78.0,0.0,28.467329
2024-10-05 06:00:00+00:00,0.209,3.473,73.0,0.0,30.453527
2024-10-05 07:00:00+00:00,0.209,3.573,74.0,0.0,29.888672
2024-10-05 08:00:00+00:00,0.209,3.723,74.0,0.0,28.174456
2024-10-05 09:00:00+00:00,0.21,3.673,78.0,0.0,27.852928
2024-10-05 10:00:00+00:00,0.21,3.873,80.0,0.0,29.519999
2024-10-05 11:00:00+00:00,0.21,4.373,79.0,0.0,31.278593
2024-10-05 12:00:00+00:00,0.21,5.323,71.0,0.0,32.48788
2024-10-05 13:00:00+00:00,0.209,6.1730003,70.0,0.0,34.03095
2024-10-05 14:00:00+00:00,0.209,7.1730003,65.0,0.0,36.04497
2024-10-05 15:00:00+00:00,0.208,7.573,63.0,0.0,37.08699
2024-10-05 16:00:00+00:00,0.208,7.623,62.0,0.0,36.04497
2024-10-05 17:00:00+00:00,0.207,7.873,60.0,0.0,35.28
2024-10-05 18:00:00+00:00,0.207,8.672999,56.0,0.0,41.140926
2024-10-05 19:00:00+00:00,0.207,8.373,61.0,0.0,39.732323
2024-10-05 20:00:00+00:00,0.207,7.523,64.0,0.0,37.612675
2024-10-05 21:00:00+00:00,0.207,7.023,64.0,0.0,33.87062
2024-10-05 22:00:00+00:00,0.207,6.4729996,70.0,0.0,30.962095
2024-10-05 23:00:00+00:00,0.207,5.823,67.0,0.0,26.727423
2024-10-06 00:00:00+00:00,0.204,5.823,68.0,0.0,27.722336
2024-10-06 01:00:00+00:00,0.204,5.273,64.0,0.0,25.509243
2024-10-06 02:00:00+00:00,0.204,5.023,72.0,0.0,22.963936
2024-10-06 03:00:00+00:00,0.205,4.9729996,73.0,0.0,22.73707
2024-10-06 04:00:00+00:00,0.205,4.873,71.0,0.0,25.14852
2024-10-06 05:00:00+00:00,0.205,4.623,72.0,0.0,22.79684
2024-10-06 06:00:00+00:00,0.205,4.4230003,75.0,0.0,21.407139
2024-10-06 07:00:00+00:00,0.206,4.373,76.0,0.0,23.688984
2024-10-06 08:00:00+00:00,0.206,4.4230003,76.0,0.0,25.346148
2024-10-06 09:00:00+00:00,0.206,4.4729996,77.0,0.0,25.455843
2024-10-06 10:00:00+00:00,0.206,4.773,78.0,0.0,25.509243
2024-10-06 11:00:00+00:00,0.206,5.373,74.0,0.0,26.882141
2024-10-06 12:00:00+00:00,0.206,6.1730003,67.0,0.0,28.528723
2024-10-06 13:00:00+00:00,0.206,7.023,62.0,0.0,31.97319
2024-10-06 14:00:00+00:00,0.205,7.6730003,61.0,0.0,32.2034
2024-10-06 15:00:00+00:00,0.205,8.273,59.0,0.0,32.49785
2024-10-06 16:00:00+00:00,0.205,8.323,60.0,0.0,32.2034
2024-10-06 17:00:00+00:00,0.204,9.073,57.0,0.0,32.49785
2024-10-06 18:00:00+00:00,0.204,9.172999,57.0,0.0,31.452133
2024-10-06 19:00:00+00:00,0.205,8.073,65.0,0.1,29.339449
2024-10-06 20:00:00+00:00,0.205,7.9729996,64.0,0.0,29.024128
2024-10-06 21:00:00+00:00,0.205,8.323,61.0,0.0,27.475807
2024-10-06 22:00:00+00:00,0.205,7.7229996,67.0,0.0,22.380884
2024-10-06 23:00:00+00:00,0.205,7.023,73.0,0.0,17.208603
2024-10-07 00:00:00+00:00,0.201,6.4729996,76.0,0.0,18.511143
2024-10-07 01:00:00+00:00,0.201,6.2229996,79.0,0.0,22.782625
2024-10-07 02:00:00+00:00,0.201,5.6730003,80.0,0.0,23.0653
2024-10-07 03:00:00+00:00,0.202,5.2229996,84.0,0.0,19.881649
2024-10-07 04:00:00+00:00,0.202,4.9729996,87.0,0.0,18.057508
2024-10-07 05:00:00+00:00,0.202,4.6730003,90.0,0.0,15.188415
2024-10-07 06:00:00+00:00,0.203,4.273,90.0,0.0,14.869351
2024-10-07 07:00:00+00:00,0.203,4.023,92.0,0.0,14.205182
2024-10-07 08:00:00+00:00,0.203,3.973,91.0,0.0,13.910169
2024-10-07 09:00:00+00:00,0.204,3.873,91.0,0.0,14.332341
2024-10-07 10:00:00+00:00,0.204,3.673,92.0,0.0,12.496719
2024-10-07 11:00:00+00:00,0.204,4.4729996,89.0,0.0,13.708391
2024-10-07 12:00:00+00:00,0.204,6.6730003,78.0,0.0,16.965895
2024-10-07 13:00:00+00:00,0.204,8.223,72.0,0.0,21.129885
2024-10-07 14:00:00+00:00,0.203,9.422999,65.0,0.0,22.682856
2024-10-07 15:00:00+00:00,0.202,10.172999,60.0,0.0,19.803272
2024-10-07 16:00:00+00:00,0.202,10.823,58.0,0.0,20.633371
2024-10-07 17:00:00+00:00,0.201,11.323,58.0,0.0,21.398056
2024-10-07 18:00:00+00:00,0.2,11.223,58.0,0.0,21.518847
2024-10-07 19:00:00+00:00,0.199,11.073,59.0,0.0,20.49156
2024-10-07 20:00:00+00:00,0.199,11.123,57.0,0.0,18.388212
2024-10-07 21:00:00+00:00,0.199,11.172999,60.0,0.0,17.114204
2024-10-07 22:00:00+00:00,0.199,10.973,63.0,0.0,15.315873
2024-10-07 23:00:00+00:00,0.2,10.073,68.0,0.0,14.24163
2024-10-08 00:00:00+00:00,0.203,9.123,71.0,0.0,10.787993
2024-10-08 01:00:00+00:00,0.204,7.823,78.0,0.0,9.504273
2024-10-08 02:00:00+00:00,0.204,7.023,81.0,0.0,8.225035
2024-10-08 03:00:00+00:00,0.205,6.623,82.0,0.0,7.5685663
2024-10-08 04:00:00+00:00,0.205,6.523,82.0,0.0,7.289445
2024-10-08 05:00:00+00:00,0.206,6.7229996,82.0,0.0,8.287822
2024-10-08 06:00:00+00:00,0.206,7.023,82.0,0.0,10.1887
2024-10-08 07:00:00+00:00,0.207,7.4729996,79.0,0.1,14.05845
2024-10-08 08:00:00+00:00,0.213,7.573,79.0,0.2,15.856354
2024-10-08 09:00:00+00:00,0.216,7.6730003,79.0,0.1,16.323528
2024-10-08 10:00:00+00:00,0.215,7.773,78.0,0.0,16.641972
2024-10-08 11:00:00+00:00,0.223,7.873,79.0,0.3,15.484185
2024-10-08 12:00:00+00:00,0.242,8.672999,83.0,0.7,10.739832
2024-10-08 13:00:00+00:00,0.248,9.672999,78.0,0.3,14.255272
2024-10-08 14:00:00+00:00,0.247,10.623,72.0,0.2,20.380579
2024-10-08 15:00:00+00:00,0.252,10.323,73.0,0.4,22.9724
2024-10-08 16:00:00+00:00,0.262,10.023,73.0,0.5,23.993399
2024-10-08 17:00:00+00:00,0.262,10.123,71.0,0.4,25.284714
2024-10-08 18:00:00+00:00,0.265,10.422999,69.0,0.3,29.07989
2024-10-08 19:00:00+00:00,0.272,9.873,72.0,0.5,26.925497
2024-10-08 20:00:00+00:00,0.27,9.573,75.0,0.4,22.862123
2024-10-08 21:00:00+00:00,0.268,9.672999,73.0,0.2,20.497883
2024-10-08 22:00:00+00:00,0.259,9.823,70.0,0.0,21.749483
2024-10-08 23:00:00+00:00,0.254,9.172999,74.0,0.0,19.930477
2024-10-09 00:00:00+00:00,0.249,8.723,76.0,0.3,17.533146
2024-10-09 01:00:00+00:00,0.247,8.023,80.0,0.0,14.658676
2024-10-09 02:00:00+00:00,0.245,7.523,81.0,0.0,13.089354
2024-10-09 03:00:00+00:00,0.244,7.123,81.0,0.0,13.830749
2024-10-09 04:00:00+00:00,0.243,7.6730003,81.0,0.0,14.336861
2024-10-09 05:00:00+00:00,0.242,7.6730003,84.0,0.0,14.693999
2024-10-09 06:00:00+00:00,0.241,7.9729996,82.0,0.0,15.277749
2024-10-09 07:00:00+00:00,0.24,8.223,80.0,0.0,15.629971
2024-10-09 08:00:00+00:00,0.24,8.623,76.0,0.0,15.580141
2024-10-09 09:00:00+00:00,0.239,8.573,75.0,0.0,16.595179
2024-10-09 10:00:00+00:00,0.238,8.123,78.0,0.0,13.684735
2024-10-09 11:00:00+00:00,0.238,8.373,78.0,0.0,10.799999
2024-10-09 12:00:00+00:00,0.237,9.123,78.0,0.0,10.009036
2024-10-09 13:00:00+00:00,0.242,9.823,77.0,0.3,11.770403
2024-10-09 14:00:00+00:00,0.248,9.973,79.0,0.3,9.178235
2024-10-09 15:00:00+00:00,0.246,10.573,76.0,0.1,7.5170207
2024-10-09 16:00:00+00:00,0.258,11.422999,71.0,0.4,14.764389
2024-10-09 17:00:00+00:00,0.292,10.823,76.0,1.6,12.768586
2024-10-09 18:00:00+00:00,0.256,11.223,78.0,1.3,7.208994
2024-10-09 19:00:00+00:00,0.29,10.773,79.0,0.8,9.885262
2024-10-09 20:00:00+00:00,0.282,10.922999,78.0,0.3,10.028439
2024-10-09 21:00:00+00:00,0.276,12.273,70.0,0.1,18.59845
2024-10-09 22:00:00+00:00,0.274,11.023,66.0,0.3,29.142216
2024-10-09 23:00:00+00:00,0.266,9.672999,63.0,0.0,28.58545
2024-10-10 00:00:00+00:00,0.259,8.823,64.0,0.0,28.66694
2024-10-10 01:00:00+00:00,0.257,7.9230003,63.0,0.0,28.162954
2024-10-10 02:00:00+00:00,0.256,7.1730003,66.0,0.1,28.373846
2024-10-10 03:00:00+00:00,0.254,6.4729996,70.0,0.0,31.087412
2024-10-10 04:00:00+00:00,0.253,5.773,76.0,0.0,32.096577
2024-10-10 05:00:00+00:00,0.256,5.4230003,81.0,0.2,29.157776
2024-10-10 06:00:00+00:00,0.254,5.623,79.0,0.3,30.718357
2024-10-10 07:00:00+00:00,0.253,5.323,72.0,0.0,35.281837
2024-10-10 08:00:00+00:00,0.251,5.023,74.0,0.0,33.87062
2024-10-10 09:00:00+00:00,0.25,4.6730003,73.0,0.0,31.338614
2024-10-10 10:00:00+00:00,0.248,4.623,71.0,0.0,29.16
2024-10-10 11:00:00+00:00,0.247,5.123,70.0,0.0,27.475807
2024-10-10 12:00:00+00:00,0.246,6.523,63.0,0.0,34.07091
2024-10-10 13:00:00+00:00,0.244,7.273,59.0,0.0,36.748222
2024-10-10 14:00:00+00:00,0.242,8.123,55.0,0.0,36.72706
2024-10-10 15:00:00+00:00,0.24,8.823,53.0,0.0,36.028786
2024-10-10 16:00:00+00:00,0.249,9.023,53.0,0.2,35.728977
2024-10-10 17:00:00+00:00,0.255,9.123,53.0,0.3,35.069984
2024-10-10 18:00:00+00:00,0.233,9.273,52.0,0.1,34.213257
2024-10-10 19:00:00+00:00,0.232,8.823,54.0,0.0,32.32992
2024-10-10 20:00:00+00:00,0.231,8.523,54.0,0.0,30.77105
2024-10-10 21:00:00+00:00,0.23,7.823,56.0,0.0,28.856194
2024-10-10 22:00:00+00:00,0.23,6.9729996,59.0,0.0,26.642431
2024-10-10 23:00:00+00:00,0.23,6.1730003,61.0,0.0,23.084955
2024-10-11 00:00:00+00:00,0.227,5.1730003,66.0,0.0,23.675303
2024-10-11 01:00:00+00:00,0.227,4.6730003,70.0,0.0,22.734219
2024-10-11 02:00:00+00:00,0.227,4.323,72.0,0.0,21.915693
2024-10-11 03:00:00+00:00,0.227,4.023,73.0,0.0,22.427162
2024-10-11 04:00:00+00:00,0.227,3.673,75.0,0.0,23.110205
2024-10-11 05:00:00+00:00,0.227,3.523,78.0,0.0,23.110205
2024-10-11 06:00:00+00:00,0.227,3.223,79.0,0.0,22.55106
2024-10-11 07:00:00+00:00,0.227,3.023,78.0,0.0,22.206486
2024-10-11 08:00:00+00:00,0.227,3.023,79.0,0.0,21.41319
2024-10-11 09:00:00+00:00,0.227,2.973,79.0,0.0,20.724247
2024-10-11 10:00:00+00:00,0.227,2.973,80.0,0.0,19.809813
2024-10-11 11:00:00+00:00,0.227,3.723,77.0,0.0,19.694992
2024-10-11 12:00:00+00:00,0.226,4.873,72.0,0.0,21.9718
2024-10-11 13:00:00+00:00,0.224,5.7229996,66.0,0.0,24.448214
2024-10-11 14:00:00+00:00,0.222,6.7229996,60.0,0.0,24.923338
2024-10-11 15:00:00+00:00,0.221,7.273,59.0,0.0,24.923338
2024-10-11 16:00:00+00:00,0.219,7.4230003,58.0,0.0,25.49908
2024-10-11 17:00:00+00:00,0.217,8.223,56.0,0.0,23.34455
2024-10-11 18:00:00+00:00,0.216,8.523,55.0,0.0,24.64094
2024-10-11 19:00:00+00:00,0.215,9.223,53.0,0.0,25.212852
2024-10-11 20:00:00+00:00,0.213,9.373,53.0,0.0,24.933735
2024-10-11 21:00:00+00:00,0.212,9.123,56.0,0.0,23.14103
2024-10-11 22:00:00+00:00,0.212,8.323,61.0,0.0,20.898611
2024-10-11 23:00:00+00:00,0.213,7.073,68.0,0.0,18.35647
2024-10-12 00:00:00+00:00,0.216,5.773,73.0,0.0,19.881649
2024-10-12 01:00:00+00:00,0.217,4.823,79.0,0.0,18.998314
2024-10-12 02:00:00+00:00,0.217,4.1730003,82.0,0.0,18.35647
2024-10-12 03:00:00+00:00,0.218,3.673,83.0,0.0,17.298738
2024-10-12 04:00:00+00:00,0.219,3.323,83.0,0.0,16.946787
2024-10-12 05:00:00+00:00,0.219,3.173,83.0,0.0,16.946787
2024-10-12 06:00:00+00:00,0.219,3.373,83.0,0.0,19.770523
2024-10-12 07:00:00+00:00,0.22,3.423,83.0,0.0,19.35314
2024-10-12 08:00:00+00:00,0.22,3.523,85.0,0.0,18.709612
2024-10-12 09:00:00+00:00,0.22,3.523,85.0,0.0,18.782204
2024-10-12 10:00:00+00:00,0.22,3.523,81.0,0.0,18.079027
2024-10-12 11:00:00+00:00,0.22,4.123,79.0,0.0,18.556595
2024-10-12 12:00:00+00:00,0.22,5.373,78.0,0.0,17.581125
2024-10-12 13:00:00+00:00,0.218,6.523,67.0,0.0,22.033648
2024-10-12 14:00:00+00:00,0.216,7.9230003,58.0,0.0,21.316135
2024-10-12 15:00:00+00:00,0.214,8.373,51.0,0.0,26.6327
2024-10-12 16:00:00+00:00,0.212,7.823,59.0,0.0,27.684914
2024-10-12 17:00:00+00:00,0.213,7.4230003,64.0,0.1,25.620771
2024-10-12 18:00:00+00:00,0.212,8.073,58.0,0.0,27.210379
2024-10-12 19:00:00+00:00,0.212,8.823,57.0,0.1,30.158459
2024-10-12 20:00:00+00:00,0.216,8.823,61.0,0.1,30.267845
2024-10-12 21:00:00+00:00,0.221,8.123,70.0,0.2,31.581665
2024-10-12 22:00:00+00:00,0.232,7.073,76.0,0.3,28.576382
2024-10-12 23:00:00+00:00,0.247,6.623,79.0,0.5,26.525429
2024-10-13 00:00:00+00:00,0.245,6.573,76.0,0.3,29.374763
2024-10-13 01:00:00+00:00,0.253,6.4729996,76.0,0.4,29.620802
2024-10-13 02:00:00+00:00,0.257,6.323,77.0,0.3,29.827904
2024-10-13 03:00:00+00:00,0.261,5.9729996,80.0,0.3,30.551254
2024-10-13 04:00:00+00:00,0.274,5.9230003,82.0,0.6,32.048088
2024-10-13 05:00:00+00:00,0.288,6.1730003,80.0,0.8,33.68069
2024-10-13 06:00:00+00:00,0.276,6.373,78.0,0.6,33.68069
2024-10-13 07:00:00+00:00,0.274,6.323,79.0,0.3,32.789658
2024-10-13 08:00:00+00:00,0.272,6.4729996,80.0,0.2,31.92654
2024-10-13 09:00:00+00:00,0.272,6.523,79.0,0.3,31.452133
2024-10-13 10:00:00+00:00,0.269,6.773,77.0,0.2,30.676142
2024-10-13 11:00:00+00:00,0.27,7.373,77.0,0.2,32.957207
2024-10-13 12:00:00+00:00,0.264,7.823,73.0,0.2,28.241076
2024-10-13 13:00:00+00:00,0.261,8.723,70.0,0.1,30.035742
2024-10-13 14:00:00+00:00,0.258,9.573,68.0,0.1,31.608328
2024-10-13 15:00:00+00:00,0.254,10.172999,65.0,0.1,32.688713
2024-10-13 16:00:00+00:00,0.253,10.422999,66.0,0.1,34.32105
2024-10-13 17:00:00+00:00,0.254,10.323,66.0,0.2,35.016357
2024-10-13 18:00:00+00:00,0.26,10.773,65.0,0.2,39.254856
2024-10-13 19:00:00+00:00,0.254,11.023,60.0,0.0,40.83739
2024-10-13 20:00:00+00:00,0.251,11.123,59.0,0.0,39.205303
2024-10-13 21:00:00+00:00,0.249,10.373,62.0,0.0,36.290424
2024-10-13 22:00:00+00:00,0.247,9.623,65.0,0.0,36.161636
2024-10-13 23:00:00+00:00,0.246,8.823,68.0,0.0,33.449017
2024-10-14 00:00:00+00:00,0.24,8.623,67.0,0.0,29.655787
2024-10-14 01:00:00+00:00,0.24,8.323,68.0,0.0,29.09103
2024-10-14 02:00:00+00:00,0.239,8.023,69.0,0.0,28.551426
2024-10-14 03:00:00+00:00,0.239,7.823,66.0,0.0,27.852928
2024-10-14 04:00:00+00:00,0.238,7.523,68.0,0.0,24.40046
2024-10-14 05:00:00+00:00,0.238,7.273,70.0,0.0,23.806318
2024-10-14 06:00:00+00:00,0.237,6.6730003,75.0,0.0,22.461807
2024-10-14 07:00:00+00:00,0.237,6.323,76.0,0.0,20.858265
2024-10-14 08:00:00+00:00,0.237,6.1730003,78.0,0.0,20.523157
2024-10-14 09:00:00+00:00,0.237,6.273,77.0,0.0,20.61766
2024-10-14 10:00:00+00:00,0.236,6.323,74.0,0.0,20.808498
2024-10-14 11:00:00+00:00,0.236,7.073,72.0,0.0,21.120682
2024-10-14 12:00:00+00:00,0.235,7.9230003,72.0,0.0,22.884789
2024-10-14 13:00:00+00:00,0.234,8.723,66.0,0.0,23.452555
2024-10-14 14:00:00+00:00,0.232,9.723,62.0,0.0,25.932495
2024-10-14 15:00:00+00:00,0.231,10.172999,59.0,0.0,26.999998
2024-10-14 16:00:00+00:00,0.23,10.573,56.0,0.0,26.111792
2024-10-14 17:00:00+00:00,0.228,11.373,50.0,0.0,26.019806
2024-10-14 18:00:00+00:00,0.227,11.922999,46.0,0.0,30.574575
2024-10-14 19:00:00+00:00,0.226,12.023,48.0,0.0,29.601109
2024-10-14 20:00:00+00:00,0.225,12.073,48.0,0.0,28.483257
2024-10-14 21:00:00+00:00,0.224,11.473,54.0,0.0,25.959969
2024-10-14 22:00:00+00:00,0.224,10.823,58.0,0.0,22.380884
2024-10-14 23:00:00+00:00,0.224,9.723,62.0,0.0,21.178896
2024-10-15 00:00:00+00:00,0.227,8.773,63.0,0.0,21.26744
2024-10-15 01:00:00+00:00,0.227,8.422999,64.0,0.0,21.980644
2024-10-15 02:00:00+00:00,0.227,8.173,67.0,0.1,22.553934
2024-10-15 03:00:00+00:00,0.228,8.073,67.0,0.0,17.22742
2024-10-15 04:00:00+00:00,0.228,7.273,71.0,0.0,10.587917
2024-10-15 05:00:00+00:00,0.228,6.573,73.0,0.0,8.049845
2024-10-15 06:00:00+00:00,0.233,6.373,78.0,0.0,4.39436
2024-10-15 07:00:00+00:00,0.234,6.2229996,79.0,0.1,2.7416782
2024-10-15 08:00:00+00:00,0.235,6.2229996,78.0,0.0,4.072935
2024-10-15 09:00:00+00:00,0.236,6.7229996,72.0,0.0,7.7879906
2024-10-15 10:00:00+00:00,0.241,7.623,65.0,0.2,13.32
2024-10-15 11:00:00+00:00,0.244,8.473,60.0,0.1,15.978484
2024-10-15 12:00:00+00:00,0.236,10.172999,49.0,0.0,18.58451
2024-10-15 13:00:00+00:00,0.234,11.773,47.0,0.0,28.266304
2024-10-15 14:00:00+00:00,0.231,12.473,49.0,0.0,34.776817
2024-10-15 15:00:00+00:00,0.229,12.773,48.0,0.0,32.449963
2024-10-15 16:00:00+00:00,0.227,12.223,47.0,0.0,31.104082
2024-10-15 17:00:00+00:00,0.226,12.473,45.0,0.0,34.83639
2024-10-15 18:00:00+00:00,0.225,12.672999,40.0,0.0,38.72302
2024-10-15 19:00:00+00:00,0.224,11.723,45.0,0.0,38.706276
2024-10-15 20:00:00+00:00,0.223,11.073,47.0,0.0,38.023907
2024-10-15 21:00:00+00:00,0.223,10.172999,45.0,0.0,35.71265
2024-10-15 22:00:00+00:00,0.223,8.823,48.0,0.0,33.617138
2024-10-15 23:00:00+00:00,0.223,7.1730003,53.0,0.0,32.831135
2024-10-16 00:00:00+00:00,0.212,6.273,58.0,0.0,29.899511
2024-10-16 01:00:00+00:00,0.212,5.2229996,58.0,0.0,29.162226
2024-10-16 02:00:00+00:00,0.212,4.623,61.0,0.0,27.722336
2024-10-16 03:00:00+00:00,0.213,4.223,64.0,0.0,27.36947
2024-10-16 04:00:00+00:00,0.213,3.773,67.0,0.0,25.942488
2024-10-16 05:00:00+00:00,0.213,3.423,68.0,0.0,23.042812
2024-10-16 06:00:00+00:00,0.213,2.823,70.0,0.0,21.986542
2024-10-16 07:00:00+00:00,0.214,2.573,71.0,0.0,17.935081
2024-10-16 08:00:00+00:00,0.214,2.023,76.0,0.0,14.372974
2024-10-16 09:00:00+00:00,0.214,1.273,81.0,0.0,12.287555
2024-10-16 10:00:00+00:00,0.215,0.973,82.0,0.0,11.304229
2024-10-16 11:00:00+00:00,0.215,2.523,76.0,0.0,12.218805
2024-10-16 12:00:00+00:00,0.214,5.1730003,68.0,0.0,16.548256
2024-10-16 13:00:00+00:00,0.212,6.9230003,55.0,0.0,20.08916
2024-10-16 14:00:00+00:00,0.211,8.323,51.0,0.0,21.30093
2024-10-16 15:00:00+00:00,0.208,9.973,44.0,0.0,21.749483
2024-10-16 16:00:00+00:00,0.205,11.773,42.0,0.0,23.269482
2024-10-16 17:00:00+00:00,0.203,13.223,40.0,0.0,25.133053
2024-10-16 18:00:00+00:00,0.201,14.172999,36.0,0.0,31.863558
2024-10-16 19:00:00+00:00,0.199,14.273,40.0,0.0,28.894344
2024-10-16 20:00:00+00:00,0.2,13.373,44.0,0.0,24.184391
2024-10-16 21:00:00+00:00,0.2,12.573,52.0,0.0,18.720001
2024-10-16 22:00:00+00:00,0.201,12.273,54.0,0.0,17.782688
2024-10-16 23:00:00+00:00,0.202,10.922999,62.0,0.1,17.238699
2024-10-17 00:00:00+00:00,0.205,9.623,76.0,0.1,12.4811535
2024-10-17 01:00:00+00:00,0.21,8.873,80.0,0.1,11.246759
2024-10-17 02:00:00+00:00,0.212,8.273,81.0,0.1,10.691453
2024-10-17 03:00:00+00:00,0.212,7.773,83.0,0.0,10.233123
2024-10-17 04:00:00+00:00,0.212,7.4230003,85.0,0.0,11.304229
2024-10-17 05:00:00+00:00,0.213,6.9729996,87.0,0.0,12.287555
2024-10-17 06:00:00+00:00,0.214,6.573,92.0,0.0,12.413477
2024-10-17 07:00:00+00:00,0.214,6.2229996,90.0,0.0,13.217443
2024-10-17 08:00:00+00:00,0.215,6.2229996,86.0,0.0,13.70839
2024-10-17 09:00:00+00:00,0.216,6.1730003,84.0,0.0,14.973577
2024-10-17 10:00:00+00:00,0.215,6.2229996,84.0,0.0,15.315873
2024-10-17 11:00:00+00:00,0.215,7.1730003,81.0,0.0,17.447933
2024-10-17 12:00:00+00:00,0.213,8.723,83.0,0.0,15.893093
2024-10-17 13:00:00+00:00,0.211,10.123,74.0,0.0,19.469976
2024-10-17 14:00:00+00:00,0.207,11.823,64.0,0.0,19.09358
2024-10-17 15:00:00+00:00,0.202,12.672999,57.0,0.0,20.06334
2024-10-17 16:00:00+00:00,0.199,12.172999,58.0,0.0,21.316135
2024-10-17 17:00:00+00:00,0.198,11.573,65.0,0.0,20.211363
2024-10-17 18:00:00+00:00,0.199,13.573,52.0,0.0,22.461807
2024-10-17 19:00:00+00:00,0.197,13.373,50.0,0.0,23.623243
2024-10-17 20:00:00+00:00,0.196,13.373,51.0,0.0,22.963936
2024-10-17 21:00:00+00:00,0.195,12.873,53.0,0.0,20.598795
2024-10-17 22:00:00+00:00,0.195,11.672999,58.0,0.0,19.813087
2024-10-17 23:00:00+00:00,0.196,10.223,64.0,0.0,16.263872
2024-10-18 00:00:00+00:00,0.186,8.323,72.0,0.0,11.304229
2024-10-18 01:00:00+00:00,0.188,7.1730003,80.0,0.0,7.8625183
2024-10-18 02:00:00+00:00,0.189,6.273,85.0,0.0,6.6185193
2024-10-18 03:00:00+00:00,0.19,5.6730003,87.0,0.0,4.829907
2024-10-18 04:00:00+00:00,0.191,5.523,85.0,0.0,4.3349743
2024-10-18 05:00:00+00:00,0.192,5.323,85.0,0.0,3.7064266
2024-10-18 06:00:00+00:00,0.193,4.9729996,84.0,0.4,3.4152596
2024-10-18 07:00:00+00:00,0.198,4.6730003,87.0,0.0,4.510787
2024-10-18 08:00:00+00:00,0.198,5.073,90.0,0.1,7.7879906
2024-10-18 09:00:00+00:00,0.203,5.2229996,91.0,0.2,10.636766
2024-10-18 10:00:00+00:00,0.205,5.073,90.0,0.0,12.661564
2024-10-18 11:00:00+00:00,0.205,6.2229996,84.0,0.0,17.298738
2024-10-18 12:00:00+00:00,0.201,7.4729996,77.0,0.0,20.957443
2024-10-18 13:00:00+00:00,0.198,8.922999,66.0,0.0,22.691425
2024-10-18 14:00:00+00:00,0.195,9.922999,60.0,0.0,23.084955
2024-10-18 15:00:00+00:00,0.193,9.873,58.0,0.0,24.216522
2024-10-18 16:00:00+00:00,0.191,10.023,58.0,0.0,23.40277
2024-10-18 17:00:00+00:00,0.189,10.422999,56.0,0.0,21.96295
2024-10-18 18:00:00+00:00,0.188,12.172999,45.0,0.0,22.682856
2024-10-18 19:00:00+00:00,0.185,12.172999,44.0,0.0,23.444265
2024-10-18 20:00:00+00:00,0.184,11.723,47.0,0.0,24.387177
2024-10-18 21:00:00+00:00,0.184,10.873,52.0,0.0,22.461807
2024-10-18 22:00:00+00:00,0.184,10.172999,53.0,0.0,19.562946
2024-10-18 23:00:00+00:00,0.185,8.823,57.0,0.0,16.039202
2024-10-19 00:00:00+00:00,0.177,7.623,60.0,0.0,11.609651
2024-10-19 01:00:00+00:00,0.178,6.6730003,67.0,0.0,7.8954163
2024-10-19 02:00:00+00:00,0.179,6.7229996,68.0,0.0,5.3517847
2024-10-19 03:00:00+00:00,0.18,6.023,73.0,0.0,4.3349743
2024-10-19 04:00:00+00:00,0.181,5.9230003,77.0,0.0,5.506941
2024-10-19 05:00:00+00:00,0.182,6.123,88.0,0.0,8.534353
2024-10-19 06:00:00+00:00,0.182,6.523,89.0,0.0,8.669949
2024-10-19 07:00:00+00:00,0.183,6.323,91.0,0.0,9.885262
2024-10-19 08:00:00+00:00,0.184,6.873,90.0,0.0,12.879752
2024-10-19 09:00:00+00:00,0.184,7.073,89.0,0.0,14.84318
2024-10-19 10:00:00+00:00,0.185,6.873,90.0,0.0,13.896187
2024-10-19 11:00:00+00:00,0.185,7.873,86.0,0.0,15.646544
2024-10-19 12:00:00+00:00,0.184,8.922999,80.0,0.0,17.654686
2024-10-19 13:00:00+00:00,0.182,10.023,70.0,0.0,21.749481
2024-10-19 14:00:00+00:00,0.18,10.223,59.0,0.0,22.862125
2024-10-19 15:00:00+00:00,0.177,10.973,54.0,0.0,23.411074
2024-10-19 16:00:00+00:00,0.173,11.473,52.0,0.0,21.626984
2024-10-19 17:00:00+00:00,0.17,11.573,51.0,0.0,19.829433
2024-10-19 18:00:00+00:00,0.172,11.123,50.0,0.0,20.275383
2024-10-19 19:00:00+00:00,0.173,11.172999,51.0,0.0,19.493261
2024-10-19 20:00:00+00:00,0.179,10.573,54.0,0.1,18.161278
2024-10-19 21:00:00+00:00,0.178,9.773,57.0,0.0,16.171976
2024-10-19 22:00:00+00:00,0.178,9.123,59.0,0.0,15.484185
2024-10-19 23:00:00+00:00,0.177,8.123,62.0,0.0,13.202726
2024-10-20 00:00:00+00:00,0.177,7.2229996,68.0,0.0,13.324863
2024-10-20 01:00:00+00:00,0.178,6.273,73.0,0.0,12.620554
2024-10-20 02:00:00+00:00,0.179,5.273,76.0,0.0,12.959999
2024-10-20 03:00:00+00:00,0.18,4.223,76.0,0.0,11.720751
2024-10-20 04:00:00+00:00,0.181,3.423,80.0,0.0,10.703569
2024-10-20 05:00:00+00:00,0.181,3.023,81.0,0.0,10.028439
2024-10-20 06:00:00+00:00,0.182,2.323,81.0,0.0,12.864649
2024-10-20 07:00:00+00:00,0.183,2.273,83.0,0.0,12.224107
2024-10-20 08:00:00+00:00,0.183,2.223,86.0,0.0,12.224107
2024-10-20 09:00:00+00:00,0.184,2.1230001,88.0,0.0,11.113451
2024-10-20 10:00:00+00:00,0.184,2.223,83.0,0.0,13.37825
2024-10-20 11:00:00+00:00,0.184,3.873,70.0,0.0,15.978484
2024-10-20 12:00:00+00:00,0.183,6.373,60.0,0.0,23.400002
2024-10-20 13:00:00+00:00,0.182,7.7229996,56.0,0.0,27.193705
2024-10-20 14:00:00+00:00,0.18,8.473,54.0,0.0,26.693459
2024-10-20 15:00:00+00:00,0.179,8.773,51.0,0.0,24.336637
2024-10-20 16:00:00+00:00,0.177,10.073,49.0,0.0,23.313995
2024-10-20 17:00:00+00:00,0.175,10.823,47.0,0.0,23.83896
2024-10-20 18:00:00+00:00,0.175,11.672999,44.0,0.0,27.14123
2024-10-20 19:00:00+00:00,0.173,11.973,45.0,0.0,23.847115
2024-10-20 20:00:00+00:00,0.173,11.922999,45.0,0.0,29.515608
2024-10-20 21:00:00+00:00,0.173,10.922999,53.0,0.0,29.795301
2024-10-20 22:00:00+00:00,0.181,9.623,66.0,0.3,29.142216
2024-10-20 23:00:00+00:00,0.242,8.773,76.0,1.2,24.696102
2024-10-21 00:00:00+00:00,0.27,8.473,80.0,1.7,16.520823
2024-10-21 01:00:00+00:00,0.308,8.422999,82.0,2.0,19.486609
2024-10-21 02:00:00+00:00,0.335,8.073,79.0,2.6,32.527744
2024-10-21 03:00:00+00:00,0.3,7.123,73.0,0.4,35.945957
2024-10-21 04:00:00+00:00,0.278,6.4729996,75.0,0.0,31.178993
2024-10-21 05:00:00+00:00,0.268,6.373,79.0,0.0,31.235058
2024-10-21 06:00:00+00:00,0.262,7.023,80.0,0.0,30.599998
2024-10-21 07:00:00+00:00,0.26,7.123,79.0,0.1,34.17157
2024-10-21 08:00:00+00:00,0.262,6.873,76.0,0.2,38.70628
2024-10-21 09:00:00+00:00,0.276,6.1730003,78.0,0.5,41.137775
2024-10-21 10:00:00+00:00,0.276,6.023,79.0,0.3,40.68
2024-10-21 11:00:00+00:00,0.269,6.4729996,76.0,0.1,41.476624
2024-10-21 12:00:00+00:00,0.26,7.773,68.0,0.1,47.928696
2024-10-21 13:00:00+00:00,0.256,8.573,64.0,0.0,49.934998
2024-10-21 14:00:00+00:00,0.252,9.623,61.0,0.0,44.15103
2024-10-21 15:00:00+00:00,0.249,10.123,60.0,0.0,43.38261
2024-10-21 16:00:00+00:00,0.246,10.723,60.0,0.0,41.947342
2024-10-21 17:00:00+00:00,0.244,11.273,57.0,0.0,42.821846
2024-10-21 18:00:00+00:00,0.242,11.073,57.0,0.0,43.34974
2024-10-21 19:00:00+00:00,0.241,10.273,59.0,0.0,41.376514
2024-10-21 20:00:00+00:00,0.239,10.473,58.0,0.0,41.86693
2024-10-21 21:00:00+00:00,0.238,10.073,58.0,0.0,38.966568
2024-10-21 22:00:00+00:00,0.237,8.922999,59.0,0.0,36.061146
2024-10-21 23:00:00+00:00,0.236,7.573,63.0,0.0,32.491867
2024-10-22 00:00:00+00:00,0.232,7.373,66.0,0.0,29.784426
2024-10-22 01:00:00+00:00,0.231,6.823,68.0,0.0,26.009842
2024-10-22 02:00:00+00:00,0.231,6.4729996,73.0,0.0,24.144165
2024-10-22 03:00:00+00:00,0.231,6.1730003,77.0,0.0,23.762726
2024-10-22 04:00:00+00:00,0.231,5.873,79.0,0.0,22.68
2024-10-22 05:00:00+00:00,0.23,5.573,80.0,0.0,20.163212
2024-10-22 06:00:00+00:00,0.23,5.2229996,83.0,0.0,15.629972
2024-10-22 07:00:00+00:00,0.23,4.6730003,86.0,0.0,14.145756
2024-10-22 08:00:00+00:00,0.229,4.4230003,88.0,0.0,12.522619
2024-10-22 09:00:00+00:00,0.229,4.373,89.0,0.0,12.303366
2024-10-22 10:00:00+00:00,0.229,4.9729996,86.0,0.0,14.372974
2024-10-22 11:00:00+00:00,0.228,6.9230003,79.0,0.0,17.76081
2024-10-22 12:00:00+00:00,0.227,9.672999,71.0,0.0,26.124195
2024-10-22 13:00:00+00:00,0.226,10.873,64.0,0.0,31.37168
2024-10-22 14:00:00+00:00,0.224,11.422999,59.0,0.0,33.510952
2024-10-22 15:00:00+00:00,0.222,11.873,55.0,0.0,33.887836
2024-10-22 16:00:00+00:00,0.22,11.773,54.0,0.0,34.589985
2024-10-22 17:00:00+00:00,0.218,11.723,55.0,0.0,34.94968
2024-10-22 18:00:00+00:00,0.217,11.922999,55.0,0.0,37.612675
2024-10-22 19:00:00+00:00,0.216,11.672999,56.0,0.0,36.973244
2024-10-22 20:00:00+00:00,0.216,11.172999,58.0,0.0,35.543507
2024-10-22 21:00:00+00:00,0.215,10.672999,60.0,0.0,33.21573
2024-10-22 22:00:00+00:00,0.215,10.023,63.0,0.0,30.293522
2024-10-22 23:00:00+00:00,0.216,8.922999,69.0,0.0,27.059933
2024-10-23 00:00:00+00:00,0.213,7.9729996,74.0,0.0,25.364037
2024-10-23 01:00:00+00:00,0.214,7.1730003,79.0,0.0,25.346148
2024-10-23 02:00:00+00:00,0.214,6.6730003,81.0,0.0,25.212852
2024-10-23 03:00:00+00:00,0.214,6.4230003,83.0,0.0,24.336637
2024-10-23 04:00:00+00:00,0.215,5.9729996,84.0,0.0,22.782625
2024-10-23 05:00:00+00:00,0.215,5.4729996,85.0,0.0,20.12461
2024-10-23 06:00:00+00:00,0.215,4.9729996,86.0,0.0,20.696085
2024-10-23 07:00:00+00:00,0.215,4.9230003,88.0,0.0,21.829777
2024-10-23 08:00:00+00:00,0.215,4.823,90.0,0.0,21.67487
2024-10-23 09:00:00+00:00,0.215,4.523,90.0,0.0,20.969805
2024-10-23 10:00:00+00:00,0.215,4.823,88.0,0.0,21.749481
2024-10-23 11:00:00+00:00,0.215,6.4230003,80.0,0.0,24.64094
2024-10-23 12:00:00+00:00,0.214,8.573,68.0,0.0,32.686733
2024-10-23 13:00:00+00:00,0.213,10.123,59.0,0.0,33.50128
2024-10-23 14:00:00+00:00,0.211,10.973,55.0,0.0,38.243114
2024-10-23 15:00:00+00:00,0.209,12.023,51.0,0.0,36.67232
2024-10-23 16:00:00+00:00,0.207,12.623,49.0,0.0,37.930065
2024-10-23 17:00:00+00:00,0.205,12.873,47.0,0.0,39.75841
2024-10-23 18:00:00+00:00,0.204,13.172999,47.0,0.0,37.99322
2024-10-23 19:00:00+00:00,0.203,12.922999,47.0,0.0,37.916393
2024-10-23 20:00:00+00:00,0.202,12.422999,48.0,0.0,35.65454
2024-10-23 21:00:00+00:00,0.202,11.223,53.0,0.0,33.626774
2024-10-23 22:00:00+00:00,0.203,10.172999,58.0,0.0,29.250967
2024-10-23 23:00:00+00:00,0.203,9.172999,63.0,0.0,24.149532
2024-10-24 00:00:00+00:00,0.2,8.273,61.0,0.0,22.3229
2024-10-24 01:00:00+00:00,0.2,7.523,64.0,0.0,20.892412
2024-10-24 02:00:00+00:00,0.201,6.823,65.0,0.0,23.803596
2024-10-24 03:00:00+00:00,0.201,6.373,65.0,0.0,24.216522
2024-10-24 04:00:00+00:00,0.201,5.7229996,67.0,0.0,20.674158
2024-10-24 05:00:00+00:00,0.202,4.773,72.0,0.0,19.0392
2024-10-24 06:00:00+00:00,0.202,4.4230003,83.0,0.0,15.034041
2024-10-24 07:00:00+00:00,0.202,3.773,90.0,0.0,11.841756
2024-10-24 08:00:00+00:00,0.203,3.523,92.0,0.0,12.224107
2024-10-24 09:00:00+00:00,0.203,3.873,92.0,0.0,14.84318
2024-10-24 10:00:00+00:00,0.203,4.573,86.0,0.0,24.087738
2024-10-24 11:00:00+00:00,0.203,5.523,70.0,0.0,27.0024
2024-10-24 12:00:00+00:00,0.202,6.6730003,62.0,0.0,30.141266
2024-10-24 13:00:00+00:00,0.201,7.523,61.0,0.0,29.539747
2024-10-24 14:00:00+00:00,0.199,8.672999,54.0,0.0,30.811037
2024-10-24 15:00:00+00:00,0.197,9.723,48.0,0.0,30.903435
2024-10-24 16:00:00+00:00,0.195,9.223,49.0,0.0,30.735231
2024-10-24 17:00:00+00:00,0.214,9.523,52.0,0.4,29.195534
2024-10-24 18:00:00+00:00,0.219,9.223,57.0,0.5,32.09052
2024-10-24 19:00:00+00:00,0.222,8.873,60.0,0.3,34.877293
2024-10-24 20:00:00+00:00,0.213,8.422999,53.0,0.0,37.683247
2024-10-24 21:00:00+00:00,0.21,7.4230003,53.0,0.0,38.773186
2024-10-24 22:00:00+00:00,0.208,6.4729996,51.0,0.0,36.30471
2024-10-24 23:00:00+00:00,0.207,5.273,54.0,0.0,33.37338
2024-10-25 00:00:00+00:00,0.208,4.273,60.0,0.0,26.208395
2024-10-25 01:00:00+00:00,0.207,3.723,63.0,0.0,24.149532
2024-10-25 02:00:00+00:00,0.207,3.223,67.0,0.0,22.782625
2024-10-25 03:00:00+00:00,0.207,2.773,70.0,0.0,20.880001
2024-10-25 04:00:00+00:00,0.207,2.273,73.0,0.0,19.881649
2024-10-25 05:00:00+00:00,0.207,2.1729999,77.0,0.0,22.42427
2024-10-25 06:00:00+00:00,0.207,2.1230001,82.0,0.0,22.45315
2024-10-25 07:00:00+00:00,0.207,2.623,84.0,0.0,24.098497
2024-10-25 08:00:00+00:00,0.207,3.173,82.0,0.0,26.552288
2024-10-25 09:00:00+00:00,0.206,3.273,82.0,0.0,25.842384
2024-10-25 10:00:00+00:00,0.207,3.523,82.0,0.1,23.358423
2024-10-25 11:00:00+00:00,0.207,4.1730003,80.0,0.0,25.44566
2024-10-25 12:00:00+00:00,0.205,5.523,79.0,0.1,30.29566
2024-10-25 13:00:00+00:00,0.208,6.1730003,78.0,0.1,34.674183
2024-10-25 14:00:00+00:00,0.209,6.523,75.0,0.1,36.813408
2024-10-25 15:00:00+00:00,0.208,7.2229996,72.0,0.1,36.93291
2024-10-25 16:00:00+00:00,0.209,8.672999,69.0,0.1,43.415462
2024-10-25 17:00:00+00:00,0.204,9.373,60.0,0.0,45.763912
2024-10-25 18:00:00+00:00,0.195,9.373,52.0,0.0,51.348927
2024-10-25 19:00:00+00:00,0.192,9.223,51.0,0.0,49.52454
2024-10-25 20:00:00+00:00,0.19,8.373,54.0,0.0,47.70645
2024-10-25 21:00:00+00:00,0.19,7.523,54.0,0.0,46.66272
2024-10-25 22:00:00+00:00,0.19,6.373,53.0,0.0,45.19398
2024-10-25 23:00:00+00:00,0.19,5.273,57.0,0.0,43.274933
2024-10-26 00:00:00+00:00,0.189,4.223,62.0,0.0,46.812458
2024-10-26 01:00:00+00:00,0.19,3.523,63.0,0.0,48.20372
2024-10-26 02:00:00+00:00,0.19,3.073,60.0,0.0,46.862267
2024-10-26 03:00:00+00:00,0.191,2.723,63.0,0.0,42.2613
2024-10-26 04:00:00+00:00,0.191,2.573,61.0,0.0,38.93995
2024-10-26 05:00:00+00:00,0.191,2.523,63.0,0.0,36.409866
2024-10-26 06:00:00+00:00,0.191,2.923,65.0,0.0,37.28738
2024-10-26 07:00:00+00:00,0.191,2.873,63.0,0.0,36.04677
2024-10-26 08:00:00+00:00,0.192,2.823,66.0,0.0,32.91983
2024-10-26 09:00:00+00:00,0.192,2.623,68.0,0.0,29.914679
2024-10-26 10:00:00+00:00,0.192,2.973,67.0,0.0,26.649727
2024-10-26 11:00:00+00:00,0.191,4.4230003,66.0,0.0,28.835976
2024-10-26 12:00:00+00:00,0.191,6.073,64.0,0.0,29.660152
2024-10-26 13:00:00+00:00,0.189,7.523,60.0,0.0,31.012281
2024-10-26 14:00:00+00:00,0.186,8.773,56.0,0.0,31.427404
2024-10-26 15:00:00+00:00,0.184,9.473,58.0,0.0,33.71338
2024-10-26 16:00:00+00:00,0.182,10.323,58.0,0.0,34.828953
2024-10-26 17:00:00+00:00,0.18,10.873,54.0,0.0,40.862774
2024-10-26 18:00:00+00:00,0.181,11.422999,48.0,0.0,43.516838
2024-10-26 19:00:00+00:00,0.18,11.273,53.0,0.0,39.29116
2024-10-26 20:00:00+00:00,0.18,10.623,57.0,0.0,40.42593
2024-10-26 21:00:00+00:00,0.18,9.773,63.0,0.0,34.936695
2024-10-26 22:00:00+00:00,0.181,8.773,68.0,0.1,31.75355
2024-10-26 23:00:00+00:00,0.185,7.9230003,74.0,0.1,30.009838
2024-10-27 00:00:00+00:00,0.168,8.422999,68.0,0.0,28.236486
2024-10-27 01:00:00+00:00,0.168,7.7229996,68.0,0.0,31.450073
2024-10-27 02:00:00+00:00,0.168,7.023,71.0,0.0,29.257614
2024-10-27 03:00:00+00:00,0.179,6.523,76.0,0.2,27.438046
2024-10-27 04:00:00+00:00,0.21,6.273,79.0,0.6,27.09822
2024-10-27 05:00:00+00:00,0.231,5.9230003,83.0,0.6,25.40743
2024-10-27 06:00:00+00:00,0.25,6.2229996,78.0,0.6,25.455843
2024-10-27 07:00:00+00:00,0.257,6.323,76.0,0.6,27.783045
2024-10-27 08:00:00+00:00,0.256,6.373,75.0,0.4,28.357855
2024-10-27 09:00:00+00:00,0.253,6.373,76.0,0.3,29.337238
2024-10-27 10:00:00+00:00,0.245,6.4230003,78.0,0.1,31.072817
2024-10-27 11:00:00+00:00,0.246,6.9729996,77.0,0.3,33.88019
2024-10-27 12:00:00+00:00,0.241,8.023,69.0,0.1,36.04497
2024-10-27 13:00:00+00:00,0.234,8.823,64.0,0.0,38.881668
2024-10-27 14:00:00+00:00,0.24,9.623,64.0,0.2,38.886665
2024-10-27 15:00:00+00:00,0.24,9.422999,63.0,0.3,39.606544
2024-10-27 16:00:00+00:00,0.239,8.473,63.0,0.3,41.773964
2024-10-27 17:00:00+00:00,0.231,9.422999,51.0,0.0,40.872288
2024-10-27 18:00:00+00:00,0.226,9.672999,43.0,0.0,42.10769
2024-10-27 19:00:00+00:00,0.223,8.873,53.0,0.1,36.088093
2024-10-27 20:00:00+00:00,0.23,8.422999,57.0,0.3,33.62099
2024-10-27 21:00:00+00:00,0.229,8.073,61.0,0.1,35.364388
2024-10-27 22:00:00+00:00,0.227,7.323,68.0,0.1,30.396025
2024-10-27 23:00:00+00:00,0.225,6.273,74.0,0.1,30.631746
2024-10-28 00:00:00+00:00,0.226,5.273,80.0,0.2,28.412645
2024-10-28 01:00:00+00:00,0.226,5.373,82.0,0.0,27.691935
2024-10-28 02:00:00+00:00,0.235,5.9230003,84.0,0.2,27.14123
2024-10-28 03:00:00+00:00,0.239,6.323,80.0,0.2,29.940662
2024-10-28 04:00:00+00:00,0.243,6.4729996,79.0,0.2,31.079071
2024-10-28 05:00:00+00:00,0.258,6.523,81.0,0.5,31.52005
2024-10-28 06:00:00+00:00,0.239,6.773,77.0,0.0,32.88635
2024-10-28 07:00:00+00:00,0.235,6.6730003,78.0,0.0,28.594517
2024-10-28 08:00:00+00:00,0.248,6.323,77.0,0.4,31.355152
2024-10-28 09:00:00+00:00,0.246,6.023,78.0,0.1,31.259941
2024-10-28 10:00:00+00:00,0.251,5.9230003,80.0,0.3,30.563978
2024-10-28 11:00:00+00:00,0.254,6.1730003,77.0,0.3,34.66858
2024-10-28 12:00:00+00:00,0.249,7.4230003,73.0,0.3,40.761158
2024-10-28 13:00:00+00:00,0.264,7.6730003,74.0,0.5,42.34708
2024-10-28 14:00:00+00:00,0.279,7.773,74.0,0.8,43.027153
2024-10-28 15:00:00+00:00,0.268,10.073,59.0,0.2,44.332653
2024-10-28 16:00:00+00:00,0.274,9.672999,64.0,0.5,45.361427
2024-10-28 17:00:00+00:00,0.263,10.573,56.0,0.1,45.872814
2024-10-28 18:00:00+00:00,0.261,11.223,52.0,0.1,50.907867
2024-10-28 19:00:00+00:00,0.261,10.973,55.0,0.1,45.63062
2024-10-28 20:00:00+00:00,0.254,10.623,50.0,0.0,47.446304
2024-10-28 21:00:00+00:00,0.25,9.672999,58.0,0.0,40.883385
2024-10-28 22:00:00+00:00,0.247,9.123,60.0,0.0,34.471764
2024-10-28 23:00:00+00:00,0.245,8.323,60.0,0.0,33.887836
2024-10-29 00:00:00+00:00,0.235,7.7229996,64.0,0.0,29.574827
2024-10-29 01:00:00+00:00,0.234,7.273,67.0,0.0,29.738703
2024-10-29 02:00:00+00:00,0.234,6.823,70.0,0.0,27.155552
2024-10-29 03:00:00+00:00,0.24,6.623,74.0,0.2,28.348713
2024-10-29 04:00:00+00:00,0.246,6.123,75.0,0.3,25.501621
2024-10-29 05:00:00+00:00,0.272,5.9729996,78.0,0.8,20.304129
2024-10-29 06:00:00+00:00,0.277,7.1730003,81.0,0.8,23.051247
2024-10-29 07:00:00+00:00,0.282,7.873,81.0,0.5,29.317352
2024-10-29 08:00:00+00:00,0.282,7.9230003,81.0,0.4,28.337282
2024-10-29 09:00:00+00:00,0.276,7.823,81.0,0.2,27.532352
2024-10-29 10:00:00+00:00,0.276,8.073,80.0,0.3,30.351225
2024-10-29 11:00:00+00:00,0.273,8.573,73.0,0.2,33.91269
2024-10-29 12:00:00+00:00,0.265,9.073,61.0,0.0,43.29589
2024-10-29 13:00:00+00:00,0.259,9.172999,57.0,0.0,44.098164
2024-10-29 14:00:00+00:00,0.255,9.523,56.0,0.0,43.987816
2024-10-29 15:00:00+00:00,0.252,9.373,54.0,0.0,41.85919
2024-10-29 16:00:00+00:00,0.251,9.623,53.0,0.1,43.213493
2024-10-29 17:00:00+00:00,0.247,9.573,49.0,0.0,42.877792
2024-10-29 18:00:00+00:00,0.243,9.922999,48.0,0.0,44.332653
2024-10-29 19:00:00+00:00,0.24,10.073,46.0,0.0,43.68033
2024-10-29 20:00:00+00:00,0.238,9.823,48.0,0.0,42.340958
2024-10-29 21:00:00+00:00,0.237,9.123,51.0,0.0,41.085762
2024-10-29 22:00:00+00:00,0.236,8.373,55.0,0.0,37.52471
2024-10-29 23:00:00+00:00,0.236,7.373,59.0,0.0,33.857227
2024-10-30 00:00:00+00:00,0.234,6.4729996,62.0,0.0,28.551426
2024-10-30 01:00:00+00:00,0.234,5.873,66.0,0.0,26.28986
2024-10-30 02:00:00+00:00,0.234,5.4230003,69.0,0.0,23.039999
2024-10-30 03:00:00+00:00,0.234,5.2229996,70.0,0.0,19.70815
2024-10-30 04:00:00+00:00,0.233,5.023,72.0,0.0,17.654688
2024-10-30 05:00:00+00:00,0.233,4.773,74.0,0.0,15.94601
2024-10-30 06:00:00+00:00,0.232,4.4230003,73.0,0.0,11.019764
2024-10-30 07:00:00+00:00,0.232,4.523,73.0,0.0,8.913181
2024-10-30 08:00:00+00:00,0.233,4.623,75.0,0.2,9.659814
2024-10-30 09:00:00+00:00,0.267,4.4729996,79.0,1.0,6.3690495
2024-10-30 10:00:00+00:00,0.27,4.4230003,84.0,0.5,3.6
2024-10-30 11:00:00+00:00,0.267,5.523,84.0,0.2,4.3498964
2024-10-30 12:00:00+00:00,0.266,7.323,83.0,0.0,12.783802
2024-10-30 13:00:00+00:00,0.263,9.172999,75.0,0.0,23.565567
2024-10-30 14:00:00+00:00,0.256,9.823,68.0,0.0,27.534704
2024-10-30 15:00:00+00:00,0.252,10.273,65.0,0.1,29.370352
2024-10-30 16:00:00+00:00,0.248,11.023,61.0,0.0,29.947151
2024-10-30 17:00:00+00:00,0.244,11.723,56.0,0.0,32.2034
2024-10-30 18:00:00+00:00,0.241,13.123,40.0,0.0,35.32589
2024-10-30 19:00:00+00:00,0.238,12.873,40.0,0.0,35.1862
2024-10-30 20:00:00+00:00,0.236,11.922999,40.0,0.0,33.68069
2024-10-30 21:00:00+00:00,0.235,10.823,44.0,0.0,30.85307
2024-10-30 22:00:00+00:00,0.234,9.573,47.0,0.0,28.241076
2024-10-30 23:00:00+00:00,0.234,8.173,51.0,0.0,23.97989
2024-10-31 00:00:00+00:00,0.228,7.4729996,56.0,0.0,19.829433
2024-10-31 01:00:00+00:00,0.227,6.373,62.0,0.0,16.981165
2024-10-31 02:00:00+00:00,0.227,5.4729996,67.0,0.0,13.797913
2024-10-31 03:00:00+00:00,0.227,4.573,73.0,0.0,9.83268
2024-10-31 04:00:00+00:00,0.227,4.323,74.0,0.0,6.792466
2024-10-31 05:00:00+00:00,0.227,4.373,74.0,0.0,4.1046314
2024-10-31 06:00:00+00:00,0.227,5.623,69.0,0.0,1.9386592
2024-10-31 07:00:00+00:00,0.227,5.323,72.0,0.0,3.9763298
2024-10-31 08:00:00+00:00,0.227,5.6730003,72.0,0.0,4.802999
2024-10-31 09:00:00+00:00,0.227,6.023,73.0,0.0,3.7064266
2024-10-31 10:00:00+00:00,0.227,7.123,75.0,0.0,3.6179552
2024-10-31 11:00:00+00:00,0.227,9.172999,76.0,0.0,7.8954163
2024-10-31 12:00:00+00:00,0.226,12.073,69.0,0.0,15.03835
2024-10-31 13:00:00+00:00,0.224,13.473,62.0,0.0,24.162947
2024-10-31 14:00:00+00:00,0.222,15.823,53.0,0.0,27.362368
2024-10-31 15:00:00+00:00,0.219,16.673,50.0,0.0,29.144442
2024-10-31 16:00:00+00:00,0.217,17.123001,48.0,0.0,28.99062
2024-10-31 17:00:00+00:00,0.215,17.273,47.0,0.0,30.599998
2024-10-31 18:00:00+00:00,0.213,18.673,39.0,0.0,31.404713
2024-10-31 19:00:00+00:00,0.211,17.623001,42.0,0.0,26.474077
2024-10-31 20:00:00+00:00,0.211,17.073,44.0,0.0,22.870626
2024-10-31 21:00:00+00:00,0.21,16.273,47.0,0.0,19.161337
2024-10-31 22:00:00+00:00,0.21,15.723,49.0,0.0,17.22742
2024-10-31 23:00:00+00:00,0.211,14.973,52.0,0.0,16.981165
2024-11-01 00:00:00+00:00,0.204,14.273,55.0,0.0,11.966953
2024-11-01 01:00:00+00:00,0.205,13.123,58.0,0.0,10.163227
2024-11-01 02:00:00+00:00,0.205,12.073,62.0,0.0,9.028754
2024-11-01 03:00:00+00:00,0.205,11.073,66.0,0.0,7.42159
2024-11-01 04:00:00+00:00,0.206,10.373,68.0,0.0,6.439876
2024-11-01 05:00:00+00:00,0.206,9.723,71.0,0.0,5.3517847
2024-11-01 06:00:00+00:00,0.206,8.922999,75.0,0.0,4.3349743
2024-11-01 07:00:00+00:00,0.207,8.422999,76.0,0.0,4.6938252
2024-11-01 08:00:00+00:00,0.207,7.9729996,78.0,0.0,3.96
2024-11-01 09:00:00+00:00,0.207,7.773,79.0,0.0,3.7585104
2024-11-01 10:00:00+00:00,0.208,8.173,77.0,0.0,2.1897945
2024-11-01 11:00:00+00:00,0.207,9.422999,74.0,0.0,2.8116899
2024-11-01 12:00:00+00:00,0.206,12.073,59.0,0.0,6.696387
2024-11-01 13:00:00+00:00,0.205,13.573,50.0,0.0,7.968939
2024-11-01 14:00:00+00:00,0.203,14.172999,46.0,0.0,14.113653
2024-11-01 15:00:00+00:00,0.206,12.773,59.0,0.3,12.7279215
2024-11-01 16:00:00+00:00,0.235,12.023,68.0,0.8,6.989936
2024-11-01 17:00:00+00:00,0.233,12.672999,65.0,0.2,4.896529
2024-11-01 18:00:00+00:00,0.215,15.723,51.0,0.0,4.1046314
2024-11-01 19:00:00+00:00,0.221,14.723,54.0,0.1,6.3690495
2024-11-01 20:00:00+00:00,0.222,13.973,61.0,0.1,5.5887027
2024-11-01 21:00:00+00:00,0.261,12.422999,76.0,1.1,6.28713
2024-11-01 22:00:00+00:00,0.32,11.373,83.0,2.5,9.565437
2024-11-01 23:00:00+00:00,0.339,6.7229996,79.0,2.4,26.987997
2024-11-02 00:00:00+00:00,0.356,2.673,89.0,3.4,29.46947
2024-11-02 01:00:00+00:00,0.341,1.023,96.0,2.8,17.555305
2024-11-02 02:00:00+00:00,0.333,1.923,88.0,1.0,14.917212
2024-11-02 03:00:00+00:00,0.319,2.973,78.0,0.0,12.758432
2024-11-02 04:00:00+00:00,0.308,3.473,74.0,0.0,11.966953
2024-11-02 05:00:00+00:00,0.302,3.523,67.0,0.0,19.45333
2024-11-02 06:00:00+00:00,0.297,2.423,81.0,0.0,22.461807
2024-11-02 07:00:00+00:00,0.292,2.373,83.0,0.0,23.177402
2024-11-02 08:00:00+00:00,0.289,2.473,80.0,0.0,23.444265
2024-11-02 09:00:00+00:00,0.286,2.473,79.0,0.0,23.444265
2024-11-02 10:00:00+00:00,0.283,3.173,76.0,0.0,24.490587
2024-11-02 11:00:00+00:00,0.28,4.573,62.0,0.0,27.038372
2024-11-02 12:00:00+00:00,0.276,5.773,51.0,0.0,33.24498
2024-11-02 13:00:00+00:00,0.273,6.9729996,45.0,0.0,33.280045
2024-11-02 14:00:00+00:00,0.269,7.9230003,39.0,0.0,34.726475
2024-11-02 15:00:00+00:00,0.265,8.973,36.0,0.0,33.033802
2024-11-02 16:00:00+00:00,0.262,9.723,34.0,0.0,30.758411
2024-11-02 17:00:00+00:00,0.258,10.323,32.0,0.0,29.275326
2024-11-02 18:00:00+00:00,0.254,10.373,33.0,0.0,30.124065
2024-11-02 19:00:00+00:00,0.251,10.773,36.0,0.0,25.455843
2024-11-02 20:00:00+00:00,0.249,10.723,34.0,0.0,23.444265
2024-11-02 21:00:00+00:00,0.248,10.373,41.0,0.0,19.64558
2024-11-02 22:00:00+00:00,0.247,10.422999,39.0,0.0,16.79314
2024-11-02 23:00:00+00:00,0.247,9.672999,44.0,0.0,12.88981
2024-11-03 00:00:00+00:00,0.248,7.4230003,59.0,0.0,8.759178
2024-11-03 01:00:00+00:00,0.248,6.823,61.0,0.0,8.4963045
2024-11-03 02:00:00+00:00,0.248,6.373,60.0,0.0,14.33234
2024-11-03 03:00:00+00:00,0.247,5.873,65.0,0.0,19.353138
2024-11-03 04:00:00+00:00,0.247,5.273,70.0,0.0,17.0763
2024-11-03 05:00:00+00:00,0.247,4.9230003,76.0,0.0,17.873556
2024-11-03 06:00:00+00:00,0.249,5.023,80.0,0.0,8.217153
2024-11-03 07:00:00+00:00,0.248,5.073,82.0,0.0,7.9932976
2024-11-03 08:00:00+00:00,0.247,4.9230003,85.0,0.0,8.766573
2024-11-03 09:00:00+00:00,0.247,4.9230003,86.0,0.0,6.379216
2024-11-03 10:00:00+00:00,0.257,5.323,88.0,0.6,7.10031
2024-11-03 11:00:00+00:00,0.258,6.4230003,84.0,0.0,8.905908
2024-11-03 12:00:00+00:00,0.254,7.9729996,78.0,0.0,9.746631
2024-11-03 13:00:00+00:00,0.25,9.873,70.0,0.0,3.6179552
2024-11-03 14:00:00+00:00,0.249,11.023,63.0,0.0,7.289445
2024-11-03 15:00:00+00:00,0.262,10.573,66.0,0.4,7.289445
2024-11-03 16:00:00+00:00,0.255,10.623,67.0,0.2,6.489992
2024-11-03 17:00:00+00:00,0.254,10.973,67.0,0.1,8.557102
2024-11-03 18:00:00+00:00,0.264,12.172999,57.0,0.1,16.418526
2024-11-03 19:00:00+00:00,0.253,12.723,50.0,0.0,20.140705
2024-11-03 20:00:00+00:00,0.248,13.123,45.0,0.0,20.12461
2024-11-03 21:00:00+00:00,0.244,12.773,43.0,0.0,20.63023
2024-11-03 22:00:00+00:00,0.242,12.073,45.0,0.0,16.199999
2024-11-03 23:00:00+00:00,0.241,11.273,49.0,0.0,9.957108
2024-11-04 00:00:00+00:00,0.257,9.973,55.0,0.0,7.5685663
2024-11-04 01:00:00+00:00,0.271,8.723,71.0,0.4,5.634891
2024-11-04 02:00:00+00:00,0.374,6.623,81.0,6.1,13.779114
2024-11-04 03:00:00+00:00,0.319,6.2229996,83.0,0.3,5.8603754
2024-11-04 04:00:00+00:00,0.311,6.2229996,81.0,0.0,13.849477
2024-11-04 05:00:00+00:00,0.305,5.6730003,70.0,0.0,14.372974
2024-11-04 06:00:00+00:00,0.297,5.273,69.0,0.0,13.755579
2024-11-04 07:00:00+00:00,0.293,5.023,67.0,0.0,15.7908325
2024-11-04 08:00:00+00:00,0.29,4.873,67.0,0.0,17.31746
2024-11-04 09:00:00+00:00,0.287,4.7229996,68.0,0.0,17.208603
2024-11-04 10:00:00+00:00,0.284,5.323,68.0,0.0,17.148247
2024-11-04 11:00:00+00:00,0.282,6.6730003,64.0,0.0,22.104116
2024-11-04 12:00:00+00:00,0.279,8.323,59.0,0.0,26.141552
2024-11-04 13:00:00+00:00,0.276,9.373,53.0,0.0,27.66384
2024-11-04 14:00:00+00:00,0.272,10.273,49.0,0.0,26.208395
2024-11-04 15:00:00+00:00,0.269,10.823,47.0,0.0,25.323128
2024-11-04 16:00:00+00:00,0.28,11.023,49.0,0.3,25.764534
2024-11-04 17:00:00+00:00,0.286,10.922999,52.0,0.5,25.210283
2024-11-04 18:00:00+00:00,0.283,11.073,47.0,0.2,24.216522
2024-11-04 19:00:00+00:00,0.282,10.773,48.0,0.2,23.770906
2024-11-04 20:00:00+00:00,0.278,10.523,47.0,0.1,23.78453
2024-11-04 21:00:00+00:00,0.272,10.123,49.0,0.0,23.0653
2024-11-04 22:00:00+00:00,0.27,9.223,53.0,0.0,21.2522
2024-11-04 23:00:00+00:00,0.268,8.123,59.0,0.0,19.959719
2024-11-05 00:00:00+00:00,0.261,6.823,68.0,0.0,17.057314
2024-11-05 01:00:00+00:00,0.261,5.6730003,77.0,0.0,16.516901
2024-11-05 02:00:00+00:00,0.26,4.9230003,81.0,0.0,17.727943
2024-11-05 03:00:00+00:00,0.26,4.323,84.0,0.0,17.654688
2024-11-05 04:00:00+00:00,0.26,3.973,86.0,0.0,17.377226
2024-11-05 05:00:00+00:00,0.26,3.823,88.0,0.0,16.87398
2024-11-05 06:00:00+00:00,0.259,3.423,89.0,0.0,14.332341
2024-11-05 07:00:00+00:00,0.259,3.173,88.0,0.0,13.276144
2024-11-05 08:00:00+00:00,0.259,2.623,89.0,0.0,12.57426
2024-11-05 09:00:00+00:00,0.259,2.223,90.0,0.0,11.525623
2024-11-05 10:00:00+00:00,0.258,3.023,85.0,0.0,12.313893
2024-11-05 11:00:00+00:00,0.257,4.573,76.0,0.0,14.205182
2024-11-05 12:00:00+00:00,0.256,6.323,64.0,0.0,11.901798
2024-11-05 13:00:00+00:00,0.254,7.6730003,55.0,0.0,9.72
2024-11-05 14:00:00+00:00,0.252,8.623,48.0,0.0,6.519877
2024-11-05 15:00:00+00:00,0.249,9.422999,42.0,0.0,3.4152596
2024-11-05 16:00:00+00:00,0.26,9.873,42.0,0.3,4.0249224
2024-11-05 17:00:00+00:00,0.295,9.373,50.0,1.1,4.73506
2024-11-05 18:00:00+00:00,0.276,10.422999,36.0,1.1,2.4149535
2024-11-05 19:00:00+00:00,0.273,10.223,39.0,0.3,1.5273507
2024-11-05 20:00:00+00:00,0.264,10.223,38.0,0.0,1.0182338
2024-11-05 21:00:00+00:00,0.278,8.773,52.0,0.3,8.217153
2024-11-05 22:00:00+00:00,0.279,6.823,73.0,0.3,13.217443
2024-11-05 23:00:00+00:00,0.27,5.823,78.0,0.0,14.386494
2024-11-06 00:00:00+00:00,0.278,4.4729996,87.0,0.0,14.799459
2024-11-06 01:00:00+00:00,0.287,3.573,89.0,0.5,12.287555
2024-11-06 02:00:00+00:00,0.308,2.773,90.0,1.0,13.049689
2024-11-06 03:00:00+00:00,0.331,1.573,96.0,1.6,10.137692
2024-11-06 04:00:00+00:00,0.325,1.823,94.0,1.1,3.671294
2024-11-06 05:00:00+00:00,0.313,2.273,93.0,0.2,1.08
2024-11-06 06:00:00+00:00,0.304,2.423,93.0,0.1,3.8939953
2024-11-06 07:00:00+00:00,0.304,1.673,97.0,0.5,4.198285
2024-11-06 08:00:00+00:00,0.312,1.073,100.0,0.7,4.452954
2024-11-06 09:00:00+00:00,0.304,1.373,97.0,0.2,6.489992
2024-11-06 10:00:00+00:00,0.313,2.573,79.0,0.0,11.367109
2024-11-06 11:00:00+00:00,0.308,3.973,62.0,0.0,16.965895
2024-11-06 12:00:00+00:00,0.298,5.623,56.0,0.0,22.881958
2024-11-06 13:00:00+00:00,0.291,6.773,48.0,0.0,24.40046
2024-11-06 14:00:00+00:00,0.285,7.523,40.0,0.0,26.576681
2024-11-06 15:00:00+00:00,0.281,8.373,37.0,0.0,27.438046
2024-11-06 16:00:00+00:00,0.278,8.672999,38.0,0.0,26.82906
2024-11-06 17:00:00+00:00,0.278,8.573,47.0,0.1,27.117346
2024-11-06 18:00:00+00:00,0.278,8.922999,52.0,0.2,26.795223
2024-11-06 19:00:00+00:00,0.285,8.623,54.0,0.4,27.551172
2024-11-06 20:00:00+00:00,0.277,8.573,54.0,0.1,29.237675
2024-11-06 21:00:00+00:00,0.273,8.422999,54.0,0.0,29.122198
2024-11-06 22:00:00+00:00,0.27,7.623,58.0,0.0,28.981676
2024-11-06 23:00:00+00:00,0.269,6.823,63.0,0.0,27.419146
2024-11-07 00:00:00+00:00,0.271,5.9230003,68.0,0.0,28.19285
2024-11-07 01:00:00+00:00,0.27,5.523,69.0,0.0,24.863468
2024-11-07 02:00:00+00:00,0.27,5.2229996,71.0,0.0,22.963936
2024-11-07 03:00:00+00:00,0.269,5.023,76.0,0.0,24.014996
2024-11-07 04:00:00+00:00,0.269,4.9230003,77.0,0.0,26.554728
2024-11-07 05:00:00+00:00,0.268,4.9729996,77.0,0.0,28.291512
2024-11-07 06:00:00+00:00,0.267,4.873,75.0,0.0,28.291512
2024-11-07 07:00:00+00:00,0.267,4.823,75.0,0.0,27.691935
2024-11-07 08:00:00+00:00,0.266,4.823,73.0,0.0,27.897097
2024-11-07 09:00:00+00:00,0.265,4.6730003,69.0,0.0,28.241077
2024-11-07 10:00:00+00:00,0.264,4.9230003,70.0,0.0,27.438046
2024-11-07 11:00:00+00:00,0.263,5.873,68.0,0.0,26.525429
2024-11-07 12:00:00+00:00,0.262,7.4729996,60.0,0.0,25.323128
2024-11-07 13:00:00+00:00,0.259,8.623,54.0,0.0,24.1388
2024-11-07 14:00:00+00:00,0.257,9.523,52.0,0.0,24.1388
2024-11-07 15:00:00+00:00,0.255,9.823,50.0,0.0,22.206486
2024-11-07 16:00:00+00:00,0.252,10.373,48.0,0.0,19.829433
2024-11-07 17:00:00+00:00,0.25,10.973,45.0,0.0,17.026896
2024-11-07 18:00:00+00:00,0.25,11.123,45.0,0.0,16.946787
2024-11-07 19:00:00+00:00,0.249,10.823,47.0,0.0,15.815435
2024-11-07 20:00:00+00:00,0.249,10.573,50.0,0.0,14.264361
2024-11-07 21:00:00+00:00,0.249,10.073,52.0,0.0,12.964998
2024-11-07 22:00:00+00:00,0.249,9.672999,49.0,0.0,12.287555
2024-11-07 23:00:00+00:00,0.249,8.723,54.0,0.1,13.441071
2024-11-08 00:00:00+00:00,0.254,6.7229996,72.0,0.3,13.698934
2024-11-08 01:00:00+00:00,0.256,5.873,79.0,0.1,11.879999
2024-11-08 02:00:00+00:00,0.256,5.273,84.0,0.0,9.422101
2024-11-08 03:00:00+00:00,0.257,4.873,88.0,0.0,6.849467
2024-11-08 04:00:00+00:00,0.256,4.573,89.0,0.0,5.3999996
2024-11-08 05:00:00+00:00,0.257,4.623,90.0,0.1,6.28713
2024-11-08 06:00:00+00:00,0.268,4.823,90.0,0.3,7.342588
2024-11-08 07:00:00+00:00,0.279,4.7229996,92.0,0.5,5.3517847
2024-11-08 08:00:00+00:00,0.288,4.7229996,92.0,0.5,6.1305785
2024-11-08 09:00:00+00:00,0.306,4.7229996,89.0,0.9,6.489992
2024-11-08 10:00:00+00:00,0.312,4.823,88.0,1.0,2.0991426
2024-11-08 11:00:00+00:00,0.313,5.2229996,90.0,0.7,8.654986
2024-11-08 12:00:00+00:00,0.322,5.4729996,86.0,0.8,8.891343
2024-11-08 13:00:00+00:00,0.323,5.4230003,85.0,0.8,14.88242
2024-11-08 14:00:00+00:00,0.322,6.1730003,82.0,0.8,17.555307
2024-11-08 15:00:00+00:00,0.318,6.4729996,76.0,0.5,21.129883
2024-11-08 16:00:00+00:00,0.312,7.073,73.0,0.4,22.963936
2024-11-08 17:00:00+00:00,0.306,7.023,74.0,0.2,21.26744
2024-11-08 18:00:00+00:00,0.305,6.823,79.0,0.2,21.96295
2024-11-08 19:00:00+00:00,0.305,6.823,79.0,0.4,21.746504
2024-11-08 20:00:00+00:00,0.3,6.9230003,77.0,0.2,21.188072
2024-11-08 21:00:00+00:00,0.294,6.7229996,75.0,0.1,20.523157
2024-11-08 22:00:00+00:00,0.289,6.073,74.0,0.0,21.479666
2024-11-08 23:00:00+00:00,0.287,5.373,77.0,0.0,18.792551
2024-11-09 00:00:00+00:00,0.286,4.873,85.0,0.0,19.164719
2024-11-09 01:00:00+00:00,0.284,4.573,86.0,0.0,21.602999
2024-11-09 02:00:00+00:00,0.283,4.273,85.0,0.0,21.2522
2024-11-09 03:00:00+00:00,0.281,4.1730003,86.0,0.0,20.188908
2024-11-09 04:00:00+00:00,0.281,4.073,87.0,0.1,22.19773
2024-11-09 05:00:00+00:00,0.284,3.973,88.0,0.2,23.623243
2024-11-09 06:00:00+00:00,0.284,4.073,91.0,0.4,23.97989
2024-11-09 07:00:00+00:00,0.298,4.073,92.0,0.6,24.031178
2024-11-09 08:00:00+00:00,0.308,4.223,93.0,0.7,24.031178
2024-11-09 09:00:00+00:00,0.312,4.4729996,95.0,0.7,23.377836
2024-11-09 10:00:00+00:00,0.334,4.6730003,95.0,1.5,24.098497
2024-11-09 11:00:00+00:00,0.336,4.9729996,95.0,1.4,24.798225
2024-11-09 12:00:00+00:00,0.337,5.123,95.0,0.9,24.884306
2024-11-09 13:00:00+00:00,0.33,5.7229996,93.0,0.7,27.333935
2024-11-09 14:00:00+00:00,0.327,6.273,91.0,0.7,27.51116
2024-11-09 15:00:00+00:00,0.351,6.573,92.0,2.1,21.9718
2024-11-09 16:00:00+00:00,0.349,6.873,92.0,3.2,17.193533
2024-11-09 17:00:00+00:00,0.325,7.323,89.0,0.1,13.202726
2024-11-09 18:00:00+00:00,0.333,7.573,85.0,1.0,7.10031
2024-11-09 19:00:00+00:00,0.321,7.873,84.0,0.2,8.891343
2024-11-09 20:00:00+00:00,0.313,8.623,79.0,0.0,13.755579
2024-11-09 21:00:00+00:00,0.306,8.873,75.0,0.0,13.397612
2024-11-09 22:00:00+00:00,0.301,8.823,73.0,0.0,12.979984
2024-11-09 23:00:00+00:00,0.299,8.273,74.0,0.0,13.202726
2024-11-10 00:00:00+00:00,0.299,6.373,87.0,0.0,8.350138
2024-11-10 01:00:00+00:00,0.298,5.373,91.0,0.0,7.6367526
2024-11-10 02:00:00+00:00,0.297,4.873,93.0,0.0,7.9932976
2024-11-10 03:00:00+00:00,0.296,4.623,92.0,0.0,7.968939
2024-11-10 04:00:00+00:00,0.295,4.7229996,94.0,0.0,10.931203
2024-11-10 05:00:00+00:00,0.294,5.1730003,90.0,0.0,16.215992
2024-11-10 06:00:00+00:00,0.293,4.123,91.0,0.0,11.966953
2024-11-10 07:00:00+00:00,0.292,3.323,95.0,0.0,9.9571085
2024-11-10 08:00:00+00:00,0.291,2.823,95.0,0.0,10.483357
2024-11-10 09:00:00+00:00,0.291,2.473,92.0,0.0,10.829958
2024-11-10 10:00:00+00:00,0.29,3.523,88.0,0.0,11.269782
2024-11-10 11:00:00+00:00,0.288,5.373,80.0,0.0,21.862406
2024-11-10 12:00:00+00:00,0.286,7.4230003,66.0,0.0,26.903828
2024-11-10 13:00:00+00:00,0.283,8.173,62.0,0.0,28.639803
2024-11-10 14:00:00+00:00,0.281,8.823,58.0,0.0,29.301876
2024-11-10 15:00:00+00:00,0.288,9.172999,61.0,0.3,29.986076
2024-11-10 16:00:00+00:00,0.293,9.573,63.0,0.3,29.268686
2024-11-10 17:00:00+00:00,0.296,9.922999,61.0,0.4,29.179993
2024-11-10 18:00:00+00:00,0.303,10.323,57.0,0.3,30.599998
2024-11-10 19:00:00+00:00,0.3,10.073,58.0,0.4,30.293522
2024-11-10 20:00:00+00:00,0.293,9.823,58.0,0.1,30.05515
2024-11-10 21:00:00+00:00,0.288,9.273,59.0,0.0,29.784426
2024-11-10 22:00:00+00:00,0.285,8.323,61.0,0.0,28.981676
2024-11-10 23:00:00+00:00,0.284,7.323,63.0,0.0,26.400545
2024-11-11 00:00:00+00:00,0.282,6.123,66.0,0.0,26.121714
2024-11-11 01:00:00+00:00,0.281,5.123,66.0,0.0,23.78453
2024-11-11 02:00:00+00:00,0.281,4.573,70.0,0.0,21.24305
2024-11-11 03:00:00+00:00,0.28,4.023,73.0,0.0,19.523155
2024-11-11 04:00:00+00:00,0.28,3.523,77.0,0.0,18.844202
2024-11-11 05:00:00+00:00,0.28,3.023,81.0,0.0,18.228943
2024-11-11 06:00:00+00:00,0.28,2.723,85.0,0.0,16.65754
2024-11-11 07:00:00+00:00,0.279,2.273,88.0,0.0,12.849528
2024-11-11 08:00:00+00:00,0.279,2.1729999,88.0,0.0,11.043261
2024-11-11 09:00:00+00:00,0.279,2.423,87.0,0.0,9.028754
2024-11-11 10:00:00+00:00,0.278,3.423,85.0,0.0,8.699793
2024-11-11 11:00:00+00:00,0.278,4.6730003,82.0,0.0,8.891343
2024-11-11 12:00:00+00:00,0.277,6.273,73.0,0.1,13.493999
2024-11-11 13:00:00+00:00,0.28,6.373,78.0,0.2,16.323528
2024-11-11 14:00:00+00:00,0.289,6.823,78.0,0.4,16.299694
2024-11-11 15:00:00+00:00,0.3,7.6730003,77.0,0.6,17.429354
2024-11-11 16:00:00+00:00,0.306,8.273,76.0,0.7,19.08
2024-11-11 17:00:00+00:00,0.306,9.073,75.0,0.5,21.261345
2024-11-11 18:00:00+00:00,0.305,9.573,77.0,0.2,20.447239
2024-11-11 19:00:00+00:00,0.301,9.773,73.0,0.3,22.101183
2024-11-11 20:00:00+00:00,0.298,9.823,72.0,0.2,20.780453
2024-11-11 21:00:00+00:00,0.296,9.723,76.0,0.2,18.388212
2024-11-11 22:00:00+00:00,0.307,9.023,80.0,0.6,17.654688
2024-11-11 23:00:00+00:00,0.304,8.672999,82.0,0.3,14.186923
2024-11-12 00:00:00+00:00,0.303,8.473,85.0,0.4,13.608762
2024-11-12 01:00:00+00:00,0.3,8.123,85.0,0.1,14.88242
2024-11-12 02:00:00+00:00,0.295,7.6730003,88.0,0.0,16.1198
2024-11-12 03:00:00+00:00,0.292,7.273,89.0,0.0,16.766108
2024-11-12 04:00:00+00:00,0.29,6.873,89.0,0.0,17.462782
2024-11-12 05:00:00+00:00,0.289,6.873,89.0,0.0,17.227419
2024-11-12 06:00:00+00:00,0.287,6.823,88.0,0.0,18.584509
2024-11-12 07:00:00+00:00,0.286,6.823,88.0,0.0,17.81909
2024-11-12 08:00:00+00:00,0.285,6.573,90.0,0.0,16.263872
2024-11-12 09:00:00+00:00,0.284,6.573,90.0,0.0,15.856356
2024-11-12 10:00:00+00:00,0.283,7.773,86.0,0.0,17.731598
2024-11-12 11:00:00+00:00,0.281,9.323,80.0,0.0,20.598795
2024-11-12 12:00:00+00:00,0.279,11.023,73.0,0.0,22.3229
2024-11-12 13:00:00+00:00,0.276,12.422999,69.0,0.0,24.122683
2024-11-12 14:00:00+00:00,0.273,12.973,68.0,0.0,24.50381
2024-11-12 15:00:00+00:00,0.271,13.523,66.0,0.0,24.490587
2024-11-12 16:00:00+00:00,0.268,14.273,63.0,0.0,23.042812
2024-11-12 17:00:00+00:00,0.267,13.873,66.0,0.0,20.5484
2024-11-12 18:00:00+00:00,0.266,14.073,63.0,0.0,22.682856
2024-11-12 19:00:00+00:00,0.265,13.723,63.0,0.0,21.046917
2024-11-12 20:00:00+00:00,0.266,12.773,70.0,0.1,15.844089
2024-11-12 21:00:00+00:00,0.281,11.823,80.0,0.6,16.263872
2024-11-12 22:00:00+00:00,0.335,11.023,88.0,2.2,14.336861
2024-11-12 23:00:00+00:00,0.333,10.723,88.0,1.2,13.276144
2024-11-13 00:00:00+00:00,0.309,10.973,90.0,0.4,12.599998
2024-11-13 01:00:00+00:00,0.301,10.922999,83.0,0.0,22.077717
2024-11-13 02:00:00+00:00,0.294,10.273,85.0,0.0,17.447933
2024-11-13 03:00:00+00:00,0.291,9.723,88.0,0.0,15.379206
2024-11-13 04:00:00+00:00,0.288,9.623,88.0,0.0,16.516901
2024-11-13 05:00:00+00:00,0.287,9.373,88.0,0.0,18.58451
2024-11-13 06:00:00+00:00,0.285,9.172999,79.0,0.0,23.675303
2024-11-13 07:00:00+00:00,0.283,8.773,79.0,0.0,23.759998
2024-11-13 08:00:00+00:00,0.281,7.523,64.0,0.0,24.162947
2024-11-13 09:00:00+00:00,0.28,6.4729996,71.0,0.0,20.724247
2024-11-13 10:00:00+00:00,0.278,6.773,67.0,0.0,20.892412
2024-11-13 11:00:00+00:00,0.276,7.323,66.0,0.0,21.611998
2024-11-13 12:00:00+00:00,0.274,8.823,63.0,0.0,20.957443
2024-11-13 13:00:00+00:00,0.271,9.573,54.0,0.0,24.144165
2024-11-13 14:00:00+00:00,0.269,9.523,58.0,0.0,22.505037
2024-11-13 15:00:00+00:00,0.267,10.273,53.0,0.0,22.148045
2024-11-13 16:00:00+00:00,0.282,9.623,59.0,0.3,23.313995
2024-11-13 17:00:00+00:00,0.282,10.922999,55.0,0.3,22.884789
2024-11-13 18:00:00+00:00,0.272,12.473,43.0,0.2,23.863409
2024-11-13 19:00:00+00:00,0.272,12.422999,43.0,0.2,24.448214
2024-11-13 20:00:00+00:00,0.27,12.473,41.0,0.1,25.14852
2024-11-13 21:00:00+00:00,0.267,11.922999,44.0,0.0,24.280659
2024-11-13 22:00:00+00:00,0.266,10.922999,49.0,0.0,23.688984
2024-11-13 23:00:00+00:00,0.279,8.473,67.0,0.6,21.599998
2024-11-14 00:00:00+00:00,0.268,8.422999,69.0,0.2,16.299694
2024-11-14 01:00:00+00:00,0.265,7.823,72.0,0.0,16.610792
2024-11-14 02:00:00+00:00,0.263,7.323,75.0,0.0,16.79314
2024-11-14 03:00:00+00:00,0.263,6.873,76.0,0.0,15.876775
2024-11-14 04:00:00+00:00,0.262,6.523,74.0,0.0,14.904173
2024-11-14 05:00:00+00:00,0.262,6.2229996,74.0,0.0,14.512064
2024-11-14 06:00:00+00:00,0.262,6.323,76.0,0.0,16.548256
2024-11-14 07:00:00+00:00,0.284,6.1730003,82.0,0.6,16.575644
2024-11-14 08:00:00+00:00,0.308,6.123,83.0,0.8,16.1198
2024-11-14 09:00:00+00:00,0.287,6.323,80.0,0.1,14.57889
2024-11-14 10:00:00+00:00,0.283,6.873,77.0,0.1,19.08
2024-11-14 11:00:00+00:00,0.283,7.373,73.0,0.1,23.4
2024-11-14 12:00:00+00:00,0.271,9.172999,60.0,0.2,25.284714
2024-11-14 13:00:00+00:00,0.275,9.373,58.0,0.1,23.710857
2024-11-14 14:00:00+00:00,0.271,10.273,54.0,0.1,25.455843
2024-11-14 15:00:00+00:00,0.267,12.023,45.0,0.0,26.427528
2024-11-14 16:00:00+00:00,0.265,12.123,43.0,0.0,25.952478
2024-11-14 17:00:00+00:00,0.263,12.323,43.0,0.0,25.43802
2024-11-14 18:00:00+00:00,0.266,12.023,47.0,0.0,24.633049
2024-11-14 19:00:00+00:00,0.264,12.723,46.0,0.0,22.553936
2024-11-14 20:00:00+00:00,0.262,13.023,45.0,0.0,19.523155
2024-11-14 21:00:00+00:00,0.261,12.922999,46.0,0.0,17.22742
2024-11-14 22:00:00+00:00,0.261,12.223,47.0,0.0,15.379206
2024-11-14 23:00:00+00:00,0.263,11.273,52.0,0.1,12.496718
2024-11-15 00:00:00+00:00,0.254,11.023,52.0,0.2,3.6179552
2024-11-15 01:00:00+00:00,0.254,9.672999,61.0,0.0,4.2136917
2024-11-15 02:00:00+00:00,0.255,8.723,68.0,0.0,5.904439
2024-11-15 03:00:00+00:00,0.255,8.422999,70.0,0.1,3.4152596
2024-11-15 04:00:00+00:00,0.259,8.023,75.0,0.3,2.8799999
2024-11-15 05:00:00+00:00,0.263,7.2229996,82.0,0.2,4.0249224
2024-11-15 06:00:00+00:00,0.259,6.573,80.0,0.0,2.4149535
2024-11-15 07:00:00+00:00,0.26,5.823,87.0,0.0,6.489992
2024-11-15 08:00:00+00:00,0.261,5.273,89.0,0.1,5.771239
2024-11-15 09:00:00+00:00,0.26,4.4729996,91.0,0.0,5.6920996
2024-11-15 10:00:00+00:00,0.26,5.573,84.0,0.0,8.225035
2024-11-15 11:00:00+00:00,0.26,6.9729996,78.0,0.0,13.237039
2024-11-15 12:00:00+00:00,0.259,8.723,67.0,0.0,22.608458
2024-11-15 13:00:00+00:00,0.26,9.473,60.0,0.0,24.858253
2024-11-15 14:00:00+00:00,0.276,9.323,66.0,0.4,28.496904
2024-11-15 15:00:00+00:00,0.27,9.723,55.0,0.3,27.77838
2024-11-15 16:00:00+00:00,0.263,10.623,47.0,0.0,31.06239
2024-11-15 17:00:00+00:00,0.26,10.672999,46.0,0.0,32.957207
2024-11-15 18:00:00+00:00,0.256,10.672999,47.0,0.1,34.786133
2024-11-15 19:00:00+00:00,0.254,10.273,48.0,0.0,35.1862
2024-11-15 20:00:00+00:00,0.253,9.573,50.0,0.0,35.16225
2024-11-15 21:00:00+00:00,0.252,8.723,51.0,0.0,34.322937
2024-11-15 22:00:00+00:00,0.252,7.6730003,53.0,0.0,33.39473
2024-11-15 23:00:00+00:00,0.252,6.623,56.0,0.0,33.041645
2024-11-16 00:00:00+00:00,0.251,5.323,62.0,0.0,33.27031
2024-11-16 01:00:00+00:00,0.251,4.373,63.0,0.0,33.62099
2024-11-16 02:00:00+00:00,0.251,3.573,58.0,0.0,30.821548
2024-11-16 03:00:00+00:00,0.251,2.973,68.0,0.0,27.77838
2024-11-16 04:00:00+00:00,0.251,2.473,73.0,0.0,28.08
2024-11-16 05:00:00+00:00,0.251,2.1729999,72.0,0.0,26.28986
2024-11-16 06:00:00+00:00,0.251,2.373,78.0,0.0,24.858253
2024-11-16 07:00:00+00:00,0.251,2.1729999,81.0,0.0,21.862406
2024-11-16 08:00:00+00:00,0.251,2.473,83.0,0.0,19.469975
2024-11-16 09:00:00+00:00,0.251,2.923,80.0,0.0,24.18707
2024-11-16 10:00:00+00:00,0.251,3.723,73.0,0.0,26.079508
2024-11-16 11:00:00+00:00,0.251,4.7229996,66.0,0.0,28.694056
2024-11-16 12:00:00+00:00,0.252,5.823,63.0,0.4,26.865265
2024-11-16 13:00:00+00:00,0.251,6.9729996,47.0,0.0,28.056913
2024-11-16 14:00:00+00:00,0.248,7.7229996,38.0,0.0,30.45566
2024-11-16 15:00:00+00:00,0.245,8.123,37.0,0.0,32.682766
2024-11-16 16:00:00+00:00,0.242,8.473,36.0,0.0,34.936695
2024-11-16 17:00:00+00:00,0.24,8.473,37.0,0.0,36.233246
2024-11-16 18:00:00+00:00,0.234,7.9230003,40.0,0.0,37.540253
2024-11-16 19:00:00+00:00,0.232,7.823,40.0,0.0,36.71294
2024-11-16 20:00:00+00:00,0.231,7.573,40.0,0.0,34.981182
2024-11-16 21:00:00+00:00,0.23,7.2229996,40.0,0.0,33.29173
2024-11-16 22:00:00+00:00,0.231,6.323,43.0,0.0,31.421213
2024-11-16 23:00:00+00:00,0.231,5.4729996,51.0,0.0,30.009838
2024-11-17 00:00:00+00:00,0.237,4.573,60.0,0.0,30.141266
2024-11-17 01:00:00+00:00,0.238,3.673,65.0,0.0,26.642431
2024-11-17 02:00:00+00:00,0.239,3.323,69.0,0.0,21.03152
2024-11-17 03:00:00+00:00,0.24,2.973,76.0,0.0,17.87718
2024-11-17 04:00:00+00:00,0.241,2.973,78.0,0.0,15.496736
2024-11-17 05:00:00+00:00,0.242,3.173,84.0,0.0,10.144082
2024-11-17 06:00:00+00:00,0.243,3.323,87.0,0.0,9.585739
2024-11-17 07:00:00+00:00,0.243,4.073,88.0,0.0,12.10157
2024-11-17 08:00:00+00:00,0.243,4.4230003,87.0,0.0,14.84318
2024-11-17 09:00:00+00:00,0.243,4.9230003,86.0,0.0,19.255793
2024-11-17 10:00:00+00:00,0.243,5.7229996,84.0,0.0,21.194187
2024-11-17 11:00:00+00:00,0.243,6.373,82.0,0.0,26.867676
2024-11-17 12:00:00+00:00,0.243,7.123,77.0,0.1,23.400002
2024-11-17 13:00:00+00:00,0.243,8.073,71.0,0.0,27.021591
2024-11-17 14:00:00+00:00,0.241,9.073,65.0,0.0,25.671307
2024-11-17 15:00:00+00:00,0.239,10.473,59.0,0.0,27.212759
2024-11-17 16:00:00+00:00,0.235,11.323,57.0,0.0,27.162708
2024-11-17 17:00:00+00:00,0.231,12.172999,52.0,0.0,27.169865
2024-11-17 18:00:00+00:00,0.229,11.973,51.0,0.0,25.49908
2024-11-17 19:00:00+00:00,0.228,12.073,51.0,0.0,26.260265
2024-11-17 20:00:00+00:00,0.226,12.023,48.0,0.0,27.86921
2024-11-17 21:00:00+00:00,0.226,11.323,48.0,0.0,28.712116
2024-11-17 22:00:00+00:00,0.226,10.473,50.0,0.0,28.017622
2024-11-17 23:00:00+00:00,0.226,9.523,51.0,0.0,25.6233
2024-11-18 00:00:00+00:00,0.224,8.223,57.0,0.0,23.000591
2024-11-18 01:00:00+00:00,0.225,6.9230003,66.0,0.0,20.721119
2024-11-18 02:00:00+00:00,0.226,5.9729996,71.0,0.0,17.283749
2024-11-18 03:00:00+00:00,0.227,5.123,76.0,0.0,14.830076
2024-11-18 04:00:00+00:00,0.228,4.523,84.0,0.0,14.917212
2024-11-18 05:00:00+00:00,0.229,4.123,86.0,0.0,14.512064
2024-11-18 06:00:00+00:00,0.23,3.273,90.0,0.0,14.512064
2024-11-18 07:00:00+00:00,0.231,3.123,90.0,0.0,14.799459
2024-11-18 08:00:00+00:00,0.231,3.123,89.0,0.0,15.856356
2024-11-18 09:00:00+00:00,0.232,3.223,84.0,0.0,15.856356
2024-11-18 10:00:00+00:00,0.232,4.623,79.0,0.0,19.09358
2024-11-18 11:00:00+00:00,0.231,6.4729996,65.0,0.0,23.266697
2024-11-18 12:00:00+00:00,0.229,8.473,59.0,0.0,22.79684
2024-11-18 13:00:00+00:00,0.227,9.623,54.0,0.0,20.948164
2024-11-18 14:00:00+00:00,0.224,11.123,51.0,0.0,18.388212
2024-11-18 15:00:00+00:00,0.221,12.473,49.0,0.0,16.595179
2024-11-18 16:00:00+00:00,0.217,13.623,47.0,0.0,16.516901
2024-11-18 17:00:00+00:00,0.214,14.323,48.0,0.0,16.965895
2024-11-18 18:00:00+00:00,0.214,15.172999,44.0,0.0,18.35647
2024-11-18 19:00:00+00:00,0.212,15.373,42.0,0.0,19.296133
2024-11-18 20:00:00+00:00,0.211,15.172999,41.0,0.0,19.164719
2024-11-18 21:00:00+00:00,0.211,14.773,43.0,0.0,17.673029
2024-11-18 22:00:00+00:00,0.212,14.223,46.0,0.0,16.394829
2024-11-18 23:00:00+00:00,0.213,13.422999,48.0,0.0,14.007655
2024-11-19 00:00:00+00:00,0.213,12.023,54.0,0.0,7.289445
2024-11-19 01:00:00+00:00,0.215,10.223,63.0,0.0,3.219938
2024-11-19 02:00:00+00:00,0.217,8.523,71.0,0.0,4.1046314
2024-11-19 03:00:00+00:00,0.218,7.2229996,77.0,0.0,5.315336
2024-11-19 04:00:00+00:00,0.219,6.9230003,78.0,0.0,4.510787
2024-11-19 05:00:00+00:00,0.22,6.2229996,81.0,0.0,4.3349743
2024-11-19 06:00:00+00:00,0.221,4.4729996,88.0,0.0,5.4477882
2024-11-19 07:00:00+00:00,0.222,3.723,91.0,0.0,6.830519
2024-11-19 08:00:00+00:00,0.223,3.323,93.0,0.0,7.289445
2024-11-19 09:00:00+00:00,0.223,3.573,93.0,0.0,7.491114
2024-11-19 10:00:00+00:00,0.224,5.4230003,86.0,0.0,11.435313
2024-11-19 11:00:00+00:00,0.223,7.023,80.0,0.0,13.450708
2024-11-19 12:00:00+00:00,0.223,8.973,73.0,0.0,10.739833
2024-11-19 13:00:00+00:00,0.221,10.723,68.0,0.0,10.829959
2024-11-19 14:00:00+00:00,0.219,12.922999,61.0,0.0,11.119281
2024-11-19 15:00:00+00:00,0.216,15.473,55.0,0.0,11.885453
2024-11-19 16:00:00+00:00,0.212,17.923,47.0,0.0,13.779114
2024-11-19 17:00:00+00:00,0.208,19.873001,39.0,0.0,17.106628
2024-11-19 18:00:00+00:00,0.204,20.823,34.0,0.0,18.057508
2024-11-19 19:00:00+00:00,0.2,21.373001,27.0,0.0,18.875126
2024-11-19 20:00:00+00:00,0.198,19.823,27.0,0.0,25.417631
2024-11-19 21:00:00+00:00,0.198,15.823,42.0,0.0,31.012281
2024-11-19 22:00:00+00:00,0.2,14.172999,47.0,0.0,28.664682
2024-11-19 23:00:00+00:00,0.201,12.973,48.0,0.0,28.385262
2024-11-20 00:00:00+00:00,0.203,12.223,47.0,0.0,28.483257
2024-11-20 01:00:00+00:00,0.205,10.623,53.0,0.0,25.071096
2024-11-20 02:00:00+00:00,0.206,9.672999,57.0,0.0,22.35481
2024-11-20 03:00:00+00:00,0.207,8.873,60.0,0.0,20.176065
2024-11-20 04:00:00+00:00,0.208,8.223,64.0,0.0,19.930477
2024-11-20 05:00:00+00:00,0.209,7.873,66.0,0.0,20.46941
2024-11-20 06:00:00+00:00,0.21,7.9729996,65.0,0.0,17.309973
2024-11-20 07:00:00+00:00,0.211,7.773,66.0,0.0,15.827721
2024-11-20 08:00:00+00:00,0.212,7.4729996,67.0,0.0,12.768586
2024-11-20 09:00:00+00:00,0.212,7.373,68.0,0.1,11.753877
2024-11-20 10:00:00+00:00,0.218,8.473,67.0,0.3,11.988594
2024-11-20 11:00:00+00:00,0.228,9.823,63.0,0.3,14.372974
2024-11-20 12:00:00+00:00,0.225,11.973,52.0,0.1,17.377226
2024-11-20 13:00:00+00:00,0.222,13.123,47.0,0.0,20.808498
2024-11-20 14:00:00+00:00,0.219,14.073,43.0,0.0,27.0024
2024-11-20 15:00:00+00:00,0.217,15.223,39.0,0.0,28.757215
2024-11-20 16:00:00+00:00,0.214,14.922999,41.0,0.0,29.162222
2024-11-20 17:00:00+00:00,0.213,15.373,41.0,0.0,31.557035
2024-11-20 18:00:00+00:00,0.211,16.523,37.0,0.0,34.322937
2024-11-20 19:00:00+00:00,0.211,16.123001,41.0,0.0,32.559605
2024-11-20 20:00:00+00:00,0.21,15.723,42.0,0.0,28.385262
2024-11-20 21:00:00+00:00,0.21,15.323,45.0,0.0,24.482647
2024-11-20 22:00:00+00:00,0.21,14.672999,48.0,0.0,23.132626
2024-11-20 23:00:00+00:00,0.21,13.573,52.0,0.0,22.553934
2024-11-21 00:00:00+00:00,0.202,12.573,53.0,0.0,20.326454
2024-11-21 01:00:00+00:00,0.203,11.223,58.0,0.0,18.709612
2024-11-21 02:00:00+00:00,0.204,10.422999,62.0,0.0,18.278645
2024-11-21 03:00:00+00:00,0.204,9.973,65.0,0.0,19.201874
2024-11-21 04:00:00+00:00,0.205,9.773,68.0,0.0,18.58451
2024-11-21 05:00:00+00:00,0.205,9.723,67.0,0.0,17.57744
2024-11-21 06:00:00+00:00,0.206,9.623,64.0,0.0,16.516901
2024-11-21 07:00:00+00:00,0.206,9.273,67.0,0.0,13.1041975
2024-11-21 08:00:00+00:00,0.207,8.523,70.0,0.0,7.928177
2024-11-21 09:00:00+00:00,0.207,8.123,73.0,0.0,4.5536795
2024-11-21 10:00:00+00:00,0.207,9.273,69.0,0.0,3.671294
2024-11-21 11:00:00+00:00,0.207,11.323,60.0,0.0,5.3999996
2024-11-21 12:00:00+00:00,0.206,14.123,47.0,0.0,16.171976
2024-11-21 13:00:00+00:00,0.205,15.672999,41.0,0.0,19.137648
2024-11-21 14:00:00+00:00,0.203,17.373001,34.0,0.0,19.171478
2024-11-21 15:00:00+00:00,0.201,18.323,31.0,0.0,21.142147
2024-11-21 16:00:00+00:00,0.2,18.273,31.0,0.0,22.039528
2024-11-21 17:00:00+00:00,0.199,18.923,30.0,0.0,20.808498
2024-11-21 18:00:00+00:00,0.197,19.073,29.0,0.0,17.884428
2024-11-21 19:00:00+00:00,0.196,18.623001,31.0,0.0,19.171478
2024-11-21 20:00:00+00:00,0.196,18.023,35.0,0.0,19.813087
2024-11-21 21:00:00+00:00,0.197,17.473001,40.0,0.0,17.731598
2024-11-21 22:00:00+00:00,0.197,16.473001,40.0,0.0,15.876775
2024-11-21 23:00:00+00:00,0.197,15.373,45.0,0.0,10.823973
2024-11-22 00:00:00+00:00,0.199,14.973,45.0,0.0,9.028754
2024-11-22 01:00:00+00:00,0.2,13.623,52.0,0.0,6.193674
2024-11-22 02:00:00+00:00,0.2,12.573,60.0,0.0,6.1305785
2024-11-22 03:00:00+00:00,0.201,11.323,69.0,0.0,4.6938252
2024-11-22 04:00:00+00:00,0.202,10.023,76.0,0.0,4.829907
2024-11-22 05:00:00+00:00,0.203,9.473,78.0,0.0,8.473393
2024-11-22 06:00:00+00:00,0.203,8.473,78.0,0.0,8.825508
2024-11-22 07:00:00+00:00,0.204,8.123,81.0,0.0,7.5685663
2024-11-22 08:00:00+00:00,0.205,7.4729996,84.0,0.0,6.439876
2024-11-22 09:00:00+00:00,0.205,7.323,86.0,0.0,4.6938257
2024-11-22 10:00:00+00:00,0.205,8.173,82.0,0.0,6.6087217
2024-11-22 11:00:00+00:00,0.205,9.523,76.0,0.0,7.628263
2024-11-22 12:00:00+00:00,0.204,11.523,70.0,0.0,4.379589
2024-11-22 13:00:00+00:00,0.203,14.273,60.0,0.0,1.835647
2024-11-22 14:00:00+00:00,0.2,16.873001,54.0,0.0,3.6
2024-11-22 15:00:00+00:00,0.204,18.573,47.0,0.1,12.768586
2024-11-22 16:00:00+00:00,0.203,18.873001,42.0,0.1,13.849476
2024-11-22 17:00:00+00:00,0.209,18.373001,43.0,0.2,14.77755
2024-11-22 18:00:00+00:00,0.199,18.123001,40.0,0.3,13.1041975
2024-11-22 19:00:00+00:00,0.196,17.473001,40.0,0.0,13.276144
2024-11-22 20:00:00+00:00,0.195,17.023,41.0,0.0,13.202726
2024-11-22 21:00:00+00:00,0.199,15.523,44.0,0.1,16.75064
2024-11-22 22:00:00+00:00,0.205,13.773,53.0,0.1,14.494192
2024-11-22 23:00:00+00:00,0.209,12.873,54.0,0.1,10.24578
2024-11-23 00:00:00+00:00,0.221,12.323,63.0,0.4,5.8048253
2024-11-23 01:00:00+00:00,0.214,11.523,68.0,0.0,4.452954
2024-11-23 02:00:00+00:00,0.279,10.323,80.0,1.1,4.1046314
2024-11-23 03:00:00+00:00,0.307,9.623,85.0,2.1,8.473393
2024-11-23 04:00:00+00:00,0.305,8.323,76.0,1.1,28.82249
2024-11-23 05:00:00+00:00,0.3,7.2229996,71.0,0.8,20.150354
2024-11-23 06:00:00+00:00,0.275,6.573,77.0,0.0,22.530937
2024-11-23 07:00:00+00:00,0.284,5.7229996,82.0,0.4,22.366402
2024-11-23 08:00:00+00:00,0.272,5.373,70.0,0.1,17.462784
2024-11-23 09:00:00+00:00,0.265,5.023,62.0,0.0,16.854767
2024-11-23 10:00:00+00:00,0.26,5.373,62.0,0.0,22.065973
2024-11-23 11:00:00+00:00,0.259,5.873,61.0,0.0,24.881702
2024-11-23 12:00:00+00:00,0.261,7.123,56.0,0.1,26.36616
2024-11-23 13:00:00+00:00,0.259,7.823,52.0,0.1,29.758307
2024-11-23 14:00:00+00:00,0.262,8.273,50.0,0.2,31.950888
2024-11-23 15:00:00+00:00,0.257,9.323,44.0,0.1,34.458603
2024-11-23 16:00:00+00:00,0.262,9.672999,45.0,0.3,35.58177
2024-11-23 17:00:00+00:00,0.26,10.273,42.0,0.2,39.001472
2024-11-23 18:00:00+00:00,0.265,9.123,51.0,0.4,43.619465
2024-11-23 19:00:00+00:00,0.27,8.573,54.0,0.3,41.798775
2024-11-23 20:00:00+00:00,0.271,8.073,55.0,0.4,42.12
2024-11-23 21:00:00+00:00,0.261,8.273,48.0,0.0,39.640884
2024-11-23 22:00:00+00:00,0.257,7.9729996,47.0,0.0,37.550602
2024-11-23 23:00:00+00:00,0.254,7.023,49.0,0.0,33.99475
2024-11-24 00:00:00+00:00,0.249,5.9729996,58.0,0.0,33.2781
2024-11-24 01:00:00+00:00,0.248,5.073,63.0,0.0,30.24214
2024-11-24 02:00:00+00:00,0.247,4.623,66.0,0.0,28.442278
2024-11-24 03:00:00+00:00,0.247,4.223,70.0,0.0,27.362366
2024-11-24 04:00:00+00:00,0.246,4.023,71.0,0.0,25.241108
2024-11-24 05:00:00+00:00,0.245,3.823,72.0,0.0,23.499481
2024-11-24 06:00:00+00:00,0.245,3.423,75.0,0.0,24.74329
2024-11-24 07:00:00+00:00,0.244,3.223,76.0,0.0,22.253124
2024-11-24 08:00:00+00:00,0.243,3.023,77.0,0.0,20.418695
2024-11-24 09:00:00+00:00,0.243,3.073,78.0,0.0,18.511143
2024-11-24 10:00:00+00:00,0.242,4.1730003,74.0,0.0,20.082708
2024-11-24 11:00:00+00:00,0.241,5.6730003,64.0,0.0,23.051247
2024-11-24 12:00:00+00:00,0.239,7.4729996,51.0,0.0,19.296133
2024-11-24 13:00:00+00:00,0.236,8.573,42.0,0.0,20.056877
2024-11-24 14:00:00+00:00,0.234,9.422999,38.0,0.0,19.161337
2024-11-24 15:00:00+00:00,0.231,10.273,36.0,0.0,18.720001
2024-11-24 16:00:00+00:00,0.228,10.422999,34.0,0.0,19.130875
2024-11-24 17:00:00+00:00,0.226,10.672999,35.0,0.0,18.692286
2024-11-24 18:00:00+00:00,0.224,10.823,34.0,0.0,19.386591
2024-11-24 19:00:00+00:00,0.222,10.573,35.0,0.0,18.792551
2024-11-24 20:00:00+00:00,0.221,10.823,36.0,0.0,18.25026
2024-11-24 21:00:00+00:00,0.22,10.672999,38.0,0.0,18.58451
2024-11-24 22:00:00+00:00,0.219,10.422999,39.0,0.0,17.399586
2024-11-24 23:00:00+00:00,0.219,9.723,41.0,0.0,15.137133
2024-11-25 00:00:00+00:00,0.216,8.523,44.0,0.0,13.905509
2024-11-25 01:00:00+00:00,0.217,6.823,53.0,0.0,8.905908
2024-11-25 02:00:00+00:00,0.218,6.073,59.0,0.0,7.2359104
2024-11-25 03:00:00+00:00,0.219,5.623,63.0,0.0,6.87779
2024-11-25 04:00:00+00:00,0.219,5.323,66.0,0.0,7.342588
2024-11-25 05:00:00+00:00,0.22,5.123,67.0,0.0,7.69592
2024-11-25 06:00:00+00:00,0.22,4.4729996,71.0,0.0,7.5942073
2024-11-25 07:00:00+00:00,0.22,3.873,72.0,0.0,7.5685663
2024-11-25 08:00:00+00:00,0.221,3.173,74.0,0.0,7.2
2024-11-25 09:00:00+00:00,0.221,3.123,75.0,0.0,6.8399997
2024-11-25 10:00:00+00:00,0.221,4.6730003,72.0,0.0,7.208994
2024-11-25 11:00:00+00:00,0.22,7.1730003,61.0,0.0,11.183201
2024-11-25 12:00:00+00:00,0.218,9.223,54.0,0.0,11.792404
2024-11-25 13:00:00+00:00,0.215,10.672999,49.0,0.0,12.57426
2024-11-25 14:00:00+00:00,0.212,12.123,44.0,0.0,14.587776
2024-11-25 15:00:00+00:00,0.209,12.873,40.0,0.0,16.516901
2024-11-25 16:00:00+00:00,0.207,13.172999,40.0,0.0,18.11841
2024-11-25 17:00:00+00:00,0.204,13.922999,37.0,0.0,19.523155
2024-11-25 18:00:00+00:00,0.202,14.422999,37.0,0.0,18.331741
2024-11-25 19:00:00+00:00,0.199,14.672999,37.0,0.0,18.58451
2024-11-25 20:00:00+00:00,0.198,14.723,37.0,0.0,18.388212
2024-11-25 21:00:00+00:00,0.197,14.373,37.0,0.0,19.008547
2024-11-25 22:00:00+00:00,0.197,13.723,41.0,0.0,18.837322
2024-11-25 23:00:00+00:00,0.197,12.823,44.0,0.0,17.388409
2024-11-26 00:00:00+00:00,0.189,11.323,52.0,0.0,16.981165
2024-11-26 01:00:00+00:00,0.19,9.623,60.0,0.0,12.7279215
2024-11-26 02:00:00+00:00,0.191,8.173,69.0,0.0,11.159999
2024-11-26 03:00:00+00:00,0.193,7.123,76.0,0.0,11.159999
2024-11-26 04:00:00+00:00,0.194,6.6730003,76.0,0.0,11.165805
2024-11-26 05:00:00+00:00,0.195,6.4729996,75.0,0.0,11.5199995
2024-11-26 06:00:00+00:00,0.196,6.523,72.0,0.0,12.605142
2024-11-26 07:00:00+00:00,0.196,6.4230003,73.0,0.0,12.245294
2024-11-26 08:00:00+00:00,0.197,6.4230003,74.0,0.0,11.885453
2024-11-26 09:00:00+00:00,0.198,6.4230003,78.0,0.1,11.542478
2024-11-26 10:00:00+00:00,0.205,7.123,78.0,0.2,11.542478
2024-11-26 11:00:00+00:00,0.214,8.173,74.0,0.2,12.959999
2024-11-26 12:00:00+00:00,0.207,9.723,64.0,0.1,14.408997
2024-11-26 13:00:00+00:00,0.21,10.422999,62.0,0.3,13.32
2024-11-26 14:00:00+00:00,0.219,10.873,62.0,0.3,12.303366
2024-11-26 15:00:00+00:00,0.219,11.723,61.0,0.2,12.224107
2024-11-26 16:00:00+00:00,0.219,12.273,61.0,0.2,12.371645
2024-11-26 17:00:00+00:00,0.218,12.823,61.0,0.2,13.363711
2024-11-26 18:00:00+00:00,0.207,13.672999,56.0,0.1,13.039754
2024-11-26 19:00:00+00:00,0.204,14.073,55.0,0.1,14.345898
2024-11-26 20:00:00+00:00,0.202,14.323,53.0,0.0,13.237039
2024-11-26 21:00:00+00:00,0.2,14.523,51.0,0.0,13.905509
2024-11-26 22:00:00+00:00,0.199,13.973,52.0,0.0,14.48972
2024-11-26 23:00:00+00:00,0.198,13.073,54.0,0.0,14.007655
2024-11-27 00:00:00+00:00,0.212,11.973,56.0,0.0,12.245293
2024-11-27 01:00:00+00:00,0.213,10.123,63.0,0.0,10.948973
2024-11-27 02:00:00+00:00,0.213,9.073,66.0,0.0,7.968939
2024-11-27 03:00:00+00:00,0.214,7.873,75.0,0.0,4.802999
2024-11-27 04:00:00+00:00,0.214,6.9230003,79.0,0.0,5.692099
2024-11-27 05:00:00+00:00,0.215,5.9230003,83.0,0.0,4.8965297
2024-11-27 06:00:00+00:00,0.215,4.7229996,85.0,0.0,4.1046314
2024-11-27 07:00:00+00:00,0.216,4.323,88.0,0.0,2.8116899
2024-11-27 08:00:00+00:00,0.216,4.073,88.0,0.0,2.0364676
2024-11-27 09:00:00+00:00,0.216,3.973,88.0,0.0,1.1384199
2024-11-27 10:00:00+00:00,0.216,5.1730003,86.0,0.0,0.35999998
2024-11-27 11:00:00+00:00,0.216,7.873,71.0,0.0,0.71999997
2024-11-27 12:00:00+00:00,0.214,9.922999,63.0,0.0,3.6
2024-11-27 13:00:00+00:00,0.212,11.473,54.0,0.0,2.2768397
2024-11-27 14:00:00+00:00,0.21,13.073,49.0,0.0,1.609969
2024-11-27 15:00:00+00:00,0.207,14.323,45.0,0.0,1.8
2024-11-27 16:00:00+00:00,0.204,15.523,41.0,0.0,3.4152596
2024-11-27 17:00:00+00:00,0.201,16.473001,38.0,0.0,4.510787
2024-11-27 18:00:00+00:00,0.198,17.573,37.0,0.0,4.6938257
2024-11-27 19:00:00+00:00,0.195,18.123001,37.0,0.0,6.12
2024-11-27 20:00:00+00:00,0.194,18.273,36.0,0.0,8.089993
2024-11-27 21:00:00+00:00,0.193,17.673,41.0,0.0,11.592894
2024-11-27 22:00:00+00:00,0.193,15.773,48.0,0.0,12.303366
2024-11-27 23:00:00+00:00,0.194,14.473,49.0,0.0,8.161764
2024-11-28 00:00:00+00:00,0.188,12.422999,46.0,0.0,14.332341
2024-11-28 01:00:00+00:00,0.189,10.273,57.0,0.0,13.339445
2024-11-28 02:00:00+00:00,0.19,8.922999,64.0,0.0,14.081478
2024-11-28 03:00:00+00:00,0.192,8.123,67.0,0.0,15.546833
2024-11-28 04:00:00+00:00,0.192,7.573,68.0,0.0,16.199999
2024-11-28 05:00:00+00:00,0.193,7.023,69.0,0.0,16.203999
2024-11-28 06:00:00+00:00,0.194,6.023,77.0,0.0,13.722565
2024-11-28 07:00:00+00:00,0.195,5.323,78.0,0.0,14.081478
2024-11-28 08:00:00+00:00,0.195,4.9230003,80.0,0.0,14.440443
2024-11-28 09:00:00+00:00,0.196,4.9729996,79.0,0.0,14.77755
2024-11-28 10:00:00+00:00,0.196,6.123,74.0,0.0,16.563911
2024-11-28 11:00:00+00:00,0.195,7.873,66.0,0.0,19.839235
2024-11-28 12:00:00+00:00,0.193,9.672999,59.0,0.0,20.431387
2024-11-28 13:00:00+00:00,0.191,10.922999,55.0,0.0,22.805367
2024-11-28 14:00:00+00:00,0.189,11.922999,53.0,0.0,25.86494
2024-11-28 15:00:00+00:00,0.186,12.672999,51.0,0.0,27.645092
2024-11-28 16:00:00+00:00,0.183,13.172999,49.0,0.0,29.655787
2024-11-28 17:00:00+00:00,0.181,13.473,48.0,0.0,30.500309
2024-11-28 18:00:00+00:00,0.18,14.123,45.0,0.0,30.49818
2024-11-28 19:00:00+00:00,0.179,14.023,48.0,0.0,30.344814
2024-11-28 20:00:00+00:00,0.179,13.473,50.0,0.0,31.845251
2024-11-28 21:00:00+00:00,0.179,11.873,55.0,0.0,30.735231
2024-11-28 22:00:00+00:00,0.18,10.873,57.0,0.0,27.887802
2024-11-28 23:00:00+00:00,0.18,9.922999,57.0,0.0,30.0767
2024-11-29 00:00:00+00:00,0.179,9.023,61.0,0.0,29.237675
2024-11-29 01:00:00+00:00,0.18,8.273,62.0,0.0,27.0
2024-11-29 02:00:00+00:00,0.181,7.4729996,68.0,0.0,25.6233
2024-11-29 03:00:00+00:00,0.182,7.073,72.0,0.0,23.623243
2024-11-29 04:00:00+00:00,0.183,6.9230003,74.0,0.0,23.83896
2024-11-29 05:00:00+00:00,0.183,6.9230003,74.0,0.0,23.749088
2024-11-29 06:00:00+00:00,0.184,6.523,79.0,0.0,20.188908
2024-11-29 07:00:00+00:00,0.185,6.873,80.0,0.0,20.833395
2024-11-29 08:00:00+00:00,0.187,7.373,77.0,0.1,27.288855
2024-11-29 09:00:00+00:00,0.192,7.1730003,76.0,0.1,27.908709
2024-11-29 10:00:00+00:00,0.192,7.523,74.0,0.0,30.096085
2024-11-29 11:00:00+00:00,0.193,8.123,73.0,0.1,32.527744
2024-11-29 12:00:00+00:00,0.192,9.922999,63.0,0.1,39.081146
2024-11-29 13:00:00+00:00,0.19,11.223,59.0,0.0,35.589054
2024-11-29 14:00:00+00:00,0.188,12.623,50.0,0.0,36.322556
2024-11-29 15:00:00+00:00,0.186,13.023,44.0,0.0,36.8486
2024-11-29 16:00:00+00:00,0.184,13.172999,41.0,0.0,39.503334
2024-11-29 17:00:00+00:00,0.182,13.573,43.0,0.0,38.243114
2024-11-29 18:00:00+00:00,0.182,13.573,42.0,0.0,46.58489
2024-11-29 19:00:00+00:00,0.181,13.323,46.0,0.0,45.53822
2024-11-29 20:00:00+00:00,0.181,11.623,59.0,0.0,39.660496
2024-11-29 21:00:00+00:00,0.181,11.823,60.0,0.0,40.06365
2024-11-29 22:00:00+00:00,0.182,10.773,65.0,0.0,36.764088
2024-11-29 23:00:00+00:00,0.185,9.922999,69.0,0.1,33.574707
2024-11-30 00:00:00+00:00,0.187,9.172999,68.0,0.2,29.239891
2024-11-30 01:00:00+00:00,0.196,8.223,73.0,0.2,30.37683
2024-11-30 02:00:00+00:00,0.204,7.7229996,76.0,0.2,30.018473
2024-11-30 03:00:00+00:00,0.224,7.4729996,77.0,0.5,31.75355
2024-11-30 04:00:00+00:00,0.239,7.523,80.0,0.5,29.784426
2024-11-30 05:00:00+00:00,0.25,7.623,79.0,0.6,30.453527
2024-11-30 06:00:00+00:00,0.242,7.7229996,77.0,0.5,21.175835
2024-11-30 07:00:00+00:00,0.254,7.823,79.0,0.5,23.452555
2024-11-30 08:00:00+00:00,0.255,7.773,76.0,0.4,24.482647
2024-11-30 09:00:00+00:00,0.247,7.873,78.0,0.1,23.675304
2024-11-30 10:00:00+00:00,0.251,7.9729996,78.0,0.4,26.727423
2024-11-30 11:00:00+00:00,0.257,8.422999,75.0,0.4,27.748037
2024-11-30 12:00:00+00:00,0.25,9.223,67.0,0.3,32.10667
2024-11-30 13:00:00+00:00,0.269,9.023,68.0,0.7,30.821548
2024-11-30 14:00:00+00:00,0.253,9.223,65.0,0.2,29.44307
2024-11-30 15:00:00+00:00,0.246,10.223,59.0,0.1,29.01743
2024-11-30 16:00:00+00:00,0.24,11.123,53.0,0.0,28.66694
2024-11-30 17:00:00+00:00,0.247,11.873,50.0,0.2,29.268686
2024-11-30 18:00:00+00:00,0.255,11.823,54.0,0.0,29.370352
2024-11-30 19:00:00+00:00,0.239,12.023,44.0,0.1,29.882166
2024-11-30 20:00:00+00:00,0.234,11.623,40.0,0.0,29.46947
2024-11-30 21:00:00+00:00,0.231,10.723,40.0,0.0,29.749592
2024-11-30 22:00:00+00:00,0.228,9.623,42.0,0.0,29.68636
2024-11-30 23:00:00+00:00,0.227,8.373,45.0,0.0,27.748037
2024-12-01 00:00:00+00:00,0.223,6.873,52.0,0.0,29.723444
2024-12-01 01:00:00+00:00,0.223,5.823,57.0,0.0,26.552288
2024-12-01 02:00:00+00:00,0.222,5.123,61.0,0.0,24.387177
2024-12-01 03:00:00+00:00,0.222,4.573,66.0,0.0,23.110207
2024-12-01 04:00:00+00:00,0.222,4.073,70.0,0.0,21.26744
2024-12-01 05:00:00+00:00,0.222,3.673,71.0,0.0,19.959719
2024-12-01 06:00:00+00:00,0.221,3.373,76.0,0.0,18.584509
2024-12-01 07:00:00+00:00,0.221,3.173,74.0,0.0,19.296133
2024-12-01 08:00:00+00:00,0.22,3.023,71.0,0.0,18.919704
2024-12-01 09:00:00+00:00,0.22,3.123,68.0,0.0,18.919704
2024-12-01 10:00:00+00:00,0.219,4.023,67.0,0.0,23.34455
2024-12-01 11:00:00+00:00,0.218,5.323,51.0,0.0,25.189713
2024-12-01 12:00:00+00:00,0.216,7.023,43.0,0.0,26.178707
2024-12-01 13:00:00+00:00,0.213,7.623,39.0,0.0,25.35637
2024-12-01 14:00:00+00:00,0.211,8.073,39.0,0.0,24.912935
2024-12-01 15:00:00+00:00,0.209,8.623,39.0,0.0,24.985659
2024-12-01 16:00:00+00:00,0.207,9.172999,37.0,0.0,26.208397
2024-12-01 17:00:00+00:00,0.205,9.623,34.0,0.0,26.552288
2024-12-01 18:00:00+00:00,0.2,9.323,40.0,0.0,28.019936
2024-12-01 19:00:00+00:00,0.198,9.123,41.0,0.0,26.044699
2024-12-01 20:00:00+00:00,0.197,9.323,41.0,0.0,25.41763
2024-12-01 21:00:00+00:00,0.195,9.123,42.0,0.0,24.464113
2024-12-01 22:00:00+00:00,0.194,8.323,46.0,0.0,23.847115
2024-12-01 23:00:00+00:00,0.194,7.123,50.0,0.0,23.023117
2024-12-02 00:00:00+00:00,0.197,5.623,57.0,0.0,21.659916
2024-12-02 01:00:00+00:00,0.198,4.4230003,65.0,0.0,18.430452
2024-12-02 02:00:00+00:00,0.199,3.673,72.0,0.0,15.496736
2024-12-02 03:00:00+00:00,0.2,3.123,79.0,0.0,13.722565
2024-12-02 04:00:00+00:00,0.201,2.523,83.0,0.0,13.797912
2024-12-02 05:00:00+00:00,0.202,2.023,89.0,0.0,13.202726
2024-12-02 06:00:00+00:00,0.203,1.923,91.0,0.0,13.797913
2024-12-02 07:00:00+00:00,0.204,2.523,90.0,0.0,16.09969
2024-12-02 08:00:00+00:00,0.205,2.873,88.0,0.0,15.629971
2024-12-02 09:00:00+00:00,0.205,3.373,85.0,0.0,15.141414
2024-12-02 10:00:00+00:00,0.205,4.823,79.0,0.0,18.214718
2024-12-02 11:00:00+00:00,0.204,6.523,69.0,0.0,25.812277
2024-12-02 12:00:00+00:00,0.203,7.523,66.0,0.0,30.293522
2024-12-02 13:00:00+00:00,0.202,8.123,66.0,0.0,31.093666
2024-12-02 14:00:00+00:00,0.199,9.323,59.0,0.0,32.110706
2024-12-02 15:00:00+00:00,0.196,10.323,54.0,0.0,29.515608
2024-12-02 16:00:00+00:00,0.193,11.172999,51.0,0.0,27.609911
2024-12-02 17:00:00+00:00,0.19,11.623,48.0,0.0,26.493652
2024-12-02 18:00:00+00:00,0.188,12.172999,47.0,0.0,26.208397
2024-12-02 19:00:00+00:00,0.186,12.123,47.0,0.0,26.178707
2024-12-02 20:00:00+00:00,0.184,12.023,49.0,0.0,27.534704
2024-12-02 21:00:00+00:00,0.182,11.723,49.0,0.0,27.609911
2024-12-02 22:00:00+00:00,0.182,10.973,50.0,0.0,27.009598
2024-12-02 23:00:00+00:00,0.182,10.073,53.0,0.0,25.282152
2024-12-03 00:00:00+00:00,0.181,9.123,56.0,0.0,24.798223
2024-12-03 01:00:00+00:00,0.182,8.323,62.0,0.0,22.42427
2024-12-03 02:00:00+00:00,0.183,7.773,71.0,0.0,20.570463
2024-12-03 03:00:00+00:00,0.184,7.2229996,81.0,0.0,19.839235
2024-12-03 04:00:00+00:00,0.185,7.023,83.0,0.0,22.101183
2024-12-03 05:00:00+00:00,0.186,6.9230003,84.0,0.0,24.923338
2024-12-03 06:00:00+00:00,0.187,6.823,76.0,0.0,27.834309
2024-12-03 07:00:00+00:00,0.188,6.6730003,77.0,0.0,28.880886
2024-12-03 08:00:00+00:00,0.188,6.6730003,78.0,0.0,28.943642
2024-12-03 09:00:00+00:00,0.188,6.9729996,79.0,0.0,27.288855
2024-12-03 10:00:00+00:00,0.189,7.7229996,78.0,0.0,27.112564
2024-12-03 11:00:00+00:00,0.188,9.023,74.0,0.0,28.112288
2024-12-03 12:00:00+00:00,0.187,10.823,66.0,0.0,37.137627
2024-12-03 13:00:00+00:00,0.185,11.973,60.0,0.0,35.457714
2024-12-03 14:00:00+00:00,0.183,12.823,56.0,0.0,34.509335
2024-12-03 15:00:00+00:00,0.18,13.573,53.0,0.0,34.04808
2024-12-03 16:00:00+00:00,0.177,14.023,46.0,0.0,35.406506
2024-12-03 17:00:00+00:00,0.174,13.823,43.0,0.0,38.714645
2024-12-03 18:00:00+00:00,0.173,13.422999,38.0,0.0,46.867798
2024-12-03 19:00:00+00:00,0.172,11.973,37.0,0.0,45.724247
2024-12-03 20:00:00+00:00,0.171,10.672999,40.0,0.0,44.92073
2024-12-03 21:00:00+00:00,0.171,9.422999,41.0,0.0,42.206066
2024-12-03 22:00:00+00:00,0.171,8.323,44.0,0.0,39.65233
2024-12-03 23:00:00+00:00,0.172,7.2229996,47.0,0.0,37.99663
2024-12-04 00:00:00+00:00,0.167,6.6730003,50.0,0.0,33.818928
2024-12-04 01:00:00+00:00,0.168,5.573,58.0,0.0,31.09575
2024-12-04 02:00:00+00:00,0.17,5.2229996,62.0,0.0,28.61264
2024-12-04 03:00:00+00:00,0.17,5.023,67.0,0.0,26.081993
2024-12-04 04:00:00+00:00,0.171,4.9230003,66.0,0.0,22.768398
2024-12-04 05:00:00+00:00,0.172,4.6730003,69.0,0.0,19.721298
2024-12-04 06:00:00+00:00,0.173,4.773,67.0,0.0,14.264361
2024-12-04 07:00:00+00:00,0.173,4.4230003,69.0,0.0,12.074766
2024-12-04 08:00:00+00:00,0.174,4.1730003,69.0,0.0,10.538843
2024-12-04 09:00:00+00:00,0.175,4.273,70.0,0.0,10.1376915
2024-12-04 10:00:00+00:00,0.175,5.4729996,66.0,0.0,11.090103
2024-12-04 11:00:00+00:00,0.175,6.9230003,56.0,0.0,11.609651
2024-12-04 12:00:00+00:00,0.174,7.9729996,47.0,0.0,14.205182
2024-12-04 13:00:00+00:00,0.173,8.422999,43.0,0.0,15.629971
2024-12-04 14:00:00+00:00,0.173,9.172999,40.0,0.0,14.84318
2024-12-04 15:00:00+00:00,0.176,9.623,39.0,0.1,14.440443
2024-12-04 16:00:00+00:00,0.186,9.973,37.0,0.2,14.044615
2024-12-04 17:00:00+00:00,0.192,10.123,36.0,0.1,13.722565
2024-12-04 18:00:00+00:00,0.216,9.973,39.0,0.0,12.758432
2024-12-04 19:00:00+00:00,0.212,9.773,40.0,0.4,11.720751
2024-12-04 20:00:00+00:00,0.222,9.573,41.0,0.4,10.661107
2024-12-04 21:00:00+00:00,0.227,8.973,42.0,0.4,13.276144
2024-12-04 22:00:00+00:00,0.222,8.173,44.0,0.2,15.876775
2024-12-04 23:00:00+00:00,0.215,7.4729996,46.0,0.0,16.595179
2024-12-05 00:00:00+00:00,0.221,6.323,54.0,0.0,14.24163
2024-12-05 01:00:00+00:00,0.219,5.323,56.0,0.1,12.864649
2024-12-05 02:00:00+00:00,0.215,4.4230003,63.0,0.0,11.609651
2024-12-05 03:00:00+00:00,0.212,3.523,72.0,0.0,9.72
2024-12-05 04:00:00+00:00,0.21,2.723,77.0,0.0,7.5685663
2024-12-05 05:00:00+00:00,0.209,1.773,79.0,0.0,5.4119864
2024-12-05 06:00:00+00:00,0.208,1.123,82.0,0.0,4.1046314
2024-12-05 07:00:00+00:00,0.207,0.423,85.0,0.0,3.671294
2024-12-05 08:00:00+00:00,0.207,-0.07699999,86.0,0.0,3.4152596
2024-12-05 09:00:00+00:00,0.206,-0.17699999,85.0,0.0,3.6179552
2024-12-05 10:00:00+00:00,0.206,1.473,78.0,0.0,3.671294
2024-12-05 11:00:00+00:00,0.206,2.823,72.0,0.1,4.3498964
2024-12-05 12:00:00+00:00,0.205,3.923,64.0,0.0,3.6
2024-12-05 13:00:00+00:00,0.204,5.4230003,54.0,0.0,6.151683
2024-12-05 14:00:00+00:00,0.202,6.873,42.0,0.0,9.107359
2024-12-05 15:00:00+00:00,0.2,7.823,37.0,0.0,9.6932955
2024-12-05 16:00:00+00:00,0.198,8.023,36.0,0.0,9.360001
2024-12-05 17:00:00+00:00,0.197,8.422999,37.0,0.0,9.693296
2024-12-05 18:00:00+00:00,0.211,8.773,40.0,0.0,11.726277
2024-12-05 19:00:00+00:00,0.198,8.723,38.0,0.0,11.726277
2024-12-05 20:00:00+00:00,0.196,9.073,37.0,0.0,10.137692
2024-12-05 21:00:00+00:00,0.195,9.123,35.0,0.0,10.966713
2024-12-05 22:00:00+00:00,0.195,8.773,37.0,0.0,11.770403
2024-12-05 23:00:00+00:00,0.195,8.373,40.0,0.0,11.113451
2024-12-06 00:00:00+00:00,0.2,7.1730003,49.0,0.0,8.287822
2024-12-06 01:00:00+00:00,0.201,5.273,60.0,0.0,5.3517847
2024-12-06 02:00:00+00:00,0.201,4.023,69.0,0.0,4.8965297
2024-12-06 03:00:00+00:00,0.202,3.323,74.0,0.0,5.00128
2024-12-06 04:00:00+00:00,0.203,2.773,77.0,0.0,4.73506
2024-12-06 05:00:00+00:00,0.203,2.823,79.0,0.0,5.4119864
2024-12-06 06:00:00+00:00,0.203,3.273,77.0,0.0,6.12
2024-12-06 07:00:00+00:00,0.203,3.123,77.0,0.0,6.130579
2024-12-06 08:00:00+00:00,0.203,3.023,78.0,0.0,7.2359104
2024-12-06 09:00:00+00:00,0.203,3.573,77.0,0.0,8.707238
2024-12-06 10:00:00+00:00,0.203,4.6730003,71.0,0.0,11.542478
2024-12-06 11:00:00+00:00,0.202,5.9729996,68.0,0.0,15.39184
2024-12-06 12:00:00+00:00,0.202,7.573,61.0,0.0,14.003029
2024-12-06 13:00:00+00:00,0.2,8.873,54.0,0.0,14.336861
2024-12-06 14:00:00+00:00,0.199,9.723,51.0,0.0,13.044722
2024-12-06 15:00:00+00:00,0.198,10.172999,48.0,0.0,13.53236
2024-12-06 16:00:00+00:00,0.197,10.422999,47.0,0.0,12.57426
2024-12-06 17:00:00+00:00,0.196,10.873,44.0,0.0,10.931203
2024-12-06 18:00:00+00:00,0.195,11.523,41.0,0.0,10.853866
2024-12-06 19:00:00+00:00,0.194,11.773,40.0,0.0,8.654986
2024-12-06 20:00:00+00:00,0.194,11.973,40.0,0.0,6.763786
2024-12-06 21:00:00+00:00,0.194,11.473,41.0,0.0,1.8
2024-12-06 22:00:00+00:00,0.196,7.873,71.0,0.1,19.296135
2024-12-06 23:00:00+00:00,0.196,6.6730003,78.0,0.1,16.279802
2024-12-07 00:00:00+00:00,0.203,6.6730003,77.0,0.0,15.379206
2024-12-07 01:00:00+00:00,0.208,5.9729996,81.0,0.3,13.905509
2024-12-07 02:00:00+00:00,0.206,5.523,82.0,0.1,13.450708
2024-12-07 03:00:00+00:00,0.205,4.9230003,84.0,0.0,11.090103
2024-12-07 04:00:00+00:00,0.204,4.4230003,87.0,0.0,9.114471
2024-12-07 05:00:00+00:00,0.204,4.123,88.0,0.0,7.928178
2024-12-07 06:00:00+00:00,0.204,3.473,91.0,0.0,7.9932976
2024-12-07 07:00:00+00:00,0.204,3.723,91.0,0.0,7.172949
2024-12-07 08:00:00+00:00,0.204,4.123,91.0,0.0,6.12
2024-12-07 09:00:00+00:00,0.204,4.573,90.0,0.0,4.6938257
2024-12-07 10:00:00+00:00,0.203,5.2229996,88.0,0.0,5.0911684
2024-12-07 11:00:00+00:00,0.203,6.4230003,83.0,0.0,6.8777895
2024-12-07 12:00:00+00:00,0.202,7.6730003,77.0,0.0,7.7879906
2024-12-07 13:00:00+00:00,0.201,8.922999,64.0,0.0,12.522619
2024-12-07 14:00:00+00:00,0.2,9.672999,59.0,0.0,13.493999
2024-12-07 15:00:00+00:00,0.199,10.823,56.0,0.0,12.429127
2024-12-07 16:00:00+00:00,0.21,10.773,57.0,0.4,16.394829
2024-12-07 17:00:00+00:00,0.207,11.823,58.0,0.2,15.629971
2024-12-07 18:00:00+00:00,0.209,12.523,53.0,0.4,18.129137
2024-12-07 19:00:00+00:00,0.206,12.623,50.0,0.2,18.014393
2024-12-07 20:00:00+00:00,0.207,11.723,54.0,0.2,18.089775
2024-12-07 21:00:00+00:00,0.207,11.373,55.0,0.1,17.163355
2024-12-07 22:00:00+00:00,0.209,10.573,61.0,0.2,15.876775
2024-12-07 23:00:00+00:00,0.21,9.723,65.0,0.2,12.979984
2024-12-08 00:00:00+00:00,0.217,9.323,69.0,0.1,11.159999
2024-12-08 01:00:00+00:00,0.218,8.123,76.0,0.2,10.853866
2024-12-08 02:00:00+00:00,0.214,6.9729996,82.0,0.0,9.178235
2024-12-08 03:00:00+00:00,0.212,6.123,87.0,0.0,10.661107
2024-12-08 04:00:00+00:00,0.211,5.4230003,90.0,0.0,11.440978
2024-12-08 05:00:00+00:00,0.211,4.9729996,91.0,0.0,12.7279215
2024-12-08 06:00:00+00:00,0.21,4.4230003,93.0,0.0,11.252519
2024-12-08 07:00:00+00:00,0.21,4.623,91.0,0.0,11.885453
2024-12-08 08:00:00+00:00,0.21,4.4729996,91.0,0.0,11.165805
2024-12-08 09:00:00+00:00,0.209,4.773,89.0,0.0,11.542478
2024-12-08 10:00:00+00:00,0.209,6.373,82.0,0.0,13.849476
2024-12-08 11:00:00+00:00,0.208,7.7229996,72.0,0.0,18.35647
2024-12-08 12:00:00+00:00,0.208,8.973,68.0,0.0,16.485485
2024-12-08 13:00:00+00:00,0.21,10.123,61.0,0.1,16.981165
2024-12-08 14:00:00+00:00,0.213,10.973,59.0,0.3,17.477621
2024-12-08 15:00:00+00:00,0.219,11.023,60.0,0.4,18.837322
2024-12-08 16:00:00+00:00,0.219,11.073,58.0,0.4,19.191748
2024-12-08 17:00:00+00:00,0.213,11.573,55.0,0.0,19.813087
2024-12-08 18:00:00+00:00,0.207,12.973,43.0,0.1,20.188908
2024-12-08 19:00:00+00:00,0.203,13.373,35.0,0.0,21.53089
2024-12-08 20:00:00+00:00,0.2,12.922999,36.0,0.0,21.829777
2024-12-08 21:00:00+00:00,0.2,12.172999,43.0,0.0,21.046917
2024-12-08 22:00:00+00:00,0.199,11.623,44.0,0.0,19.839235
2024-12-08 23:00:00+00:00,0.199,10.773,49.0,0.0,16.919998
2024-12-09 00:00:00+00:00,0.193,10.023,53.0,0.0,14.154915
2024-12-09 01:00:00+00:00,0.194,8.973,61.0,0.0,9.9571085
2024-12-09 02:00:00+00:00,0.194,7.873,66.0,0.0,6.151683
2024-12-09 03:00:00+00:00,0.195,7.323,71.0,0.0,5.3999996
2024-12-09 04:00:00+00:00,0.195,7.2229996,73.0,0.0,5.8603754
2024-12-09 05:00:00+00:00,0.196,6.9729996,77.0,0.0,7.928177
2024-12-09 06:00:00+00:00,0.196,7.1730003,75.0,0.1,9.220499
2024-12-09 07:00:00+00:00,0.196,7.023,75.0,0.1,11.384198
2024-12-09 08:00:00+00:00,0.196,6.873,76.0,0.0,11.304229
2024-12-09 09:00:00+00:00,0.197,6.9729996,78.0,0.1,11.808878
2024-12-09 10:00:00+00:00,0.206,7.4230003,77.0,0.3,15.192682
2024-12-09 11:00:00+00:00,0.209,8.273,73.0,0.1,18.626305
2024-12-09 12:00:00+00:00,0.205,10.573,58.0,0.0,17.654688
2024-12-09 13:00:00+00:00,0.204,11.023,56.0,0.0,21.868332
2024-12-09 14:00:00+00:00,0.202,12.373,50.0,0.0,21.175837
2024-12-09 15:00:00+00:00,0.2,12.823,47.0,0.0,22.476227
2024-12-09 16:00:00+00:00,0.199,12.573,48.0,0.0,23.893261
2024-12-09 17:00:00+00:00,0.198,12.073,52.0,0.0,23.532547
2024-12-09 18:00:00+00:00,0.197,12.973,47.0,0.0,26.081993
2024-12-09 19:00:00+00:00,0.197,12.273,53.0,0.1,26.00486
2024-12-09 20:00:00+00:00,0.201,11.422999,60.0,0.2,20.774214
2024-12-09 21:00:00+00:00,0.201,11.573,58.0,0.1,14.77755
2024-12-09 22:00:00+00:00,0.199,11.323,56.0,0.0,16.394829
2024-12-09 23:00:00+00:00,0.198,10.523,56.0,0.0,15.978486
2024-12-10 00:00:00+00:00,0.195,9.723,59.0,0.0,17.106628
2024-12-10 01:00:00+00:00,0.194,8.672999,64.0,0.0,14.685176
2024-12-10 02:00:00+00:00,0.194,7.6730003,69.0,0.0,13.202726
2024-12-10 03:00:00+00:00,0.194,6.523,75.0,0.0,10.446206
2024-12-10 04:00:00+00:00,0.194,5.6730003,79.0,0.0,9.028754
2024-12-10 05:00:00+00:00,0.195,5.073,81.0,0.0,7.6367526
2024-12-10 06:00:00+00:00,0.194,4.523,81.0,0.0,8.905908
2024-12-10 07:00:00+00:00,0.195,4.073,81.0,0.0,8.557102
2024-12-10 08:00:00+00:00,0.195,3.673,81.0,0.0,9.0
2024-12-10 09:00:00+00:00,0.195,3.723,79.0,0.0,10.308831
2024-12-10 10:00:00+00:00,0.194,5.023,69.0,0.0,13.397612
2024-12-10 11:00:00+00:00,0.194,6.7229996,61.0,0.0,17.339897
2024-12-10 12:00:00+00:00,0.193,8.523,52.0,0.0,20.523157
2024-12-10 13:00:00+00:00,0.192,9.573,46.0,0.0,21.41319
2024-12-10 14:00:00+00:00,0.19,10.823,40.0,0.0,22.206486
2024-12-10 15:00:00+00:00,0.188,11.623,36.0,0.0,23.587555
2024-12-10 16:00:00+00:00,0.186,11.973,34.0,0.0,24.826952
2024-12-10 17:00:00+00:00,0.185,12.373,33.0,0.0,25.516865
2024-12-10 18:00:00+00:00,0.183,12.623,31.0,0.0,23.683512
2024-12-10 19:00:00+00:00,0.182,12.573,29.0,0.0,23.906818
2024-12-10 20:00:00+00:00,0.181,12.172999,31.0,0.0,22.545315
2024-12-10 21:00:00+00:00,0.181,11.873,34.0,0.0,20.49156
2024-12-10 22:00:00+00:00,0.18,11.323,37.0,0.0,18.455048
2024-12-10 23:00:00+00:00,0.18,10.573,39.0,0.0,15.716793
2024-12-11 00:00:00+00:00,0.181,9.373,43.0,0.0,13.797913
2024-12-11 01:00:00+00:00,0.181,7.6730003,50.0,0.0,7.42159
2024-12-11 02:00:00+00:00,0.182,6.273,59.0,0.0,2.9024127
2024-12-11 03:00:00+00:00,0.183,5.7229996,61.0,0.0,2.1897945
2024-12-11 04:00:00+00:00,0.183,4.273,67.0,0.0,3.7585104
2024-12-11 05:00:00+00:00,0.184,3.573,72.0,0.0,3.319036
2024-12-11 06:00:00+00:00,0.184,3.173,73.0,0.0,3.8268526
2024-12-11 07:00:00+00:00,0.184,3.073,72.0,0.0,4.0249224
2024-12-11 08:00:00+00:00,0.185,3.023,70.0,0.0,4.3498964
2024-12-11 09:00:00+00:00,0.185,3.823,66.0,0.0,4.1046314
2024-12-11 10:00:00+00:00,0.185,5.4729996,64.0,0.0,4.5536795
2024-12-11 11:00:00+00:00,0.185,7.523,63.0,0.0,4.3349743
2024-12-11 12:00:00+00:00,0.184,8.973,70.0,0.1,6.989936
2024-12-11 13:00:00+00:00,0.183,11.073,68.0,0.0,8.28
2024-12-11 14:00:00+00:00,0.181,13.273,61.0,0.0,10.829959
2024-12-11 15:00:00+00:00,0.178,15.023,49.0,0.0,13.044722
2024-12-11 16:00:00+00:00,0.176,15.773,43.0,0.0,15.696165
2024-12-11 17:00:00+00:00,0.176,14.023,46.0,0.2,22.183128
2024-12-11 18:00:00+00:00,0.183,13.573,52.0,0.6,19.296135
2024-12-11 19:00:00+00:00,0.212,12.573,64.0,0.7,12.245293
2024-12-11 20:00:00+00:00,0.207,13.223,63.0,0.1,13.004921
2024-12-11 21:00:00+00:00,0.199,13.973,64.0,0.0,12.496719
2024-12-11 22:00:00+00:00,0.196,14.223,67.0,0.0,13.979871
2024-12-11 23:00:00+00:00,0.194,13.973,68.0,0.1,14.764389
2024-12-12 00:00:00+00:00,0.195,13.023,71.0,0.1,9.3876505
2024-12-12 01:00:00+00:00,0.205,12.373,76.0,0.3,6.489992
2024-12-12 02:00:00+00:00,0.204,12.073,75.0,0.0,6.6185193
2024-12-12 03:00:00+00:00,0.214,12.172999,67.0,0.1,17.429354
2024-12-12 04:00:00+00:00,0.215,11.773,66.0,0.0,22.768396
2024-12-12 05:00:00+00:00,0.209,11.323,67.0,0.0,22.238562
2024-12-12 06:00:00+00:00,0.207,11.172999,68.0,0.0,17.727943
2024-12-12 07:00:00+00:00,0.205,10.473,73.0,0.0,17.026896
2024-12-12 08:00:00+00:00,0.203,9.773,76.0,0.0,13.276144
2024-12-12 09:00:00+00:00,0.202,9.323,79.0,0.0,11.304229
2024-12-12 10:00:00+00:00,0.201,9.723,78.0,0.0,10.931203
2024-12-12 11:00:00+00:00,0.2,10.922999,74.0,0.0,12.641076
2024-12-12 12:00:00+00:00,0.197,12.373,65.0,0.0,15.39184
2024-12-12 13:00:00+00:00,0.194,13.573,57.0,0.0,17.026896
2024-12-12 14:00:00+00:00,0.197,13.973,55.0,0.1,19.353138
2024-12-12 15:00:00+00:00,0.206,14.422999,53.0,0.2,21.53089
2024-12-12 16:00:00+00:00,0.224,14.223,54.0,0.4,24.590923
2024-12-12 17:00:00+00:00,0.228,13.973,55.0,0.3,25.86494
2024-12-12 18:00:00+00:00,0.22,14.422999,51.0,0.4,27.117346
2024-12-12 19:00:00+00:00,0.22,13.873,47.0,0.3,28.442278
2024-12-12 20:00:00+00:00,0.215,13.123,49.0,0.1,29.17777
2024-12-12 21:00:00+00:00,0.21,12.023,51.0,0.0,27.820337
2024-12-12 22:00:00+00:00,0.206,11.422999,51.0,0.0,26.693459
2024-12-12 23:00:00+00:00,0.204,10.523,54.0,0.0,25.455843
2024-12-13 00:00:00+00:00,0.199,9.773,56.0,0.0,25.40743
2024-12-13 01:00:00+00:00,0.198,8.873,57.0,0.0,21.2522
2024-12-13 02:00:00+00:00,0.197,8.123,61.0,0.0,16.954432
2024-12-13 03:00:00+00:00,0.197,7.273,67.0,0.0,13.207634
2024-12-13 04:00:00+00:00,0.196,6.623,73.0,0.0,10.630672
2024-12-13 05:00:00+00:00,0.196,6.273,77.0,0.0,11.183201
2024-12-13 06:00:00+00:00,0.196,6.4230003,81.0,0.0,15.2947035
2024-12-13 07:00:00+00:00,0.196,6.6730003,81.0,0.0,16.92383
2024-12-13 08:00:00+00:00,0.196,6.6730003,81.0,0.0,15.941944
2024-12-13 09:00:00+00:00,0.195,7.073,80.0,0.0,15.2947035
2024-12-13 10:00:00+00:00,0.195,8.323,74.0,0.0,18.514643
2024-12-13 11:00:00+00:00,0.193,9.573,67.0,0.0,22.7057
2024-12-13 12:00:00+00:00,0.192,11.422999,58.0,0.0,25.872456
2024-12-13 13:00:00+00:00,0.19,11.922999,56.0,0.0,29.142216
2024-12-13 14:00:00+00:00,0.188,12.672999,55.0,0.0,26.282465
2024-12-13 15:00:00+00:00,0.186,13.123,54.0,0.1,28.876396
2024-12-13 16:00:00+00:00,0.185,13.172999,53.0,0.1,29.655787
2024-12-13 17:00:00+00:00,0.195,12.323,57.0,0.4,33.24888
2024-12-13 18:00:00+00:00,0.206,13.373,53.0,0.4,33.270313
2024-12-13 19:00:00+00:00,0.216,12.823,55.0,0.4,35.04596
2024-12-13 20:00:00+00:00,0.22,12.473,60.0,0.3,31.062386
2024-12-13 21:00:00+00:00,0.231,11.672999,66.0,0.4,27.105392
2024-12-13 22:00:00+00:00,0.225,12.172999,61.0,0.1,26.434887
2024-12-13 23:00:00+00:00,0.221,11.623,64.0,0.1,25.318008
2024-12-14 00:00:00+00:00,0.223,11.422999,62.0,0.0,25.762016
2024-12-14 01:00:00+00:00,0.22,10.623,64.0,0.0,24.26998
2024-12-14 02:00:00+00:00,0.217,10.123,68.0,0.0,23.688984
2024-12-14 03:00:00+00:00,0.215,9.723,71.0,0.0,24.863466
2024-12-14 04:00:00+00:00,0.214,9.323,72.0,0.0,24.482647
2024-12-14 05:00:00+00:00,0.213,9.172999,76.0,0.0,23.966375
2024-12-14 06:00:00+00:00,0.212,9.073,76.0,0.0,22.79684
2024-12-14 07:00:00+00:00,0.211,8.573,79.0,0.0,20.150354
2024-12-14 08:00:00+00:00,0.21,8.023,83.0,0.0,17.31746
2024-12-14 09:00:00+00:00,0.209,8.173,82.0,0.0,16.862455
2024-12-14 10:00:00+00:00,0.208,9.073,71.0,0.0,18.430452
2024-12-14 11:00:00+00:00,0.207,10.123,63.0,0.0,22.027763
2024-12-14 12:00:00+00:00,0.205,10.473,59.0,0.0,24.490587
2024-12-14 13:00:00+00:00,0.204,11.073,56.0,0.0,25.199999
2024-12-14 14:00:00+00:00,0.202,11.823,51.0,0.0,25.20257
2024-12-14 15:00:00+00:00,0.2,12.672999,47.0,0.0,26.28986
2024-12-14 16:00:00+00:00,0.198,13.723,42.0,0.0,26.758923
2024-12-14 17:00:00+00:00,0.195,14.373,37.0,0.0,29.598919
2024-12-14 18:00:00+00:00,0.194,14.273,36.0,0.0,28.496904
2024-12-14 19:00:00+00:00,0.193,13.873,38.0,0.0,27.44513
2024-12-14 20:00:00+00:00,0.191,13.873,39.0,0.0,26.042212
2024-12-14 21:00:00+00:00,0.19,13.623,41.0,0.0,25.20257
2024-12-14 22:00:00+00:00,0.19,12.922999,44.0,0.0,25.651104
2024-12-14 23:00:00+00:00,0.192,11.723,47.0,0.0,24.993439
2024-12-15 00:00:00+00:00,0.19,11.023,50.0,0.0,24.336637
2024-12-15 01:00:00+00:00,0.189,9.573,58.0,0.0,21.313093
2024-12-15 02:00:00+00:00,0.189,8.823,65.0,0.0,20.275385
2024-12-15 03:00:00+00:00,0.189,8.173,68.0,0.0,18.455048
2024-12-15 04:00:00+00:00,0.189,8.023,68.0,0.0,17.25373
2024-12-15 05:00:00+00:00,0.189,7.823,69.0,0.0,17.58481
2024-12-15 06:00:00+00:00,0.193,7.573,73.0,0.2,15.141414
2024-12-15 07:00:00+00:00,0.201,7.2229996,78.0,0.2,14.168641
2024-12-15 08:00:00+00:00,0.203,7.273,82.0,0.1,13.849477
2024-12-15 09:00:00+00:00,0.207,7.373,81.0,0.1,14.20062
2024-12-15 10:00:00+00:00,0.212,8.073,80.0,0.2,14.386494
2024-12-15 11:00:00+00:00,0.224,8.973,80.0,0.3,16.075521
2024-12-15 12:00:00+00:00,0.221,9.223,74.0,0.1,22.539564
2024-12-15 13:00:00+00:00,0.216,10.223,69.0,0.0,24.344624
2024-12-15 14:00:00+00:00,0.212,10.973,64.0,0.0,30.302078
2024-12-15 15:00:00+00:00,0.209,11.373,62.0,0.0,27.038372
2024-12-15 16:00:00+00:00,0.206,13.123,51.0,0.0,29.122198
2024-12-15 17:00:00+00:00,0.203,13.473,45.0,0.0,32.68871
2024-12-15 18:00:00+00:00,0.199,14.073,42.0,0.0,32.619255
2024-12-15 19:00:00+00:00,0.196,13.823,44.0,0.0,32.335934
2024-12-15 20:00:00+00:00,0.194,13.273,45.0,0.0,32.335934
2024-12-15 21:00:00+00:00,0.193,12.323,47.0,0.0,31.355152
2024-12-15 22:00:00+00:00,0.192,11.422999,50.0,0.0,29.337238
2024-12-15 23:00:00+00:00,0.191,10.473,52.0,0.0,28.202042
2024-12-16 00:00:00+00:00,0.189,9.523,50.0,0.0,28.817993
2024-12-16 01:00:00+00:00,0.189,8.223,55.0,0.0,25.721743
2024-12-16 02:00:00+00:00,0.188,7.523,60.0,0.0,23.770906
2024-12-16 03:00:00+00:00,0.188,7.023,65.0,0.0,23.039999
2024-12-16 04:00:00+00:00,0.188,6.623,67.0,0.0,20.929596
2024-12-16 05:00:00+00:00,0.188,6.323,72.0,0.0,18.584509
2024-12-16 06:00:00+00:00,0.188,6.6730003,73.0,0.0,18.64369
2024-12-16 07:00:00+00:00,0.188,6.323,76.0,0.0,16.516901
2024-12-16 08:00:00+00:00,0.188,6.2229996,79.0,0.0,14.118243
2024-12-16 09:00:00+00:00,0.188,6.823,78.0,0.0,12.72283
2024-12-16 10:00:00+00:00,0.188,7.7229996,74.0,0.0,12.397806
2024-12-16 11:00:00+00:00,0.187,8.523,70.0,0.0,10.966713
2024-12-16 12:00:00+00:00,0.187,10.373,71.0,0.1,13.708391
2024-12-16 13:00:00+00:00,0.186,11.473,69.0,0.0,13.854155
2024-12-16 14:00:00+00:00,0.185,12.973,69.0,0.0,15.937878
2024-12-16 15:00:00+00:00,0.183,15.023,63.0,0.0,22.392462
2024-12-16 16:00:00+00:00,0.181,16.423,59.0,0.0,27.51116
2024-12-16 17:00:00+00:00,0.179,17.073,56.0,0.0,26.576681
2024-12-16 18:00:00+00:00,0.177,17.423,56.0,0.0,25.325686
2024-12-16 19:00:00+00:00,0.175,17.323,54.0,0.0,24.693481
2024-12-16 20:00:00+00:00,0.173,17.823,52.0,0.0,22.862125
2024-12-16 21:00:00+00:00,0.171,17.473001,52.0,0.0,21.434364
2024-12-16 22:00:00+00:00,0.169,16.973001,53.0,0.0,18.486622
2024-12-16 23:00:00+00:00,0.169,16.273,55.0,0.0,15.226764
2024-12-17 00:00:00+00:00,0.168,14.922999,60.0,0.0,10.948973
2024-12-17 01:00:00+00:00,0.168,13.223,70.0,0.0,3.7585104
2024-12-17 02:00:00+00:00,0.169,12.223,75.0,0.0,2.2768397
2024-12-17 03:00:00+00:00,0.17,10.223,83.0,0.0,3.7064266
2024-12-17 04:00:00+00:00,0.171,9.273,87.0,0.0,2.5455842
2024-12-17 05:00:00+00:00,0.171,9.323,86.0,0.0,2.5455842
2024-12-17 06:00:00+00:00,0.172,9.523,84.0,0.0,4.8433046
2024-12-17 07:00:00+00:00,0.172,9.172999,87.0,0.0,4.5820518
2024-12-17 08:00:00+00:00,0.172,8.523,90.0,0.0,5.1919937
2024-12-17 09:00:00+00:00,0.172,8.323,91.0,0.0,2.6208394
2024-12-17 10:00:00+00:00,0.173,9.422999,87.0,0.0,2.6208394
2024-12-17 11:00:00+00:00,0.172,11.723,75.0,0.0,4.510787
2024-12-17 12:00:00+00:00,0.171,12.523,77.0,0.0,7.928178
2024-12-17 13:00:00+00:00,0.169,13.123,76.0,0.1,5.506941
2024-12-17 14:00:00+00:00,0.186,13.123,81.0,0.5,11.252519
2024-12-17 15:00:00+00:00,0.199,14.473,73.0,0.1,17.227419
2024-12-17 16:00:00+00:00,0.195,16.423,58.0,0.0,27.607563
2024-12-17 17:00:00+00:00,0.196,15.323,55.0,0.1,33.510952
2024-12-17 18:00:00+00:00,0.198,15.973,49.0,0.0,29.574827
2024-12-17 19:00:00+00:00,0.19,15.973,41.0,0.0,33.12
2024-12-17 20:00:00+00:00,0.184,14.623,47.0,0.0,34.292713
2024-12-17 21:00:00+00:00,0.18,13.573,49.0,0.0,33.549606
2024-12-17 22:00:00+00:00,0.177,13.273,45.0,0.0,32.957207
2024-12-17 23:00:00+00:00,0.174,12.323,40.0,0.0,35.452232
2024-12-18 00:00:00+00:00,0.175,11.273,46.0,0.0,33.74796
2024-12-18 01:00:00+00:00,0.174,9.773,53.0,0.0,28.551426
2024-12-18 02:00:00+00:00,0.173,8.823,57.0,0.0,26.405453
2024-12-18 03:00:00+00:00,0.173,7.9230003,64.0,0.0,28.99062
2024-12-18 04:00:00+00:00,0.173,7.1730003,68.0,0.0,30.566095
2024-12-18 05:00:00+00:00,0.173,6.573,71.0,0.0,30.261421
2024-12-18 06:00:00+00:00,0.172,6.373,75.0,0.0,25.992397
2024-12-18 07:00:00+00:00,0.172,6.073,76.0,0.0,26.260265
2024-12-18 08:00:00+00:00,0.172,5.873,78.0,0.0,26.758923
2024-12-18 09:00:00+00:00,0.172,5.9729996,77.0,0.0,29.07989
2024-12-18 10:00:00+00:00,0.171,6.4729996,73.0,0.0,31.89202
2024-12-18 11:00:00+00:00,0.171,7.1730003,69.0,0.0,34.69847
2024-12-18 12:00:00+00:00,0.175,8.373,59.0,0.0,37.462494
2024-12-18 13:00:00+00:00,0.183,8.973,57.0,0.2,39.619625
2024-12-18 14:00:00+00:00,0.206,9.473,55.0,0.4,41.448494
2024-12-18 15:00:00+00:00,0.225,9.922999,56.0,0.4,41.1425
2024-12-18 16:00:00+00:00,0.243,10.422999,54.0,0.5,42.093834
2024-12-18 17:00:00+00:00,0.25,10.073,56.0,0.4,41.93961
2024-12-18 18:00:00+00:00,0.258,9.973,54.0,0.5,43.057262
2024-12-18 19:00:00+00:00,0.255,9.873,52.0,0.2,44.067295
2024-12-18 20:00:00+00:00,0.25,9.422999,52.0,0.2,44.332653
2024-12-18 21:00:00+00:00,0.243,8.922999,54.0,0.1,43.273434
2024-12-18 22:00:00+00:00,0.24,8.173,58.0,0.1,41.065254
2024-12-18 23:00:00+00:00,0.234,7.4230003,63.0,0.0,38.894997
2024-12-19 00:00:00+00:00,0.23,6.873,65.0,0.0,38.221085
2024-12-19 01:00:00+00:00,0.227,6.1730003,68.0,0.0,36.504074
2024-12-19 02:00:00+00:00,0.224,5.623,71.0,0.0,35.85932
2024-12-19 03:00:00+00:00,0.222,5.4230003,70.0,0.0,34.98674
2024-12-19 04:00:00+00:00,0.22,5.073,71.0,0.0,34.627434
2024-12-19 05:00:00+00:00,0.218,4.773,73.0,0.0,35.346058
2024-12-19 06:00:00+00:00,0.216,4.573,73.0,0.0,33.933697
2024-12-19 07:00:00+00:00,0.215,4.373,73.0,0.0,34.936695
2024-12-19 08:00:00+00:00,0.214,4.223,75.0,0.0,35.656357
2024-12-19 09:00:00+00:00,0.213,4.373,74.0,0.0,34.966362
2024-12-19 10:00:00+00:00,0.211,4.9230003,70.0,0.0,38.519997
2024-12-19 11:00:00+00:00,0.21,5.7229996,66.0,0.0,40.75798
2024-12-19 12:00:00+00:00,0.207,6.873,58.0,0.0,42.699093
2024-12-19 13:00:00+00:00,0.205,7.823,54.0,0.0,41.305977
2024-12-19 14:00:00+00:00,0.202,8.623,50.0,0.0,42.021423
2024-12-19 15:00:00+00:00,0.201,9.223,49.0,0.0,39.4163
2024-12-19 16:00:00+00:00,0.206,9.723,48.0,0.1,39.061245
2024-12-19 17:00:00+00:00,0.216,9.973,47.0,0.2,39.254856
2024-12-19 18:00:00+00:00,0.207,10.373,46.0,0.3,37.212578
2024-12-19 19:00:00+00:00,0.196,10.573,45.0,0.0,36.158054
2024-12-19 20:00:00+00:00,0.193,10.323,45.0,0.0,34.838253
2024-12-19 21:00:00+00:00,0.19,9.773,46.0,0.0,33.790176
2024-12-19 22:00:00+00:00,0.189,9.073,48.0,0.0,32.136932
2024-12-19 23:00:00+00:00,0.188,8.123,53.0,0.0,30.430117
2024-12-20 00:00:00+00:00,0.182,7.023,59.0,0.0,27.343414
2024-12-20 01:00:00+00:00,0.182,5.9230003,65.0,0.0,24.162945
2024-12-20 02:00:00+00:00,0.182,5.123,72.0,0.0,22.33161
2024-12-20 03:00:00+00:00,0.183,4.573,77.0,0.0,22.007162
2024-12-20 04:00:00+00:00,0.183,4.4230003,78.0,0.0,22.7057
2024-12-20 05:00:00+00:00,0.183,4.523,77.0,0.0,24.84
2024-12-20 06:00:00+00:00,0.184,4.323,74.0,0.0,27.722336
2024-12-20 07:00:00+00:00,0.183,4.1730003,74.0,0.0,28.449112
2024-12-20 08:00:00+00:00,0.183,3.823,77.0,0.0,28.44
2024-12-20 09:00:00+00:00,0.183,4.023,76.0,0.0,28.442278
2024-12-20 10:00:00+00:00,0.183,5.023,70.0,0.0,29.627363
2024-12-20 11:00:00+00:00,0.182,6.323,59.0,0.0,32.305862
2024-12-20 12:00:00+00:00,0.181,7.773,51.0,0.0,31.154043
2024-12-20 13:00:00+00:00,0.179,8.773,45.0,0.0,32.52177
2024-12-20 14:00:00+00:00,0.177,9.723,41.0,0.0,33.71338
2024-12-20 15:00:00+00:00,0.175,10.473,37.0,0.0,33.77291
2024-12-20 16:00:00+00:00,0.173,10.922999,36.0,0.0,33.58628
2024-12-20 17:00:00+00:00,0.171,11.023,37.0,0.0,34.338036
2024-12-20 18:00:00+00:00,0.17,11.723,35.0,0.0,35.25979
2024-12-20 19:00:00+00:00,0.168,11.573,36.0,0.0,34.20568
2024-12-20 20:00:00+00:00,0.167,11.523,39.0,0.0,33.01418
2024-12-20 21:00:00+00:00,0.166,11.073,39.0,0.0,31.404713
2024-12-20 22:00:00+00:00,0.165,10.323,41.0,0.0,29.47826
2024-12-20 23:00:00+00:00,0.164,9.473,44.0,0.0,26.925497
2024-12-21 00:00:00+00:00,0.159,8.373,49.0,0.0,23.068108
2024-12-21 01:00:00+00:00,0.159,7.323,57.0,0.0,18.947083
2024-12-21 02:00:00+00:00,0.16,6.7229996,60.0,0.0,16.299694
2024-12-21 03:00:00+00:00,0.16,6.1730003,68.0,0.0,15.4800005
2024-12-21 04:00:00+00:00,0.161,5.773,73.0,0.0,13.849476
2024-12-21 05:00:00+00:00,0.161,5.4729996,77.0,0.0,13.358861
2024-12-21 06:00:00+00:00,0.161,5.373,79.0,0.0,14.84318
2024-12-21 07:00:00+00:00,0.162,5.323,80.0,0.0,14.759999
2024-12-21 08:00:00+00:00,0.162,5.323,81.0,0.0,13.708391
2024-12-21 09:00:00+00:00,0.162,5.573,82.0,0.0,14.05845
2024-12-21 10:00:00+00:00,0.162,6.6730003,78.0,0.0,16.946787
2024-12-21 11:00:00+00:00,0.162,7.773,73.0,0.0,20.364674
2024-12-21 12:00:00+00:00,0.162,8.523,70.0,0.0,24.144165
2024-12-21 13:00:00+00:00,0.161,10.123,61.0,0.0,26.649727
2024-12-21 14:00:00+00:00,0.159,10.773,57.0,0.0,28.820242
2024-12-21 15:00:00+00:00,0.158,11.422999,56.0,0.0,29.195534
2024-12-21 16:00:00+00:00,0.157,11.573,56.0,0.0,29.5551
2024-12-21 17:00:00+00:00,0.155,11.922999,55.0,0.0,29.627363
2024-12-21 18:00:00+00:00,0.153,12.773,54.0,0.0,29.834423
2024-12-21 19:00:00+00:00,0.152,12.873,55.0,0.0,29.301876
2024-12-21 20:00:00+00:00,0.151,12.773,56.0,0.0,28.594517
2024-12-21 21:00:00+00:00,0.151,12.373,59.0,0.0,26.987997
2024-12-21 22:00:00+00:00,0.15,11.922999,62.0,0.0,25.40743
2024-12-21 23:00:00+00:00,0.15,11.623,64.0,0.0,24.216522
2024-12-22 00:00:00+00:00,0.149,10.973,65.0,0.0,21.485697
2024-12-22 01:00:00+00:00,0.149,10.023,71.0,0.0,18.416384
2024-12-22 02:00:00+00:00,0.149,9.073,75.0,0.0,15.4800005
2024-12-22 03:00:00+00:00,0.15,8.273,79.0,0.0,12.605142
2024-12-22 04:00:00+00:00,0.15,7.273,84.0,0.0,10.446206
2024-12-22 05:00:00+00:00,0.151,6.9729996,85.0,0.0,9.3669195
2024-12-22 06:00:00+00:00,0.151,5.9230003,88.0,0.0,6.4799995
2024-12-22 07:00:00+00:00,0.152,5.623,90.0,0.0,4.32
2024-12-22 08:00:00+00:00,0.152,5.2229996,90.0,0.0,2.9024127
2024-12-22 09:00:00+00:00,0.152,5.4230003,89.0,0.0,1.1384199
2024-12-22 10:00:00+00:00,0.153,6.573,85.0,0.0,1.1384199
2024-12-22 11:00:00+00:00,0.152,8.323,76.0,0.0,2.6208394
2024-12-22 12:00:00+00:00,0.152,10.073,69.0,0.0,6.638072
2024-12-22 13:00:00+00:00,0.15,10.922999,65.0,0.0,7.5942082
2024-12-22 14:00:00+00:00,0.149,11.473,63.0,0.0,8.669949
2024-12-22 15:00:00+00:00,0.149,12.523,62.0,0.1,9.585739
2024-12-22 16:00:00+00:00,0.147,13.672999,57.0,0.0,11.4862
2024-12-22 17:00:00+00:00,0.146,14.323,54.0,0.0,13.849477
2024-12-22 18:00:00+00:00,0.144,14.873,53.0,0.1,15.683774
2024-12-22 19:00:00+00:00,0.144,14.422999,54.0,0.0,17.906157
2024-12-22 20:00:00+00:00,0.144,13.523,54.0,0.1,19.483284
2024-12-22 21:00:00+00:00,0.148,12.422999,61.0,0.2,19.486609
2024-12-22 22:00:00+00:00,0.15,11.223,68.0,0.2,15.496736
2024-12-22 23:00:00+00:00,0.181,10.373,75.0,0.6,13.044722
2024-12-23 00:00:00+00:00,0.212,9.523,82.0,0.5,11.304229
2024-12-23 01:00:00+00:00,0.236,8.873,87.0,0.6,10.028439
2024-12-23 02:00:00+00:00,0.248,8.573,90.0,0.5,9.255571
2024-12-23 03:00:00+00:00,0.253,8.273,93.0,0.4,8.669949
2024-12-23 04:00:00+00:00,0.262,8.173,94.0,0.5,6.2145634
2024-12-23 05:00:00+00:00,0.267,8.073,95.0,0.4,4.39436
2024-12-23 06:00:00+00:00,0.269,8.123,97.0,0.2,1.8
2024-12-23 07:00:00+00:00,0.271,8.073,98.0,0.3,2.2768397
2024-12-23 08:00:00+00:00,0.272,8.023,98.0,0.3,3.9763298
2024-12-23 09:00:00+00:00,0.269,8.273,97.0,0.1,6.489992
2024-12-23 10:00:00+00:00,0.265,9.273,93.0,0.0,10.446206
2024-12-23 11:00:00+00:00,0.263,11.123,78.0,0.0,20.06334
2024-12-23 12:00:00+00:00,0.251,11.823,66.0,0.0,24.884306
2024-12-23 13:00:00+00:00,0.242,12.973,59.0,0.0,25.862436
2024-12-23 14:00:00+00:00,0.234,13.723,53.0,0.0,27.66384
2024-12-23 15:00:00+00:00,0.227,14.073,50.0,0.0,29.522196
2024-12-23 16:00:00+00:00,0.22,14.422999,46.0,0.0,31.104082
2024-12-23 17:00:00+00:00,0.214,14.573,46.0,0.0,31.205997
2024-12-23 18:00:00+00:00,0.21,15.473,43.0,0.0,29.940662
2024-12-23 19:00:00+00:00,0.206,15.373,42.0,0.0,29.250967
2024-12-23 20:00:00+00:00,0.203,15.223,44.0,0.0,27.466372
2024-12-23 21:00:00+00:00,0.201,14.373,48.0,0.0,26.727423
2024-12-23 22:00:00+00:00,0.2,13.773,52.0,0.0,26.28
2024-12-23 23:00:00+00:00,0.199,12.873,56.0,0.0,23.469128
2024-12-24 00:00:00+00:00,0.198,12.473,60.0,0.0,22.314192
2024-12-24 01:00:00+00:00,0.198,11.523,66.0,0.0,19.469975
2024-12-24 02:00:00+00:00,0.198,11.023,69.0,0.0,17.873556
2024-12-24 03:00:00+00:00,0.198,10.773,74.0,0.0,19.386593
2024-12-24 04:00:00+00:00,0.198,10.273,77.0,0.0,21.734581
2024-12-24 05:00:00+00:00,0.198,10.023,79.0,0.0,24.95452
2024-12-24 06:00:00+00:00,0.198,10.523,73.0,0.1,27.698954
2024-12-24 07:00:00+00:00,0.197,10.323,76.0,0.0,27.055143
2024-12-24 08:00:00+00:00,0.197,10.223,78.0,0.0,26.405453
2024-12-24 09:00:00+00:00,0.197,10.273,78.0,0.0,25.161398
2024-12-24 10:00:00+00:00,0.199,10.623,80.0,0.1,26.554728
2024-12-24 11:00:00+00:00,0.205,11.373,76.0,0.1,29.723444
2024-12-24 12:00:00+00:00,0.202,12.672999,68.0,0.1,27.193705
2024-12-24 13:00:00+00:00,0.2,13.422999,63.0,0.0,28.910038
2024-12-24 14:00:00+00:00,0.197,13.873,58.0,0.0,29.179993
2024-12-24 15:00:00+00:00,0.195,14.373,55.0,0.0,28.820242
2024-12-24 16:00:00+00:00,0.193,14.723,55.0,0.0,27.722336
2024-12-24 17:00:00+00:00,0.191,15.023,54.0,0.0,27.381308
2024-12-24 18:00:00+00:00,0.189,16.073,50.0,0.0,29.627363
2024-12-24 19:00:00+00:00,0.188,16.123001,49.0,0.0,28.910038
2024-12-24 20:00:00+00:00,0.186,15.922999,50.0,0.0,27.77838
2024-12-24 21:00:00+00:00,0.185,15.422999,53.0,0.0,26.282465
2024-12-24 22:00:00+00:00,0.184,14.873,58.0,0.0,22.104116
2024-12-24 23:00:00+00:00,0.184,14.073,63.0,0.0,21.218632
2024-12-25 00:00:00+00:00,0.183,13.773,69.0,0.0,22.206486
2024-12-25 01:00:00+00:00,0.183,13.172999,73.0,0.0,19.813087
2024-12-25 02:00:00+00:00,0.183,12.973,77.0,0.0,20.608229
2024-12-25 03:00:00+00:00,0.183,12.573,80.0,0.1,21.603
2024-12-25 04:00:00+00:00,0.184,12.273,80.0,0.1,21.42227
2024-12-25 05:00:00+00:00,0.185,11.973,82.0,0.1,19.33639
2024-12-25 06:00:00+00:00,0.183,12.023,79.0,0.0,20.833395
2024-12-25 07:00:00+00:00,0.183,11.773,79.0,0.0,20.192118
2024-12-25 08:00:00+00:00,0.183,11.373,82.0,0.1,17.771753
2024-12-25 09:00:00+00:00,0.19,10.823,86.0,0.1,14.973576
2024-12-25 10:00:00+00:00,0.188,11.373,84.0,0.0,14.512064
2024-12-25 11:00:00+00:00,0.187,12.773,78.0,0.0,16.267857
2024-12-25 12:00:00+00:00,0.183,15.223,65.0,0.0,17.114204
2024-12-25 13:00:00+00:00,0.181,16.573,56.0,0.0,20.61766
2024-12-25 14:00:00+00:00,0.179,17.923,51.0,0.0,22.057161
2024-12-25 15:00:00+00:00,0.176,18.673,48.0,0.0,25.284714
2024-12-25 16:00:00+00:00,0.173,19.173,45.0,0.0,27.475807
2024-12-25 17:00:00+00:00,0.171,19.573,41.0,0.0,30.45566
2024-12-25 18:00:00+00:00,0.168,20.273,39.0,0.0,30.911821
2024-12-25 19:00:00+00:00,0.166,19.873001,40.0,0.0,30.430117
2024-12-25 20:00:00+00:00,0.164,19.723001,41.0,0.0,30.75209
2024-12-25 21:00:00+00:00,0.163,18.873001,44.0,0.0,28.820242
2024-12-25 22:00:00+00:00,0.162,17.273,51.0,0.0,27.44749
2024-12-25 23:00:00+00:00,0.163,15.273,64.0,0.0,23.565567
2024-12-26 00:00:00+00:00,0.163,15.422999,60.0,0.0,20.65848
2024-12-26 01:00:00+00:00,0.163,14.723,63.0,0.0,21.325253
2024-12-26 02:00:00+00:00,0.163,13.473,73.0,0.1,20.393293
2024-12-26 03:00:00+00:00,0.175,12.373,83.0,0.4,16.595179
2024-12-26 04:00:00+00:00,0.214,11.773,87.0,0.6,14.707222
2024-12-26 05:00:00+00:00,0.237,11.523,89.0,0.5,13.37825
2024-12-26 06:00:00+00:00,0.245,11.523,89.0,0.5,10.966713
2024-12-26 07:00:00+00:00,0.268,11.323,90.0,0.7,9.693296
2024-12-26 08:00:00+00:00,0.298,11.223,92.0,1.1,7.628263
2024-12-26 09:00:00+00:00,0.326,11.273,93.0,1.4,7.072878
2024-12-26 10:00:00+00:00,0.325,11.523,93.0,1.0,6.830519
2024-12-26 11:00:00+00:00,0.311,12.172999,90.0,0.3,8.766573
2024-12-26 12:00:00+00:00,0.298,13.323,85.0,0.0,15.281989
2024-12-26 13:00:00+00:00,0.286,14.223,78.0,0.0,18.64369
2024-12-26 14:00:00+00:00,0.278,15.273,71.0,0.1,21.322214
2024-12-26 15:00:00+00:00,0.269,16.623001,63.0,0.0,22.881956
2024-12-26 16:00:00+00:00,0.268,17.123001,58.0,0.1,24.48
2024-12-26 17:00:00+00:00,0.262,17.273,46.0,0.0,24.648829
2024-12-26 18:00:00+00:00,0.25,16.773,45.0,0.0,30.147717
2024-12-26 19:00:00+00:00,0.246,15.473,44.0,0.0,31.006012
2024-12-26 20:00:00+00:00,0.243,14.523,41.0,0.0,30.659237
2024-12-26 21:00:00+00:00,0.239,13.523,38.0,0.0,31.193535
2024-12-26 22:00:00+00:00,0.237,13.023,41.0,0.0,28.745949
2024-12-26 23:00:00+00:00,0.235,12.323,43.0,0.0,25.40743
2024-12-27 00:00:00+00:00,0.232,11.672999,50.0,0.0,22.89611
2024-12-27 01:00:00+00:00,0.231,10.323,58.0,0.0,18.888851
2024-12-27 02:00:00+00:00,0.231,9.373,64.0,0.0,17.283749
2024-12-27 03:00:00+00:00,0.23,8.573,72.0,0.0,22.3229
2024-12-27 04:00:00+00:00,0.23,7.823,73.0,0.0,25.929996
2024-12-27 05:00:00+00:00,0.229,7.2229996,68.0,0.0,25.199999
2024-12-27 06:00:00+00:00,0.228,6.623,71.0,0.0,22.691425
2024-12-27 07:00:00+00:00,0.227,6.4230003,74.0,0.0,19.881649
2024-12-27 08:00:00+00:00,0.227,6.123,77.0,0.0,17.935081
2024-12-27 09:00:00+00:00,0.226,6.1730003,79.0,0.0,17.298738
2024-12-27 10:00:00+00:00,0.225,7.273,74.0,0.0,20.06334
2024-12-27 11:00:00+00:00,0.223,8.723,64.0,0.0,24.84
2024-12-27 12:00:00+00:00,0.221,10.172999,56.0,0.0,22.7057
2024-12-27 13:00:00+00:00,0.219,10.922999,51.0,0.0,23.78453
2024-12-27 14:00:00+00:00,0.217,10.973,53.0,0.0,24.717085
2024-12-27 15:00:00+00:00,0.215,11.223,58.0,0.1,25.620771
2024-12-27 16:00:00+00:00,0.213,12.823,52.0,0.0,26.576681
2024-12-27 17:00:00+00:00,0.21,13.373,49.0,0.0,28.82249
2024-12-27 18:00:00+00:00,0.209,13.973,50.0,0.0,34.79917
2024-12-27 19:00:00+00:00,0.208,14.023,52.0,0.0,34.171566
2024-12-27 20:00:00+00:00,0.206,13.823,55.0,0.0,32.688713
2024-12-27 21:00:00+00:00,0.205,13.323,58.0,0.0,29.68636
2024-12-27 22:00:00+00:00,0.205,13.273,59.0,0.0,28.71437
2024-12-27 23:00:00+00:00,0.204,12.973,59.0,0.0,27.908709
2024-12-28 00:00:00+00:00,0.198,12.573,58.0,0.0,28.766228
2024-12-28 01:00:00+00:00,0.198,11.623,64.0,0.0,26.983194
2024-12-28 02:00:00+00:00,0.198,10.873,70.0,0.0,24.627787
2024-12-28 03:00:00+00:00,0.198,10.323,73.0,0.0,22.450264
2024-12-28 04:00:00+00:00,0.198,10.073,73.0,0.0,20.620806
2024-12-28 05:00:00+00:00,0.198,9.523,76.0,0.0,18.0
2024-12-28 06:00:00+00:00,0.198,8.422999,80.0,0.0,14.241629
2024-12-28 07:00:00+00:00,0.198,7.773,84.0,0.0,13.049689
2024-12-28 08:00:00+00:00,0.198,7.373,86.0,0.0,13.049689
2024-12-28 09:00:00+00:00,0.198,7.623,85.0,0.0,12.904882
2024-12-28 10:00:00+00:00,0.197,9.172999,77.0,0.0,15.844089
2024-12-28 11:00:00+00:00,0.197,10.823,70.0,0.0,19.137648
2024-12-28 12:00:00+00:00,0.196,12.422999,63.0,0.0,21.188072
2024-12-28 13:00:00+00:00,0.194,13.723,59.0,0.0,22.033648
2024-12-28 14:00:00+00:00,0.192,14.922999,56.0,0.0,22.691425
2024-12-28 15:00:00+00:00,0.19,15.873,53.0,0.0,23.266697
2024-12-28 16:00:00+00:00,0.187,16.123001,52.0,0.0,22.45315
2024-12-28 17:00:00+00:00,0.185,17.373001,47.0,0.0,21.322214
2024-12-28 18:00:00+00:00,0.182,18.873001,40.0,0.0,23.051247
2024-12-28 19:00:00+00:00,0.179,18.923,41.0,0.0,22.702845
2024-12-28 20:00:00+00:00,0.177,18.723001,42.0,0.0,21.129883
2024-12-28 21:00:00+00:00,0.175,18.273,44.0,0.0,19.64558
2024-12-28 22:00:00+00:00,0.174,17.723001,46.0,0.0,18.430452
2024-12-28 23:00:00+00:00,0.173,16.923,49.0,0.0,16.808569
2024-12-29 00:00:00+00:00,0.17,16.073,49.0,0.0,14.759999
2024-12-29 01:00:00+00:00,0.17,14.273,55.0,0.0,10.041354
2024-12-29 02:00:00+00:00,0.17,12.422999,64.0,0.0,7.072878
2024-12-29 03:00:00+00:00,0.171,11.172999,70.0,0.0,4.68
2024-12-29 04:00:00+00:00,0.172,10.123,76.0,0.0,4.3349743
2024-12-29 05:00:00+00:00,0.172,9.223,80.0,0.0,4.39436
2024-12-29 06:00:00+00:00,0.173,8.623,82.0,0.0,2.1897945
2024-12-29 07:00:00+00:00,0.173,8.422999,82.0,0.0,2.0991426
2024-12-29 08:00:00+00:00,0.174,8.123,83.0,0.0,1.2979984
2024-12-29 09:00:00+00:00,0.174,7.873,85.0,0.0,2.0364676
2024-12-29 10:00:00+00:00,0.174,9.172999,83.0,0.0,1.8
2024-12-29 11:00:00+00:00,0.174,11.823,71.0,0.0,0.5091169
2024-12-29 12:00:00+00:00,0.172,13.823,57.0,0.0,6.4799995
2024-12-29 13:00:00+00:00,0.17,16.173,49.0,0.0,5.95906
2024-12-29 14:00:00+00:00,0.167,18.223001,42.0,0.0,8.78872
2024-12-29 15:00:00+00:00,0.164,19.673,38.0,0.0,14.512064
2024-12-29 16:00:00+00:00,0.16,20.223001,37.0,0.0,18.075441
2024-12-29 17:00:00+00:00,0.157,19.923,38.0,0.0,19.35314
2024-12-29 18:00:00+00:00,0.153,20.023,46.0,0.0,19.09358
2024-12-29 19:00:00+00:00,0.151,20.373001,47.0,0.0,18.723461
2024-12-29 20:00:00+00:00,0.149,19.873001,49.0,0.0,20.380579
2024-12-29 21:00:00+00:00,0.148,18.223001,59.0,0.0,20.390114
2024-12-29 22:00:00+00:00,0.147,16.123001,67.0,0.0,20.390114
2024-12-29 23:00:00+00:00,0.147,14.073,77.0,0.0,18.79255
2024-12-30 00:00:00+00:00,0.156,12.073,86.0,0.0,13.37825
2024-12-30 01:00:00+00:00,0.157,11.573,88.0,0.0,11.252519
2024-12-30 02:00:00+00:00,0.158,11.422999,88.0,0.0,11.928989
2024-12-30 03:00:00+00:00,0.159,11.123,89.0,0.0,11.570515
2024-12-30 04:00:00+00:00,0.159,10.873,90.0,0.0,12.9249525
2024-12-30 05:00:00+00:00,0.16,10.773,91.0,0.0,10.739833
2024-12-30 06:00:00+00:00,0.171,10.823,93.0,0.2,15.1884165
2024-12-30 07:00:00+00:00,0.187,10.723,94.0,0.2,16.09969
2024-12-30 08:00:00+00:00,0.305,10.723,94.0,2.1,16.965895
2024-12-30 09:00:00+00:00,0.341,10.672999,94.0,2.4,18.448023
2024-12-30 10:00:00+00:00,0.357,10.672999,93.0,2.3,17.64
2024-12-30 11:00:00+00:00,0.342,10.723,92.0,2.3,15.844089
2024-12-30 12:00:00+00:00,0.339,10.773,93.0,1.7,16.1198
2024-12-30 13:00:00+00:00,0.335,10.922999,92.0,0.9,19.855558
2024-12-30 14:00:00+00:00,0.322,10.973,93.0,0.6,19.64228
2024-12-30 15:00:00+00:00,0.306,11.223,91.0,0.0,19.164717
2024-12-30 16:00:00+00:00,0.298,11.573,89.0,0.0,17.727943
2024-12-30 17:00:00+00:00,0.292,12.172999,86.0,0.0,17.713316
2024-12-30 18:00:00+00:00,0.286,12.373,87.0,0.0,18.971008
2024-12-30 19:00:00+00:00,0.282,12.672999,85.0,0.0,20.073025
2024-12-30 20:00:00+00:00,0.279,12.323,86.0,0.0,19.08
2024-12-30 21:00:00+00:00,0.276,12.422999,86.0,0.0,19.376562
2024-12-30 22:00:00+00:00,0.273,12.172999,87.0,0.0,17.10284
2024-12-30 23:00:00+00:00,0.271,12.073,88.0,0.0,15.0038395
2024-12-31 00:00:00+00:00,0.271,12.023,88.0,0.0,14.693999
2024-12-31 01:00:00+00:00,0.269,11.922999,89.0,0.0,12.7279215
2024-12-31 02:00:00+00:00,0.267,11.773,89.0,0.0,12.904882
2024-12-31 03:00:00+00:00,0.265,11.672999,90.0,0.0,13.684735
2024-12-31 04:00:00+00:00,0.263,11.573,90.0,0.0,13.18308
2024-12-31 05:00:00+00:00,0.262,11.623,90.0,0.0,10.703569
2024-12-31 06:00:00+00:00,0.262,11.422999,92.0,0.2,10.514218
2024-12-31 07:00:00+00:00,0.265,11.323,92.0,0.3,9.0
2024-12-31 08:00:00+00:00,0.27,11.172999,92.0,0.2,7.7879906
2024-12-31 09:00:00+00:00,0.269,11.223,90.0,0.1,6.489992
2024-12-31 10:00:00+00:00,0.27,11.373,89.0,0.1,5.937272
2024-12-31 11:00:00+00:00,0.274,11.523,89.0,0.3,5.634891
2024-12-31 12:00:00+00:00,0.283,11.573,93.0,0.1,6.989936
2024-12-31 13:00:00+00:00,0.281,11.773,93.0,0.1,6.8777895
2024-12-31 14:00:00+00:00,0.277,11.973,91.0,0.0,6.638072
2024-12-31 15:00:00+00:00,0.28,12.273,90.0,0.3,7.2
2024-12-31 16:00:00+00:00,0.282,12.823,90.0,0.2,5.6233797
2024-12-31 17:00:00+00:00,0.277,13.823,85.0,0.0,6.9153743
2024-12-31 18:00:00+00:00,0.264,14.723,80.0,0.0,9.659814
2024-12-31 19:00:00+00:00,0.26,15.422999,75.0,0.0,10.685391
2024-12-31 20:00:00+00:00,0.258,15.523,75.0,0.0,9.904906
2024-12-31 21:00:00+00:00,0.256,15.023,78.0,0.0,11.212135
2024-12-31 22:00:00+00:00,0.255,14.172999,84.0,0.0,10.636766
2024-12-31 23:00:00+00:00,0.253,13.672999,86.0,0.0,7.5942082
2025-01-01 00:00:00+00:00,0.258,13.672999,85.0,0.0,5.904439
2025-01-01 01:00:00+00:00,0.258,13.273,88.0,0.0,3.4152596
2025-01-01 02:00:00+00:00,0.257,12.973,89.0,0.0,2.5455842
2025-01-01 03:00:00+00:00,0.256,12.873,91.0,0.0,2.0364676
2025-01-01 04:00:00+00:00,0.255,12.773,91.0,0.0,1.5273507
2025-01-01 05:00:00+00:00,0.255,12.723,92.0,0.0,2.1897945
2025-01-01 06:00:00+00:00,0.254,12.523,94.0,0.0,1.4399999
2025-01-01 07:00:00+00:00,0.254,12.473,94.0,0.0,1.484318
2025-01-01 08:00:00+00:00,0.253,12.422999,93.0,0.0,2.16
2025-01-01 09:00:00+00:00,0.252,12.223,92.0,0.0,3.2599385
2025-01-01 10:00:00+00:00,0.251,12.323,88.0,0.0,5.2416787
2025-01-01 11:00:00+00:00,0.25,12.623,82.0,0.0,6.28713
2025-01-01 12:00:00+00:00,0.248,13.523,82.0,0.0,6.0347
2025-01-01 13:00:00+00:00,0.246,14.422999,78.0,0.0,7.5685663
2025-01-01 14:00:00+00:00,0.243,16.173,70.0,0.0,9.085988
2025-01-01 15:00:00+00:00,0.239,17.573,64.0,0.0,9.387651
2025-01-01 16:00:00+00:00,0.235,18.623001,60.0,0.0,13.584932
2025-01-01 17:00:00+00:00,0.23,19.723001,55.0,0.0,14.8257065
2025-01-01 18:00:00+00:00,0.227,21.323,44.0,0.0,15.629971
2025-01-01 19:00:00+00:00,0.223,21.573,35.0,0.0,17.414474
2025-01-01 20:00:00+00:00,0.219,21.473001,28.0,0.0,18.35647
2025-01-01 21:00:00+00:00,0.216,20.273,32.0,0.0,20.188908
2025-01-01 22:00:00+00:00,0.215,18.473001,37.0,0.0,19.469975
2025-01-01 23:00:00+00:00,0.215,16.523,40.0,0.0,20.523157
2025-01-02 00:00:00+00:00,0.193,15.823,44.0,0.1,17.447933
2025-01-02 01:00:00+00:00,0.193,14.323,50.0,0.0,16.92383
2025-01-02 02:00:00+00:00,0.194,12.773,61.0,0.1,18.671474
2025-01-02 03:00:00+00:00,0.217,11.023,81.0,0.6,17.76081
2025-01-02 04:00:00+00:00,0.225,10.672999,84.0,0.1,16.179985
2025-01-02 05:00:00+00:00,0.22,10.723,83.0,0.0,15.175612
2025-01-02 06:00:00+00:00,0.213,10.573,87.0,0.1,13.37825
2025-01-02 07:00:00+00:00,0.234,10.473,89.0,0.5,11.923557
2025-01-02 08:00:00+00:00,0.236,10.573,89.0,0.0,11.91812
2025-01-02 09:00:00+00:00,0.231,10.773,89.0,0.0,11.298495
2025-01-02 10:00:00+00:00,0.228,11.323,86.0,0.0,13.570615
2025-01-02 11:00:00+00:00,0.228,12.223,82.0,0.0,19.469976
2025-01-02 12:00:00+00:00,0.221,12.223,65.0,0.0,26.459389
2025-01-02 13:00:00+00:00,0.214,12.323,50.0,0.0,26.932714
2025-01-02 14:00:00+00:00,0.207,13.422999,46.0,0.0,32.136932
2025-01-02 15:00:00+00:00,0.2,14.323,41.0,0.0,31.688177
2025-01-02 16:00:00+00:00,0.194,14.422999,43.0,0.0,29.830078
2025-01-02 17:00:00+00:00,0.187,14.573,41.0,0.0,28.241077
2025-01-02 18:00:00+00:00,0.183,14.723,39.0,0.0,28.829233
2025-01-02 19:00:00+00:00,0.179,14.422999,40.0,0.0,27.067116
2025-01-02 20:00:00+00:00,0.177,14.223,40.0,0.0,24.798225
2025-01-02 21:00:00+00:00,0.175,13.823,42.0,0.0,22.81957
2025-01-02 22:00:00+00:00,0.173,13.323,43.0,0.0,20.907913
2025-01-02 23:00:00+00:00,0.173,12.623,47.0,0.0,21.841648
2025-01-03 00:00:00+00:00,0.172,12.373,50.0,0.0,22.42427
2025-01-03 01:00:00+00:00,0.172,11.123,59.0,0.0,20.192118
2025-01-03 02:00:00+00:00,0.173,10.073,67.0,0.0,18.448023
2025-01-03 03:00:00+00:00,0.175,9.373,71.0,0.0,17.25373
2025-01-03 04:00:00+00:00,0.176,9.422999,70.0,0.0,17.551615
2025-01-03 05:00:00+00:00,0.177,9.473,70.0,0.0,21.2522
2025-01-03 06:00:00+00:00,0.177,9.623,70.0,0.0,23.023117
2025-01-03 07:00:00+00:00,0.178,9.323,71.0,0.0,23.507753
2025-01-03 08:00:00+00:00,0.178,9.073,71.0,0.0,23.675304
2025-01-03 09:00:00+00:00,0.178,8.922999,73.0,0.0,25.284714
2025-01-03 10:00:00+00:00,0.179,9.422999,73.0,0.0,27.691935
2025-01-03 11:00:00+00:00,0.179,9.922999,72.0,0.0,30.631746
2025-01-03 12:00:00+00:00,0.181,10.623,71.0,0.1,28.387545
2025-01-03 13:00:00+00:00,0.216,11.422999,67.0,0.4,28.66694
2025-01-03 14:00:00+00:00,0.22,12.123,60.0,0.2,30.676142
2025-01-03 15:00:00+00:00,0.209,13.273,51.0,0.0,33.805515
2025-01-03 16:00:00+00:00,0.202,13.723,48.0,0.0,34.213257
2025-01-03 17:00:00+00:00,0.197,13.773,45.0,0.0,33.893574
2025-01-03 18:00:00+00:00,0.189,14.273,40.0,0.0,34.838253
2025-01-03 19:00:00+00:00,0.186,14.323,38.0,0.0,33.82659
2025-01-03 20:00:00+00:00,0.183,14.073,40.0,0.0,31.205997
2025-01-03 21:00:00+00:00,0.182,13.623,42.0,0.0,28.385262
2025-01-03 22:00:00+00:00,0.18,12.973,44.0,0.0,25.417631
2025-01-03 23:00:00+00:00,0.18,12.023,45.0,0.0,22.702845
2025-01-04 00:00:00+00:00,0.171,10.873,47.0,0.0,22.253124
2025-01-04 01:00:00+00:00,0.171,9.373,55.0,0.0,18.03237
2025-01-04 02:00:00+00:00,0.171,8.422999,61.0,0.0,16.199999
2025-01-04 03:00:00+00:00,0.171,7.9230003,61.0,0.0,12.979984
2025-01-04 04:00:00+00:00,0.171,7.623,64.0,0.0,9.72
2025-01-04 05:00:00+00:00,0.172,7.4729996,66.0,0.0,9.107359
2025-01-04 06:00:00+00:00,0.172,7.4230003,66.0,0.0,7.7879906
2025-01-04 07:00:00+00:00,0.172,7.323,71.0,0.1,8.714677
2025-01-04 08:00:00+00:00,0.173,6.9230003,78.0,0.1,10.97262
2025-01-04 09:00:00+00:00,0.173,6.873,81.0,0.0,11.019764
2025-01-04 10:00:00+00:00,0.173,8.173,75.0,0.0,13.684735
2025-01-04 11:00:00+00:00,0.173,10.123,69.0,0.0,17.84816
2025-01-04 12:00:00+00:00,0.172,11.323,60.0,0.0,24.20314
2025-01-04 13:00:00+00:00,0.171,12.373,56.0,0.0,25.6233
2025-01-04 14:00:00+00:00,0.17,12.723,54.0,0.0,25.744402
2025-01-04 15:00:00+00:00,0.168,13.573,50.0,0.0,26.525429
2025-01-04 16:00:00+00:00,0.167,14.273,48.0,0.0,27.210379
2025-01-04 17:00:00+00:00,0.165,14.323,49.0,0.0,26.807312
2025-01-04 18:00:00+00:00,0.164,15.573,44.0,0.0,24.448214
2025-01-04 19:00:00+00:00,0.162,15.773,44.0,0.0,23.241617
2025-01-04 20:00:00+00:00,0.161,15.373,46.0,0.0,22.206486
2025-01-04 21:00:00+00:00,0.16,15.373,48.0,0.0,22.206486
2025-01-04 22:00:00+00:00,0.159,14.773,50.0,0.0,21.749481
2025-01-04 23:00:00+00:00,0.159,14.123,52.0,0.0,21.288757
2025-01-05 00:00:00+00:00,0.158,13.172999,53.0,0.0,23.828083
2025-01-05 01:00:00+00:00,0.158,11.422999,60.0,0.0,22.3229
2025-01-05 02:00:00+00:00,0.158,10.473,66.0,0.0,23.219301
2025-01-05 03:00:00+00:00,0.159,9.873,71.0,0.0,20.478907
2025-01-05 04:00:00+00:00,0.159,9.422999,72.0,0.0,18.998314
2025-01-05 05:00:00+00:00,0.159,9.023,72.0,0.0,18.228943
2025-01-05 06:00:00+00:00,0.16,7.873,80.0,0.0,10.587917
2025-01-05 07:00:00+00:00,0.16,7.523,81.0,0.0,8.287822
2025-01-05 08:00:00+00:00,0.161,7.9230003,84.0,0.0,8.161764
2025-01-05 09:00:00+00:00,0.162,8.473,85.0,0.2,10.009036
2025-01-05 10:00:00+00:00,0.162,9.373,77.0,0.0,14.007655
2025-01-05 11:00:00+00:00,0.163,10.973,67.0,0.0,21.603
2025-01-05 12:00:00+00:00,0.161,13.323,58.0,0.0,27.212759
2025-01-05 13:00:00+00:00,0.16,14.623,51.0,0.0,30.75209
2025-01-05 14:00:00+00:00,0.158,15.023,49.0,0.0,30.007679
2025-01-05 15:00:00+00:00,0.157,15.973,47.0,0.0,30.871965
2025-01-05 16:00:00+00:00,0.156,15.873,49.0,0.0,29.947153
2025-01-05 17:00:00+00:00,0.155,15.422999,52.0,0.0,29.949316
2025-01-05 18:00:00+00:00,0.154,16.023,51.0,0.0,31.89608
2025-01-05 19:00:00+00:00,0.153,16.523,52.0,0.0,34.619946
2025-01-05 20:00:00+00:00,0.152,15.523,56.0,0.0,32.90999
2025-01-05 21:00:00+00:00,0.152,14.123,64.0,0.1,28.146843
2025-01-05 22:00:00+00:00,0.156,13.823,67.0,0.1,25.872454
2025-01-05 23:00:00+00:00,0.158,13.273,69.0,0.1,23.469128
2025-01-06 00:00:00+00:00,0.156,14.023,64.0,0.0,22.505037
2025-01-06 01:00:00+00:00,0.156,12.623,67.0,0.0,22.35481
2025-01-06 02:00:00+00:00,0.155,10.873,65.0,0.0,19.011953
2025-01-06 03:00:00+00:00,0.156,9.523,72.0,0.0,14.561099
2025-01-06 04:00:00+00:00,0.156,8.523,83.0,0.1,13.32
2025-01-06 05:00:00+00:00,0.156,7.9230003,85.0,0.0,13.679999
2025-01-06 06:00:00+00:00,0.156,7.623,80.0,0.0,12.324414
2025-01-06 07:00:00+00:00,0.156,6.9230003,81.0,0.0,11.525623
2025-01-06 08:00:00+00:00,0.156,6.9230003,78.0,0.0,11.542478
2025-01-06 09:00:00+00:00,0.157,6.9230003,79.0,0.0,11.570515
2025-01-06 10:00:00+00:00,0.157,7.873,73.0,0.0,13.363711
2025-01-06 11:00:00+00:00,0.156,9.273,63.0,0.0,16.203999
2025-01-06 12:00:00+00:00,0.156,10.573,54.0,0.0,20.06334
2025-01-06 13:00:00+00:00,0.155,11.723,46.0,0.0,19.70815
2025-01-06 14:00:00+00:00,0.154,12.873,40.0,0.0,20.721119
2025-01-06 15:00:00+00:00,0.152,13.672999,37.0,0.0,20.833395
2025-01-06 16:00:00+00:00,0.15,14.672999,33.0,0.0,22.963936
2025-01-06 17:00:00+00:00,0.148,15.373,30.0,0.0,23.219301
2025-01-06 18:00:00+00:00,0.146,15.723,28.0,0.0,23.535301
2025-01-06 19:00:00+00:00,0.144,16.023,28.0,0.0,22.461807
2025-01-06 20:00:00+00:00,0.142,16.123001,28.0,0.0,23.0653
2025-01-06 21:00:00+00:00,0.14,15.973,29.0,0.0,22.691425
2025-01-06 22:00:00+00:00,0.139,15.523,31.0,0.0,21.96295
2025-01-06 23:00:00+00:00,0.138,14.873,32.0,0.0,20.519999
2025-01-07 00:00:00+00:00,0.137,13.672999,37.0,0.0,18.775301
2025-01-07 01:00:00+00:00,0.137,11.873,46.0,0.0,15.273505
2025-01-07 02:00:00+00:00,0.137,10.273,55.0,0.0,12.6462
2025-01-07 03:00:00+00:00,0.137,8.922999,61.0,0.0,10.538843
2025-01-07 04:00:00+00:00,0.138,7.823,64.0,0.0,9.6932955
2025-01-07 05:00:00+00:00,0.138,7.023,67.0,0.0,8.557102
2025-01-07 06:00:00+00:00,0.139,5.623,79.0,0.0,5.904439
2025-01-07 07:00:00+00:00,0.139,5.373,79.0,0.0,5.3517847
2025-01-07 08:00:00+00:00,0.14,5.073,80.0,0.0,4.8433046
2025-01-07 09:00:00+00:00,0.14,5.023,81.0,0.0,4.1046314
2025-01-07 10:00:00+00:00,0.141,7.023,76.0,0.0,5.3999996
2025-01-07 11:00:00+00:00,0.14,9.672999,68.0,0.0,12.313894
2025-01-07 12:00:00+00:00,0.14,11.773,54.0,0.0,20.056877
2025-01-07 13:00:00+00:00,0.138,13.172999,46.0,0.0,22.79684
2025-01-07 14:00:00+00:00,0.136,14.623,41.0,0.0,25.0064
2025-01-07 15:00:00+00:00,0.134,15.373,35.0,0.0,28.512817
2025-01-07 16:00:00+00:00,0.132,15.973,35.0,0.0,27.532352
2025-01-07 17:00:00+00:00,0.13,16.723001,33.0,0.0,26.242987
2025-01-07 18:00:00+00:00,0.129,17.723001,31.0,0.0,26.141552
2025-01-07 19:00:00+00:00,0.126,18.223001,30.0,0.0,25.277023
2025-01-07 20:00:00+00:00,0.125,18.173,30.0,0.0,24.482647
2025-01-07 21:00:00+00:00,0.123,17.823,31.0,0.0,24.098497
2025-01-07 22:00:00+00:00,0.122,17.073,35.0,0.0,21.67487
2025-01-07 23:00:00+00:00,0.121,16.223,38.0,0.0,17.114204
2025-01-08 00:00:00+00:00,0.122,16.123001,37.0,0.0,12.313893
2025-01-08 01:00:00+00:00,0.122,13.973,44.0,0.0,6.297428
2025-01-08 02:00:00+00:00,0.122,12.172999,52.0,0.0,4.0249224
2025-01-08 03:00:00+00:00,0.122,10.922999,58.0,0.0,5.0142193
2025-01-08 04:00:00+00:00,0.123,10.273,63.0,0.0,4.6102495
2025-01-08 05:00:00+00:00,0.123,10.023,66.0,0.0,2.5455842
2025-01-08 06:00:00+00:00,0.124,8.623,74.0,0.0,1.9386592
2025-01-08 07:00:00+00:00,0.124,8.073,76.0,0.0,2.968636
2025-01-08 08:00:00+00:00,0.125,7.1730003,79.0,0.0,3.9763298
2025-01-08 09:00:00+00:00,0.125,6.7229996,83.0,0.0,4.452954
2025-01-08 10:00:00+00:00,0.125,8.373,91.0,0.0,7.69592
2025-01-08 11:00:00+00:00,0.126,10.172999,87.0,0.0,10.1376915
2025-01-08 12:00:00+00:00,0.125,12.973,68.0,0.0,9.178235
2025-01-08 13:00:00+00:00,0.124,15.073,57.0,0.0,7.928177
2025-01-08 14:00:00+00:00,0.123,16.073,48.0,0.0,7.7879906
2025-01-08 15:00:00+00:00,0.123,15.172999,51.0,0.1,13.084402
2025-01-08 16:00:00+00:00,0.123,15.223,54.0,0.2,8.0899935
2025-01-08 17:00:00+00:00,0.156,13.922999,60.0,0.7,18.947083
2025-01-08 18:00:00+00:00,0.226,13.172999,74.0,0.2,20.240198
2025-01-08 19:00:00+00:00,0.23,13.073,66.0,0.4,23.933908
2025-01-08 20:00:00+00:00,0.235,13.073,64.0,0.3,27.153164
2025-01-08 21:00:00+00:00,0.241,12.273,61.0,0.3,32.809414
2025-01-08 22:00:00+00:00,0.226,11.023,57.0,0.0,34.92
2025-01-08 23:00:00+00:00,0.218,10.172999,58.0,0.0,40.155735
2025-01-09 00:00:00+00:00,0.212,9.223,60.0,0.0,42.10769
2025-01-09 01:00:00+00:00,0.207,8.123,62.0,0.0,38.540184
2025-01-09 02:00:00+00:00,0.204,7.373,61.0,0.0,35.09769
2025-01-09 03:00:00+00:00,0.201,6.9230003,62.0,0.0,32.789658
2025-01-09 04:00:00+00:00,0.199,6.573,66.0,0.0,30.293522
2025-01-09 05:00:00+00:00,0.197,6.273,69.0,0.0,29.528778
2025-01-09 06:00:00+00:00,0.194,5.873,72.0,0.0,29.16889
2025-01-09 07:00:00+00:00,0.192,5.7229996,70.0,0.0,28.08923
2025-01-09 08:00:00+00:00,0.19,5.7229996,68.0,0.0,27.908709
2025-01-09 09:00:00+00:00,0.189,5.873,59.0,0.0,27.698952
2025-01-09 10:00:00+00:00,0.187,6.573,57.0,0.0,28.001427
2025-01-09 11:00:00+00:00,0.184,7.873,52.0,0.0,28.948118
2025-01-09 12:00:00+00:00,0.18,9.273,47.0,0.0,30.5173
2025-01-09 13:00:00+00:00,0.176,10.373,48.0,0.0,30.0767
2025-01-09 14:00:00+00:00,0.172,11.172999,45.0,0.0,30.78368
2025-01-09 15:00:00+00:00,0.167,11.823,44.0,0.0,33.626774
2025-01-09 16:00:00+00:00,0.164,11.523,51.0,0.0,33.27031
2025-01-09 17:00:00+00:00,0.16,12.523,44.0,0.0,33.971867
2025-01-09 18:00:00+00:00,0.157,13.223,45.0,0.0,33.441265
2025-01-09 19:00:00+00:00,0.155,13.073,43.0,0.0,32.048088
2025-01-09 20:00:00+00:00,0.152,13.723,44.0,0.0,30.312773
2025-01-09 21:00:00+00:00,0.15,13.672999,42.0,0.0,29.427658
2025-01-09 22:00:00+00:00,0.148,13.073,44.0,0.0,27.248457
2025-01-09 23:00:00+00:00,0.147,12.573,45.0,0.0,24.798223
2025-01-10 00:00:00+00:00,0.147,11.723,46.0,0.0,22.668568
2025-01-10 01:00:00+00:00,0.147,10.623,52.0,0.0,17.414476
2025-01-10 02:00:00+00:00,0.148,9.523,59.0,0.0,13.684735
2025-01-10 03:00:00+00:00,0.148,8.422999,67.0,0.0,11.525623
2025-01-10 04:00:00+00:00,0.149,7.623,72.0,0.0,10.041354
2025-01-10 05:00:00+00:00,0.149,7.123,73.0,0.0,9.107359
2025-01-10 06:00:00+00:00,0.15,5.9729996,77.0,0.0,7.8954163
2025-01-10 07:00:00+00:00,0.15,5.4729996,77.0,0.0,6.9247384
2025-01-10 08:00:00+00:00,0.151,5.023,79.0,0.0,5.8603754
2025-01-10 09:00:00+00:00,0.151,4.873,82.0,0.0,5.3999996
2025-01-10 10:00:00+00:00,0.152,6.573,77.0,0.0,5.1165614
2025-01-10 11:00:00+00:00,0.151,9.223,65.0,0.0,9.422101
2025-01-10 12:00:00+00:00,0.15,11.672999,56.0,0.0,10.233123
2025-01-10 13:00:00+00:00,0.147,13.672999,50.0,0.0,11.4862
2025-01-10 14:00:00+00:00,0.144,15.422999,45.0,0.0,11.885453
2025-01-10 15:00:00+00:00,0.14,16.623001,40.0,0.0,15.580141
2025-01-10 16:00:00+00:00,0.136,17.223001,36.0,0.0,18.075441
2025-01-10 17:00:00+00:00,0.133,17.573,34.0,0.0,20.390114
2025-01-10 18:00:00+00:00,0.131,18.123001,30.0,0.0,20.929594
2025-01-10 19:00:00+00:00,0.129,18.173,29.0,0.0,19.083395
2025-01-10 20:00:00+00:00,0.126,18.573,28.0,0.0,17.87718
2025-01-10 21:00:00+00:00,0.125,18.323,30.0,0.0,17.193533
2025-01-10 22:00:00+00:00,0.123,17.623001,33.0,0.0,15.111424
2025-01-10 23:00:00+00:00,0.123,16.873001,35.0,0.0,13.708391
2025-01-11 00:00:00+00:00,0.121,16.023,35.0,0.0,9.47012
2025-01-11 01:00:00+00:00,0.121,14.723,42.0,0.0,4.072935
2025-01-11 02:00:00+00:00,0.122,12.573,51.0,0.0,5.00128
2025-01-11 03:00:00+00:00,0.122,10.773,67.0,0.0,4.8433046
2025-01-11 04:00:00+00:00,0.123,10.422999,73.0,0.0,2.8799999
2025-01-11 05:00:00+00:00,0.125,10.373,71.0,0.2,5.5887027
2025-01-11 06:00:00+00:00,0.182,9.773,81.0,0.8,0.8049845
2025-01-11 07:00:00+00:00,0.157,9.873,78.0,0.2,4.510787
2025-01-11 08:00:00+00:00,0.169,9.373,82.0,0.1,3.319036
2025-01-11 09:00:00+00:00,0.172,9.023,86.0,0.0,4.198285
2025-01-11 10:00:00+00:00,0.175,9.973,83.0,0.0,7.754637
2025-01-11 11:00:00+00:00,0.179,11.123,77.0,0.0,12.768586
2025-01-11 12:00:00+00:00,0.167,13.273,65.0,0.0,20.49156
2025-01-11 13:00:00+00:00,0.162,13.922999,56.0,0.0,23.241617
2025-01-11 14:00:00+00:00,0.157,14.073,53.0,0.0,23.795427
2025-01-11 15:00:00+00:00,0.152,14.773,51.0,0.0,21.603
2025-01-11 16:00:00+00:00,0.148,14.823,50.0,0.0,22.415602
2025-01-11 17:00:00+00:00,0.145,14.523,56.0,0.1,24.482647
2025-01-11 18:00:00+00:00,0.141,16.373001,47.0,0.1,22.702845
2025-01-11 19:00:00+00:00,0.138,16.073,47.0,0.0,20.073025
2025-01-11 20:00:00+00:00,0.136,16.023,51.0,0.0,15.546833
2025-01-11 21:00:00+00:00,0.135,15.323,58.0,0.2,17.709658
2025-01-11 22:00:00+00:00,0.139,14.922999,65.0,0.2,12.015589
2025-01-11 23:00:00+00:00,0.156,14.123,76.0,0.6,9.255571
2025-01-12 00:00:00+00:00,0.219,12.723,80.0,1.0,12.538134
2025-01-12 01:00:00+00:00,0.276,11.373,89.0,1.1,13.237039
2025-01-12 02:00:00+00:00,0.309,11.473,93.0,1.3,12.10157
2025-01-12 03:00:00+00:00,0.328,12.223,92.0,1.5,9.028754
2025-01-12 04:00:00+00:00,0.306,13.123,87.0,0.3,6.830519
2025-01-12 05:00:00+00:00,0.291,13.473,82.0,0.0,9.9571085
2025-01-12 06:00:00+00:00,0.283,13.823,78.0,0.0,10.182337
2025-01-12 07:00:00+00:00,0.274,14.523,74.0,0.0,13.722565
2025-01-12 08:00:00+00:00,0.268,15.323,65.0,0.0,20.265795
2025-01-12 09:00:00+00:00,0.261,15.823,63.0,0.0,23.358423
2025-01-12 10:00:00+00:00,0.254,16.123001,64.0,0.0,23.565569
2025-01-12 11:00:00+00:00,0.25,16.073,68.0,0.0,22.366402
2025-01-12 12:00:00+00:00,0.245,18.073,66.0,0.0,27.105392
2025-01-12 13:00:00+00:00,0.247,18.523,63.0,0.1,32.978832
2025-01-12 14:00:00+00:00,0.288,17.373001,69.0,0.7,34.61995
2025-01-12 15:00:00+00:00,0.338,15.523,78.0,1.8,33.84766
2025-01-12 16:00:00+00:00,0.301,13.823,62.0,0.4,37.330803
2025-01-12 17:00:00+00:00,0.283,13.573,51.0,0.0,40.480392
2025-01-12 18:00:00+00:00,0.268,14.073,50.0,0.0,44.832645
2025-01-12 19:00:00+00:00,0.259,12.973,48.0,0.0,44.211166
2025-01-12 20:00:00+00:00,0.253,11.573,50.0,0.0,44.12754
2025-01-12 21:00:00+00:00,0.248,10.422999,52.0,0.0,42.877796
2025-01-12 22:00:00+00:00,0.245,9.123,58.0,0.0,39.562344
2025-01-12 23:00:00+00:00,0.242,8.023,61.0,0.0,36.258274
2025-01-13 00:00:00+00:00,0.247,6.773,69.0,0.0,35.010807
2025-01-13 01:00:00+00:00,0.246,5.9230003,72.0,0.0,31.328272
2025-01-13 02:00:00+00:00,0.244,5.323,74.0,0.0,28.460497
2025-01-13 03:00:00+00:00,0.243,4.873,74.0,0.0,27.595823
2025-01-13 04:00:00+00:00,0.242,4.523,75.0,0.0,26.6327
2025-01-13 05:00:00+00:00,0.24,4.523,76.0,0.0,28.054604
2025-01-13 06:00:00+00:00,0.239,4.4729996,77.0,0.0,26.987997
2025-01-13 07:00:00+00:00,0.237,4.7229996,75.0,0.0,27.238941
2025-01-13 08:00:00+00:00,0.236,4.7229996,74.0,0.0,27.086262
2025-01-13 09:00:00+00:00,0.234,4.823,72.0,0.0,25.683926
2025-01-13 10:00:00+00:00,0.233,5.573,69.0,0.0,25.364037
2025-01-13 11:00:00+00:00,0.23,6.773,64.0,0.0,29.738703
2025-01-13 12:00:00+00:00,0.227,8.123,57.0,0.0,29.339449
2025-01-13 13:00:00+00:00,0.224,8.922999,56.0,0.0,26.576681
2025-01-13 14:00:00+00:00,0.22,9.723,53.0,0.0,28.73242
2025-01-13 15:00:00+00:00,0.217,10.223,55.0,0.0,27.231804
2025-01-13 16:00:00+00:00,0.214,11.422999,52.0,0.0,26.795223
2025-01-13 17:00:00+00:00,0.213,10.973,61.0,0.2,31.682043
2025-01-13 18:00:00+00:00,0.229,11.672999,58.0,0.7,34.636787
2025-01-13 19:00:00+00:00,0.248,11.773,60.0,0.5,35.71265
2025-01-13 20:00:00+00:00,0.246,12.523,56.0,0.2,38.440853
2025-01-13 21:00:00+00:00,0.243,11.573,64.0,0.2,36.402744
2025-01-13 22:00:00+00:00,0.245,11.172999,68.0,0.1,30.141266
2025-01-13 23:00:00+00:00,0.249,10.573,73.0,0.2,27.21038
2025-01-14 00:00:00+00:00,0.244,10.773,67.0,0.1,23.933907
2025-01-14 01:00:00+00:00,0.241,9.723,72.0,0.0,18.03237
2025-01-14 02:00:00+00:00,0.239,8.873,76.0,0.0,13.891522
2025-01-14 03:00:00+00:00,0.237,8.173,79.0,0.0,12.88981
2025-01-14 04:00:00+00:00,0.236,7.823,81.0,0.0,13.281023
2025-01-14 05:00:00+00:00,0.234,7.873,82.0,0.0,14.021525
2025-01-14 06:00:00+00:00,0.233,8.723,77.0,0.0,18.35647
2025-01-14 07:00:00+00:00,0.231,8.672999,75.0,0.0,18.998316
2025-01-14 08:00:00+00:00,0.23,8.473,76.0,0.0,17.873556
2025-01-14 09:00:00+00:00,0.229,8.523,77.0,0.0,15.617529
2025-01-14 10:00:00+00:00,0.243,8.873,80.0,0.2,18.25026
2025-01-14 11:00:00+00:00,0.238,9.773,74.0,0.0,19.803272
2025-01-14 12:00:00+00:00,0.227,10.672999,62.0,0.0,23.532547
2025-01-14 13:00:00+00:00,0.224,11.523,53.0,0.0,25.49908
2025-01-14 14:00:00+00:00,0.221,12.123,50.0,0.0,31.883888
2025-01-14 15:00:00+00:00,0.219,12.573,50.0,0.0,32.553635
2025-01-14 16:00:00+00:00,0.216,12.672999,51.0,0.0,34.08042
2025-01-14 17:00:00+00:00,0.214,12.973,50.0,0.0,34.76377
2025-01-14 18:00:00+00:00,0.212,14.023,46.0,0.0,37.379375
2025-01-14 19:00:00+00:00,0.21,13.623,48.0,0.0,36.927643
2025-01-14 20:00:00+00:00,0.208,13.123,53.0,0.0,34.77868
2025-01-14 21:00:00+00:00,0.217,12.323,59.0,0.1,29.414444
2025-01-14 22:00:00+00:00,0.231,11.422999,65.0,0.2,24.464113
2025-01-14 23:00:00+00:00,0.245,10.672999,69.0,0.3,23.904108
2025-01-15 00:00:00+00:00,0.206,10.672999,66.0,0.1,26.459387
2025-01-15 01:00:00+00:00,0.22,9.672999,75.0,0.3,23.993399
2025-01-15 02:00:00+00:00,0.227,9.123,69.0,0.1,21.42227
2025-01-15 03:00:00+00:00,0.224,8.073,67.0,0.0,20.037485
2025-01-15 04:00:00+00:00,0.221,7.1730003,69.0,0.0,19.586117
2025-01-15 05:00:00+00:00,0.219,6.6730003,70.0,0.0,18.35647
2025-01-15 06:00:00+00:00,0.217,5.773,80.0,0.0,15.111424
2025-01-15 07:00:00+00:00,0.216,5.9230003,79.0,0.0,15.893093
2025-01-15 08:00:00+00:00,0.215,5.623,77.0,0.0,17.106628
2025-01-15 09:00:00+00:00,0.214,5.273,71.0,0.0,17.414476
2025-01-15 10:00:00+00:00,0.213,5.6730003,68.0,0.0,17.651016
2025-01-15 11:00:00+00:00,0.212,6.823,60.0,0.0,23.97989
2025-01-15 12:00:00+00:00,0.211,8.323,50.0,0.0,25.364037
2025-01-15 13:00:00+00:00,0.215,8.773,50.0,0.1,25.6233
2025-01-15 14:00:00+00:00,0.23,9.773,48.0,0.2,26.302181
2025-01-15 15:00:00+00:00,0.247,10.473,45.0,0.3,27.0
2025-01-15 16:00:00+00:00,0.258,10.922999,43.0,0.3,27.722336
2025-01-15 17:00:00+00:00,0.265,11.323,41.0,0.3,28.08923
2025-01-15 18:00:00+00:00,0.27,11.473,40.0,0.2,30.413074
2025-01-15 19:00:00+00:00,0.269,11.223,40.0,0.2,30.37683
2025-01-15 20:00:00+00:00,0.265,10.873,41.0,0.1,30.37683
2025-01-15 21:00:00+00:00,0.261,10.023,44.0,0.1,29.627363
2025-01-15 22:00:00+00:00,0.255,9.373,45.0,0.0,27.804028
2025-01-15 23:00:00+00:00,0.25,8.422999,47.0,0.0,26.67889
2025-01-16 00:00:00+00:00,0.249,7.1730003,55.0,0.0,27.362366
2025-01-16 01:00:00+00:00,0.246,5.9729996,60.0,0.0,24.842607
2025-01-16 02:00:00+00:00,0.244,5.2229996,66.0,0.0,23.444265
2025-01-16 03:00:00+00:00,0.242,4.7229996,68.0,0.0,21.647945
2025-01-16 04:00:00+00:00,0.24,4.273,71.0,0.0,20.364674
2025-01-16 05:00:00+00:00,0.239,3.923,73.0,0.0,18.861387
2025-01-16 06:00:00+00:00,0.237,3.823,79.0,0.0,17.447933
2025-01-16 07:00:00+00:00,0.236,3.723,81.0,0.0,16.854767
2025-01-16 08:00:00+00:00,0.235,3.723,82.0,0.0,16.055353
2025-01-16 09:00:00+00:00,0.234,3.823,82.0,0.0,16.62249
2025-01-16 10:00:00+00:00,0.233,4.873,77.0,0.0,19.416653
2025-01-16 11:00:00+00:00,0.231,6.323,66.0,0.0,24.490587
2025-01-16 12:00:00+00:00,0.228,7.9230003,58.0,0.0,25.562534
2025-01-16 13:00:00+00:00,0.225,8.973,54.0,0.0,25.922499
2025-01-16 14:00:00+00:00,0.221,9.672999,53.0,0.0,26.459389
2025-01-16 15:00:00+00:00,0.218,10.123,58.0,0.0,27.609911
2025-01-16 16:00:00+00:00,0.217,10.273,62.0,0.2,30.173496
2025-01-16 17:00:00+00:00,0.218,10.922999,63.0,0.2,34.619946
2025-01-16 18:00:00+00:00,0.221,11.573,61.0,0.2,37.916393
2025-01-16 19:00:00+00:00,0.223,11.973,57.0,0.2,36.7588
2025-01-16 20:00:00+00:00,0.234,11.323,64.0,0.4,37.226505
2025-01-16 21:00:00+00:00,0.235,11.273,63.0,0.1,37.226505
2025-01-16 22:00:00+00:00,0.243,10.523,68.0,0.3,35.452232
2025-01-16 23:00:00+00:00,0.253,9.873,72.0,0.2,34.139313
2025-01-17 00:00:00+00:00,0.237,9.823,72.0,0.1,34.51685
2025-01-17 01:00:00+00:00,0.236,9.223,76.0,0.1,33.033802
2025-01-17 02:00:00+00:00,0.237,9.073,78.0,0.1,31.559086
2025-01-17 03:00:00+00:00,0.247,8.973,82.0,0.3,29.96662
2025-01-17 04:00:00+00:00,0.273,8.723,85.0,0.4,25.420181
2025-01-17 05:00:00+00:00,0.301,8.773,85.0,0.6,24.933735
2025-01-17 06:00:00+00:00,0.287,8.623,83.0,0.3,23.749088
2025-01-17 07:00:00+00:00,0.279,8.373,75.0,0.0,28.467329
2025-01-17 08:00:00+00:00,0.27,8.023,74.0,0.0,27.534704
2025-01-17 09:00:00+00:00,0.264,7.9230003,77.0,0.0,24.64094
2025-01-17 10:00:00+00:00,0.26,8.523,74.0,0.0,24.18707
2025-01-17 11:00:00+00:00,0.256,9.773,71.0,0.0,32.335934
2025-01-17 12:00:00+00:00,0.253,10.672999,66.0,0.0,31.63087
2025-01-17 13:00:00+00:00,0.249,12.023,61.0,0.0,36.44722
2025-01-17 14:00:00+00:00,0.246,13.223,57.0,0.0,35.346058
2025-01-17 15:00:00+00:00,0.242,13.672999,52.0,0.0,36.361782
2025-01-17 16:00:00+00:00,0.238,12.672999,55.0,0.0,37.330803
2025-01-17 17:00:00+00:00,0.235,12.573,54.0,0.0,36.764088
2025-01-17 18:00:00+00:00,0.234,13.922999,48.0,0.0,39.30435
2025-01-17 19:00:00+00:00,0.231,14.023,46.0,0.0,43.893436
2025-01-17 20:00:00+00:00,0.229,14.623,46.0,0.0,41.849903
2025-01-17 21:00:00+00:00,0.226,13.873,48.0,0.0,41.66368
2025-01-17 22:00:00+00:00,0.225,12.922999,51.0,0.0,39.254856
2025-01-17 23:00:00+00:00,0.223,11.623,60.0,0.0,40.377815
2025-01-18 00:00:00+00:00,0.222,10.523,61.0,0.0,40.456375
2025-01-18 01:00:00+00:00,0.222,9.273,65.0,0.0,35.690872
2025-01-18 02:00:00+00:00,0.221,8.672999,63.0,0.0,38.445908
2025-01-18 03:00:00+00:00,0.22,8.373,66.0,0.0,36.17955
2025-01-18 04:00:00+00:00,0.22,8.173,64.0,0.0,34.589985
2025-01-18 05:00:00+00:00,0.219,8.173,66.0,0.0,37.10795
2025-01-18 06:00:00+00:00,0.219,8.573,67.0,0.0,33.190357
2025-01-18 07:00:00+00:00,0.218,8.573,68.0,0.0,32.76791
2025-01-18 08:00:00+00:00,0.217,8.573,68.0,0.0,32.76198
2025-01-18 09:00:00+00:00,0.217,8.573,71.0,0.0,29.660152
2025-01-18 10:00:00+00:00,0.216,9.023,69.0,0.0,29.68636
2025-01-18 11:00:00+00:00,0.215,9.973,67.0,0.0,31.722921
2025-01-18 12:00:00+00:00,0.214,11.323,63.0,0.0,32.789658
2025-01-18 13:00:00+00:00,0.213,11.973,63.0,0.0,36.735878
2025-01-18 14:00:00+00:00,0.212,12.373,64.0,0.0,38.546906
2025-01-18 15:00:00+00:00,0.211,12.223,66.0,0.0,38.535137
2025-01-18 16:00:00+00:00,0.21,13.373,60.0,0.0,40.39867
2025-01-18 17:00:00+00:00,0.209,13.323,60.0,0.0,37.550602
2025-01-18 18:00:00+00:00,0.208,13.573,58.0,0.1,41.982853
2025-01-18 19:00:00+00:00,0.208,13.323,62.0,0.1,43.583797
2025-01-18 20:00:00+00:00,0.207,13.823,60.0,0.0,42.158443
2025-01-18 21:00:00+00:00,0.206,13.473,59.0,0.0,41.425034
2025-01-18 22:00:00+00:00,0.205,12.523,64.0,0.0,40.68637
2025-01-18 23:00:00+00:00,0.205,11.273,70.0,0.0,40.018333
2025-01-19 00:00:00+00:00,0.203,11.273,69.0,0.0,38.202427
2025-01-19 01:00:00+00:00,0.203,10.573,71.0,0.0,37.44692
2025-01-19 02:00:00+00:00,0.202,10.123,71.0,0.0,38.535137
2025-01-19 03:00:00+00:00,0.202,10.073,73.0,0.0,35.64727
2025-01-19 04:00:00+00:00,0.202,10.073,73.0,0.0,33.841915
2025-01-19 05:00:00+00:00,0.202,10.073,73.0,0.0,33.857227
2025-01-19 06:00:00+00:00,0.201,10.023,74.0,0.0,35.64727
2025-01-19 07:00:00+00:00,0.201,9.823,74.0,0.0,33.87062
2025-01-19 08:00:00+00:00,0.201,9.773,73.0,0.0,34.217045
2025-01-19 09:00:00+00:00,0.201,9.573,74.0,0.0,31.731092
2025-01-19 10:00:00+00:00,0.2,10.073,74.0,0.0,30.453527
2025-01-19 11:00:00+00:00,0.2,10.823,70.0,0.0,32.561596
2025-01-19 12:00:00+00:00,0.199,11.672999,63.0,0.0,38.16
2025-01-19 13:00:00+00:00,0.198,12.573,57.0,0.0,38.939953
2025-01-19 14:00:00+00:00,0.197,13.473,53.0,0.0,41.19759
2025-01-19 15:00:00+00:00,0.195,14.223,48.0,0.0,40.991024
2025-01-19 16:00:00+00:00,0.194,14.172999,51.0,0.0,40.908737
2025-01-19 17:00:00+00:00,0.192,14.922999,47.0,0.0,39.4163
2025-01-19 18:00:00+00:00,0.191,14.623,47.0,0.0,37.226505
2025-01-19 19:00:00+00:00,0.19,14.873,46.0,0.0,36.516495
2025-01-19 20:00:00+00:00,0.189,14.123,50.0,0.0,36.997772
2025-01-19 21:00:00+00:00,0.188,14.123,49.0,0.0,35.39186
2025-01-19 22:00:00+00:00,0.187,13.273,51.0,0.0,34.569374
2025-01-19 23:00:00+00:00,0.187,12.223,56.0,0.0,31.845251
2025-01-20 00:00:00+00:00,0.186,11.223,60.0,0.0,31.487139
2025-01-20 01:00:00+00:00,0.186,9.873,68.0,0.0,28.449112
2025-01-20 02:00:00+00:00,0.186,9.123,73.0,0.0,25.651104
2025-01-20 03:00:00+00:00,0.186,8.773,75.0,0.0,25.099514
2025-01-20 04:00:00+00:00,0.186,8.523,75.0,0.0,23.623243
2025-01-20 05:00:00+00:00,0.186,8.323,78.0,0.0,23.828083
2025-01-20 06:00:00+00:00,0.186,7.823,79.0,0.0,19.134262
2025-01-20 07:00:00+00:00,0.186,7.4230003,80.0,0.0,15.517629
2025-01-20 08:00:00+00:00,0.186,6.9729996,81.0,0.0,13.004921
2025-01-20 09:00:00+00:00,0.186,6.773,82.0,0.0,11.542478
2025-01-20 10:00:00+00:00,0.186,7.573,79.0,0.0,11.885453
2025-01-20 11:00:00+00:00,0.186,9.273,71.0,0.0,14.512064
2025-01-20 12:00:00+00:00,0.185,10.873,64.0,0.0,14.707222
2025-01-20 13:00:00+00:00,0.184,12.323,57.0,0.0,13.979872
2025-01-20 14:00:00+00:00,0.183,13.973,50.0,0.0,12.031756
2025-01-20 15:00:00+00:00,0.181,15.672999,43.0,0.0,6.9527545
2025-01-20 16:00:00+00:00,0.178,17.373001,37.0,0.0,1.5273507
2025-01-20 17:00:00+00:00,0.176,18.023,34.0,0.0,2.4149535
2025-01-20 18:00:00+00:00,0.173,18.173,32.0,0.0,5.3517847
2025-01-20 19:00:00+00:00,0.171,18.223001,32.0,0.0,9.220499
2025-01-20 20:00:00+00:00,0.169,16.773,38.0,0.0,19.862083
2025-01-20 21:00:00+00:00,0.168,16.223,39.0,0.0,21.892027
2025-01-20 22:00:00+00:00,0.168,15.773,40.0,0.0,22.545315
2025-01-20 23:00:00+00:00,0.167,14.672999,44.0,0.0,20.746122
2025-01-21 00:00:00+00:00,0.165,13.422999,48.0,0.0,18.075441
2025-01-21 01:00:00+00:00,0.165,11.623,58.0,0.0,14.565548
2025-01-21 02:00:00+00:00,0.165,10.422999,67.0,0.0,10.315115
2025-01-21 03:00:00+00:00,0.165,9.473,74.0,0.0,9.028754
2025-01-21 04:00:00+00:00,0.166,8.623,81.0,0.0,8.707238
2025-01-21 05:00:00+00:00,0.166,7.9230003,87.0,0.0,7.2359104
2025-01-21 06:00:00+00:00,0.166,7.2229996,91.0,0.0,6.2145634
2025-01-21 07:00:00+00:00,0.167,7.073,94.0,0.0,6.5693827
2025-01-21 08:00:00+00:00,0.167,7.023,95.0,0.0,5.8603754
2025-01-21 09:00:00+00:00,0.167,6.873,96.0,0.0,5.154415
2025-01-21 10:00:00+00:00,0.168,7.7229996,91.0,0.0,5.95906
2025-01-21 11:00:00+00:00,0.168,8.873,83.0,0.0,6.8399997
2025-01-21 12:00:00+00:00,0.167,9.773,77.0,0.0,7.628263
2025-01-21 13:00:00+00:00,0.166,11.573,68.0,0.0,7.289445
2025-01-21 14:00:00+00:00,0.165,13.573,60.0,0.0,8.404285
2025-01-21 15:00:00+00:00,0.163,15.823,51.0,0.0,7.5685663
2025-01-21 16:00:00+00:00,0.162,15.973,50.0,0.0,9.0645685
2025-01-21 17:00:00+00:00,0.161,16.723001,46.0,0.0,11.525623
2025-01-21 18:00:00+00:00,0.158,16.823,46.0,0.1,13.556282
2025-01-21 19:00:00+00:00,0.158,16.473001,50.0,0.1,13.493999
2025-01-21 20:00:00+00:00,0.157,16.623001,50.0,0.0,14.830076
2025-01-21 21:00:00+00:00,0.156,15.773,57.0,0.1,14.05845
2025-01-21 22:00:00+00:00,0.156,15.823,57.0,0.0,11.212135
2025-01-21 23:00:00+00:00,0.156,15.323,59.0,0.0,11.367109
2025-01-22 00:00:00+00:00,0.154,13.773,74.0,0.1,9.9571085
2025-01-22 01:00:00+00:00,0.155,12.672999,82.0,0.1,8.587338
2025-01-22 02:00:00+00:00,0.159,11.723,91.0,0.2,7.7043357
2025-01-22 03:00:00+00:00,0.171,11.172999,95.0,0.3,7.628263
2025-01-22 04:00:00+00:00,0.19,10.973,96.0,0.2,8.707238
2025-01-22 05:00:00+00:00,0.204,10.723,96.0,0.1,9.0645685
2025-01-22 06:00:00+00:00,0.204,10.823,95.0,0.2,9.3876505
2025-01-22 07:00:00+00:00,0.224,10.773,96.0,0.4,10.1376915
2025-01-22 08:00:00+00:00,0.282,10.723,96.0,1.0,11.304229
2025-01-22 09:00:00+00:00,0.353,10.623,96.0,1.9,12.7279215
2025-01-22 10:00:00+00:00,0.36,10.573,96.0,2.5,11.966953
2025-01-22 11:00:00+00:00,0.341,10.672999,95.0,2.2,12.57426
2025-01-22 12:00:00+00:00,0.327,11.073,95.0,0.4,13.450708
2025-01-22 13:00:00+00:00,0.32,11.373,94.0,0.3,14.587776
2025-01-22 14:00:00+00:00,0.324,11.723,93.0,0.7,15.937878
2025-01-22 15:00:00+00:00,0.327,12.373,91.0,0.7,17.533146
2025-01-22 16:00:00+00:00,0.325,12.973,89.0,0.7,18.792551
2025-01-22 17:00:00+00:00,0.315,13.573,87.0,0.6,19.652176
2025-01-22 18:00:00+00:00,0.292,14.623,80.0,0.0,20.880001
2025-01-22 19:00:00+00:00,0.284,14.672999,80.0,0.0,20.12461
2025-01-22 20:00:00+00:00,0.277,15.323,77.0,0.0,17.902534
2025-01-22 21:00:00+00:00,0.271,15.873,74.0,0.0,18.25026
2025-01-22 22:00:00+00:00,0.267,15.473,74.0,0.0,20.774214
2025-01-22 23:00:00+00:00,0.264,14.172999,80.0,0.0,21.120682
2025-01-23 00:00:00+00:00,0.262,14.023,84.0,0.0,21.758419
2025-01-23 01:00:00+00:00,0.335,12.922999,92.0,1.2,17.49615
2025-01-23 02:00:00+00:00,0.341,12.623,95.0,2.1,18.089775
2025-01-23 03:00:00+00:00,0.341,12.323,95.0,0.8,20.268991
2025-01-23 04:00:00+00:00,0.331,12.223,96.0,1.2,12.738099
2025-01-23 05:00:00+00:00,0.316,12.623,96.0,0.6,9.028754
2025-01-23 06:00:00+00:00,0.323,12.323,99.0,0.0,6.130579
2025-01-23 07:00:00+00:00,0.296,12.273,93.0,0.0,12.7279215
2025-01-23 08:00:00+00:00,0.295,11.723,85.0,0.0,18.72346
2025-01-23 09:00:00+00:00,0.309,11.073,86.0,0.6,14.154915
2025-01-23 10:00:00+00:00,0.299,10.823,87.0,0.2,3.2599385
2025-01-23 11:00:00+00:00,0.291,11.523,84.0,0.0,11.592894
2025-01-23 12:00:00+00:00,0.288,13.373,59.0,0.0,21.38897
2025-01-23 13:00:00+00:00,0.278,13.873,52.0,0.0,24.448214
2025-01-23 14:00:00+00:00,0.269,14.873,48.0,0.0,25.284714
2025-01-23 15:00:00+00:00,0.261,15.422999,43.0,0.0,28.01531
2025-01-23 16:00:00+00:00,0.259,15.973,39.0,0.1,29.162222
2025-01-23 17:00:00+00:00,0.269,15.623,42.0,0.3,31.575506
2025-01-23 18:00:00+00:00,0.252,15.873,42.0,0.1,34.614334
2025-01-23 19:00:00+00:00,0.242,15.223,45.0,0.0,34.97192
2025-01-23 20:00:00+00:00,0.247,14.623,48.0,0.1,32.241615
2025-01-23 21:00:00+00:00,0.244,13.873,51.0,0.0,30.302078
2025-01-23 22:00:00+00:00,0.249,12.973,54.0,0.1,30.652895
2025-01-23 23:00:00+00:00,0.245,11.723,57.0,0.0,29.175552
2025-01-24 00:00:00+00:00,0.229,10.773,60.0,0.0,26.459389
2025-01-24 01:00:00+00:00,0.229,9.873,63.0,0.0,24.248613
2025-01-24 02:00:00+00:00,0.229,9.123,66.0,0.0,22.59699
2025-01-24 03:00:00+00:00,0.228,8.573,69.0,0.0,20.46941
2025-01-24 04:00:00+00:00,0.228,8.273,70.0,0.0,19.813087
2025-01-24 05:00:00+00:00,0.228,8.123,70.0,0.0,19.164717
2025-01-24 06:00:00+00:00,0.227,7.823,81.0,0.1,17.174677
2025-01-24 07:00:00+00:00,0.227,8.073,81.0,0.0,18.58451
2025-01-24 08:00:00+00:00,0.227,7.9729996,81.0,0.0,18.278645
2025-01-24 09:00:00+00:00,0.226,7.823,83.0,0.0,17.49615
2025-01-24 10:00:00+00:00,0.226,8.523,78.0,0.0,22.104116
2025-01-24 11:00:00+00:00,0.225,9.172999,75.0,0.1,27.162708
2025-01-24 12:00:00+00:00,0.247,8.922999,75.0,0.3,25.630886
2025-01-24 13:00:00+00:00,0.312,8.873,79.0,1.3,27.748037
2025-01-24 14:00:00+00:00,0.337,9.323,76.0,1.5,30.009838
2025-01-24 15:00:00+00:00,0.327,10.073,71.0,0.9,34.07091
2025-01-24 16:00:00+00:00,0.311,10.773,66.0,0.4,35.705395
2025-01-24 17:00:00+00:00,0.292,11.172999,62.0,0.0,36.0072
2025-01-24 18:00:00+00:00,0.278,12.823,56.0,0.0,37.883907
2025-01-24 19:00:00+00:00,0.271,12.773,55.0,0.0,37.330803
2025-01-24 20:00:00+00:00,0.265,12.873,54.0,0.0,35.63818
2025-01-24 21:00:00+00:00,0.26,12.422999,56.0,0.0,33.55733
2025-01-24 22:00:00+00:00,0.257,11.623,60.0,0.0,31.569351
2025-01-24 23:00:00+00:00,0.255,10.773,63.0,0.0,30.811037
2025-01-25 00:00:00+00:00,0.252,10.073,67.0,0.0,28.30983
2025-01-25 01:00:00+00:00,0.251,9.223,71.0,0.0,26.009842
2025-01-25 02:00:00+00:00,0.25,8.873,72.0,0.0,25.2924
2025-01-25 03:00:00+00:00,0.249,8.573,74.0,0.0,24.546085
2025-01-25 04:00:00+00:00,0.248,8.273,74.0,0.0,23.14103
2025-01-25 05:00:00+00:00,0.247,8.023,75.0,0.0,22.461807
2025-01-25 06:00:00+00:00,0.246,7.773,75.0,0.0,20.5484
2025-01-25 07:00:00+00:00,0.245,7.573,77.0,0.0,19.44
2025-01-25 08:00:00+00:00,0.244,7.623,78.0,0.0,18.72346
2025-01-25 09:00:00+00:00,0.243,7.873,78.0,0.0,19.443333
2025-01-25 10:00:00+00:00,0.242,8.672999,76.0,0.0,21.96295
2025-01-25 11:00:00+00:00,0.241,10.023,71.0,0.0,24.490587
2025-01-25 12:00:00+00:00,0.239,11.422999,65.0,0.0,27.086262
2025-01-25 13:00:00+00:00,0.236,12.773,58.0,0.0,28.30983
2025-01-25 14:00:00+00:00,0.233,13.623,54.0,0.0,28.054604
2025-01-25 15:00:00+00:00,0.229,14.373,49.0,0.0,26.987997
2025-01-25 16:00:00+00:00,0.226,14.523,46.0,0.0,28.467329
2025-01-25 17:00:00+00:00,0.222,14.573,45.0,0.0,27.416782
2025-01-25 18:00:00+00:00,0.22,15.672999,38.0,0.0,26.124195
2025-01-25 19:00:00+00:00,0.217,15.873,41.0,0.0,22.608458
2025-01-25 20:00:00+00:00,0.215,15.973,42.0,0.0,21.288757
2025-01-25 21:00:00+00:00,0.213,15.623,44.0,0.0,21.485697
2025-01-25 22:00:00+00:00,0.212,14.623,50.0,0.0,17.873554
2025-01-25 23:00:00+00:00,0.211,13.723,56.0,0.0,13.891522
2025-01-26 00:00:00+00:00,0.21,13.422999,60.0,0.0,10.00256
2025-01-26 01:00:00+00:00,0.21,12.573,67.0,0.0,4.8433046
2025-01-26 02:00:00+00:00,0.211,11.873,72.0,0.0,4.73506
2025-01-26 03:00:00+00:00,0.211,11.723,73.0,0.0,6.489992
2025-01-26 04:00:00+00:00,0.211,11.623,74.0,0.0,7.5942073
2025-01-26 05:00:00+00:00,0.211,11.873,72.0,0.0,6.638072
2025-01-26 06:00:00+00:00,0.211,11.273,78.0,0.1,3.0758414
2025-01-26 07:00:00+00:00,0.212,10.873,81.0,0.1,3.6179552
2025-01-26 08:00:00+00:00,0.212,10.123,86.0,0.0,4.379589
2025-01-26 09:00:00+00:00,0.215,10.073,86.0,0.0,5.154415
2025-01-26 10:00:00+00:00,0.226,10.172999,87.0,0.5,6.4096174
2025-01-26 11:00:00+00:00,0.244,10.422999,87.0,0.3,7.628263
2025-01-26 12:00:00+00:00,0.228,10.873,88.0,0.3,7.24486
2025-01-26 13:00:00+00:00,0.228,11.773,86.0,0.0,7.9526596
2025-01-26 14:00:00+00:00,0.225,14.223,76.0,0.0,6.12
2025-01-26 15:00:00+00:00,0.22,15.873,67.0,0.0,12.313894
2025-01-26 16:00:00+00:00,0.215,18.373001,56.0,0.0,18.844202
2025-01-26 17:00:00+00:00,0.21,19.173,49.0,0.0,25.567604
2025-01-26 18:00:00+00:00,0.203,19.973001,46.0,0.0,23.023117
2025-01-26 19:00:00+00:00,0.199,19.273,47.0,0.0,23.110205
2025-01-26 20:00:00+00:00,0.196,18.023,49.0,0.0,22.45315
2025-01-26 21:00:00+00:00,0.194,16.723001,56.0,0.0,18.0036
2025-01-26 22:00:00+00:00,0.196,15.172999,62.0,0.1,16.79314
2025-01-26 23:00:00+00:00,0.205,13.273,75.0,0.4,15.39184
2025-01-27 00:00:00+00:00,0.284,12.223,86.0,1.0,11.177405
2025-01-27 01:00:00+00:00,0.314,11.623,90.0,0.8,12.313893
2025-01-27 02:00:00+00:00,0.304,11.223,77.0,0.1,18.359999
2025-01-27 03:00:00+00:00,0.29,10.422999,74.0,0.0,21.746504
2025-01-27 04:00:00+00:00,0.279,9.623,72.0,0.0,24.905132
2025-01-27 05:00:00+00:00,0.272,8.723,73.0,0.0,24.693481
2025-01-27 06:00:00+00:00,0.264,7.773,72.0,0.0,19.813087
2025-01-27 07:00:00+00:00,0.261,6.823,75.0,0.0,17.015474
2025-01-27 08:00:00+00:00,0.258,5.9729996,81.0,0.0,12.496719
2025-01-27 09:00:00+00:00,0.256,5.123,85.0,0.0,11.269782
2025-01-27 10:00:00+00:00,0.254,5.6730003,83.0,0.0,10.464797
2025-01-27 11:00:00+00:00,0.251,7.4729996,77.0,0.0,12.10157
2025-01-27 12:00:00+00:00,0.248,8.973,69.0,0.0,23.051247
2025-01-27 13:00:00+00:00,0.244,9.523,65.0,0.0,23.749088
2025-01-27 14:00:00+00:00,0.241,9.873,66.0,0.0,23.469128
2025-01-27 15:00:00+00:00,0.242,11.323,58.0,0.1,25.501621
2025-01-27 16:00:00+00:00,0.243,12.073,60.0,0.1,28.277763
2025-01-27 17:00:00+00:00,0.257,12.473,58.0,0.3,31.353085
2025-01-27 18:00:00+00:00,0.27,13.073,54.0,0.1,33.88019
2025-01-27 19:00:00+00:00,0.274,12.873,54.0,0.3,33.97187
2025-01-27 20:00:00+00:00,0.277,12.273,54.0,0.3,32.998474
2025-01-27 21:00:00+00:00,0.264,12.123,50.0,0.0,33.887836
2025-01-27 22:00:00+00:00,0.257,11.422999,49.0,0.0,32.791634
2025-01-27 23:00:00+00:00,0.252,10.623,52.0,0.0,30.978832
2025-01-28 00:00:00+00:00,0.248,9.672999,53.0,0.0,30.239998
2025-01-28 01:00:00+00:00,0.246,8.473,59.0,0.0,26.319422
2025-01-28 02:00:00+00:00,0.244,7.823,63.0,0.0,22.380884
2025-01-28 03:00:00+00:00,0.243,7.273,67.0,0.0,19.137648
2025-01-28 04:00:00+00:00,0.242,6.873,76.0,0.0,15.778518
2025-01-28 05:00:00+00:00,0.241,7.273,80.0,0.0,18.671474
2025-01-28 06:00:00+00:00,0.24,8.023,77.0,0.0,22.065973
2025-01-28 07:00:00+00:00,0.239,8.273,79.0,0.0,24.640942
2025-01-28 08:00:00+00:00,0.238,8.323,78.0,0.0,23.598541
2025-01-28 09:00:00+00:00,0.237,8.473,77.0,0.1,23.452555
2025-01-28 10:00:00+00:00,0.26,8.523,78.0,0.5,21.313093
2025-01-28 11:00:00+00:00,0.287,8.723,82.0,0.7,19.161337
2025-01-28 12:00:00+00:00,0.283,10.373,74.0,0.2,27.219902
2025-01-28 13:00:00+00:00,0.279,11.023,69.0,0.2,33.532215
2025-01-28 14:00:00+00:00,0.269,11.922999,66.0,0.0,30.911821
2025-01-28 15:00:00+00:00,0.262,12.023,66.0,0.1,31.65135
2025-01-28 16:00:00+00:00,0.268,12.023,68.0,0.3,26.405453
2025-01-28 17:00:00+00:00,0.284,11.672999,71.0,0.5,26.407907
2025-01-28 18:00:00+00:00,0.289,13.773,62.0,0.7,30.154163
2025-01-28 19:00:00+00:00,0.294,13.073,68.0,0.4,29.5551
2025-01-28 20:00:00+00:00,0.305,13.023,69.0,0.5,31.826931
2025-01-28 21:00:00+00:00,0.315,12.523,74.0,0.7,23.277834
2025-01-28 22:00:00+00:00,0.326,12.223,78.0,0.9,19.164717
2025-01-28 23:00:00+00:00,0.318,12.073,80.0,0.5,18.678415
2025-01-29 00:00:00+00:00,0.304,12.922999,69.0,0.5,19.201874
2025-01-29 01:00:00+00:00,0.307,13.623,68.0,0.3,24.75638
2025-01-29 02:00:00+00:00,0.292,13.873,72.0,0.0,29.46287
2025-01-29 03:00:00+00:00,0.285,13.523,76.0,0.1,29.88217
2025-01-29 04:00:00+00:00,0.279,12.973,79.0,0.0,25.952478
2025-01-29 05:00:00+00:00,0.275,12.672999,78.0,0.0,26.420174
2025-01-29 06:00:00+00:00,0.271,12.273,68.0,0.0,27.402597
2025-01-29 07:00:00+00:00,0.268,11.473,67.0,0.0,26.168804
2025-01-29 08:00:00+00:00,0.266,10.873,64.0,0.0,25.6233
2025-01-29 09:00:00+00:00,0.263,9.823,62.0,0.0,24.216522
2025-01-29 10:00:00+00:00,0.261,9.422999,61.0,0.0,21.602999
2025-01-29 11:00:00+00:00,0.259,9.873,58.0,0.0,22.33161
2025-01-29 12:00:00+00:00,0.256,12.223,53.0,0.0,22.7057
2025-01-29 13:00:00+00:00,0.253,12.523,52.0,0.0,22.366402
2025-01-29 14:00:00+00:00,0.251,13.123,52.0,0.0,20.898611
2025-01-29 15:00:00+00:00,0.25,12.873,54.0,0.2,21.629978
2025-01-29 16:00:00+00:00,0.277,11.473,61.0,0.6,21.068459
2025-01-29 17:00:00+00:00,0.289,11.823,63.0,0.4,18.998314
2025-01-29 18:00:00+00:00,0.302,11.422999,69.0,0.1,16.23596
2025-01-29 19:00:00+00:00,0.293,11.973,68.0,0.2,13.441071
2025-01-29 20:00:00+00:00,0.282,12.273,68.0,0.0,12.074766
2025-01-29 21:00:00+00:00,0.275,12.623,68.0,0.0,13.049689
2025-01-29 22:00:00+00:00,0.271,12.473,69.0,0.0,10.787993
2025-01-29 23:00:00+00:00,0.267,12.223,71.0,0.0,9.085988
2025-01-30 00:00:00+00:00,0.264,11.473,77.0,0.0,4.73506
2025-01-30 01:00:00+00:00,0.262,11.323,82.0,0.0,0.8049845
2025-01-30 02:00:00+00:00,0.261,11.073,83.0,0.0,4.198285
2025-01-30 03:00:00+00:00,0.26,10.873,87.0,0.1,5.7599998
2025-01-30 04:00:00+00:00,0.276,10.723,92.0,0.6,6.162207
2025-01-30 05:00:00+00:00,0.287,10.723,94.0,0.3,6.5693827
2025-01-30 06:00:00+00:00,0.284,10.823,97.0,0.6,6.638072
2025-01-30 07:00:00+00:00,0.336,10.973,97.0,1.7,6.924738
2025-01-30 08:00:00+00:00,0.319,11.373,97.0,0.3,6.519877
2025-01-30 09:00:00+00:00,0.31,12.223,93.0,0.2,5.904439
2025-01-30 10:00:00+00:00,0.305,13.922999,82.0,0.0,12.641076
2025-01-30 11:00:00+00:00,0.301,14.823,75.0,0.0,20.371038
2025-01-30 12:00:00+00:00,0.29,15.723,69.0,0.0,21.175837
2025-01-30 13:00:00+00:00,0.282,16.423,61.0,0.0,26.044699
2025-01-30 14:00:00+00:00,0.273,17.423,41.0,0.0,35.870163
2025-01-30 15:00:00+00:00,0.266,16.623001,43.0,0.0,36.862663
2025-01-30 16:00:00+00:00,0.26,16.223,43.0,0.0,36.408085
2025-01-30 17:00:00+00:00,0.255,16.223,43.0,0.0,36.834526
2025-01-30 18:00:00+00:00,0.254,16.823,38.0,0.0,43.17149
2025-01-30 19:00:00+00:00,0.25,15.723,42.0,0.0,38.948273
2025-01-30 20:00:00+00:00,0.248,14.373,43.0,0.0,38.16679
2025-01-30 21:00:00+00:00,0.246,13.223,47.0,0.0,35.1862
2025-01-30 22:00:00+00:00,0.244,12.373,51.0,0.0,30.735231
2025-01-30 23:00:00+00:00,0.243,11.773,55.0,0.0,26.282465
2025-01-31 00:00:00+00:00,0.241,10.973,57.0,0.0,28.496904
2025-01-31 01:00:00+00:00,0.241,9.922999,60.0,0.0,25.56
2025-01-31 02:00:00+00:00,0.241,9.073,65.0,0.0,23.110207
2025-01-31 03:00:00+00:00,0.24,8.373,69.0,0.0,21.67487
2025-01-31 04:00:00+00:00,0.24,7.873,72.0,0.0,19.852295
2025-01-31 05:00:00+00:00,0.24,7.4729996,76.0,0.0,17.654688
2025-01-31 06:00:00+00:00,0.24,6.6730003,80.0,0.0,14.494192
2025-01-31 07:00:00+00:00,0.239,6.2229996,83.0,0.0,13.1041975
2025-01-31 08:00:00+00:00,0.239,5.4729996,88.0,0.0,12.313893
2025-01-31 09:00:00+00:00,0.239,5.323,88.0,0.0,12.303366
2025-01-31 10:00:00+00:00,0.239,5.773,85.0,0.0,12.7279215
2025-01-31 11:00:00+00:00,0.238,7.9230003,73.0,0.0,16.746773
2025-01-31 12:00:00+00:00,0.236,10.172999,64.0,0.0,19.602652
2025-01-31 13:00:00+00:00,0.234,11.723,53.0,0.0,23.0653
2025-01-31 14:00:00+00:00,0.231,12.873,46.0,0.0,24.162945
2025-01-31 15:00:00+00:00,0.229,13.422999,44.0,0.0,25.562534
2025-01-31 16:00:00+00:00,0.23,14.123,43.0,0.0,26.478973
2025-01-31 17:00:00+00:00,0.235,13.823,45.0,0.1,28.19285
2025-01-31 18:00:00+00:00,0.238,13.823,48.0,0.1,27.381308
2025-01-31 19:00:00+00:00,0.237,14.223,47.0,0.1,29.179993
2025-01-31 20:00:00+00:00,0.234,14.223,47.0,0.0,27.362366
2025-01-31 21:00:00+00:00,0.233,13.473,52.0,0.0,27.359999
2025-01-31 22:00:00+00:00,0.23,13.223,52.0,0.0,24.967499
2025-01-31 23:00:00+00:00,0.228,12.823,52.0,0.0,22.101183
2025-02-01 00:00:00+00:00,0.226,11.922999,58.0,0.0,17.727943
2025-02-01 01:00:00+00:00,0.225,10.573,69.0,0.0,14.4
2025-02-01 02:00:00+00:00,0.225,9.922999,75.0,0.1,15.03835
2025-02-01 03:00:00+00:00,0.225,10.023,76.0,0.1,17.654688
2025-02-01 04:00:00+00:00,0.234,10.323,75.0,0.2,19.61587
2025-02-01 05:00:00+00:00,0.263,10.223,76.0,0.5,19.406637
2025-02-01 06:00:00+00:00,0.289,10.223,69.0,0.5,20.188908
2025-02-01 07:00:00+00:00,0.3,10.023,72.0,0.5,20.12461
2025-02-01 08:00:00+00:00,0.306,9.823,73.0,0.5,20.111729
2025-02-01 09:00:00+00:00,0.315,9.473,78.0,0.6,20.111729
2025-02-01 10:00:00+00:00,0.308,9.473,78.0,0.3,19.61587
2025-02-01 11:00:00+00:00,0.305,9.773,80.0,0.3,20.421871
2025-02-01 12:00:00+00:00,0.292,11.223,71.0,0.4,19.95972
2025-02-01 13:00:00+00:00,0.288,12.123,68.0,0.1,21.533897
2025-02-01 14:00:00+00:00,0.279,13.723,57.0,0.0,24.248611
2025-02-01 15:00:00+00:00,0.272,14.073,54.0,0.0,28.082308
2025-02-01 16:00:00+00:00,0.272,12.623,67.0,0.2,27.492311
2025-02-01 17:00:00+00:00,0.287,12.873,64.0,0.4,25.277023
2025-02-01 18:00:00+00:00,0.276,14.523,54.0,0.3,25.376808
2025-02-01 19:00:00+00:00,0.272,14.323,56.0,0.2,28.296091
2025-02-01 20:00:00+00:00,0.284,13.573,64.0,0.4,23.664352
2025-02-01 21:00:00+00:00,0.281,13.273,65.0,0.2,22.73707
2025-02-01 22:00:00+00:00,0.285,12.672999,69.0,0.3,20.431387
2025-02-01 23:00:00+00:00,0.29,11.973,73.0,0.3,17.106628
2025-02-02 00:00:00+00:00,0.292,12.123,71.0,0.4,8.161764
2025-02-02 01:00:00+00:00,0.307,11.323,79.0,0.6,4.8965297
2025-02-02 02:00:00+00:00,0.316,10.823,82.0,0.6,4.379589
2025-02-02 03:00:00+00:00,0.313,10.422999,85.0,0.4,3.2599385
2025-02-02 04:00:00+00:00,0.303,10.273,85.0,0.1,2.5455842
2025-02-02 05:00:00+00:00,0.296,9.623,88.0,0.0,2.2768397
2025-02-02 06:00:00+00:00,0.285,8.623,90.0,0.0,1.2979984
2025-02-02 07:00:00+00:00,0.281,8.273,91.0,0.0,2.5455842
2025-02-02 08:00:00+00:00,0.278,8.123,90.0,0.0,5.1919937
2025-02-02 09:00:00+00:00,0.278,7.873,91.0,0.1,5.3517847
2025-02-02 10:00:00+00:00,0.3,8.273,90.0,0.5,5.5887027
2025-02-02 11:00:00+00:00,0.295,9.223,85.0,0.0,10.390226
2025-02-02 12:00:00+00:00,0.286,10.323,77.0,0.0,15.745627
2025-02-02 13:00:00+00:00,0.279,11.223,68.0,0.0,18.72346
2025-02-02 14:00:00+00:00,0.273,12.123,61.0,0.0,19.416653
2025-02-02 15:00:00+00:00,0.278,12.573,56.0,0.1,19.809813
2025-02-02 16:00:00+00:00,0.279,13.523,51.0,0.1,20.65848
2025-02-02 17:00:00+00:00,0.281,14.023,49.0,0.2,21.603
2025-02-02 18:00:00+00:00,0.281,13.973,47.0,0.1,25.282152
2025-02-02 19:00:00+00:00,0.281,13.623,48.0,0.2,25.071098
2025-02-02 20:00:00+00:00,0.278,13.373,47.0,0.1,25.809765
2025-02-02 21:00:00+00:00,0.272,12.823,48.0,0.0,26.474077
2025-02-02 22:00:00+00:00,0.268,12.323,48.0,0.0,26.944744
2025-02-02 23:00:00+00:00,0.264,11.422999,50.0,0.0,25.40743
2025-02-03 00:00:00+00:00,0.264,10.323,57.0,0.0,22.768398
2025-02-03 01:00:00+00:00,0.262,8.922999,65.0,0.0,20.523157
2025-02-03 02:00:00+00:00,0.26,8.073,68.0,0.0,18.709612
2025-02-03 03:00:00+00:00,0.258,7.273,71.0,0.0,16.65754
2025-02-03 04:00:00+00:00,0.256,6.523,75.0,0.0,14.77755
2025-02-03 05:00:00+00:00,0.255,5.823,79.0,0.0,14.471821
2025-02-03 06:00:00+00:00,0.254,5.4230003,83.0,0.0,13.849476
2025-02-03 07:00:00+00:00,0.253,5.823,84.0,0.0,15.629972
2025-02-03 08:00:00+00:00,0.252,6.1730003,76.0,0.0,20.163212
2025-02-03 09:00:00+00:00,0.25,5.9729996,71.0,0.0,24.251284
2025-02-03 10:00:00+00:00,0.249,5.6730003,67.0,0.0,24.967499
2025-02-03 11:00:00+00:00,0.248,6.1730003,63.0,0.0,26.437336
2025-02-03 12:00:00+00:00,0.246,7.4230003,57.0,0.0,27.551172
2025-02-03 13:00:00+00:00,0.244,8.922999,48.0,0.0,27.943514
2025-02-03 14:00:00+00:00,0.242,9.973,43.0,0.0,28.916763
2025-02-03 15:00:00+00:00,0.239,10.773,37.0,0.0,28.551426
2025-02-03 16:00:00+00:00,0.236,11.223,34.0,0.0,27.047956
2025-02-03 17:00:00+00:00,0.234,11.573,32.0,0.0,26.576681
2025-02-03 18:00:00+00:00,0.231,11.823,34.0,0.0,27.36947
2025-02-03 19:00:00+00:00,0.228,11.773,35.0,0.0,27.532352
2025-02-03 20:00:00+00:00,0.226,11.573,37.0,0.0,26.727423
2025-02-03 21:00:00+00:00,0.224,11.073,38.0,0.0,25.277025
2025-02-03 22:00:00+00:00,0.223,10.373,40.0,0.0,23.358425
2025-02-03 23:00:00+00:00,0.222,9.573,43.0,0.0,21.659916
2025-02-04 00:00:00+00:00,0.222,8.273,49.0,0.0,22.805367
2025-02-04 01:00:00+00:00,0.222,7.023,58.0,0.0,20.211363
2025-02-04 02:00:00+00:00,0.222,6.123,69.0,0.0,20.211363
2025-02-04 03:00:00+00:00,0.222,5.4230003,74.0,0.0,20.364674
2025-02-04 04:00:00+00:00,0.222,5.023,76.0,0.0,20.06334
2025-02-04 05:00:00+00:00,0.222,4.9230003,76.0,0.0,20.478907
2025-02-04 06:00:00+00:00,0.222,4.9230003,76.0,0.0,19.06301
2025-02-04 07:00:00+00:00,0.222,4.9230003,77.0,0.0,18.079027
2025-02-04 08:00:00+00:00,0.222,4.873,77.0,0.0,16.279802
2025-02-04 09:00:00+00:00,0.222,4.823,80.0,0.0,15.175612
2025-02-04 10:00:00+00:00,0.222,5.373,77.0,0.0,15.94601
2025-02-04 11:00:00+00:00,0.222,7.023,68.0,0.0,19.33639
2025-02-04 12:00:00+00:00,0.221,8.523,61.0,0.0,26.867676
2025-02-04 13:00:00+00:00,0.22,9.073,59.0,0.0,28.901073
2025-02-04 14:00:00+00:00,0.219,9.723,57.0,0.0,29.601109
2025-02-04 15:00:00+00:00,0.226,10.823,52.0,0.1,31.845247
2025-02-04 16:00:00+00:00,0.242,11.422999,50.0,0.2,31.1374
2025-02-04 17:00:00+00:00,0.234,11.922999,48.0,0.0,31.667723
2025-02-04 18:00:00+00:00,0.257,12.573,50.0,0.0,30.0767
2025-02-04 19:00:00+00:00,0.278,12.373,53.0,0.5,29.871325
2025-02-04 20:00:00+00:00,0.281,12.172999,58.0,0.2,28.901073
2025-02-04 21:00:00+00:00,0.275,11.823,60.0,0.1,28.551426
2025-02-04 22:00:00+00:00,0.274,11.123,65.0,0.1,26.282465
2025-02-04 23:00:00+00:00,0.267,10.723,66.0,0.0,23.749088
2025-02-05 00:00:00+00:00,0.258,10.172999,70.0,0.0,23.051247
2025-02-05 01:00:00+00:00,0.254,9.473,72.0,0.0,19.809813
2025-02-05 02:00:00+00:00,0.252,9.023,73.0,0.0,18.388212
2025-02-05 03:00:00+00:00,0.25,8.523,75.0,0.0,16.179987
2025-02-05 04:00:00+00:00,0.248,7.9729996,80.0,0.0,15.124284
2025-02-05 05:00:00+00:00,0.247,7.623,84.0,0.0,15.072783
2025-02-05 06:00:00+00:00,0.246,7.023,84.0,0.0,13.18308
2025-02-05 07:00:00+00:00,0.245,6.7229996,82.0,0.0,12.682018
2025-02-05 08:00:00+00:00,0.244,6.1730003,84.0,0.0,10.514218
2025-02-05 09:00:00+00:00,0.243,5.873,85.0,0.0,9.504272
2025-02-05 10:00:00+00:00,0.242,6.323,81.0,0.0,9.673221
2025-02-05 11:00:00+00:00,0.241,7.7229996,75.0,0.0,10.630672
2025-02-05 12:00:00+00:00,0.245,9.823,68.0,0.0,13.527572
2025-02-05 13:00:00+00:00,0.25,10.922999,63.0,0.0,20.111729
2025-02-05 14:00:00+00:00,0.25,11.473,62.0,0.1,19.681828
2025-02-05 15:00:00+00:00,0.252,12.723,57.0,0.1,19.406637
2025-02-05 16:00:00+00:00,0.254,13.672999,50.0,0.1,21.710716
2025-02-05 17:00:00+00:00,0.25,13.922999,48.0,0.1,22.366402
2025-02-05 18:00:00+00:00,0.245,14.723,43.0,0.0,21.794127
2025-02-05 19:00:00+00:00,0.243,14.672999,43.0,0.0,20.316889
2025-02-05 20:00:00+00:00,0.242,14.823,42.0,0.1,19.803272
2025-02-05 21:00:00+00:00,0.241,14.223,45.0,0.0,18.03237
2025-02-05 22:00:00+00:00,0.238,14.023,46.0,0.0,14.512064
2025-02-05 23:00:00+00:00,0.238,13.473,49.0,0.0,9.83268
2025-02-06 00:00:00+00:00,0.234,12.623,52.0,0.0,6.193674
2025-02-06 01:00:00+00:00,0.233,11.473,61.0,0.0,2.16
2025-02-06 02:00:00+00:00,0.233,10.573,65.0,0.1,3.6
2025-02-06 03:00:00+00:00,0.233,9.723,74.0,0.1,1.9386592
2025-02-06 04:00:00+00:00,0.233,9.373,76.0,0.1,3.6
2025-02-06 05:00:00+00:00,0.234,8.323,83.0,0.1,3.671294
2025-02-06 06:00:00+00:00,0.233,7.7229996,85.0,0.1,3.2599385
2025-02-06 07:00:00+00:00,0.232,7.2229996,87.0,0.0,1.835647
2025-02-06 08:00:00+00:00,0.232,7.1730003,87.0,0.0,3.396233
2025-02-06 09:00:00+00:00,0.232,7.123,88.0,0.0,4.3498964
2025-02-06 10:00:00+00:00,0.236,7.4230003,87.0,0.2,5.1544156
2025-02-06 11:00:00+00:00,0.248,8.373,86.0,0.3,6.6185193
2025-02-06 12:00:00+00:00,0.251,9.823,78.0,0.0,14.154915
2025-02-06 13:00:00+00:00,0.253,10.773,68.0,0.0,21.068459
2025-02-06 14:00:00+00:00,0.252,10.922999,71.0,0.2,18.947083
2025-02-06 15:00:00+00:00,0.25,12.073,61.0,0.0,23.233253
2025-02-06 16:00:00+00:00,0.249,11.172999,65.0,0.1,24.216522
2025-02-06 17:00:00+00:00,0.244,10.573,61.0,0.0,28.820242
2025-02-06 18:00:00+00:00,0.237,11.573,52.0,0.0,33.231335
2025-02-06 19:00:00+00:00,0.234,10.823,49.0,0.0,35.455887
2025-02-06 20:00:00+00:00,0.231,10.723,40.0,0.0,34.50746
2025-02-06 21:00:00+00:00,0.228,10.223,39.0,0.0,31.624725
2025-02-06 22:00:00+00:00,0.226,9.422999,41.0,0.0,28.61264
2025-02-06 23:00:00+00:00,0.225,8.422999,46.0,0.0,24.36325
2025-02-07 00:00:00+00:00,0.223,7.773,53.0,0.0,21.129885
2025-02-07 01:00:00+00:00,0.223,6.523,62.0,0.0,15.517629
2025-02-07 02:00:00+00:00,0.223,5.4729996,69.0,0.0,12.641076
2025-02-07 03:00:00+00:00,0.223,4.573,74.0,0.0,12.074766
2025-02-07 04:00:00+00:00,0.223,4.273,81.0,0.0,13.684735
2025-02-07 05:00:00+00:00,0.223,4.4729996,87.0,0.0,17.992796
2025-02-07 06:00:00+00:00,0.223,4.573,82.0,0.0,20.364674
2025-02-07 07:00:00+00:00,0.222,4.6730003,78.0,0.0,23.084955
2025-02-07 08:00:00+00:00,0.222,4.623,75.0,0.0,23.40277
2025-02-07 09:00:00+00:00,0.222,4.4230003,76.0,0.0,21.96
2025-02-07 10:00:00+00:00,0.221,4.4729996,75.0,0.0,19.881649
2025-02-07 11:00:00+00:00,0.221,5.573,70.0,0.0,21.542923
2025-02-07 12:00:00+00:00,0.219,7.623,63.0,0.0,25.199999
2025-02-07 13:00:00+00:00,0.217,9.223,52.0,0.0,24.923338
2025-02-07 14:00:00+00:00,0.215,10.273,46.0,0.0,24.1388
2025-02-07 15:00:00+00:00,0.212,11.123,42.0,0.0,23.34455
2025-02-07 16:00:00+00:00,0.209,11.873,38.0,0.0,22.66857
2025-02-07 17:00:00+00:00,0.206,12.573,36.0,0.0,21.175835
2025-02-07 18:00:00+00:00,0.205,13.273,35.0,0.0,20.380579
2025-02-07 19:00:00+00:00,0.202,13.422999,35.0,0.0,18.161278
2025-02-07 20:00:00+00:00,0.199,13.172999,35.0,0.0,17.106628
2025-02-07 21:00:00+00:00,0.198,12.773,37.0,0.0,15.111424
2025-02-07 22:00:00+00:00,0.197,12.523,39.0,0.0,12.661564
2025-02-07 23:00:00+00:00,0.196,12.123,41.0,0.0,10.483357
2025-02-08 00:00:00+00:00,0.193,10.422999,44.0,0.0,7.2
2025-02-08 01:00:00+00:00,0.194,8.223,55.0,0.0,4.8965297
2025-02-08 02:00:00+00:00,0.194,6.9729996,63.0,0.0,4.6938257
2025-02-08 03:00:00+00:00,0.195,6.4230003,69.0,0.0,4.0249224
2025-02-08 04:00:00+00:00,0.195,5.9230003,74.0,0.0,3.2399998
2025-02-08 05:00:00+00:00,0.196,5.4230003,77.0,0.0,3.671294
2025-02-08 06:00:00+00:00,0.197,4.4230003,81.0,0.0,4.452954
2025-02-08 07:00:00+00:00,0.197,3.823,82.0,0.0,5.1544156
2025-02-08 08:00:00+00:00,0.197,3.423,83.0,0.0,5.8603754
2025-02-08 09:00:00+00:00,0.198,3.123,85.0,0.0,6.725354
2025-02-08 10:00:00+00:00,0.198,3.523,84.0,0.0,7.5170207
2025-02-08 11:00:00+00:00,0.198,6.4729996,72.0,0.0,11.726277
2025-02-08 12:00:00+00:00,0.197,9.073,65.0,0.0,18.59845
2025-02-08 13:00:00+00:00,0.195,10.422999,54.0,0.0,25.210283
2025-02-08 14:00:00+00:00,0.197,11.422999,50.0,0.0,26.661882
2025-02-08 15:00:00+00:00,0.199,11.623,50.0,0.1,27.729347
2025-02-08 16:00:00+00:00,0.215,11.873,54.0,0.2,27.952787
2025-02-08 17:00:00+00:00,0.228,12.473,53.0,0.3,27.834309
2025-02-08 18:00:00+00:00,0.247,12.773,52.0,0.4,26.319422
2025-02-08 19:00:00+00:00,0.242,12.973,49.0,0.1,26.67889
2025-02-08 20:00:00+00:00,0.243,12.723,50.0,0.2,25.651104
2025-02-08 21:00:00+00:00,0.238,11.973,53.0,0.0,25.651104
2025-02-08 22:00:00+00:00,0.233,11.323,56.0,0.0,24.162945
2025-02-08 23:00:00+00:00,0.23,10.573,58.0,0.0,22.7057
2025-02-09 00:00:00+00:00,0.22,9.422999,63.0,0.0,22.065973
2025-02-09 01:00:00+00:00,0.219,8.573,69.0,0.0,19.06301
2025-02-09 02:00:00+00:00,0.218,7.9729996,72.0,0.0,17.114204
2025-02-09 03:00:00+00:00,0.217,7.523,74.0,0.0,16.62249
2025-02-09 04:00:00+00:00,0.217,7.1730003,77.0,0.0,16.981165
2025-02-09 05:00:00+00:00,0.216,6.873,80.0,0.0,17.654688
2025-02-09 06:00:00+00:00,0.215,6.7229996,80.0,0.0,18.214718
2025-02-09 07:00:00+00:00,0.215,6.7229996,80.0,0.0,18.1041
2025-02-09 08:00:00+00:00,0.214,6.7229996,80.0,0.0,17.76081
2025-02-09 09:00:00+00:00,0.214,6.573,80.0,0.0,17.654688
2025-02-09 10:00:00+00:00,0.213,6.7229996,79.0,0.0,17.992796
2025-02-09 11:00:00+00:00,0.212,7.773,75.0,0.0,20.176065
2025-02-09 12:00:00+00:00,0.211,9.223,67.0,0.0,23.110207
2025-02-09 13:00:00+00:00,0.21,10.323,60.0,0.0,23.78453
2025-02-09 14:00:00+00:00,0.208,10.873,56.0,0.0,23.762726
2025-02-09 15:00:00+00:00,0.216,11.623,52.0,0.1,24.482647
2025-02-09 16:00:00+00:00,0.223,12.123,54.0,0.2,23.219301
2025-02-09 17:00:00+00:00,0.243,12.422999,54.0,0.4,22.380884
2025-02-09 18:00:00+00:00,0.273,13.172999,53.0,0.3,22.253124
2025-02-09 19:00:00+00:00,0.286,13.223,54.0,0.4,21.485697
2025-02-09 20:00:00+00:00,0.281,13.023,55.0,0.2,20.06334
2025-02-09 21:00:00+00:00,0.273,12.873,55.0,0.1,18.584509
2025-02-09 22:00:00+00:00,0.265,12.773,54.0,0.0,17.015474
2025-02-09 23:00:00+00:00,0.259,12.223,56.0,0.0,14.081478
2025-02-10 00:00:00+00:00,0.249,11.023,61.0,0.0,9.3669195
2025-02-10 01:00:00+00:00,0.247,9.023,72.0,0.0,4.3349743
2025-02-10 02:00:00+00:00,0.245,8.323,76.0,0.0,2.4149535
2025-02-10 03:00:00+00:00,0.244,8.323,77.0,0.0,1.484318
2025-02-10 04:00:00+00:00,0.244,8.123,80.0,0.3,1.835647
2025-02-10 05:00:00+00:00,0.247,7.823,84.0,0.2,3.0547013
2025-02-10 06:00:00+00:00,0.242,7.023,89.0,0.1,2.8116899
2025-02-10 07:00:00+00:00,0.241,6.9729996,89.0,0.0,3.4152596
2025-02-10 08:00:00+00:00,0.241,6.6730003,91.0,0.0,4.6800003
2025-02-10 09:00:00+00:00,0.241,6.323,89.0,0.0,5.815978
2025-02-10 10:00:00+00:00,0.24,6.073,85.0,0.0,8.209263
2025-02-10 11:00:00+00:00,0.241,7.1730003,76.0,0.0,14.081478
2025-02-10 12:00:00+00:00,0.241,8.223,69.0,0.0,17.727943
2025-02-10 13:00:00+00:00,0.238,8.973,59.0,0.0,19.296133
2025-02-10 14:00:00+00:00,0.234,10.773,51.0,0.0,23.34455
2025-02-10 15:00:00+00:00,0.23,11.623,48.0,0.0,25.161398
2025-02-10 16:00:00+00:00,0.228,12.223,46.0,0.0,26.250393
2025-02-10 17:00:00+00:00,0.228,12.573,45.0,0.1,27.86921
2025-02-10 18:00:00+00:00,0.224,12.273,45.0,0.0,28.82249
2025-02-10 19:00:00+00:00,0.219,12.073,43.0,0.0,29.827904
2025-02-10 20:00:00+00:00,0.215,11.473,43.0,0.0,30.319181
2025-02-10 21:00:00+00:00,0.212,10.672999,45.0,0.0,29.627365
2025-02-10 22:00:00+00:00,0.21,9.773,48.0,0.0,28.01531
2025-02-10 23:00:00+00:00,0.209,8.623,52.0,0.0,26.903828
2025-02-11 00:00:00+00:00,0.207,7.323,57.0,0.0,26.00486
2025-02-11 01:00:00+00:00,0.207,6.4729996,59.0,0.0,23.565567
2025-02-11 02:00:00+00:00,0.207,5.9230003,61.0,0.0,22.66857
2025-02-11 03:00:00+00:00,0.207,5.4230003,62.0,0.0,21.933426
2025-02-11 04:00:00+00:00,0.207,5.023,61.0,0.0,20.393293
2025-02-11 05:00:00+00:00,0.206,4.573,61.0,0.0,19.694992
2025-02-11 06:00:00+00:00,0.206,4.223,64.0,0.0,20.275385
2025-02-11 07:00:00+00:00,0.206,3.973,64.0,0.0,19.694992
2025-02-11 08:00:00+00:00,0.205,3.723,64.0,0.0,18.455048
2025-02-11 09:00:00+00:00,0.205,3.323,63.0,0.0,16.854767
2025-02-11 10:00:00+00:00,0.205,3.173,62.0,0.0,15.978486
2025-02-11 11:00:00+00:00,0.204,4.623,57.0,0.0,18.947083
2025-02-11 12:00:00+00:00,0.202,6.523,47.0,0.0,24.149532
2025-02-11 13:00:00+00:00,0.2,7.6730003,41.0,0.0,24.149532
2025-02-11 14:00:00+00:00,0.197,8.273,41.0,0.0,23.03156
2025-02-11 15:00:00+00:00,0.194,9.023,42.0,0.0,22.59699
2025-02-11 16:00:00+00:00,0.191,9.623,40.0,0.0,24.344624
2025-02-11 17:00:00+00:00,0.188,10.023,40.0,0.0,25.6233
2025-02-11 18:00:00+00:00,0.188,10.172999,45.0,0.0,28.348713
2025-02-11 19:00:00+00:00,0.186,9.922999,47.0,0.0,28.079998
2025-02-11 20:00:00+00:00,0.185,9.573,47.0,0.0,27.381308
2025-02-11 21:00:00+00:00,0.184,8.973,50.0,0.0,24.819122
2025-02-11 22:00:00+00:00,0.184,8.823,52.0,0.0,22.26477
2025-02-11 23:00:00+00:00,0.184,8.573,56.0,0.0,18.792551
2025-02-12 00:00:00+00:00,0.182,7.9230003,62.0,0.0,15.827721
2025-02-12 01:00:00+00:00,0.184,7.123,69.0,0.0,10.8955765
2025-02-12 02:00:00+00:00,0.187,6.4230003,77.0,0.0,9.3669195
2025-02-12 03:00:00+00:00,0.189,6.023,85.0,0.0,9.47012
2025-02-12 04:00:00+00:00,0.189,5.4729996,89.0,0.0,8.669949
2025-02-12 05:00:00+00:00,0.189,5.4729996,89.0,0.0,8.647496
2025-02-12 06:00:00+00:00,0.187,5.823,90.0,0.0,8.669949
2025-02-12 07:00:00+00:00,0.187,5.873,93.0,0.0,9.007196
2025-02-12 08:00:00+00:00,0.188,6.6730003,93.0,0.0,9.605998
2025-02-12 09:00:00+00:00,0.188,7.023,92.0,0.0,10.853866
2025-02-12 10:00:00+00:00,0.188,7.073,89.0,0.0,11.885453
2025-02-12 11:00:00+00:00,0.188,8.573,81.0,0.0,15.4800005
2025-02-12 12:00:00+00:00,0.187,10.922999,67.0,0.0,17.414476
2025-02-12 13:00:00+00:00,0.186,12.273,58.0,0.0,21.41319
2025-02-12 14:00:00+00:00,0.183,13.223,53.0,0.0,23.990698
2025-02-12 15:00:00+00:00,0.181,13.523,52.0,0.0,24.633049
2025-02-12 16:00:00+00:00,0.179,14.023,51.0,0.0,26.339111
2025-02-12 17:00:00+00:00,0.177,13.823,52.0,0.0,27.219902
2025-02-12 18:00:00+00:00,0.176,14.823,50.0,0.0,28.745949
2025-02-12 19:00:00+00:00,0.174,14.273,50.0,0.0,28.220417
2025-02-12 20:00:00+00:00,0.173,13.922999,51.0,0.0,28.696312
2025-02-12 21:00:00+00:00,0.172,13.623,53.0,0.0,29.427658
2025-02-12 22:00:00+00:00,0.172,12.823,60.0,0.0,29.17777
2025-02-12 23:00:00+00:00,0.172,11.873,66.0,0.0,28.266306
2025-02-13 00:00:00+00:00,0.169,11.073,70.0,0.0,28.137634
2025-02-13 01:00:00+00:00,0.17,10.073,76.0,0.0,26.649727
2025-02-13 02:00:00+00:00,0.17,9.723,80.0,0.0,27.419146
2025-02-13 03:00:00+00:00,0.171,9.773,81.0,0.0,29.660152
2025-02-13 04:00:00+00:00,0.171,9.623,77.0,0.0,34.217045
2025-02-13 05:00:00+00:00,0.172,8.973,77.0,0.0,34.57687
2025-02-13 06:00:00+00:00,0.172,8.672999,76.0,0.0,36.719997
2025-02-13 07:00:00+00:00,0.172,8.623,78.0,0.0,34.207577
2025-02-13 08:00:00+00:00,0.172,8.573,80.0,0.0,33.127823
2025-02-13 09:00:00+00:00,0.172,8.873,79.0,0.0,32.039997
2025-02-13 10:00:00+00:00,0.172,9.073,79.0,0.0,31.712711
2025-02-13 11:00:00+00:00,0.172,9.973,76.0,0.0,31.353085
2025-02-13 12:00:00+00:00,0.172,11.273,70.0,0.0,33.151287
2025-02-13 13:00:00+00:00,0.171,12.672999,64.0,0.0,36.361782
2025-02-13 14:00:00+00:00,0.169,13.823,58.0,0.0,37.10795
2025-02-13 15:00:00+00:00,0.168,14.223,56.0,0.0,39.834938
2025-02-13 16:00:00+00:00,0.166,14.672999,53.0,0.0,40.276585
2025-02-13 17:00:00+00:00,0.164,15.023,51.0,0.0,40.186382
2025-02-13 18:00:00+00:00,0.163,15.523,49.0,0.0,40.883385
2025-02-13 19:00:00+00:00,0.161,15.073,49.0,0.0,39.29116
2025-02-13 20:00:00+00:00,0.16,14.473,50.0,0.0,37.690125
2025-02-13 21:00:00+00:00,0.159,14.023,50.0,0.0,35.632725
2025-02-13 22:00:00+00:00,0.159,12.973,54.0,0.0,37.003025
2025-02-13 23:00:00+00:00,0.159,11.473,57.0,0.0,35.06999
2025-02-14 00:00:00+00:00,0.157,10.422999,57.0,0.0,31.786186
2025-02-14 01:00:00+00:00,0.158,9.273,58.0,0.0,31.869658
2025-02-14 02:00:00+00:00,0.158,8.223,62.0,0.0,28.174456
2025-02-14 03:00:00+00:00,0.158,7.623,62.0,0.0,25.6233
2025-02-14 04:00:00+00:00,0.158,7.1730003,71.0,0.0,23.051247
2025-02-14 05:00:00+00:00,0.159,6.873,71.0,0.0,21.434364
2025-02-14 06:00:00+00:00,0.159,7.023,73.0,0.0,22.101183
2025-02-14 07:00:00+00:00,0.159,7.073,81.0,0.0,23.023119
2025-02-14 08:00:00+00:00,0.159,7.573,77.0,0.0,24.144165
2025-02-14 09:00:00+00:00,0.16,7.623,78.0,0.0,25.223133
2025-02-14 10:00:00+00:00,0.16,7.7229996,77.0,0.0,24.187069
2025-02-14 11:00:00+00:00,0.16,8.773,74.0,0.0,27.74103
2025-02-14 12:00:00+00:00,0.159,10.273,65.0,0.0,30.259275
2025-02-14 13:00:00+00:00,0.159,11.172999,61.0,0.0,33.908863
2025-02-14 14:00:00+00:00,0.158,12.123,56.0,0.0,36.832767
2025-02-14 15:00:00+00:00,0.157,12.523,53.0,0.0,38.548588
2025-02-14 16:00:00+00:00,0.156,12.523,51.0,0.0,41.022625
2025-02-14 17:00:00+00:00,0.155,12.373,54.0,0.0,39.834938
2025-02-14 18:00:00+00:00,0.154,13.773,51.0,0.0,38.939953
2025-02-14 19:00:00+00:00,0.153,13.922999,52.0,0.0,38.65602
2025-02-14 20:00:00+00:00,0.153,13.473,54.0,0.0,39.966484
2025-02-14 21:00:00+00:00,0.152,12.523,59.0,0.0,39.014767
2025-02-14 22:00:00+00:00,0.152,11.523,64.0,0.0,37.612675
2025-02-14 23:00:00+00:00,0.152,10.623,70.0,0.0,35.68542
2025-02-15 00:00:00+00:00,0.15,10.073,74.0,0.0,39.6
2025-02-15 01:00:00+00:00,0.151,9.723,76.0,0.0,38.519997
2025-02-15 02:00:00+00:00,0.151,9.473,77.0,0.0,38.52168
2025-02-15 03:00:00+00:00,0.151,9.323,79.0,0.0,37.095722
2025-02-15 04:00:00+00:00,0.151,9.172999,78.0,0.0,38.16679
2025-02-15 05:00:00+00:00,0.151,9.073,76.0,0.0,40.75798
2025-02-15 06:00:00+00:00,0.151,9.023,73.0,0.0,43.223995
2025-02-15 07:00:00+00:00,0.151,8.623,74.0,0.0,42.5044
2025-02-15 08:00:00+00:00,0.151,8.223,75.0,0.0,39.966484
2025-02-15 09:00:00+00:00,0.151,7.9230003,76.0,0.0,37.08699
2025-02-15 10:00:00+00:00,0.151,7.573,74.0,0.0,34.247337
2025-02-15 11:00:00+00:00,0.151,8.323,68.0,0.0,34.606842
2025-02-15 12:00:00+00:00,0.151,9.623,60.0,0.0,38.681152
2025-02-15 13:00:00+00:00,0.15,10.623,52.0,0.0,39.777966
2025-02-15 14:00:00+00:00,0.149,11.523,48.0,0.0,39.44424
2025-02-15 15:00:00+00:00,0.148,12.223,44.0,0.0,37.24043
2025-02-15 16:00:00+00:00,0.147,12.723,41.0,0.0,36.17955
2025-02-15 17:00:00+00:00,0.145,12.922999,39.0,0.0,35.632725
2025-02-15 18:00:00+00:00,0.144,13.023,37.0,0.0,37.52471
2025-02-15 19:00:00+00:00,0.143,12.623,38.0,0.0,37.35683
2025-02-15 20:00:00+00:00,0.142,12.073,40.0,0.0,36.386723
2025-02-15 21:00:00+00:00,0.141,11.373,42.0,0.0,34.614334
2025-02-15 22:00:00+00:00,0.14,10.373,45.0,0.0,33.043606
2025-02-15 23:00:00+00:00,0.14,8.922999,51.0,0.0,32.427986
2025-02-16 00:00:00+00:00,0.139,7.373,52.0,0.0,30.758411
2025-02-16 01:00:00+00:00,0.139,6.373,56.0,0.0,27.345785
2025-02-16 02:00:00+00:00,0.139,5.9230003,60.0,0.0,25.582806
2025-02-16 03:00:00+00:00,0.139,5.573,65.0,0.0,23.584808
2025-02-16 04:00:00+00:00,0.14,5.123,69.0,0.0,21.605999
2025-02-16 05:00:00+00:00,0.14,4.7229996,69.0,0.0,21.434364
2025-02-16 06:00:00+00:00,0.14,4.323,75.0,0.0,21.67487
2025-02-16 07:00:00+00:00,0.14,4.023,78.0,0.0,20.633371
2025-02-16 08:00:00+00:00,0.141,3.973,77.0,0.0,19.443333
2025-02-16 09:00:00+00:00,0.141,3.723,76.0,0.0,16.919998
2025-02-16 10:00:00+00:00,0.141,3.373,77.0,0.0,15.124284
2025-02-16 11:00:00+00:00,0.141,4.9230003,68.0,0.0,15.941944
2025-02-16 12:00:00+00:00,0.141,6.823,60.0,0.0,27.06472
2025-02-16 13:00:00+00:00,0.141,7.9729996,52.0,0.0,25.537172
2025-02-16 14:00:00+00:00,0.15,8.922999,47.0,0.1,24.985659
2025-02-16 15:00:00+00:00,0.158,9.922999,41.0,0.1,25.071098
2025-02-16 16:00:00+00:00,0.163,10.723,37.0,0.1,24.884306
2025-02-16 17:00:00+00:00,0.162,11.422999,33.0,0.0,25.068514
2025-02-16 18:00:00+00:00,0.166,11.672999,31.0,0.0,26.208395
2025-02-16 19:00:00+00:00,0.161,11.672999,31.0,0.0,26.111792
2025-02-16 20:00:00+00:00,0.157,11.373,31.0,0.0,25.764534
2025-02-16 21:00:00+00:00,0.154,10.773,32.0,0.0,24.033876
2025-02-16 22:00:00+00:00,0.152,10.023,33.0,0.0,21.175835
2025-02-16 23:00:00+00:00,0.15,9.073,36.0,0.0,17.992796
2025-02-17 00:00:00+00:00,0.146,7.4230003,43.0,0.0,11.885453
2025-02-17 01:00:00+00:00,0.146,5.523,53.0,0.0,6.9247384
2025-02-17 02:00:00+00:00,0.146,4.1730003,64.0,0.0,6.87779
2025-02-17 03:00:00+00:00,0.146,3.223,70.0,0.0,6.5693827
2025-02-17 04:00:00+00:00,0.147,2.423,74.0,0.0,5.95906
2025-02-17 05:00:00+00:00,0.147,1.523,79.0,0.0,5.991594
2025-02-17 06:00:00+00:00,0.147,0.573,85.0,0.0,6.696387
2025-02-17 07:00:00+00:00,0.147,0.17300001,86.0,0.0,7.491114
2025-02-17 08:00:00+00:00,0.148,0.122999996,88.0,0.0,8.39657
2025-02-17 09:00:00+00:00,0.148,0.323,90.0,0.0,8.217153
2025-02-17 10:00:00+00:00,0.148,0.723,90.0,0.0,8.0899935
2025-02-17 11:00:00+00:00,0.148,2.723,80.0,0.0,9.659814
2025-02-17 12:00:00+00:00,0.148,4.623,76.0,0.0,14.48972
2025-02-17 13:00:00+00:00,0.147,6.2229996,73.0,0.0,17.709658
2025-02-17 14:00:00+00:00,0.146,7.123,73.0,0.1,21.461555
2025-02-17 15:00:00+00:00,0.158,7.4230003,74.0,0.3,23.068108
2025-02-17 16:00:00+00:00,0.172,7.873,76.0,0.2,23.210928
2025-02-17 17:00:00+00:00,0.209,7.9729996,82.0,0.6,23.933907
2025-02-17 18:00:00+00:00,0.203,8.773,83.0,0.3,25.071096
2025-02-17 19:00:00+00:00,0.198,9.273,81.0,0.1,27.402597
2025-02-17 20:00:00+00:00,0.19,10.172999,79.0,0.0,26.882141
2025-02-17 21:00:00+00:00,0.184,10.623,81.0,0.0,25.922499
2025-02-17 22:00:00+00:00,0.181,11.123,82.0,0.0,25.984917
2025-02-17 23:00:00+00:00,0.179,11.123,84.0,0.0,25.49908
2025-02-18 00:00:00+00:00,0.175,10.723,90.0,0.0,21.758419
2025-02-18 01:00:00+00:00,0.174,10.723,91.0,0.0,21.313093
2025-02-18 02:00:00+00:00,0.174,10.823,91.0,0.1,22.450264
2025-02-18 03:00:00+00:00,0.173,11.023,89.0,0.0,24.288662
2025-02-18 04:00:00+00:00,0.172,11.273,84.0,0.0,25.922499
2025-02-18 05:00:00+00:00,0.171,10.773,80.0,0.0,31.37168
2025-02-18 06:00:00+00:00,0.17,10.422999,79.0,0.0,37.16553
2025-02-18 07:00:00+00:00,0.169,10.273,80.0,0.0,33.87062
2025-02-18 08:00:00+00:00,0.168,10.073,82.0,0.0,31.712711
2025-02-18 09:00:00+00:00,0.167,10.323,81.0,0.0,32.777798
2025-02-18 10:00:00+00:00,0.166,10.422999,81.0,0.0,33.857227
2025-02-18 11:00:00+00:00,0.165,10.873,79.0,0.0,34.247337
2025-02-18 12:00:00+00:00,0.164,12.223,70.0,0.0,29.957968
2025-02-18 13:00:00+00:00,0.162,13.172999,66.0,0.0,34.162083
2025-02-18 14:00:00+00:00,0.159,13.672999,65.0,0.0,37.017033
2025-02-18 15:00:00+00:00,0.156,14.473,61.0,0.0,36.145508
2025-02-18 16:00:00+00:00,0.153,14.623,62.0,0.0,35.64727
2025-02-18 17:00:00+00:00,0.15,15.023,60.0,0.0,34.936695
2025-02-18 18:00:00+00:00,0.152,15.773,53.0,0.0,32.47192
2025-02-18 19:00:00+00:00,0.15,15.773,49.0,0.0,29.888672
2025-02-18 20:00:00+00:00,0.148,15.073,49.0,0.0,29.784426
2025-02-18 21:00:00+00:00,0.147,13.973,51.0,0.0,27.908709
2025-02-18 22:00:00+00:00,0.147,12.723,53.0,0.0,25.264202
2025-02-18 23:00:00+00:00,0.147,11.922999,59.0,0.0,16.93531
2025-02-19 00:00:00+00:00,0.139,11.523,60.0,0.0,11.770403
2025-02-19 01:00:00+00:00,0.139,11.123,62.0,0.0,10.144082
2025-02-19 02:00:00+00:00,0.141,11.073,69.0,0.3,11.013882
2025-02-19 03:00:00+00:00,0.203,11.422999,85.0,0.8,19.813087
2025-02-19 04:00:00+00:00,0.226,12.273,86.0,0.4,26.31942
2025-02-19 05:00:00+00:00,0.255,12.623,86.0,0.8,29.546328
2025-02-19 06:00:00+00:00,0.243,13.323,78.0,1.9,39.268063
2025-02-19 07:00:00+00:00,0.229,12.922999,80.0,0.1,40.915073
2025-02-19 08:00:00+00:00,0.229,11.323,68.0,0.1,49.341015
2025-02-19 09:00:00+00:00,0.222,9.123,60.0,0.0,47.94627
2025-02-19 10:00:00+00:00,0.217,7.773,59.0,0.0,45.770992
2025-02-19 11:00:00+00:00,0.213,7.573,56.0,0.0,43.9436
2025-02-19 12:00:00+00:00,0.209,9.273,51.0,0.0,52.96406
2025-02-19 13:00:00+00:00,0.205,9.823,46.0,0.0,57.461452
2025-02-19 14:00:00+00:00,0.202,10.873,42.0,0.0,56.66656
2025-02-19 15:00:00+00:00,0.198,11.473,42.0,0.0,54.170128
2025-02-19 16:00:00+00:00,0.195,11.922999,40.0,0.0,52.441505
2025-02-19 17:00:00+00:00,0.191,12.073,39.0,0.0,50.365273
2025-02-19 18:00:00+00:00,0.189,12.623,37.0,0.0,50.412853
2025-02-19 19:00:00+00:00,0.186,12.123,40.0,0.0,48.316505
2025-02-19 20:00:00+00:00,0.184,11.973,40.0,0.0,45.680298
2025-02-19 21:00:00+00:00,0.182,11.473,41.0,0.0,41.947342
2025-02-19 22:00:00+00:00,0.181,10.523,45.0,0.0,38.526726
2025-02-19 23:00:00+00:00,0.18,9.672999,50.0,0.0,33.636406
2025-02-20 00:00:00+00:00,0.175,9.172999,53.0,0.0,27.607563
2025-02-20 01:00:00+00:00,0.174,8.473,59.0,0.0,26.072052
2025-02-20 02:00:00+00:00,0.174,7.773,67.0,0.0,24.967499
2025-02-20 03:00:00+00:00,0.174,7.573,69.0,0.0,25.14852
2025-02-20 04:00:00+00:00,0.174,7.523,70.0,0.0,27.416782
2025-02-20 05:00:00+00:00,0.173,7.373,72.0,0.0,26.208395
2025-02-20 06:00:00+00:00,0.173,7.073,71.0,0.0,20.447239
2025-02-20 07:00:00+00:00,0.173,6.9729996,72.0,0.0,20.46941
2025-02-20 08:00:00+00:00,0.173,6.9729996,69.0,0.0,20.771093
2025-02-20 09:00:00+00:00,0.172,7.373,67.0,0.0,23.510508
2025-02-20 10:00:00+00:00,0.172,7.573,67.0,0.0,24.795612
2025-02-20 11:00:00+00:00,0.171,8.173,65.0,0.0,24.967497
2025-02-20 12:00:00+00:00,0.171,10.023,57.0,0.0,20.991426
2025-02-20 13:00:00+00:00,0.17,11.273,51.0,0.0,24.967497
2025-02-20 14:00:00+00:00,0.168,12.373,46.0,0.0,27.06472
2025-02-20 15:00:00+00:00,0.167,12.773,43.0,0.0,28.220419
2025-02-20 16:00:00+00:00,0.165,13.323,41.0,0.0,30.7542
2025-02-20 17:00:00+00:00,0.163,13.023,42.0,0.0,33.34035
2025-02-20 18:00:00+00:00,0.162,14.473,37.0,0.0,31.235058
2025-02-20 19:00:00+00:00,0.161,13.523,41.0,0.1,30.449274
2025-02-20 20:00:00+00:00,0.16,13.672999,42.0,0.0,27.698954
2025-02-20 21:00:00+00:00,0.159,14.023,40.0,0.0,28.220419
2025-02-20 22:00:00+00:00,0.158,13.473,43.0,0.0,23.773632
2025-02-20 23:00:00+00:00,0.157,12.573,47.0,0.0,20.316889
2025-02-21 00:00:00+00:00,0.149,11.873,51.0,0.0,13.202726
2025-02-21 01:00:00+00:00,0.149,10.473,58.0,0.0,8.404285
2025-02-21 02:00:00+00:00,0.149,9.223,63.0,0.0,6.763786
2025-02-21 03:00:00+00:00,0.149,8.073,68.0,0.0,7.208994
2025-02-21 04:00:00+00:00,0.149,8.023,68.0,0.0,6.489992
2025-02-21 05:00:00+00:00,0.15,8.173,70.0,0.1,7.42159
2025-02-21 06:00:00+00:00,0.157,8.723,76.0,0.2,8.373386
2025-02-21 07:00:00+00:00,0.192,8.672999,79.0,0.6,8.714677
2025-02-21 08:00:00+00:00,0.206,8.523,79.0,0.1,7.491114
2025-02-21 09:00:00+00:00,0.203,7.823,83.0,0.1,5.3517847
2025-02-21 10:00:00+00:00,0.201,7.123,87.0,0.0,5.6233797
2025-02-21 11:00:00+00:00,0.199,7.873,83.0,0.0,6.4096174
2025-02-21 12:00:00+00:00,0.199,11.073,69.0,0.0,9.83268
2025-02-21 13:00:00+00:00,0.2,13.023,56.0,0.0,23.664352
2025-02-21 14:00:00+00:00,0.196,13.323,54.0,0.0,24.162947
2025-02-21 15:00:00+00:00,0.192,14.473,49.0,0.0,28.185955
2025-02-21 16:00:00+00:00,0.188,14.373,50.0,0.0,28.961546
2025-02-21 17:00:00+00:00,0.186,14.273,51.0,0.0,28.019936
2025-02-21 18:00:00+00:00,0.187,15.422999,48.0,0.0,29.01966
2025-02-21 19:00:00+00:00,0.186,14.573,55.0,0.2,29.09103
2025-02-21 20:00:00+00:00,0.194,14.623,56.0,0.3,23.1774
2025-02-21 21:00:00+00:00,0.21,14.172999,60.0,0.5,19.174856
2025-02-21 22:00:00+00:00,0.263,12.773,71.0,1.0,14.021525
2025-02-21 23:00:00+00:00,0.293,11.973,78.0,0.9,9.605998
2025-02-22 00:00:00+00:00,0.309,11.523,80.0,0.8,8.587338
2025-02-22 01:00:00+00:00,0.314,11.273,80.0,0.5,10.1887
2025-02-22 02:00:00+00:00,0.324,11.123,80.0,0.8,11.013882
2025-02-22 03:00:00+00:00,0.329,11.323,79.0,1.0,10.636766
2025-02-22 04:00:00+00:00,0.32,11.422999,80.0,0.4,12.538134
2025-02-22 05:00:00+00:00,0.326,11.123,81.0,1.8,14.973577
2025-02-22 06:00:00+00:00,0.293,11.073,78.0,0.3,15.03835
2025-02-22 07:00:00+00:00,0.286,10.922999,74.0,0.0,21.767351
2025-02-22 08:00:00+00:00,0.279,10.123,73.0,0.0,20.929594
2025-02-22 09:00:00+00:00,0.293,9.323,80.0,0.3,19.486609
2025-02-22 10:00:00+00:00,0.284,8.973,79.0,0.1,18.671474
2025-02-22 11:00:00+00:00,0.277,9.023,75.0,0.0,19.469975
2025-02-22 12:00:00+00:00,0.272,10.023,61.0,0.0,24.149532
2025-02-22 13:00:00+00:00,0.267,10.422999,53.0,0.0,26.168804
2025-02-22 14:00:00+00:00,0.263,11.422999,47.0,0.0,26.168804
2025-02-22 15:00:00+00:00,0.259,12.172999,42.0,0.0,26.476522
2025-02-22 16:00:00+00:00,0.259,12.672999,39.0,0.0,28.58545
2025-02-22 17:00:00+00:00,0.257,13.273,37.0,0.0,28.236486
2025-02-22 18:00:00+00:00,0.256,14.023,37.0,0.1,30.173496
2025-02-22 19:00:00+00:00,0.263,13.523,40.0,0.2,29.035288
2025-02-22 20:00:00+00:00,0.271,12.773,45.0,0.2,27.103
2025-02-22 21:00:00+00:00,0.266,11.723,51.0,0.1,24.590923
2025-02-22 22:00:00+00:00,0.263,10.573,59.0,0.2,19.721298
2025-02-22 23:00:00+00:00,0.266,9.823,66.0,0.2,17.414474
2025-02-23 00:00:00+00:00,0.253,9.723,66.0,0.1,14.799459
2025-02-23 01:00:00+00:00,0.265,9.172999,73.0,0.4,15.192682
2025-02-23 02:00:00+00:00,0.288,9.073,72.0,0.4,17.49615
2025-02-23 03:00:00+00:00,0.3,9.073,73.0,0.5,16.179987
2025-02-23 04:00:00+00:00,0.302,9.073,71.0,0.3,14.081477
2025-02-23 05:00:00+00:00,0.292,8.973,69.0,0.1,13.281023
2025-02-23 06:00:00+00:00,0.292,8.873,68.0,0.2,10.24578
2025-02-23 07:00:00+00:00,0.294,8.623,69.0,0.2,10.365251
2025-02-23 08:00:00+00:00,0.302,8.273,73.0,0.5,10.028439
2025-02-23 09:00:00+00:00,0.297,8.323,72.0,0.1,10.365251
2025-02-23 10:00:00+00:00,0.289,8.623,66.0,0.0,14.33234
2025-02-23 11:00:00+00:00,0.285,9.573,65.0,0.0,21.638964
2025-02-23 12:00:00+00:00,0.274,9.973,70.0,0.0,29.28418
2025-02-23 13:00:00+00:00,0.269,9.373,57.0,0.0,29.522196
2025-02-23 14:00:00+00:00,0.265,9.723,49.0,0.0,28.112288
2025-02-23 15:00:00+00:00,0.261,10.422999,44.0,0.0,28.227306
2025-02-23 16:00:00+00:00,0.257,10.623,41.0,0.0,26.282465
2025-02-23 17:00:00+00:00,0.254,11.672999,37.0,0.0,25.099514
2025-02-23 18:00:00+00:00,0.25,11.973,38.0,0.0,24.546085
2025-02-23 19:00:00+00:00,0.254,11.823,40.0,0.1,22.253124
2025-02-23 20:00:00+00:00,0.263,11.422999,42.0,0.2,21.068459
2025-02-23 21:00:00+00:00,0.272,10.773,45.0,0.2,20.380579
2025-02-23 22:00:00+00:00,0.264,10.323,48.0,0.0,17.533146
2025-02-23 23:00:00+00:00,0.259,9.773,50.0,0.0,15.7908325
2025-02-24 00:00:00+00:00,0.251,9.023,59.0,0.0,10.495713
2025-02-24 01:00:00+00:00,0.249,8.023,64.0,0.0,7.7043357
2025-02-24 02:00:00+00:00,0.247,7.373,66.0,0.0,7.8954163
2025-02-24 03:00:00+00:00,0.246,6.9729996,69.0,0.0,8.766573
2025-02-24 04:00:00+00:00,0.244,6.9230003,71.0,0.0,10.383987
2025-02-24 05:00:00+00:00,0.243,7.2229996,73.0,0.0,11.988594
2025-02-24 06:00:00+00:00,0.256,7.523,74.0,0.2,14.255272
2025-02-24 07:00:00+00:00,0.29,7.4729996,76.0,0.6,17.377226
2025-02-24 08:00:00+00:00,0.287,7.1730003,80.0,0.1,18.58451
2025-02-24 09:00:00+00:00,0.276,6.6730003,81.0,0.0,16.595179
2025-02-24 10:00:00+00:00,0.269,6.1730003,80.0,0.0,14.264361
2025-02-24 11:00:00+00:00,0.265,6.273,78.0,0.0,14.84318
2025-02-24 12:00:00+00:00,0.258,6.7229996,75.0,0.0,18.35647
2025-02-24 13:00:00+00:00,0.255,7.773,67.0,0.0,17.462784
2025-02-24 14:00:00+00:00,0.252,8.723,60.0,0.0,17.651016
2025-02-24 15:00:00+00:00,0.26,8.473,61.0,0.2,17.377226
2025-02-24 16:00:00+00:00,0.28,9.073,64.0,0.4,17.873554
2025-02-24 17:00:00+00:00,0.328,9.073,65.0,0.9,21.129883
2025-02-24 18:00:00+00:00,0.328,8.523,70.0,0.9,22.79684
2025-02-24 19:00:00+00:00,0.312,9.172999,61.0,0.6,26.836306
2025-02-24 20:00:00+00:00,0.321,8.623,65.0,0.8,25.562534
2025-02-24 21:00:00+00:00,0.316,7.9230003,67.0,0.8,23.535301
2025-02-24 22:00:00+00:00,0.297,7.873,67.0,0.0,20.431387
2025-02-24 23:00:00+00:00,0.294,7.073,72.0,0.2,16.923828
2025-02-25 00:00:00+00:00,0.288,6.273,75.0,0.2,14.20062
2025-02-25 01:00:00+00:00,0.283,5.623,71.0,0.0,13.5515
2025-02-25 02:00:00+00:00,0.279,4.773,67.0,0.0,13.979871
2025-02-25 03:00:00+00:00,0.276,4.123,66.0,0.0,13.979871
2025-02-25 04:00:00+00:00,0.273,3.823,67.0,0.0,14.618837
2025-02-25 05:00:00+00:00,0.27,3.573,69.0,0.0,15.517629
2025-02-25 06:00:00+00:00,0.267,3.673,70.0,0.0,16.56
2025-02-25 07:00:00+00:00,0.265,3.373,68.0,0.0,16.575644
2025-02-25 08:00:00+00:00,0.263,3.123,69.0,0.0,16.263872
2025-02-25 09:00:00+00:00,0.261,3.023,72.0,0.0,16.595179
2025-02-25 10:00:00+00:00,0.259,3.023,73.0,0.0,16.954432
2025-02-25 11:00:00+00:00,0.257,3.723,69.0,0.0,18.03237
2025-02-25 12:00:00+00:00,0.254,5.773,60.0,0.0,22.366402
2025-02-25 13:00:00+00:00,0.251,7.273,50.0,0.0,26.208395
2025-02-25 14:00:00+00:00,0.247,7.9729996,44.0,0.0,28.220417
2025-02-25 15:00:00+00:00,0.243,8.623,42.0,0.0,28.61264
2025-02-25 16:00:00+00:00,0.24,8.723,41.0,0.0,30.853073
2025-02-25 17:00:00+00:00,0.239,9.123,45.0,0.0,29.96662
2025-02-25 18:00:00+00:00,0.238,9.373,44.0,0.1,33.033802
2025-02-25 19:00:00+00:00,0.237,9.123,47.0,0.0,33.092594
2025-02-25 20:00:00+00:00,0.234,8.723,49.0,0.0,33.033802
2025-02-25 21:00:00+00:00,0.232,8.023,52.0,0.0,31.956972
2025-02-25 22:00:00+00:00,0.231,7.2229996,57.0,0.0,31.003918
2025-02-25 23:00:00+00:00,0.231,6.1730003,64.0,0.0,28.357857
2025-02-26 00:00:00+00:00,0.232,5.4230003,69.0,0.0,26.319422
2025-02-26 01:00:00+00:00,0.232,4.9230003,73.0,0.0,25.325686
2025-02-26 02:00:00+00:00,0.232,4.823,77.0,0.0,24.74329
2025-02-26 03:00:00+00:00,0.232,4.773,77.0,0.0,26.168804
2025-02-26 04:00:00+00:00,0.231,4.7229996,79.0,0.0,26.168804
2025-02-26 05:00:00+00:00,0.231,4.823,80.0,0.0,25.153671
2025-02-26 06:00:00+00:00,0.231,4.623,80.0,0.0,24.087738
2025-02-26 07:00:00+00:00,0.23,4.6730003,79.0,0.0,24.216522
2025-02-26 08:00:00+00:00,0.23,4.773,80.0,0.0,24.993439
2025-02-26 09:00:00+00:00,0.229,4.873,81.0,0.0,23.491207
2025-02-26 10:00:00+00:00,0.229,5.123,81.0,0.0,23.587555
2025-02-26 11:00:00+00:00,0.228,5.873,78.0,0.0,24.535524
2025-02-26 12:00:00+00:00,0.227,6.823,75.0,0.0,26.6327
2025-02-26 13:00:00+00:00,0.226,7.573,72.0,0.0,27.852928
2025-02-26 14:00:00+00:00,0.225,8.073,70.0,0.0,29.09103
2025-02-26 15:00:00+00:00,0.224,8.573,68.0,0.0,30.244286
2025-02-26 16:00:00+00:00,0.224,9.172999,64.0,0.1,31.845251
2025-02-26 17:00:00+00:00,0.222,9.323,64.0,0.0,32.138947
2025-02-26 18:00:00+00:00,0.219,9.973,60.0,0.0,33.603645
2025-02-26 19:00:00+00:00,0.218,9.973,60.0,0.0,34.247337
2025-02-26 20:00:00+00:00,0.218,9.623,63.0,0.0,33.168877
2025-02-26 21:00:00+00:00,0.217,8.973,67.0,0.1,32.058193
2025-02-26 22:00:00+00:00,0.217,8.422999,69.0,0.0,30.274265
2025-02-26 23:00:00+00:00,0.217,7.823,71.0,0.0,29.239891
2025-02-27 00:00:00+00:00,0.214,7.1730003,74.0,0.0,28.766228
2025-02-27 01:00:00+00:00,0.213,7.073,74.0,0.0,27.887802
2025-02-27 02:00:00+00:00,0.213,6.773,76.0,0.0,28.739187
2025-02-27 03:00:00+00:00,0.213,6.7229996,77.0,0.0,28.348713
2025-02-27 04:00:00+00:00,0.213,6.6730003,78.0,0.0,27.943514
2025-02-27 05:00:00+00:00,0.213,6.4230003,81.0,0.0,23.795427
2025-02-27 06:00:00+00:00,0.213,5.9230003,83.0,0.0,20.617662
2025-02-27 07:00:00+00:00,0.213,5.773,81.0,0.0,21.434364
2025-02-27 08:00:00+00:00,0.213,5.7229996,78.0,0.0,22.682856
2025-02-27 09:00:00+00:00,0.213,5.273,76.0,0.0,21.26744
2025-02-27 10:00:00+00:00,0.213,4.623,75.0,0.0,18.733839
2025-02-27 11:00:00+00:00,0.212,4.873,72.0,0.0,18.0
2025-02-27 12:00:00+00:00,0.211,6.623,62.0,0.0,24.122683
2025-02-27 13:00:00+00:00,0.21,8.023,53.0,0.0,28.202042
2025-02-27 14:00:00+00:00,0.208,9.323,46.0,0.0,30.489683
2025-02-27 15:00:00+00:00,0.206,9.672999,44.0,0.0,30.972555
2025-02-27 16:00:00+00:00,0.204,10.473,41.0,0.0,31.311722
2025-02-27 17:00:00+00:00,0.202,10.973,40.0,0.0,31.006012
2025-02-27 18:00:00+00:00,0.2,11.223,38.0,0.0,30.758411
2025-02-27 19:00:00+00:00,0.198,11.273,37.0,0.0,30.972555
2025-02-27 20:00:00+00:00,0.197,10.922999,42.0,0.0,30.737339
2025-02-27 21:00:00+00:00,0.196,10.073,48.0,0.0,28.988384
2025-02-27 22:00:00+00:00,0.196,9.223,51.0,0.0,28.664682
2025-02-27 23:00:00+00:00,0.196,7.873,52.0,0.0,28.054604
2025-02-28 00:00:00+00:00,0.191,6.873,61.0,0.0,24.490587
2025-02-28 01:00:00+00:00,0.192,6.2229996,74.0,0.0,24.522316
2025-02-28 02:00:00+00:00,0.192,5.623,68.0,0.0,22.065973
2025-02-28 03:00:00+00:00,0.193,5.073,73.0,0.0,21.129885
2025-02-28 04:00:00+00:00,0.193,4.7229996,74.0,0.0,19.839235
2025-02-28 05:00:00+00:00,0.193,4.573,74.0,0.0,19.296133
2025-02-28 06:00:00+00:00,0.193,4.4729996,69.0,0.0,18.511143
2025-02-28 07:00:00+00:00,0.194,4.023,75.0,0.0,17.309973
2025-02-28 08:00:00+00:00,0.194,3.873,80.0,0.0,15.484185
2025-02-28 09:00:00+00:00,0.194,3.723,82.0,0.0,15.2947035
2025-02-28 10:00:00+00:00,0.194,3.873,82.0,0.0,13.849477
2025-02-28 11:00:00+00:00,0.194,4.9729996,77.0,0.0,14.007655
2025-02-28 12:00:00+00:00,0.194,6.323,81.0,0.0,13.779114
2025-02-28 13:00:00+00:00,0.194,7.773,78.0,0.1,14.118243
2025-02-28 14:00:00+00:00,0.193,8.873,77.0,0.1,16.071491
2025-02-28 15:00:00+00:00,0.192,9.773,73.0,0.1,18.888851
2025-02-28 16:00:00+00:00,0.198,10.323,68.0,0.2,19.914217
2025-02-28 17:00:00+00:00,0.202,10.823,67.0,0.1,19.353138
2025-02-28 18:00:00+00:00,0.198,11.273,64.0,0.1,19.93048
2025-02-28 19:00:00+00:00,0.196,11.422999,64.0,0.1,19.694992
2025-02-28 20:00:00+00:00,0.194,11.373,64.0,0.1,19.011953
2025-02-28 21:00:00+00:00,0.193,11.422999,65.0,0.1,17.76081
2025-02-28 22:00:00+00:00,0.192,11.172999,67.0,0.0,14.587776
2025-02-28 23:00:00+00:00,0.191,10.422999,72.0,0.0,9.449572
2025-03-01 00:00:00+00:00,0.196,9.323,80.0,0.0,5.991594
2025-03-01 01:00:00+00:00,0.197,8.523,85.0,0.0,3.7064266
2025-03-01 02:00:00+00:00,0.197,7.823,88.0,0.0,3.671294
2025-03-01 03:00:00+00:00,0.198,7.623,89.0,0.0,3.7064266
2025-03-01 04:00:00+00:00,0.199,7.9230003,86.0,0.1,3.7585104
2025-03-01 05:00:00+00:00,0.199,8.073,86.0,0.0,3.0758414
2025-03-01 06:00:00+00:00,0.199,7.4729996,89.0,0.2,2.9024127
2025-03-01 07:00:00+00:00,0.205,7.2229996,93.0,0.3,5.315336
2025-03-01 08:00:00+00:00,0.208,7.2229996,93.0,0.1,3.7585104
2025-03-01 09:00:00+00:00,0.231,7.123,94.0,0.6,5.904439
2025-03-01 10:00:00+00:00,0.245,7.073,94.0,0.3,7.289445
2025-03-01 11:00:00+00:00,0.25,7.2229996,95.0,0.4,4.39436
2025-03-01 12:00:00+00:00,0.27,8.023,95.0,0.3,6.618519
2025-03-01 13:00:00+00:00,0.271,8.873,94.0,0.4,6.9247384
2025-03-01 14:00:00+00:00,0.274,9.723,91.0,0.5,4.896529
2025-03-01 15:00:00+00:00,0.259,11.373,81.0,0.0,5.315336
2025-03-01 16:00:00+00:00,0.249,12.623,74.0,0.0,5.2416787
2025-03-01 17:00:00+00:00,0.241,13.623,66.0,0.0,0.5091169
2025-03-01 18:00:00+00:00,0.231,14.473,61.0,0.0,0.8049845
2025-03-01 19:00:00+00:00,0.225,14.973,58.0,0.0,3.096837
2025-03-01 20:00:00+00:00,0.221,15.422999,56.0,0.0,5.3517847
2025-03-01 21:00:00+00:00,0.222,14.873,57.0,0.1,8.534353
2025-03-01 22:00:00+00:00,0.219,14.523,59.0,0.0,7.5599995
2025-03-01 23:00:00+00:00,0.218,13.073,71.0,0.0,3.396233
2025-03-02 00:00:00+00:00,0.23,12.323,68.0,0.0,0.8049845
2025-03-02 01:00:00+00:00,0.23,10.873,74.0,0.0,3.8773184
2025-03-02 02:00:00+00:00,0.23,8.223,90.0,0.0,4.68
2025-03-02 03:00:00+00:00,0.23,6.7229996,98.0,0.0,5.3517847
2025-03-02 04:00:00+00:00,0.229,6.2229996,100.0,0.0,5.154415
2025-03-02 05:00:00+00:00,0.229,5.7229996,100.0,0.0,4.6938257
2025-03-02 06:00:00+00:00,0.229,5.9230003,98.0,0.0,5.315336
2025-03-02 07:00:00+00:00,0.229,6.4729996,99.0,0.0,5.315336
2025-03-02 08:00:00+00:00,0.228,6.523,99.0,0.0,5.692099
2025-03-02 09:00:00+00:00,0.228,6.4729996,99.0,0.0,5.1165614
2025-03-02 10:00:00+00:00,0.228,6.4729996,98.0,0.0,5.634891
2025-03-02 11:00:00+00:00,0.227,7.023,96.0,0.0,6.763786
2025-03-02 12:00:00+00:00,0.227,7.323,96.0,0.0,9.028754
2025-03-02 13:00:00+00:00,0.226,8.223,91.0,0.0,11.183201
2025-03-02 14:00:00+00:00,0.224,9.922999,81.0,0.0,13.708391
2025-03-02 15:00:00+00:00,0.222,11.922999,73.0,0.0,14.408997
2025-03-02 16:00:00+00:00,0.22,13.873,66.0,0.0,15.827721
2025-03-02 17:00:00+00:00,0.216,15.523,58.0,0.0,19.930477
2025-03-02 18:00:00+00:00,0.214,15.422999,60.0,0.0,20.991426
2025-03-02 19:00:00+00:00,0.211,15.573,62.0,0.0,22.057161
2025-03-02 20:00:00+00:00,0.208,15.373,63.0,0.0,21.897945
2025-03-02 21:00:00+00:00,0.207,14.323,72.0,0.0,23.565567
2025-03-02 22:00:00+00:00,0.207,13.073,76.0,0.0,23.023119
2025-03-02 23:00:00+00:00,0.207,11.672999,84.0,0.0,21.24305
2025-03-03 00:00:00+00:00,0.25,10.623,88.0,0.0,24.522316
2025-03-03 01:00:00+00:00,0.234,9.873,93.0,0.8,24.087738
2025-03-03 02:00:00+00:00,0.352,9.723,95.0,4.0,18.03237
2025-03-03 03:00:00+00:00,0.325,9.773,96.0,1.5,9.3669195
2025-03-03 04:00:00+00:00,0.302,9.873,96.0,0.0,2.52
2025-03-03 05:00:00+00:00,0.293,10.023,95.0,0.0,9.19939
2025-03-03 06:00:00+00:00,0.293,9.073,97.0,0.0,13.527572
2025-03-03 07:00:00+00:00,0.292,8.922999,93.0,0.0,20.870687
2025-03-03 08:00:00+00:00,0.287,8.873,89.0,0.0,22.657131
2025-03-03 09:00:00+00:00,0.282,8.523,83.0,0.0,23.871555
2025-03-03 10:00:00+00:00,0.278,7.6730003,79.0,0.0,25.12016
2025-03-03 11:00:00+00:00,0.275,7.9230003,77.0,0.0,28.496904
2025-03-03 12:00:00+00:00,0.271,9.172999,69.0,0.0,30.993471
2025-03-03 13:00:00+00:00,0.267,9.823,64.0,0.0,35.364388
2025-03-03 14:00:00+00:00,0.263,10.823,62.0,0.0,35.785156
2025-03-03 15:00:00+00:00,0.259,10.623,64.0,0.0,38.48129
2025-03-03 16:00:00+00:00,0.262,10.873,66.0,0.1,40.68
2025-03-03 17:00:00+00:00,0.257,11.873,55.0,0.0,40.89606
2025-03-03 18:00:00+00:00,0.263,11.922999,52.0,0.0,42.150757
2025-03-03 19:00:00+00:00,0.258,11.922999,52.0,0.0,41.514103
2025-03-03 20:00:00+00:00,0.254,11.523,52.0,0.0,39.609814
2025-03-03 21:00:00+00:00,0.252,10.873,53.0,0.0,37.254345
2025-03-03 22:00:00+00:00,0.25,10.422999,53.0,0.0,33.326748
2025-03-03 23:00:00+00:00,0.248,9.723,54.0,0.0,31.170673
2025-03-04 00:00:00+00:00,0.247,8.672999,53.0,0.0,28.202042
2025-03-04 01:00:00+00:00,0.246,7.9230003,60.0,0.0,25.071096
2025-03-04 02:00:00+00:00,0.245,7.4230003,63.0,0.0,23.110205
2025-03-04 03:00:00+00:00,0.244,6.9230003,66.0,0.0,20.523157
2025-03-04 04:00:00+00:00,0.244,6.373,69.0,0.0,19.130875
2025-03-04 05:00:00+00:00,0.243,5.9729996,73.0,0.0,17.399586
2025-03-04 06:00:00+00:00,0.242,5.323,76.0,0.0,15.990646
2025-03-04 07:00:00+00:00,0.242,4.9729996,81.0,0.0,11.983188
2025-03-04 08:00:00+00:00,0.242,4.4230003,89.0,0.0,9.673221
2025-03-04 09:00:00+00:00,0.241,4.1730003,93.0,0.0,8.161764
2025-03-04 10:00:00+00:00,0.241,3.823,94.0,0.0,3.7064266
2025-03-04 11:00:00+00:00,0.241,3.523,96.0,0.0,5.4477882
2025-03-04 12:00:00+00:00,0.24,5.4729996,89.0,0.0,2.8116899
2025-03-04 13:00:00+00:00,0.239,7.123,78.0,0.0,6.924738
2025-03-04 14:00:00+00:00,0.237,7.373,76.0,0.1,11.165805
2025-03-04 15:00:00+00:00,0.238,7.623,77.0,0.2,13.339445
2025-03-04 16:00:00+00:00,0.253,7.823,79.0,0.5,14.264361
2025-03-04 17:00:00+00:00,0.293,7.773,80.0,1.0,18.03237
2025-03-04 18:00:00+00:00,0.322,7.823,82.0,1.7,17.906157
2025-03-04 19:00:00+00:00,0.355,7.6730003,87.0,2.9,13.513193
2025-03-04 20:00:00+00:00,0.353,7.623,87.0,3.0,14.336861
2025-03-04 21:00:00+00:00,0.336,7.523,84.0,1.1,15.03835
2025-03-04 22:00:00+00:00,0.325,6.9729996,81.0,0.5,14.05845
2025-03-04 23:00:00+00:00,0.309,6.4729996,83.0,0.0,8.435069
2025-03-05 00:00:00+00:00,0.31,5.9729996,87.0,0.0,9.290511
2025-03-05 01:00:00+00:00,0.304,5.9230003,87.0,0.0,11.090103
2025-03-05 02:00:00+00:00,0.299,5.6730003,88.0,0.0,11.183201
2025-03-05 03:00:00+00:00,0.302,5.623,89.0,0.3,14.869351
2025-03-05 04:00:00+00:00,0.301,5.7229996,88.0,0.1,16.299694
2025-03-05 05:00:00+00:00,0.295,5.7229996,89.0,0.0,15.137133
2025-03-05 06:00:00+00:00,0.29,5.9729996,92.0,0.0,15.5843
2025-03-05 07:00:00+00:00,0.287,6.123,92.0,0.0,17.462784
2025-03-05 08:00:00+00:00,0.286,6.6730003,87.0,0.0,22.751316
2025-03-05 09:00:00+00:00,0.282,6.4230003,80.0,0.0,27.0024
2025-03-05 10:00:00+00:00,0.279,5.9729996,82.0,0.0,27.44513
2025-03-05 11:00:00+00:00,0.277,6.273,83.0,0.0,27.288855
2025-03-05 12:00:00+00:00,0.275,7.2229996,80.0,0.0,26.525429
2025-03-05 13:00:00+00:00,0.272,8.273,74.0,0.0,31.682047
2025-03-05 14:00:00+00:00,0.269,9.073,70.0,0.0,32.431984
2025-03-05 15:00:00+00:00,0.266,9.823,67.0,0.0,32.44996
2025-03-05 16:00:00+00:00,0.263,10.623,64.0,0.0,32.2034
2025-03-05 17:00:00+00:00,0.26,10.823,63.0,0.0,31.487139
2025-03-05 18:00:00+00:00,0.257,12.073,59.0,0.0,30.78368
2025-03-05 19:00:00+00:00,0.255,11.773,61.0,0.0,29.301876
2025-03-05 20:00:00+00:00,0.253,11.672999,62.0,0.0,28.357857
2025-03-05 21:00:00+00:00,0.251,10.773,66.0,0.0,26.437336
2025-03-05 22:00:00+00:00,0.251,9.873,68.0,0.0,24.187069
2025-03-05 23:00:00+00:00,0.251,8.873,71.0,0.0,21.67487
2025-03-06 00:00:00+00:00,0.248,7.9729996,74.0,0.0,19.44
2025-03-06 01:00:00+00:00,0.248,7.023,79.0,0.0,17.015474
2025-03-06 02:00:00+00:00,0.248,6.1730003,84.0,0.0,15.328561
2025-03-06 03:00:00+00:00,0.249,5.523,89.0,0.0,13.556282
2025-03-06 04:00:00+00:00,0.249,4.9729996,92.0,0.0,11.928989
2025-03-06 05:00:00+00:00,0.249,4.9230003,91.0,0.0,11.720751
2025-03-06 06:00:00+00:00,0.249,4.123,94.0,0.0,7.5942073
2025-03-06 07:00:00+00:00,0.249,3.623,94.0,0.0,6.5693827
2025-03-06 08:00:00+00:00,0.249,3.173,95.0,0.0,5.8603754
2025-03-06 09:00:00+00:00,0.249,2.773,95.0,0.0,5.3999996
2025-03-06 10:00:00+00:00,0.249,2.423,96.0,0.0,4.3349743
2025-03-06 11:00:00+00:00,0.249,2.323,96.0,0.0,3.2599385
2025-03-06 12:00:00+00:00,0.248,4.373,89.0,0.0,2.5455842
2025-03-06 13:00:00+00:00,0.247,7.1730003,79.0,0.0,5.1544156
2025-03-06 14:00:00+00:00,0.244,9.223,69.0,0.0,6.489992
2025-03-06 15:00:00+00:00,0.242,10.323,63.0,0.0,8.473393
2025-03-06 16:00:00+00:00,0.239,11.773,56.0,0.0,8.12197
2025-03-06 17:00:00+00:00,0.236,12.823,50.0,0.0,6.924738
2025-03-06 18:00:00+00:00,0.235,13.873,42.0,0.0,5.00128
2025-03-06 19:00:00+00:00,0.232,13.723,44.0,0.0,3.4152596
2025-03-06 20:00:00+00:00,0.232,13.473,44.0,0.0,6.87779
2025-03-06 21:00:00+00:00,0.231,13.172999,45.0,0.0,10.182337
2025-03-06 22:00:00+00:00,0.231,11.773,58.0,0.0,14.05845
2025-03-06 23:00:00+00:00,0.231,10.223,63.0,0.0,10.829958
2025-03-07 00:00:00+00:00,0.237,8.723,70.0,0.0,7.928177
2025-03-07 01:00:00+00:00,0.238,7.6730003,78.0,0.0,6.8777895
2025-03-07 02:00:00+00:00,0.238,7.2229996,85.0,0.1,4.6800003
2025-03-07 03:00:00+00:00,0.245,6.6730003,91.0,0.4,4.0249224
2025-03-07 04:00:00+00:00,0.258,6.373,94.0,0.4,4.829907
2025-03-07 05:00:00+00:00,0.272,6.323,93.0,0.4,5.3517847
2025-03-07 06:00:00+00:00,0.271,6.2229996,97.0,0.9,4.3498964
2025-03-07 07:00:00+00:00,0.29,6.4230003,96.0,0.7,4.0249224
2025-03-07 08:00:00+00:00,0.309,6.523,95.0,0.9,4.2136917
2025-03-07 09:00:00+00:00,0.317,6.573,94.0,0.9,4.802999
2025-03-07 10:00:00+00:00,0.32,6.4729996,93.0,0.8,4.6938252
2025-03-07 11:00:00+00:00,0.321,6.4729996,92.0,0.8,4.2136917
2025-03-07 12:00:00+00:00,0.321,6.823,91.0,0.6,6.193674
2025-03-07 13:00:00+00:00,0.32,7.1730003,87.0,0.6,6.618519
2025-03-07 14:00:00+00:00,0.316,7.7229996,79.0,0.5,6.618519
2025-03-07 15:00:00+00:00,0.308,8.473,77.0,0.2,6.6185193
2025-03-07 16:00:00+00:00,0.301,9.323,75.0,0.1,9.255571
2025-03-07 17:00:00+00:00,0.305,9.922999,74.0,0.2,15.716793
2025-03-07 18:00:00+00:00,0.314,10.023,74.0,0.2,16.645864
2025-03-07 19:00:00+00:00,0.299,11.123,62.0,0.1,21.578989
2025-03-07 20:00:00+00:00,0.289,10.723,54.0,0.0,24.795612
2025-03-07 21:00:00+00:00,0.283,9.623,53.0,0.0,24.675106
2025-03-07 22:00:00+00:00,0.279,8.672999,57.0,0.0,23.4
2025-03-07 23:00:00+00:00,0.277,7.7229996,64.0,0.0,21.288757
2025-03-08 00:00:00+00:00,0.277,7.1730003,69.0,0.0,19.770523
2025-03-08 01:00:00+00:00,0.276,6.073,76.0,0.0,16.700275
2025-03-08 02:00:00+00:00,0.274,5.273,80.0,0.0,13.556282
2025-03-08 03:00:00+00:00,0.273,4.6730003,84.0,0.0,12.371645
2025-03-08 04:00:00+00:00,0.272,4.4230003,87.0,0.0,10.495713
2025-03-08 05:00:00+00:00,0.271,4.323,88.0,0.0,10.495713
2025-03-08 06:00:00+00:00,0.271,4.1730003,85.0,0.0,13.797912
2025-03-08 07:00:00+00:00,0.269,3.973,77.0,0.0,13.493999
2025-03-08 08:00:00+00:00,0.268,3.673,79.0,0.0,13.138765
2025-03-08 09:00:00+00:00,0.267,3.673,78.0,0.0,13.138765
2025-03-08 10:00:00+00:00,0.266,3.173,80.0,0.0,11.609651
2025-03-08 11:00:00+00:00,0.266,3.423,81.0,0.0,11.165805
2025-03-08 12:00:00+00:00,0.265,4.9230003,81.0,0.0,11.165805
2025-03-08 13:00:00+00:00,0.262,7.023,70.0,0.0,15.546833
2025-03-08 14:00:00+00:00,0.259,8.523,61.0,0.0,17.873554
2025-03-08 15:00:00+00:00,0.256,9.422999,56.0,0.0,18.204042
2025-03-08 16:00:00+00:00,0.252,9.973,52.0,0.0,21.09305
2025-03-08 17:00:00+00:00,0.25,10.223,52.0,0.0,22.461807
2025-03-08 18:00:00+00:00,0.248,10.823,51.0,0.0,25.729298
2025-03-08 19:00:00+00:00,0.246,10.573,52.0,0.0,25.071096
2025-03-08 20:00:00+00:00,0.244,10.723,53.0,0.0,24.280659
2025-03-08 21:00:00+00:00,0.243,10.323,56.0,0.0,21.915693
2025-03-08 22:00:00+00:00,0.243,9.773,60.0,0.0,18.228943
2025-03-08 23:00:00+00:00,0.243,8.623,67.0,0.0,14.440443
2025-03-09 00:00:00+00:00,0.24,7.573,71.0,0.0,13.207634
2025-03-09 01:00:00+00:00,0.241,6.623,80.0,0.0,12.43434
2025-03-09 02:00:00+00:00,0.242,5.9729996,87.0,0.0,10.948973
2025-03-09 03:00:00+00:00,0.243,5.9729996,88.0,0.0,9.19939
2025-03-09 04:00:00+00:00,0.243,5.623,89.0,0.0,6.8777895
2025-03-09 05:00:00+00:00,0.244,4.9230003,87.0,0.0,5.315336
2025-03-09 06:00:00+00:00,0.244,5.023,88.0,0.0,5.0142193
2025-03-09 07:00:00+00:00,0.244,4.873,87.0,0.0,4.379589
2025-03-09 08:00:00+00:00,0.244,5.073,87.0,0.1,4.379589
2025-03-09 09:00:00+00:00,0.246,5.4729996,86.0,0.3,4.379589
2025-03-09 10:00:00+00:00,0.257,5.2229996,90.0,0.4,7.342588
2025-03-09 11:00:00+00:00,0.267,5.4230003,89.0,0.3,8.534353
2025-03-09 12:00:00+00:00,0.281,6.023,93.0,0.5,8.089993
2025-03-09 13:00:00+00:00,0.283,7.273,92.0,0.3,6.989936
2025-03-09 14:00:00+00:00,0.281,8.873,84.0,0.1,11.91812
2025-03-09 15:00:00+00:00,0.273,11.023,75.0,0.0,15.141414
2025-03-09 16:00:00+00:00,0.272,11.422999,70.0,0.2,27.362368
2025-03-09 17:00:00+00:00,0.266,12.323,67.0,0.0,28.533264
2025-03-09 18:00:00+00:00,0.259,13.823,60.0,0.0,30.631746
2025-03-09 19:00:00+00:00,0.256,13.273,63.0,0.0,30.926493
2025-03-09 20:00:00+00:00,0.265,12.922999,68.0,0.3,25.20257
2025-03-09 21:00:00+00:00,0.275,11.922999,71.0,0.4,23.210928
2025-03-09 22:00:00+00:00,0.268,11.323,73.0,0.0,23.510508
2025-03-09 23:00:00+00:00,0.277,9.922999,82.0,0.4,19.164717
2025-03-10 00:00:00+00:00,0.272,9.873,83.0,0.3,16.79314
2025-03-10 01:00:00+00:00,0.268,8.973,73.0,0.0,21.218632
2025-03-10 02:00:00+00:00,0.263,7.9230003,77.0,0.0,19.483284
2025-03-10 03:00:00+00:00,0.261,7.573,77.0,0.0,19.602652
2025-03-10 04:00:00+00:00,0.259,6.873,74.0,0.0,18.888851
2025-03-10 05:00:00+00:00,0.257,6.023,79.0,0.0,18.014393
2025-03-10 06:00:00+00:00,0.256,5.623,81.0,0.0,20.172853
2025-03-10 07:00:00+00:00,0.255,4.823,85.0,0.0,17.015474
2025-03-10 08:00:00+00:00,0.254,4.323,89.0,0.0,14.04
2025-03-10 09:00:00+00:00,0.254,4.523,90.0,0.0,14.84318
2025-03-10 10:00:00+00:00,0.254,5.7229996,78.0,0.0,16.981165
2025-03-10 11:00:00+00:00,0.252,6.2229996,66.0,0.0,15.349684
2025-03-10 12:00:00+00:00,0.252,6.323,63.0,0.0,15.683774
2025-03-10 13:00:00+00:00,0.253,6.823,56.0,0.1,18.0
2025-03-10 14:00:00+00:00,0.249,7.523,46.0,0.0,18.844202
2025-03-10 15:00:00+00:00,0.245,7.823,49.0,0.0,23.358423
2025-03-10 16:00:00+00:00,0.242,8.223,47.0,0.0,24.162947
2025-03-10 17:00:00+00:00,0.239,8.773,46.0,0.0,25.925
2025-03-10 18:00:00+00:00,0.238,8.623,46.0,0.0,25.071098
2025-03-10 19:00:00+00:00,0.237,8.123,51.0,0.0,27.475807
2025-03-10 20:00:00+00:00,0.236,8.473,48.0,0.0,30.121912
2025-03-10 21:00:00+00:00,0.235,7.9729996,52.0,0.0,27.416782
2025-03-10 22:00:00+00:00,0.234,7.573,61.0,0.0,25.862436
2025-03-10 23:00:00+00:00,0.234,6.9729996,68.0,0.0,23.675303
2025-03-11 00:00:00+00:00,0.235,6.623,70.0,0.0,23.469128
2025-03-11 01:00:00+00:00,0.235,6.373,74.0,0.0,23.084955
2025-03-11 02:00:00+00:00,0.235,6.323,74.0,0.0,22.007162
2025-03-11 03:00:00+00:00,0.235,6.123,76.0,0.0,21.9718
2025-03-11 04:00:00+00:00,0.235,6.2229996,78.0,0.0,22.366402
2025-03-11 05:00:00+00:00,0.235,6.323,77.0,0.0,24.29133
2025-03-11 06:00:00+00:00,0.235,6.623,76.0,0.0,23.042812
2025-03-11 07:00:00+00:00,0.235,6.523,79.0,0.0,23.40277
2025-03-11 08:00:00+00:00,0.235,6.6730003,78.0,0.0,23.051247
2025-03-11 09:00:00+00:00,0.234,6.873,79.0,0.0,23.469128
2025-03-11 10:00:00+00:00,0.234,7.2229996,78.0,0.0,23.857979
2025-03-11 11:00:00+00:00,0.234,7.573,77.0,0.0,24.905132
2025-03-11 12:00:00+00:00,0.233,8.223,77.0,0.0,26.302181
2025-03-11 13:00:00+00:00,0.233,9.323,72.0,0.0,28.835976
2025-03-11 14:00:00+00:00,0.232,10.473,67.0,0.0,30.096085
2025-03-11 15:00:00+00:00,0.23,11.623,61.0,0.0,31.205997
2025-03-11 16:00:00+00:00,0.228,12.223,57.0,0.0,31.104082
2025-03-11 17:00:00+00:00,0.225,12.922999,54.0,0.0,30.633865
2025-03-11 18:00:00+00:00,0.223,13.323,56.0,0.0,34.66858
2025-03-11 19:00:00+00:00,0.222,13.073,57.0,0.0,33.82659
2025-03-11 20:00:00+00:00,0.221,12.823,58.0,0.0,31.999523
2025-03-11 21:00:00+00:00,0.22,12.223,62.0,0.0,30.563978
2025-03-11 22:00:00+00:00,0.22,11.223,66.0,0.0,30.430117
2025-03-11 23:00:00+00:00,0.22,10.023,71.0,0.0,28.19285
2025-03-12 00:00:00+00:00,0.219,9.023,77.0,0.0,26.649727
2025-03-12 01:00:00+00:00,0.22,8.672999,79.0,0.0,25.942488
2025-03-12 02:00:00+00:00,0.22,8.323,79.0,0.0,25.570139
2025-03-12 03:00:00+00:00,0.22,7.873,78.0,0.0,22.366402
2025-03-12 04:00:00+00:00,0.221,7.4729996,80.0,0.0,21.647945
2025-03-12 05:00:00+00:00,0.221,7.023,79.0,0.0,18.733839
2025-03-12 06:00:00+00:00,0.221,6.6730003,77.0,0.0,17.698677
2025-03-12 07:00:00+00:00,0.221,6.4230003,75.0,0.0,15.815435
2025-03-12 08:00:00+00:00,0.221,6.2229996,71.0,0.0,15.596767
2025-03-12 09:00:00+00:00,0.221,6.073,72.0,0.0,15.937878
2025-03-12 10:00:00+00:00,0.22,6.1730003,78.0,0.0,15.937878
2025-03-12 11:00:00+00:00,0.221,6.4230003,84.0,0.0,15.0038395
2025-03-12 12:00:00+00:00,0.221,7.1730003,82.0,0.0,11.503113
2025-03-12 13:00:00+00:00,0.22,8.273,76.0,0.0,12.768586
2025-03-12 14:00:00+00:00,0.219,9.172999,70.0,0.0,13.32
2025-03-12 15:00:00+00:00,0.218,9.973,65.0,0.0,14.24163
2025-03-12 16:00:00+00:00,0.217,10.023,65.0,0.0,12.303366
2025-03-12 17:00:00+00:00,0.216,10.023,64.0,0.0,10.948973
2025-03-12 18:00:00+00:00,0.216,11.323,55.0,0.0,10.365251
2025-03-12 19:00:00+00:00,0.215,11.523,55.0,0.0,7.0911775
2025-03-12 20:00:00+00:00,0.214,12.323,54.0,0.0,5.6002855
2025-03-12 21:00:00+00:00,0.213,13.023,54.0,0.0,5.991594
2025-03-12 22:00:00+00:00,0.212,13.273,57.0,0.0,4.379589
2025-03-12 23:00:00+00:00,0.213,11.773,66.0,0.0,4.39436
2025-03-13 00:00:00+00:00,0.192,9.172999,77.0,0.0,5.2416787
2025-03-13 01:00:00+00:00,0.192,8.672999,80.0,0.1,3.396233
2025-03-13 02:00:00+00:00,0.216,8.173,89.0,0.9,2.968636
2025-03-13 03:00:00+00:00,0.29,8.173,91.0,1.4,2.9024127
2025-03-13 04:00:00+00:00,0.308,8.223,90.0,1.1,4.73506
2025-03-13 05:00:00+00:00,0.291,8.373,88.0,0.0,2.6208394
2025-03-13 06:00:00+00:00,0.296,10.773,73.0,0.0,27.609911
2025-03-13 07:00:00+00:00,0.281,10.172999,76.0,0.0,20.907913
2025-03-13 08:00:00+00:00,0.272,9.323,77.0,0.0,18.1041
2025-03-13 09:00:00+00:00,0.266,8.523,79.0,0.0,23.806318
2025-03-13 10:00:00+00:00,0.262,8.573,74.0,0.0,27.402597
2025-03-13 11:00:00+00:00,0.258,8.623,71.0,0.0,28.528723
2025-03-13 12:00:00+00:00,0.256,9.523,69.0,0.0,29.59235
2025-03-13 13:00:00+00:00,0.252,9.873,61.0,0.0,32.85678
2025-03-13 14:00:00+00:00,0.249,10.473,60.0,0.0,31.367552
2025-03-13 15:00:00+00:00,0.246,10.873,55.0,0.0,32.489876
2025-03-13 16:00:00+00:00,0.244,10.123,59.0,0.1,32.52177
2025-03-13 17:00:00+00:00,0.252,10.123,64.0,0.3,34.162083
2025-03-13 18:00:00+00:00,0.267,10.223,69.0,1.0,35.259792
2025-03-13 19:00:00+00:00,0.264,11.223,65.0,0.1,35.016357
2025-03-13 20:00:00+00:00,0.256,11.723,55.0,0.0,35.33506
2025-03-13 21:00:00+00:00,0.252,10.973,54.0,0.0,32.809414
2025-03-13 22:00:00+00:00,0.249,10.073,57.0,0.0,30.619051
2025-03-13 23:00:00+00:00,0.251,8.873,63.0,0.1,30.096085
2025-03-14 00:00:00+00:00,0.248,7.9230003,71.0,0.1,31.780067
2025-03-14 01:00:00+00:00,0.246,7.2229996,70.0,0.0,31.035257
2025-03-14 02:00:00+00:00,0.245,6.9230003,72.0,0.0,32.138947
2025-03-14 03:00:00+00:00,0.244,6.6730003,73.0,0.0,32.072342
2025-03-14 04:00:00+00:00,0.243,6.373,73.0,0.0,30.619051
2025-03-14 05:00:00+00:00,0.242,6.323,73.0,0.0,30.317043
2025-03-14 06:00:00+00:00,0.241,6.123,75.0,0.0,26.642431
2025-03-14 07:00:00+00:00,0.24,6.073,75.0,0.0,26.661882
2025-03-14 08:00:00+00:00,0.239,5.7229996,74.0,0.0,24.251284
2025-03-14 09:00:00+00:00,0.239,5.373,77.0,0.0,21.046917
2025-03-14 10:00:00+00:00,0.238,5.123,82.0,0.0,18.388212
2025-03-14 11:00:00+00:00,0.238,5.373,84.0,0.0,18.218275
2025-03-14 12:00:00+00:00,0.238,7.123,76.0,0.0,20.63023
2025-03-14 13:00:00+00:00,0.236,8.823,68.0,0.0,23.828083
2025-03-14 14:00:00+00:00,0.235,9.473,66.0,0.0,22.66857
2025-03-14 15:00:00+00:00,0.233,9.922999,65.0,0.0,23.47741
2025-03-14 16:00:00+00:00,0.232,10.623,66.0,0.0,22.89611
2025-03-14 17:00:00+00:00,0.231,11.223,66.0,0.0,26.674032
2025-03-14 18:00:00+00:00,0.229,11.823,64.0,0.0,25.872456
2025-03-14 19:00:00+00:00,0.228,11.973,64.0,0.0,24.33664
2025-03-14 20:00:00+00:00,0.227,12.422999,62.0,0.0,25.809765
2025-03-14 21:00:00+00:00,0.237,11.172999,71.0,0.4,25.1614
2025-03-14 22:00:00+00:00,0.256,10.523,75.0,0.4,24.216522
2025-03-14 23:00:00+00:00,0.269,10.073,77.0,0.5,25.233404
2025-03-15 00:00:00+00:00,0.271,9.922999,76.0,0.4,23.277834
2025-03-15 01:00:00+00:00,0.277,9.723,78.0,0.4,22.608458
2025-03-15 02:00:00+00:00,0.287,9.573,79.0,0.5,22.608458
2025-03-15 03:00:00+00:00,0.301,9.473,80.0,0.7,22.66857
2025-03-15 04:00:00+00:00,0.305,9.422999,81.0,0.6,22.148046
2025-03-15 05:00:00+00:00,0.296,9.672999,79.0,0.2,24.408424
2025-03-15 06:00:00+00:00,0.288,10.073,76.0,0.0,25.630886
2025-03-15 07:00:00+00:00,0.283,9.922999,81.0,0.1,25.233406
2025-03-15 08:00:00+00:00,0.279,9.172999,84.0,0.0,21.26744
2025-03-15 09:00:00+00:00,0.274,7.573,67.0,0.0,24.933735
2025-03-15 10:00:00+00:00,0.271,6.123,75.0,0.0,23.084955
2025-03-15 11:00:00+00:00,0.269,5.9230003,76.0,0.0,20.892412
2025-03-15 12:00:00+00:00,0.266,7.1730003,68.0,0.0,18.057508
2025-03-15 13:00:00+00:00,0.264,8.723,62.0,0.0,21.316135
2025-03-15 14:00:00+00:00,0.261,10.373,52.0,0.0,26.341572
2025-03-15 15:00:00+00:00,0.258,11.273,48.0,0.0,27.908709
2025-03-15 16:00:00+00:00,0.255,12.023,45.0,0.0,27.551172
2025-03-15 17:00:00+00:00,0.253,12.422999,43.0,0.0,27.117346
2025-03-15 18:00:00+00:00,0.25,12.873,41.0,0.0,26.368616
2025-03-15 19:00:00+00:00,0.248,12.922999,40.0,0.0,24.933735
2025-03-15 20:00:00+00:00,0.246,12.823,41.0,0.0,23.084955
2025-03-15 21:00:00+00:00,0.245,12.373,42.0,0.0,20.883104
2025-03-15 22:00:00+00:00,0.244,11.623,46.0,0.0,17.731598
2025-03-15 23:00:00+00:00,0.243,10.273,51.0,0.0,12.9249525
2025-03-16 00:00:00+00:00,0.243,8.373,64.0,0.0,9.531505
2025-03-16 01:00:00+00:00,0.243,7.4230003,70.0,0.0,7.754637
2025-03-16 02:00:00+00:00,0.243,6.4729996,76.0,0.0,6.6087217
2025-03-16 03:00:00+00:00,0.243,5.523,81.0,0.0,5.6233797
2025-03-16 04:00:00+00:00,0.243,4.6730003,85.0,0.0,5.692099
2025-03-16 05:00:00+00:00,0.243,4.023,88.0,0.0,5.00128
2025-03-16 06:00:00+00:00,0.242,3.673,87.0,0.0,4.198285
2025-03-16 07:00:00+00:00,0.242,3.573,87.0,0.0,3.6
2025-03-16 08:00:00+00:00,0.242,3.373,86.0,0.0,2.9024127
2025-03-16 09:00:00+00:00,0.242,3.673,84.0,0.0,1.9386592
2025-03-16 10:00:00+00:00,0.241,4.4729996,81.0,0.0,0.71999997
2025-03-16 11:00:00+00:00,0.242,4.6730003,81.0,0.0,2.8116899
2025-03-16 12:00:00+00:00,0.241,5.023,83.0,0.0,3.8268526
2025-03-16 13:00:00+00:00,0.24,7.573,74.0,0.0,4.3349743
2025-03-16 14:00:00+00:00,0.239,9.523,64.0,0.0,2.5455842
2025-03-16 15:00:00+00:00,0.236,11.422999,58.0,0.0,5.3517847
2025-03-16 16:00:00+00:00,0.234,13.223,56.0,0.0,6.638072
2025-03-16 17:00:00+00:00,0.232,15.073,50.0,0.0,12.496718
2025-03-16 18:00:00+00:00,0.23,16.073,42.0,0.0,15.124284
2025-03-16 19:00:00+00:00,0.229,16.173,45.0,0.0,14.336861
2025-03-16 20:00:00+00:00,0.227,16.873001,42.0,0.0,16.595179
2025-03-16 21:00:00+00:00,0.226,16.323,44.0,0.0,18.057508
2025-03-16 22:00:00+00:00,0.225,15.172999,52.0,0.0,16.595179
2025-03-16 23:00:00+00:00,0.225,12.973,58.0,0.0,15.408671
2025-03-17 00:00:00+00:00,0.219,11.172999,70.0,0.0,9.885262
2025-03-17 01:00:00+00:00,0.24,10.172999,79.0,0.6,8.654986
2025-03-17 02:00:00+00:00,0.244,9.573,85.0,0.1,10.661107
2025-03-17 03:00:00+00:00,0.25,9.223,90.0,0.2,10.464798
2025-03-17 04:00:00+00:00,0.244,8.922999,94.0,0.0,6.28713
2025-03-17 05:00:00+00:00,0.241,8.373,96.0,0.0,3.8268526
2025-03-17 06:00:00+00:00,0.234,7.573,99.0,0.0,3.396233
2025-03-17 07:00:00+00:00,0.233,7.4729996,98.0,0.0,1.609969
2025-03-17 08:00:00+00:00,0.233,8.523,89.0,0.0,10.464797
2025-03-17 09:00:00+00:00,0.24,10.573,63.0,0.0,31.235058
2025-03-17 10:00:00+00:00,0.236,9.723,71.0,0.0,30.500309
2025-03-17 11:00:00+00:00,0.234,8.723,71.0,0.0,28.639803
2025-03-17 12:00:00+00:00,0.232,8.723,70.0,0.0,28.348713
2025-03-17 13:00:00+00:00,0.229,9.172999,62.0,0.0,29.834423
2025-03-17 14:00:00+00:00,0.226,9.672999,56.0,0.0,32.489872
2025-03-17 15:00:00+00:00,0.223,9.973,55.0,0.0,34.63492
2025-03-17 16:00:00+00:00,0.221,10.073,53.0,0.0,34.619946
2025-03-17 17:00:00+00:00,0.233,9.973,55.0,0.3,34.674183
2025-03-17 18:00:00+00:00,0.216,10.623,54.0,0.0,33.280045
2025-03-17 19:00:00+00:00,0.232,10.123,57.0,0.3,32.219494
2025-03-17 20:00:00+00:00,0.25,9.273,62.0,0.5,32.402
2025-03-17 21:00:00+00:00,0.236,9.273,65.0,0.0,32.619255
2025-03-17 22:00:00+00:00,0.232,8.473,65.0,0.0,31.311724
2025-03-17 23:00:00+00:00,0.23,7.523,59.0,0.0,28.241076
2025-03-18 00:00:00+00:00,0.219,6.873,62.0,0.0,23.576563
2025-03-18 01:00:00+00:00,0.219,6.1730003,70.0,0.0,21.288757
2025-03-18 02:00:00+00:00,0.219,5.623,76.0,0.0,20.774214
2025-03-18 03:00:00+00:00,0.219,5.4230003,77.0,0.0,19.211996
2025-03-18 04:00:00+00:00,0.219,5.123,76.0,0.0,17.555305
2025-03-18 05:00:00+00:00,0.219,4.573,80.0,0.0,15.034041
2025-03-18 06:00:00+00:00,0.219,4.123,84.0,0.0,13.779114
2025-03-18 07:00:00+00:00,0.219,4.573,81.0,0.0,14.372974
2025-03-18 08:00:00+00:00,0.219,4.7229996,79.0,0.0,14.182355
2025-03-18 09:00:00+00:00,0.219,4.7229996,78.0,0.0,12.287555
2025-03-18 10:00:00+00:00,0.219,4.573,82.0,0.0,10.44
2025-03-18 11:00:00+00:00,0.219,4.273,88.0,0.0,9.339208
2025-03-18 12:00:00+00:00,0.219,5.773,80.0,0.0,12.413477
2025-03-18 13:00:00+00:00,0.218,7.373,73.0,0.0,16.179987
2025-03-18 14:00:00+00:00,0.216,8.323,66.0,0.0,20.240198
2025-03-18 15:00:00+00:00,0.215,8.922999,62.0,0.0,19.469976
2025-03-18 16:00:00+00:00,0.212,10.323,53.0,0.0,20.188908
2025-03-18 17:00:00+00:00,0.209,11.273,41.0,0.0,22.427162
2025-03-18 18:00:00+00:00,0.208,11.073,47.0,0.0,23.499481
2025-03-18 19:00:00+00:00,0.207,10.873,55.0,0.0,23.469128
2025-03-18 20:00:00+00:00,0.235,9.023,63.0,0.8,18.416384
2025-03-18 21:00:00+00:00,0.244,8.273,64.0,0.4,16.676977
2025-03-18 22:00:00+00:00,0.263,7.373,75.0,0.8,12.43434
2025-03-18 23:00:00+00:00,0.27,7.123,79.0,0.4,12.7279215
2025-03-19 00:00:00+00:00,0.256,7.7229996,72.0,0.0,10.464797
2025-03-19 01:00:00+00:00,0.25,8.422999,68.0,0.0,9.605998
2025-03-19 02:00:00+00:00,0.25,8.922999,68.0,0.2,10.144082
2025-03-19 03:00:00+00:00,0.25,9.323,69.0,0.1,12.768586
2025-03-19 04:00:00+00:00,0.25,10.422999,67.0,0.1,16.418526
2025-03-19 05:00:00+00:00,0.263,11.573,66.0,0.4,19.602652
2025-03-19 06:00:00+00:00,0.25,11.922999,61.0,0.4,18.35647
2025-03-19 07:00:00+00:00,0.246,12.373,58.0,0.0,22.104116
2025-03-19 08:00:00+00:00,0.243,12.473,59.0,0.1,26.729847
2025-03-19 09:00:00+00:00,0.276,10.723,76.0,0.9,33.1552
2025-03-19 10:00:00+00:00,0.265,10.123,75.0,0.0,25.133053
2025-03-19 11:00:00+00:00,0.27,9.723,72.0,0.4,34.449196
2025-03-19 12:00:00+00:00,0.261,10.523,66.0,0.0,32.219498
2025-03-19 13:00:00+00:00,0.256,10.873,65.0,0.0,36.158054
2025-03-19 14:00:00+00:00,0.251,11.723,61.0,0.0,37.419224
2025-03-19 15:00:00+00:00,0.248,12.073,59.0,0.0,38.48129
2025-03-19 16:00:00+00:00,0.244,12.123,60.0,0.0,39.28456
2025-03-19 17:00:00+00:00,0.242,12.172999,59.0,0.0,39.149067
2025-03-19 18:00:00+00:00,0.239,11.973,60.0,0.0,42.120003
2025-03-19 19:00:00+00:00,0.237,11.873,57.0,0.0,41.67612
2025-03-19 20:00:00+00:00,0.235,11.473,57.0,0.0,39.966484
2025-03-19 21:00:00+00:00,0.233,10.922999,57.0,0.0,39.81704
2025-03-19 22:00:00+00:00,0.233,10.123,59.0,0.0,37.10795
2025-03-19 23:00:00+00:00,0.232,9.422999,61.0,0.0,33.27031
2025-03-20 00:00:00+00:00,0.225,8.773,69.0,0.0,32.136932
2025-03-20 01:00:00+00:00,0.225,8.323,71.0,0.0,29.775719
2025-03-20 02:00:00+00:00,0.225,7.9729996,76.0,0.0,26.882141
2025-03-20 03:00:00+00:00,0.225,7.773,78.0,0.0,24.144167
2025-03-20 04:00:00+00:00,0.225,7.623,77.0,0.0,22.238562
2025-03-20 05:00:00+00:00,0.225,7.873,78.0,0.0,21.889065
2025-03-20 06:00:00+00:00,0.225,7.273,77.0,0.0,23.664352
2025-03-20 07:00:00+00:00,0.225,6.9729996,80.0,0.0,20.620804
2025-03-20 08:00:00+00:00,0.225,6.873,82.0,0.0,18.844202
2025-03-20 09:00:00+00:00,0.224,6.823,84.0,0.0,16.92383
2025-03-20 10:00:00+00:00,0.224,6.6730003,86.0,0.0,15.137133
2025-03-20 11:00:00+00:00,0.224,6.523,85.0,0.0,13.70839
2025-03-20 12:00:00+00:00,0.224,7.2229996,81.0,0.0,10.464797
2025-03-20 13:00:00+00:00,0.223,8.723,73.0,0.0,15.124284
2025-03-20 14:00:00+00:00,0.221,9.623,64.0,0.0,20.00512
2025-03-20 15:00:00+00:00,0.219,10.473,60.0,0.0,20.240198
2025-03-20 16:00:00+00:00,0.224,11.023,60.0,0.1,23.233252
2025-03-20 17:00:00+00:00,0.246,10.773,65.0,0.5,24.485292
2025-03-20 18:00:00+00:00,0.231,11.672999,56.0,0.4,28.227304
2025-03-20 19:00:00+00:00,0.224,11.823,53.0,0.0,30.05515
2025-03-20 20:00:00+00:00,0.222,11.123,55.0,0.0,27.579382
2025-03-20 21:00:00+00:00,0.221,10.523,56.0,0.0,28.357855
2025-03-20 22:00:00+00:00,0.22,9.473,62.0,0.0,25.49908
2025-03-20 23:00:00+00:00,0.219,8.623,60.0,0.0,24.798223
2025-03-21 00:00:00+00:00,0.206,7.623,62.0,0.0,23.97989
2025-03-21 01:00:00+00:00,0.206,6.6730003,65.0,0.0,22.19773
2025-03-21 02:00:00+00:00,0.206,5.9230003,69.0,0.0,20.969805
2025-03-21 03:00:00+00:00,0.206,5.4230003,71.0,0.0,21.322214
2025-03-21 04:00:00+00:00,0.206,5.323,71.0,0.0,22.461807
2025-03-21 05:00:00+00:00,0.206,5.023,66.0,0.0,25.562534
2025-03-21 06:00:00+00:00,0.206,4.4729996,70.0,0.0,26.302181
2025-03-21 07:00:00+00:00,0.206,4.073,73.0,0.0,25.6233
2025-03-21 08:00:00+00:00,0.206,3.873,76.0,0.0,24.57511
2025-03-21 09:00:00+00:00,0.206,3.723,76.0,0.0,23.857979
2025-03-21 10:00:00+00:00,0.206,3.473,77.0,0.0,23.14103
2025-03-21 11:00:00+00:00,0.206,3.323,78.0,0.0,22.065973
2025-03-21 12:00:00+00:00,0.206,4.1730003,77.0,0.0,22.148045
2025-03-21 13:00:00+00:00,0.205,5.623,68.0,0.0,24.490587
2025-03-21 14:00:00+00:00,0.203,6.9729996,56.0,0.0,27.181787
2025-03-21 15:00:00+00:00,0.201,7.623,51.0,0.0,28.988384
2025-03-21 16:00:00+00:00,0.199,8.323,48.0,0.0,29.250967
2025-03-21 17:00:00+00:00,0.197,8.672999,47.0,0.0,28.739187
2025-03-21 18:00:00+00:00,0.195,9.023,44.0,0.0,31.104082
2025-03-21 19:00:00+00:00,0.194,8.973,45.0,0.0,29.620802
2025-03-21 20:00:00+00:00,0.193,8.773,46.0,0.0,27.504095
2025-03-21 21:00:00+00:00,0.192,8.273,51.0,0.0,25.14852
2025-03-21 22:00:00+00:00,0.192,7.273,56.0,0.0,22.963936
2025-03-21 23:00:00+00:00,0.193,5.9230003,65.0,0.0,19.083395
2025-03-22 00:00:00+00:00,0.193,4.873,70.0,0.0,20.240196
2025-03-22 01:00:00+00:00,0.193,4.223,72.0,0.0,18.998314
2025-03-22 02:00:00+00:00,0.194,3.573,77.0,0.0,17.462782
2025-03-22 03:00:00+00:00,0.195,3.123,80.0,0.0,16.766108
2025-03-22 04:00:00+00:00,0.196,2.773,85.0,0.0,16.766108
2025-03-22 05:00:00+00:00,0.196,2.623,88.0,0.0,16.24394
2025-03-22 06:00:00+00:00,0.197,2.373,90.0,0.0,15.379206
2025-03-22 07:00:00+00:00,0.198,2.1729999,90.0,0.0,14.934577
2025-03-22 08:00:00+00:00,0.198,2.023,89.0,0.0,14.934577
2025-03-22 09:00:00+00:00,0.198,1.923,90.0,0.0,14.494192
2025-03-22 10:00:00+00:00,0.199,1.723,90.0,0.0,14.145756
2025-03-22 11:00:00+00:00,0.199,1.723,90.0,0.0,13.358861
2025-03-22 12:00:00+00:00,0.199,3.073,84.0,0.0,15.716793
2025-03-22 13:00:00+00:00,0.198,5.4230003,72.0,0.0,19.353138
2025-03-22 14:00:00+00:00,0.196,7.373,65.0,0.0,23.664352
2025-03-22 15:00:00+00:00,0.194,8.873,58.0,0.0,26.758923
2025-03-22 16:00:00+00:00,0.192,9.773,56.0,0.0,27.36947
2025-03-22 17:00:00+00:00,0.19,9.873,56.0,0.0,30.259275
2025-03-22 18:00:00+00:00,0.189,11.223,49.0,0.0,29.88217
2025-03-22 19:00:00+00:00,0.188,11.123,50.0,0.0,29.957968
2025-03-22 20:00:00+00:00,0.188,10.873,55.0,0.0,27.952787
2025-03-22 21:00:00+00:00,0.188,10.723,58.0,0.0,26.654589
2025-03-22 22:00:00+00:00,0.188,10.223,64.0,0.0,28.483257
2025-03-22 23:00:00+00:00,0.188,9.873,65.0,0.0,29.830078
2025-03-23 00:00:00+00:00,0.185,9.623,70.0,0.0,30.735231
2025-03-23 01:00:00+00:00,0.185,9.373,75.0,0.0,29.888672
2025-03-23 02:00:00+00:00,0.185,9.223,73.0,0.0,30.657122
2025-03-23 03:00:00+00:00,0.186,8.973,73.0,0.0,30.302078
2025-03-23 04:00:00+00:00,0.186,8.873,74.0,0.0,32.761974
2025-03-23 05:00:00+00:00,0.186,8.873,75.0,0.0,34.488674
2025-03-23 06:00:00+00:00,0.186,9.023,72.0,0.0,33.441265
2025-03-23 07:00:00+00:00,0.187,9.123,74.0,0.0,32.933605
2025-03-23 08:00:00+00:00,0.187,9.172999,76.0,0.0,30.911821
2025-03-23 09:00:00+00:00,0.187,9.273,79.0,0.0,31.700449
2025-03-23 10:00:00+00:00,0.188,9.273,82.0,0.1,30.068083
2025-03-23 11:00:00+00:00,0.193,9.473,83.0,0.1,29.598919
2025-03-23 12:00:00+00:00,0.188,10.073,78.0,0.0,31.550869
2025-03-23 13:00:00+00:00,0.188,10.573,75.0,0.0,35.455887
2025-03-23 14:00:00+00:00,0.188,10.672999,72.0,0.0,36.57855
2025-03-23 15:00:00+00:00,0.187,10.922999,72.0,0.0,41.493805
2025-03-23 16:00:00+00:00,0.187,10.973,75.0,0.0,42.57295
2025-03-23 17:00:00+00:00,0.187,11.223,75.0,0.0,42.093834
2025-03-23 18:00:00+00:00,0.187,12.373,72.0,0.0,42.444897
2025-03-23 19:00:00+00:00,0.187,12.073,75.0,0.0,41.085762
2025-03-23 20:00:00+00:00,0.187,12.323,77.0,0.0,40.155735
2025-03-23 21:00:00+00:00,0.188,11.922999,79.0,0.1,37.524708
2025-03-23 22:00:00+00:00,0.199,11.273,81.0,0.2,36.0072
2025-03-23 23:00:00+00:00,0.2,10.723,79.0,0.1,40.808823
2025-03-24 00:00:00+00:00,0.194,10.672999,75.0,0.0,48.63332
2025-03-24 01:00:00+00:00,0.192,9.773,71.0,0.0,48.860634
2025-03-24 02:00:00+00:00,0.192,9.073,70.0,0.0,48.673275
2025-03-24 03:00:00+00:00,0.191,8.373,69.0,0.0,47.42855
2025-03-24 04:00:00+00:00,0.191,7.573,70.0,0.0,49.386963
2025-03-24 05:00:00+00:00,0.19,7.123,69.0,0.0,49.698254
2025-03-24 06:00:00+00:00,0.19,7.523,65.0,0.0,50.425705
2025-03-24 07:00:00+00:00,0.19,7.373,66.0,0.0,49.864872
2025-03-24 08:00:00+00:00,0.19,7.323,64.0,0.0,48.02594
2025-03-24 09:00:00+00:00,0.19,7.373,63.0,0.0,46.889915
2025-03-24 10:00:00+00:00,0.189,7.323,62.0,0.0,45.31569
2025-03-24 11:00:00+00:00,0.189,7.2229996,61.0,0.0,42.69606
2025-03-24 12:00:00+00:00,0.189,8.273,54.0,0.0,39.172234
2025-03-24 13:00:00+00:00,0.189,9.073,53.0,0.0,38.275295
2025-03-24 14:00:00+00:00,0.188,10.273,48.0,0.0,37.585102
2025-03-24 15:00:00+00:00,0.187,10.973,46.0,0.0,35.900864
2025-03-24 16:00:00+00:00,0.186,11.623,44.0,0.0,34.22841
2025-03-24 17:00:00+00:00,0.186,12.023,42.0,0.0,32.219494
2025-03-24 18:00:00+00:00,0.185,12.922999,39.0,0.0,34.743263
2025-03-24 19:00:00+00:00,0.184,12.723,42.0,0.0,33.50128
2025-03-24 20:00:00+00:00,0.184,12.172999,46.0,0.0,32.998474
2025-03-24 21:00:00+00:00,0.184,11.473,51.0,0.0,31.394394
2025-03-24 22:00:00+00:00,0.184,10.623,52.0,0.0,30.344814
2025-03-24 23:00:00+00:00,0.184,10.323,61.0,0.0,29.601109
2025-03-25 00:00:00+00:00,0.177,10.573,56.0,0.0,27.103
2025-03-25 01:00:00+00:00,0.177,10.672999,59.0,0.0,24.023088
2025-03-25 02:00:00+00:00,0.177,10.723,69.0,0.0,21.175835
2025-03-25 03:00:00+00:00,0.178,10.873,83.0,0.0,21.862406
2025-03-25 04:00:00+00:00,0.178,11.422999,89.0,0.0,24.288662
2025-03-25 05:00:00+00:00,0.178,11.672999,89.0,0.0,26.6327
2025-03-25 06:00:00+00:00,0.179,12.023,84.0,0.0,30.758411
2025-03-25 07:00:00+00:00,0.179,11.973,83.0,0.0,29.379177
2025-03-25 08:00:00+00:00,0.179,11.523,84.0,0.0,28.988384
2025-03-25 09:00:00+00:00,0.179,11.223,86.0,0.0,30.302078
2025-03-25 10:00:00+00:00,0.179,11.123,86.0,0.0,30.955812
2025-03-25 11:00:00+00:00,0.18,11.223,86.0,0.0,32.846916
2025-03-25 12:00:00+00:00,0.18,12.323,73.0,0.0,34.711544
2025-03-25 13:00:00+00:00,0.179,12.422999,66.0,0.0,40.334457
2025-03-25 14:00:00+00:00,0.179,12.273,63.0,0.0,38.723015
2025-03-25 15:00:00+00:00,0.178,12.172999,62.0,0.0,41.090492
2025-03-25 16:00:00+00:00,0.178,12.172999,64.0,0.0,41.085762
2025-03-25 17:00:00+00:00,0.178,12.573,63.0,0.0,43.273434
2025-03-25 18:00:00+00:00,0.178,11.873,68.0,0.0,41.065254
2025-03-25 19:00:00+00:00,0.178,12.172999,67.0,0.0,39.606544
2025-03-25 20:00:00+00:00,0.177,12.373,67.0,0.0,36.028786
2025-03-25 21:00:00+00:00,0.177,11.773,69.0,0.0,31.421213
2025-03-25 22:00:00+00:00,0.177,11.123,72.0,0.0,27.757376
2025-03-25 23:00:00+00:00,0.178,10.573,75.0,0.0,23.535301
2025-03-26 00:00:00+00:00,0.177,10.172999,78.0,0.0,18.94024
2025-03-26 01:00:00+00:00,0.177,9.422999,81.0,0.0,16.520823
2025-03-26 02:00:00+00:00,0.177,8.823,84.0,0.0,13.849476
2025-03-26 03:00:00+00:00,0.178,8.273,88.0,0.0,12.015589
2025-03-26 04:00:00+00:00,0.178,7.9230003,88.0,0.0,10.1376915
2025-03-26 05:00:00+00:00,0.178,7.373,90.0,0.0,7.342588
2025-03-26 06:00:00+00:00,0.178,6.9230003,90.0,0.0,9.107359
2025-03-26 07:00:00+00:00,0.179,6.623,89.0,0.0,8.557102
2025-03-26 08:00:00+00:00,0.179,6.373,89.0,0.0,6.5693827
2025-03-26 09:00:00+00:00,0.179,6.323,89.0,0.0,4.896529
2025-03-26 10:00:00+00:00,0.179,6.6730003,87.0,0.0,1.08
2025-03-26 11:00:00+00:00,0.179,6.323,88.0,0.0,3.8939953
2025-03-26 12:00:00+00:00,0.179,6.273,92.0,0.0,4.452954
2025-03-26 13:00:00+00:00,0.179,8.373,80.0,0.0,6.28713
2025-03-26 14:00:00+00:00,0.179,10.172999,73.0,0.0,9.47012
2025-03-26 15:00:00+00:00,0.178,12.023,67.0,0.0,12.594856
2025-03-26 16:00:00+00:00,0.177,13.422999,65.0,0.0,15.807239
2025-03-26 17:00:00+00:00,0.176,14.273,61.0,0.0,17.026896
2025-03-26 18:00:00+00:00,0.175,15.223,58.0,0.0,18.161278
2025-03-26 19:00:00+00:00,0.174,14.773,60.0,0.0,18.671474
2025-03-26 20:00:00+00:00,0.174,13.773,64.0,0.0,19.969458
2025-03-26 21:00:00+00:00,0.174,12.773,67.0,0.0,19.008547
2025-03-26 22:00:00+00:00,0.174,11.973,70.0,0.0,16.520823
2025-03-26 23:00:00+00:00,0.174,10.573,77.0,0.0,12.959999
2025-03-27 00:00:00+00:00,0.174,9.422999,86.0,0.0,10.390226
2025-03-27 01:00:00+00:00,0.176,10.172999,82.0,0.0,15.077082
2025-03-27 02:00:00+00:00,0.175,10.373,67.0,0.0,27.943512
2025-03-27 03:00:00+00:00,0.175,9.323,74.0,0.0,24.1388
2025-03-27 04:00:00+00:00,0.176,8.973,74.0,0.0,26.079508
2025-03-27 05:00:00+00:00,0.176,8.873,68.0,0.0,26.368616
2025-03-27 06:00:00+00:00,0.176,9.223,71.0,0.0,21.746504
2025-03-27 07:00:00+00:00,0.176,9.223,68.0,0.0,28.137634
2025-03-27 08:00:00+00:00,0.176,8.323,71.0,0.0,23.576563
2025-03-27 09:00:00+00:00,0.176,7.6730003,75.0,0.0,20.674158
2025-03-27 10:00:00+00:00,0.176,7.323,79.0,0.0,17.106628
2025-03-27 11:00:00+00:00,0.176,6.9230003,83.0,0.0,13.556282
2025-03-27 12:00:00+00:00,0.176,7.323,79.0,0.0,13.039754
2025-03-27 13:00:00+00:00,0.176,8.823,67.0,0.0,18.72346
2025-03-27 14:00:00+00:00,0.175,9.573,56.0,0.0,24.187069
2025-03-27 15:00:00+00:00,0.175,10.073,52.0,0.0,24.863468
2025-03-27 16:00:00+00:00,0.174,10.573,48.0,0.0,25.582806
2025-03-27 17:00:00+00:00,0.173,10.773,47.0,0.0,24.863468
2025-03-27 18:00:00+00:00,0.172,12.223,43.0,0.0,25.570139
2025-03-27 19:00:00+00:00,0.171,12.672999,39.0,0.0,21.9718
2025-03-27 20:00:00+00:00,0.17,12.223,44.0,0.0,23.535301
2025-03-27 21:00:00+00:00,0.17,11.323,51.0,0.0,22.668568
2025-03-27 22:00:00+00:00,0.17,10.623,57.0,0.0,16.595179
2025-03-27 23:00:00+00:00,0.171,9.623,64.0,0.0,10.163227
2025-03-28 00:00:00+00:00,0.17,8.523,72.0,0.0,7.653705
2025-03-28 01:00:00+00:00,0.17,8.023,80.0,0.0,7.42159
2025-03-28 02:00:00+00:00,0.172,8.123,83.0,0.2,9.178235
2025-03-28 03:00:00+00:00,0.233,8.023,87.0,0.8,8.891343
2025-03-28 04:00:00+00:00,0.224,7.9230003,91.0,0.2,9.957108
2025-03-28 05:00:00+00:00,0.217,7.823,91.0,0.0,11.457958
2025-03-28 06:00:00+00:00,0.18,7.023,91.0,0.0,7.6367526
2025-03-28 07:00:00+00:00,0.181,6.9729996,91.0,0.0,7.2
2025-03-28 08:00:00+00:00,0.208,7.323,90.0,0.4,7.5685663
2025-03-28 09:00:00+00:00,0.225,7.273,90.0,0.5,8.049845
2025-03-28 10:00:00+00:00,0.215,7.073,91.0,0.0,9.793059
2025-03-28 11:00:00+00:00,0.21,6.873,93.0,0.0,10.383987
2025-03-28 12:00:00+00:00,0.212,7.323,92.0,0.0,13.049689
2025-03-28 13:00:00+00:00,0.21,8.573,81.0,0.0,16.45007
2025-03-28 14:00:00+00:00,0.207,9.823,69.0,0.0,19.483284
2025-03-28 15:00:00+00:00,0.204,10.623,62.0,0.0,20.345573
2025-03-28 16:00:00+00:00,0.201,10.623,61.0,0.0,20.431387
2025-03-28 17:00:00+00:00,0.2,9.723,69.0,0.2,17.654686
2025-03-28 18:00:00+00:00,0.198,10.023,64.0,0.3,18.448023
2025-03-28 19:00:00+00:00,0.196,9.373,69.0,0.1,16.327497
2025-03-28 20:00:00+00:00,0.201,8.723,70.0,0.2,14.154915
2025-03-28 21:00:00+00:00,0.203,8.173,74.0,0.1,10.086427
2025-03-28 22:00:00+00:00,0.202,7.6730003,78.0,0.0,8.049845
2025-03-28 23:00:00+00:00,0.2,6.773,84.0,0.0,5.3517847
2025-03-29 00:00:00+00:00,0.196,6.1730003,89.0,0.0,5.937272
2025-03-29 01:00:00+00:00,0.196,5.7229996,90.0,0.0,6.725354
2025-03-29 02:00:00+00:00,0.196,5.523,93.0,0.1,8.825508
2025-03-29 03:00:00+00:00,0.207,5.573,90.0,0.3,10.464798
2025-03-29 04:00:00+00:00,0.208,4.6730003,86.0,0.0,12.245294
2025-03-29 05:00:00+00:00,0.205,3.473,89.0,0.0,11.183201
2025-03-29 06:00:00+00:00,0.204,2.373,91.0,0.0,11.542478
2025-03-29 07:00:00+00:00,0.203,2.023,89.0,0.0,11.367109
2025-03-29 08:00:00+00:00,0.202,1.523,89.0,0.0,11.013882
2025-03-29 09:00:00+00:00,0.201,1.323,90.0,0.0,10.483357
2025-03-29 10:00:00+00:00,0.201,1.173,92.0,0.0,9.826088
2025-03-29 11:00:00+00:00,0.2,1.073,93.0,0.0,9.290511
2025-03-29 12:00:00+00:00,0.199,1.973,90.0,0.0,11.753877
2025-03-29 13:00:00+00:00,0.2,3.973,79.0,0.0,13.708391
2025-03-29 14:00:00+00:00,0.202,5.573,66.0,0.0,20.833395
2025-03-29 15:00:00+00:00,0.198,6.873,54.0,0.0,22.148045
2025-03-29 16:00:00+00:00,0.196,7.4230003,51.0,0.0,23.893261
2025-03-29 17:00:00+00:00,0.193,8.273,49.0,0.0,24.609364
2025-03-29 18:00:00+00:00,0.19,8.723,49.0,0.0,24.609364
2025-03-29 19:00:00+00:00,0.188,8.723,49.0,0.0,24.648829
2025-03-29 20:00:00+00:00,0.186,8.373,52.0,0.0,24.967499
2025-03-29 21:00:00+00:00,0.185,7.823,57.0,0.0,23.084955
2025-03-29 22:00:00+00:00,0.185,6.773,63.0,0.0,18.03237
2025-03-29 23:00:00+00:00,0.186,5.523,69.0,0.0,13.397612
2025-03-30 00:00:00+00:00,0.187,4.1730003,80.0,0.0,11.726277
2025-03-30 01:00:00+00:00,0.188,3.323,85.0,0.0,10.966713
2025-03-30 02:00:00+00:00,0.188,2.673,89.0,0.0,12.074766
2025-03-30 03:00:00+00:00,0.189,2.323,90.0,0.0,12.397806
2025-03-30 04:00:00+00:00,0.189,2.023,89.0,0.0,12.413476
2025-03-30 05:00:00+00:00,0.189,1.823,86.0,0.0,10.739833
2025-03-30 06:00:00+00:00,0.19,1.173,90.0,0.0,8.557102
2025-03-30 07:00:00+00:00,0.19,0.673,93.0,0.0,6.6087217
2025-03-30 08:00:00+00:00,0.19,0.17300001,97.0,0.0,4.8433046
2025-03-30 09:00:00+00:00,0.19,-0.02700001,98.0,0.0,3.8939953
2025-03-30 10:00:00+00:00,0.19,-0.17699999,97.0,0.0,4.1046314
2025-03-30 11:00:00+00:00,0.19,0.073,97.0,0.0,5.1544156
2025-03-30 12:00:00+00:00,0.191,2.873,91.0,0.0,10.041354
2025-03-30 13:00:00+00:00,0.191,5.073,84.0,0.1,15.94601
2025-03-30 14:00:00+00:00,0.192,6.323,77.0,0.0,28.075384
2025-03-30 15:00:00+00:00,0.201,7.023,77.0,0.2,27.748037
2025-03-30 16:00:00+00:00,0.203,7.6730003,70.0,0.2,29.237675
2025-03-30 17:00:00+00:00,0.196,7.773,64.0,0.0,31.353085
2025-03-30 18:00:00+00:00,0.19,8.073,62.0,0.0,34.57687
2025-03-30 19:00:00+00:00,0.188,7.823,61.0,0.0,35.516148
2025-03-30 20:00:00+00:00,0.186,6.9230003,56.0,0.0,36.324337
2025-03-30 21:00:00+00:00,0.185,6.123,53.0,0.0,32.789658
2025-03-30 22:00:00+00:00,0.184,4.823,57.0,0.0,29.07989
2025-03-30 23:00:00+00:00,0.184,3.723,62.0,0.0,25.772078
2025-03-31 00:00:00+00:00,0.182,3.123,67.0,0.0,24.693481
2025-03-31 01:00:00+00:00,0.182,2.523,71.0,0.0,23.042812
2025-03-31 02:00:00+00:00,0.182,2.1729999,74.0,0.0,23.411074
2025-03-31 03:00:00+00:00,0.182,1.773,76.0,0.0,21.599998
2025-03-31 04:00:00+00:00,0.183,1.423,80.0,0.0,20.523155
2025-03-31 05:00:00+00:00,0.183,1.173,80.0,0.0,18.36353
2025-03-31 06:00:00+00:00,0.183,0.473,80.0,0.0,15.517629
2025-03-31 07:00:00+00:00,0.183,0.073,81.0,0.0,14.512064
2025-03-31 08:00:00+00:00,0.183,-0.32700002,83.0,0.0,14.154915
2025-03-31 09:00:00+00:00,0.183,-0.527,85.0,0.0,14.618837
2025-03-31 10:00:00+00:00,0.183,-0.677,86.0,0.0,14.332341
2025-03-31 11:00:00+00:00,0.184,-0.877,88.0,0.0,14.587776
2025-03-31 12:00:00+00:00,0.184,-0.07699999,83.0,0.0,17.114204
2025-03-31 13:00:00+00:00,0.183,2.073,73.0,0.0,20.431387
2025-03-31 14:00:00+00:00,0.182,4.573,61.0,0.0,28.08923
2025-03-31 15:00:00+00:00,0.185,5.2229996,63.0,0.1,27.397867
2025-03-31 16:00:00+00:00,0.19,5.773,64.0,0.1,24.546085
2025-03-31 17:00:00+00:00,0.185,6.773,52.0,0.0,27.047956
2025-03-31 18:00:00+00:00,0.176,6.9230003,52.0,0.0,25.984917
2025-03-31 19:00:00+00:00,0.175,7.123,50.0,0.0,24.648829
2025-03-31 20:00:00+00:00,0.177,6.623,57.0,0.0,21.24305
2025-03-31 21:00:00+00:00,0.176,5.9729996,63.0,0.0,16.595179
2025-03-31 22:00:00+00:00,0.176,5.073,68.0,0.0,11.043261
2025-03-31 23:00:00+00:00,0.177,4.073,77.0,0.0,7.491114
2025-04-01 00:00:00+00:00,0.178,3.723,86.0,0.1,5.2416787
2025-04-01 01:00:00+00:00,0.18,3.273,89.0,0.1,6.9153743
2025-04-01 02:00:00+00:00,0.186,3.673,90.0,0.2,9.585739
2025-04-01 03:00:00+00:00,0.189,3.873,92.0,0.2,8.942214
2025-04-01 04:00:00+00:00,0.202,4.023,93.0,0.5,9.726664
2025-04-01 05:00:00+00:00,0.266,4.223,87.0,2.3,18.0036
2025-04-01 06:00:00+00:00,0.252,4.373,89.0,1.2,9.449572
2025-04-01 07:00:00+00:00,0.239,4.523,90.0,0.1,6.6087217
2025-04-01 08:00:00+00:00,0.231,4.773,89.0,0.0,11.183201
2025-04-01 09:00:00+00:00,0.228,5.123,85.0,0.0,22.530937
2025-04-01 10:00:00+00:00,0.22,4.4729996,85.0,0.0,20.523157
2025-04-01 11:00:00+00:00,0.215,4.123,88.0,0.0,18.25026
2025-04-01 12:00:00+00:00,0.213,4.223,88.0,0.0,16.45007
2025-04-01 13:00:00+00:00,0.21,5.123,83.0,0.0,19.829433
2025-04-01 14:00:00+00:00,0.212,5.773,78.0,0.1,21.897945
2025-04-01 15:00:00+00:00,0.207,6.773,69.0,0.0,21.96295
2025-04-01 16:00:00+00:00,0.203,7.823,61.0,0.0,21.322214
2025-04-01 17:00:00+00:00,0.203,8.473,58.0,0.0,21.746502
2025-04-01 18:00:00+00:00,0.201,8.323,61.0,0.1,23.400002
2025-04-01 19:00:00+00:00,0.198,8.023,62.0,0.0,22.086521
2025-04-01 20:00:00+00:00,0.199,7.523,65.0,0.0,19.770523
2025-04-01 21:00:00+00:00,0.222,6.073,75.0,0.7,19.64558
2025-04-01 22:00:00+00:00,0.209,4.223,67.0,0.0,19.93048
2025-04-01 23:00:00+00:00,0.206,3.223,72.0,0.0,13.5515
2025-04-02 00:00:00+00:00,0.201,2.1729999,77.0,0.0,8.759178
2025-04-02 01:00:00+00:00,0.201,1.973,74.0,0.0,15.158522
2025-04-02 02:00:00+00:00,0.199,1.373,62.0,0.0,20.163212
2025-04-02 03:00:00+00:00,0.199,0.823,63.0,0.0,14.404499
2025-04-02 04:00:00+00:00,0.198,0.373,65.0,0.0,9.255571
2025-04-02 05:00:00+00:00,0.197,0.223,67.0,0.0,6.9153743
2025-04-02 06:00:00+00:00,0.197,-0.527,72.0,0.0,6.830519
2025-04-02 07:00:00+00:00,0.197,-1.177,78.0,0.0,6.28713
2025-04-02 08:00:00+00:00,0.197,-1.227,80.0,0.0,5.0911684
2025-04-02 09:00:00+00:00,0.197,-1.227,82.0,0.0,4.3349743
2025-04-02 10:00:00+00:00,0.197,-1.277,84.0,0.0,3.319036
2025-04-02 11:00:00+00:00,0.197,-1.377,86.0,0.1,2.5959969
2025-04-02 12:00:00+00:00,0.197,-1.577,86.0,0.0,3.6179552
2025-04-02 13:00:00+00:00,0.197,0.823,80.0,0.0,3.6179552
2025-04-02 14:00:00+00:00,0.196,3.573,66.0,0.0,8.209263
2025-04-02 15:00:00+00:00,0.197,4.223,61.0,0.1,13.397612
2025-04-02 16:00:00+00:00,0.194,5.123,49.0,0.0,15.315873
2025-04-02 17:00:00+00:00,0.192,5.4230003,43.0,0.0,16.746773
2025-04-02 18:00:00+00:00,0.188,5.623,37.0,0.0,17.287498
2025-04-02 19:00:00+00:00,0.187,5.4230003,36.0,0.0,17.87718
2025-04-02 20:00:00+00:00,0.186,5.1730003,37.0,0.0,15.716793
2025-04-02 21:00:00+00:00,0.185,4.7229996,40.0,0.0,12.641076
2025-04-02 22:00:00+00:00,0.185,3.323,50.0,0.0,7.729527
2025-04-02 23:00:00+00:00,0.186,1.523,63.0,0.0,5.6002855
2025-04-03 00:00:00+00:00,0.19,0.873,70.0,0.0,6.151683
2025-04-03 01:00:00+00:00,0.191,0.323,75.0,0.0,5.506941
2025-04-03 02:00:00+00:00,0.191,-0.02700001,77.0,0.0,5.506941
2025-04-03 03:00:00+00:00,0.191,-0.37699997,78.0,0.0,5.5887027
2025-04-03 04:00:00+00:00,0.191,-0.527,79.0,0.0,6.2145634
2025-04-03 05:00:00+00:00,0.192,-0.727,82.0,0.0,6.87779
2025-04-03 06:00:00+00:00,0.191,-0.727,81.0,0.0,6.924738
2025-04-03 07:00:00+00:00,0.192,-1.077,81.0,0.0,6.924738
2025-04-03 08:00:00+00:00,0.192,-1.227,81.0,0.0,6.519877
2025-04-03 09:00:00+00:00,0.192,-1.377,82.0,0.0,6.519877
2025-04-03 10:00:00+00:00,0.192,-1.527,84.0,0.0,6.162207
2025-04-03 11:00:00+00:00,0.192,-1.677,86.0,0.0,5.4119864
2025-04-03 12:00:00+00:00,0.192,-1.077,83.0,0.0,5.04
2025-04-03 13:00:00+00:00,0.192,1.123,77.0,0.0,4.68
2025-04-03 14:00:00+00:00,0.191,3.873,65.0,0.0,6.849467
2025-04-03 15:00:00+00:00,0.189,5.873,57.0,0.0,9.885262
2025-04-03 16:00:00+00:00,0.187,7.1730003,53.0,0.0,10.041354
2025-04-03 17:00:00+00:00,0.185,8.123,50.0,0.0,9.449572
2025-04-03 18:00:00+00:00,0.184,9.172999,45.0,0.0,4.896529
2025-04-03 19:00:00+00:00,0.183,9.373,46.0,0.0,4.5536795
2025-04-03 20:00:00+00:00,0.182,9.172999,47.0,0.0,3.9763298
2025-04-03 21:00:00+00:00,0.182,8.672999,49.0,0.0,3.6179552
2025-04-03 22:00:00+00:00,0.183,7.373,60.0,0.0,2.8799999
2025-04-03 23:00:00+00:00,0.184,5.773,67.0,0.0,2.6208394
2025-04-04 00:00:00+00:00,0.177,4.073,77.0,0.0,2.9024127
2025-04-04 01:00:00+00:00,0.176,3.473,81.0,0.0,1.8
2025-04-04 02:00:00+00:00,0.176,2.823,85.0,0.0,2.16
2025-04-04 03:00:00+00:00,0.176,2.073,88.0,0.0,1.08
2025-04-04 04:00:00+00:00,0.176,1.173,93.0,0.0,1.4399999
2025-04-04 05:00:00+00:00,0.176,0.223,98.0,0.0,1.609969
2025-04-04 06:00:00+00:00,0.176,-0.577,100.0,0.0,2.2768397
2025-04-04 07:00:00+00:00,0.176,-0.977,100.0,0.0,2.6208394
2025-04-04 08:00:00+00:00,0.176,-1.677,100.0,0.0,2.1897945
2025-04-04 09:00:00+00:00,0.176,-2.177,100.0,0.0,2.16
2025-04-04 10:00:00+00:00,0.176,-2.827,100.0,0.0,2.1897945
2025-04-04 11:00:00+00:00,0.176,-2.977,100.0,0.0,2.1897945
2025-04-04 12:00:00+00:00,0.176,-2.527,100.0,0.0,2.9024127
2025-04-04 13:00:00+00:00,0.176,-1.627,100.0,0.0,1.9386592
2025-04-04 14:00:00+00:00,0.176,0.673,89.0,0.0,1.2979984
2025-04-04 15:00:00+00:00,0.175,3.123,79.0,0.0,1.609969
2025-04-04 16:00:00+00:00,0.174,4.873,70.0,0.0,2.968636
2025-04-04 17:00:00+00:00,0.173,5.9729996,65.0,0.0,4.5536795
2025-04-04 18:00:00+00:00,0.171,8.173,57.0,0.0,6.638072
2025-04-04 19:00:00+00:00,0.17,8.473,56.0,0.0,6.3690495
2025-04-04 20:00:00+00:00,0.17,8.623,55.0,0.0,6.1094027
2025-04-04 21:00:00+00:00,0.169,8.373,56.0,0.0,6.439876
2025-04-04 22:00:00+00:00,0.17,7.1730003,65.0,0.0,5.506941
2025-04-04 23:00:00+00:00,0.17,5.9230003,72.0,0.0,4.2136917
2025-04-05 00:00:00+00:00,0.164,5.2229996,79.0,0.0,4.379589
2025-04-05 01:00:00+00:00,0.165,4.6730003,81.0,0.0,4.0249224
2025-04-05 02:00:00+00:00,0.165,4.7229996,81.0,0.0,4.2136917
2025-04-05 03:00:00+00:00,0.165,4.823,80.0,0.0,4.896529
2025-04-05 04:00:00+00:00,0.166,4.9729996,81.0,0.1,5.4477882
2025-04-05 05:00:00+00:00,0.166,4.823,83.0,0.1,4.802999
2025-04-05 06:00:00+00:00,0.167,4.7229996,90.0,0.1,3.96
2025-04-05 07:00:00+00:00,0.168,4.6730003,90.0,0.0,4.0249224
2025-04-05 08:00:00+00:00,0.169,4.6730003,91.0,0.0,2.968636
2025-04-05 09:00:00+00:00,0.169,4.773,91.0,0.0,2.968636
2025-04-05 10:00:00+00:00,0.17,4.9230003,90.0,0.0,2.8799999
2025-04-05 11:00:00+00:00,0.173,5.023,90.0,0.1,2.9024127
2025-04-05 12:00:00+00:00,0.173,4.823,94.0,0.0,2.5455842
2025-04-05 13:00:00+00:00,0.173,5.823,91.0,0.0,3.6179552
2025-04-05 14:00:00+00:00,0.177,6.373,89.0,0.2,3.2399998
2025-04-05 15:00:00+00:00,0.177,7.4729996,86.0,0.0,4.452954
2025-04-05 16:00:00+00:00,0.175,8.523,81.0,0.0,4.6800003
2025-04-05 17:00:00+00:00,0.173,10.422999,76.0,0.0,7.208994
2025-04-05 18:00:00+00:00,0.169,12.422999,68.0,0.0,2.16
2025-04-05 19:00:00+00:00,0.167,13.373,68.0,0.0,5.0142193
2025-04-05 20:00:00+00:00,0.166,13.723,68.0,0.0,3.5455887
2025-04-05 21:00:00+00:00,0.166,13.373,75.0,0.0,1.8
2025-04-05 22:00:00+00:00,0.168,12.473,77.0,0.0,1.609969
2025-04-05 23:00:00+00:00,0.168,11.823,76.0,0.0,2.4149535
2025-04-06 00:00:00+00:00,0.19,10.873,79.0,0.0,2.5959969
2025-04-06 01:00:00+00:00,0.19,10.373,79.0,0.0,2.5455842
2025-04-06 02:00:00+00:00,0.191,9.773,82.0,0.0,3.0758414
2025-04-06 03:00:00+00:00,0.191,9.073,86.0,0.0,2.8116899
2025-04-06 04:00:00+00:00,0.191,8.373,89.0,0.0,2.0991426
2025-04-06 05:00:00+00:00,0.191,7.573,92.0,0.0,3.9763298
2025-04-06 06:00:00+00:00,0.191,7.023,93.0,0.0,4.3349743
2025-04-06 07:00:00+00:00,0.191,6.573,94.0,0.0,4.379589
2025-04-06 08:00:00+00:00,0.191,6.023,94.0,0.0,4.1046314
2025-04-06 09:00:00+00:00,0.191,5.6730003,94.0,0.0,3.8939953
2025-04-06 10:00:00+00:00,0.191,5.4729996,94.0,0.0,4.198285
2025-04-06 11:00:00+00:00,0.191,5.073,94.0,0.0,4.1046314
2025-04-06 12:00:00+00:00,0.191,5.123,94.0,0.0,4.3349743
2025-04-06 13:00:00+00:00,0.191,6.623,91.0,0.0,3.319036
2025-04-06 14:00:00+00:00,0.191,8.223,85.0,0.0,4.0249224
2025-04-06 15:00:00+00:00,0.203,8.773,87.0,0.6,3.9763298
2025-04-06 16:00:00+00:00,0.205,9.773,86.0,0.1,4.1046314
2025-04-06 17:00:00+00:00,0.2,11.573,81.0,0.0,1.8
2025-04-06 18:00:00+00:00,0.189,13.223,77.0,0.0,2.52
2025-04-06 19:00:00+00:00,0.187,14.073,76.0,0.0,4.6102495
2025-04-06 20:00:00+00:00,0.186,14.523,79.0,0.0,6.9527545
2025-04-06 21:00:00+00:00,0.186,14.623,77.0,0.0,7.0911775
2025-04-06 22:00:00+00:00,0.188,12.973,79.0,0.2,8.557102
2025-04-06 23:00:00+00:00,0.195,11.672999,86.0,0.3,6.193674
2025-04-07 00:00:00+00:00,0.197,10.773,90.0,0.2,3.7064266
2025-04-07 01:00:00+00:00,0.202,10.073,92.0,0.2,3.671294
2025-04-07 02:00:00+00:00,0.21,9.723,93.0,0.4,2.2768397
2025-04-07 03:00:00+00:00,0.218,9.723,92.0,0.5,1.8
2025-04-07 04:00:00+00:00,0.23,9.373,94.0,0.7,2.5455842
2025-04-07 05:00:00+00:00,0.232,8.973,97.0,0.5,4.3498964
2025-04-07 06:00:00+00:00,0.226,8.523,96.0,0.0,4.6102495
2025-04-07 07:00:00+00:00,0.222,7.573,97.0,0.0,5.3999996
2025-04-07 08:00:00+00:00,0.219,7.7229996,96.0,0.0,5.1165614
2025-04-07 09:00:00+00:00,0.216,7.773,96.0,0.0,3.8939953
2025-04-07 10:00:00+00:00,0.213,7.4729996,95.0,0.0,1.484318
2025-04-07 11:00:00+00:00,0.211,6.9230003,96.0,0.0,2.0991426
2025-04-07 12:00:00+00:00,0.21,6.373,96.0,0.0,2.4149535
2025-04-07 13:00:00+00:00,0.21,7.873,96.0,0.0,3.7585104
2025-04-07 14:00:00+00:00,0.208,10.773,89.0,0.0,5.3517847
2025-04-07 15:00:00+00:00,0.207,12.672999,83.0,0.0,10.028439
2025-04-07 16:00:00+00:00,0.206,14.573,70.0,0.0,19.829433
2025-04-07 17:00:00+00:00,0.203,14.672999,66.0,0.0,24.94413
2025-04-07 18:00:00+00:00,0.202,14.672999,45.0,0.0,25.952478
2025-04-07 19:00:00+00:00,0.2,13.723,47.0,0.0,27.345785
2025-04-07 20:00:00+00:00,0.199,12.823,53.0,0.0,25.849905
2025-04-07 21:00:00+00:00,0.199,12.073,56.0,0.0,16.563911
2025-04-07 22:00:00+00:00,0.199,10.922999,63.0,0.0,9.47012
2025-04-07 23:00:00+00:00,0.2,9.773,69.0,0.0,6.6087217
2025-04-08 00:00:00+00:00,0.191,9.023,73.0,0.0,5.634891
2025-04-08 01:00:00+00:00,0.192,8.723,75.0,0.1,5.1919937
2025-04-08 02:00:00+00:00,0.192,8.773,77.0,0.0,5.4119864
2025-04-08 03:00:00+00:00,0.192,8.873,78.0,0.0,5.937272
2025-04-08 04:00:00+00:00,0.192,8.973,80.0,0.0,6.0347
2025-04-08 05:00:00+00:00,0.193,9.073,81.0,0.0,5.634891
2025-04-08 06:00:00+00:00,0.194,8.223,82.0,0.0,3.7064266
2025-04-08 07:00:00+00:00,0.194,7.4729996,86.0,0.0,3.319036
2025-04-08 08:00:00+00:00,0.194,6.9729996,87.0,0.0,3.96
2025-04-08 09:00:00+00:00,0.194,6.873,87.0,0.0,5.154415
2025-04-08 10:00:00+00:00,0.195,6.773,87.0,0.0,5.5887027
2025-04-08 11:00:00+00:00,0.195,7.023,82.0,0.0,6.151683
2025-04-08 12:00:00+00:00,0.194,6.6730003,85.0,0.0,6.130579
2025-04-08 13:00:00+00:00,0.194,7.873,81.0,0.0,5.8048253
2025-04-08 14:00:00+00:00,0.194,9.623,73.0,0.0,8.311245
2025-04-08 15:00:00+00:00,0.192,10.973,66.0,0.0,9.504273
2025-04-08 16:00:00+00:00,0.191,12.223,58.0,0.0,12.397806
2025-04-08 17:00:00+00:00,0.189,12.973,55.0,0.0,11.113451
2025-04-08 18:00:00+00:00,0.187,13.773,54.0,0.0,9.178235
2025-04-08 19:00:00+00:00,0.186,14.123,54.0,0.0,5.495161
2025-04-08 20:00:00+00:00,0.185,14.523,55.0,0.0,7.172949
2025-04-08 21:00:00+00:00,0.185,13.823,60.0,0.0,10.948973
2025-04-08 22:00:00+00:00,0.186,11.373,72.0,0.0,9.387651
2025-04-08 23:00:00+00:00,0.187,9.573,83.0,0.0,8.4042845
2025-04-09 00:00:00+00:00,0.183,8.123,84.0,0.0,9.028754
2025-04-09 01:00:00+00:00,0.184,7.773,84.0,0.0,9.6932955
2025-04-09 02:00:00+00:00,0.184,7.023,85.0,0.0,10.390226
2025-04-09 03:00:00+00:00,0.185,6.573,88.0,0.0,10.24578
2025-04-09 04:00:00+00:00,0.185,5.9729996,92.0,0.0,10.028439
2025-04-09 05:00:00+00:00,0.186,5.823,93.0,0.0,10.144082
2025-04-09 06:00:00+00:00,0.186,5.2229996,93.0,0.0,9.021574
2025-04-09 07:00:00+00:00,0.186,4.9729996,95.0,0.0,7.491114
2025-04-09 08:00:00+00:00,0.187,4.323,97.0,0.0,5.8603754
2025-04-09 09:00:00+00:00,0.187,3.873,97.0,0.0,4.5536795
2025-04-09 10:00:00+00:00,0.187,3.173,99.0,0.0,2.8116899
2025-04-09 11:00:00+00:00,0.188,2.373,100.0,0.0,2.7416782
2025-04-09 12:00:00+00:00,0.188,2.923,99.0,0.0,2.0364676
2025-04-09 13:00:00+00:00,0.188,4.323,95.0,0.0,2.52
2025-04-09 14:00:00+00:00,0.187,7.4230003,86.0,0.0,5.1544156
2025-04-09 15:00:00+00:00,0.186,9.373,78.0,0.0,7.42159
2025-04-09 16:00:00+00:00,0.184,11.723,65.0,0.0,9.605998
2025-04-09 17:00:00+00:00,0.183,14.573,54.0,0.0,17.902534
2025-04-09 18:00:00+00:00,0.18,15.373,48.0,0.0,25.96496
2025-04-09 19:00:00+00:00,0.179,14.523,53.0,0.0,27.504095
2025-04-09 20:00:00+00:00,0.178,14.023,55.0,0.0,24.1388
2025-04-09 21:00:00+00:00,0.178,13.123,60.0,0.0,22.734219
2025-04-09 22:00:00+00:00,0.179,11.623,66.0,0.0,20.240196
2025-04-09 23:00:00+00:00,0.179,9.373,51.0,0.0,25.929996
2025-04-10 00:00:00+00:00,0.18,7.9729996,64.0,0.0,25.959969
2025-04-10 01:00:00+00:00,0.181,6.773,63.0,0.0,22.065973
2025-04-10 02:00:00+00:00,0.181,5.9230003,66.0,0.0,16.24394
2025-04-10 03:00:00+00:00,0.182,5.1730003,71.0,0.0,15.484185
2025-04-10 04:00:00+00:00,0.182,5.023,74.0,0.0,16.327497
2025-04-10 05:00:00+00:00,0.182,5.523,76.0,0.0,18.94024
2025-04-10 06:00:00+00:00,0.183,5.123,78.0,0.0,19.09358
2025-04-10 07:00:00+00:00,0.183,5.023,69.0,0.0,24.490587
2025-04-10 08:00:00+00:00,0.183,4.4729996,67.0,0.0,24.490587
2025-04-10 09:00:00+00:00,0.183,3.873,72.0,0.0,20.523155
2025-04-10 10:00:00+00:00,0.183,3.273,77.0,0.0,16.520823
2025-04-10 11:00:00+00:00,0.184,2.673,82.0,0.0,15.137133
2025-04-10 12:00:00+00:00,0.184,3.123,80.0,0.0,18.218275
2025-04-10 13:00:00+00:00,0.184,4.7229996,75.0,0.0,19.05281
2025-04-10 14:00:00+00:00,0.183,6.523,68.0,0.0,21.188072
2025-04-10 15:00:00+00:00,0.182,7.9230003,59.0,0.0,20.991426
2025-04-10 16:00:00+00:00,0.181,8.723,53.0,0.0,18.861387
2025-04-10 17:00:00+00:00,0.179,9.223,51.0,0.0,16.343367
2025-04-10 18:00:00+00:00,0.179,9.773,47.0,0.0,16.700275
2025-04-10 19:00:00+00:00,0.178,9.973,46.0,0.0,15.119999
2025-04-10 20:00:00+00:00,0.178,9.823,47.0,0.0,13.363711
2025-04-10 21:00:00+00:00,0.178,9.223,52.0,0.0,10.661107
2025-04-10 22:00:00+00:00,0.178,7.4230003,63.0,0.0,6.792466
2025-04-10 23:00:00+00:00,0.179,5.573,71.0,0.0,5.6233797
2025-04-11 00:00:00+00:00,0.176,4.323,72.0,0.0,3.6
2025-04-11 01:00:00+00:00,0.177,3.373,75.0,0.0,2.5455842
2025-04-11 02:00:00+00:00,0.177,1.973,81.0,0.0,2.7416782
2025-04-11 03:00:00+00:00,0.178,0.973,84.0,0.0,3.7585104
2025-04-11 04:00:00+00:00,0.178,1.073,82.0,0.0,2.5455842
2025-04-11 05:00:00+00:00,0.178,1.073,82.0,0.0,2.9024127
2025-04-11 06:00:00+00:00,0.179,-0.227,90.0,0.0,4.0249224
2025-04-11 07:00:00+00:00,0.179,-0.77699995,93.0,0.0,3.8939953
2025-04-11 08:00:00+00:00,0.179,-1.327,95.0,0.0,3.319036
2025-04-11 09:00:00+00:00,0.179,-1.577,96.0,0.0,3.6
2025-04-11 10:00:00+00:00,0.18,-1.627,96.0,0.0,3.0547013
2025-04-11 11:00:00+00:00,0.18,-1.777,97.0,0.0,3.8939953
2025-04-11 12:00:00+00:00,0.18,-1.777,99.0,0.0,3.319036
2025-04-11 13:00:00+00:00,0.18,-0.427,94.0,0.0,3.096837
2025-04-11 14:00:00+00:00,0.18,3.123,81.0,0.0,1.8
2025-04-11 15:00:00+00:00,0.18,4.9729996,74.0,0.0,1.08
2025-04-11 16:00:00+00:00,0.179,5.9230003,71.0,0.1,1.9386592
2025-04-11 17:00:00+00:00,0.179,6.6730003,70.0,0.1,4.68
2025-04-11 18:00:00+00:00,0.176,7.1730003,67.0,0.0,3.4152596
2025-04-11 19:00:00+00:00,0.176,7.4729996,68.0,0.0,6.28713
2025-04-11 20:00:00+00:00,0.175,7.823,70.0,0.0,8.647496
2025-04-11 21:00:00+00:00,0.175,8.073,73.0,0.0,10.08
2025-04-11 22:00:00+00:00,0.176,7.4230003,78.0,0.0,11.304229
2025-04-11 23:00:00+00:00,0.176,6.373,84.0,0.0,12.979984
2025-04-12 00:00:00+00:00,0.195,5.573,90.0,0.0,13.1041975
2025-04-12 01:00:00+00:00,0.196,5.623,88.0,0.1,15.484185
2025-04-12 02:00:00+00:00,0.197,5.9230003,89.0,0.1,17.76081
2025-04-12 03:00:00+00:00,0.202,6.023,90.0,0.1,18.899143
2025-04-12 04:00:00+00:00,0.201,5.9729996,92.0,0.0,17.76081
2025-04-12 05:00:00+00:00,0.2,5.873,92.0,0.0,16.62249
2025-04-12 06:00:00+00:00,0.199,6.323,90.0,0.0,18.331741
2025-04-12 07:00:00+00:00,0.199,6.323,91.0,0.0,17.462782
2025-04-12 08:00:00+00:00,0.2,6.4729996,92.0,0.0,17.771753
2025-04-12 09:00:00+00:00,0.201,6.6730003,81.0,0.0,20.478907
2025-04-12 10:00:00+00:00,0.2,5.373,70.0,0.0,20.929596
2025-04-12 11:00:00+00:00,0.199,4.123,71.0,0.0,23.157824
2025-04-12 12:00:00+00:00,0.198,3.873,70.0,0.0,22.007162
2025-04-12 13:00:00+00:00,0.197,4.623,63.0,0.0,23.068108
2025-04-12 14:00:00+00:00,0.195,5.6730003,56.0,0.0,25.14852
2025-04-12 15:00:00+00:00,0.193,6.4729996,52.0,0.0,25.294964
2025-04-12 16:00:00+00:00,0.19,6.9729996,49.0,0.0,24.95452
2025-04-12 17:00:00+00:00,0.188,7.2229996,47.0,0.0,24.826954
2025-04-12 18:00:00+00:00,0.186,7.273,43.0,0.0,26.925497
2025-04-12 19:00:00+00:00,0.185,7.2229996,43.0,0.0,25.49908
2025-04-12 20:00:00+00:00,0.184,6.623,46.0,0.0,23.358423
2025-04-12 21:00:00+00:00,0.184,5.773,50.0,0.0,19.523155
2025-04-12 22:00:00+00:00,0.184,4.4230003,56.0,0.0,15.281989
2025-04-12 23:00:00+00:00,0.185,3.173,64.0,0.0,12.371645
2025-04-13 00:00:00+00:00,0.185,2.323,71.0,0.0,13.722565
2025-04-13 01:00:00+00:00,0.186,1.723,75.0,0.0,12.287555
2025-04-13 02:00:00+00:00,0.187,1.573,75.0,0.0,10.464798
2025-04-13 03:00:00+00:00,0.187,1.073,79.0,0.0,9.007196
2025-04-13 04:00:00+00:00,0.188,0.623,82.0,0.0,8.287822
2025-04-13 05:00:00+00:00,0.188,0.273,85.0,0.0,7.5599995
2025-04-13 06:00:00+00:00,0.189,-0.17699999,86.0,0.0,6.12
2025-04-13 07:00:00+00:00,0.189,-0.227,87.0,0.0,5.771239
2025-04-13 08:00:00+00:00,0.19,-0.17699999,86.0,0.0,5.506941
2025-04-13 09:00:00+00:00,0.19,-0.527,88.0,0.0,5.506941
2025-04-13 10:00:00+00:00,0.19,-0.77699995,89.0,0.0,5.4477882
2025-04-13 11:00:00+00:00,0.19,-0.92700005,90.0,0.0,5.3999996
2025-04-13 12:00:00+00:00,0.19,-0.977,89.0,0.0,5.1544156
2025-04-13 13:00:00+00:00,0.191,0.473,84.0,0.0,4.6938252
2025-04-13 14:00:00+00:00,0.19,3.373,72.0,0.0,6.849467
2025-04-13 15:00:00+00:00,0.189,5.823,64.0,0.0,9.422101
2025-04-13 16:00:00+00:00,0.187,7.323,59.0,0.0,8.766573
2025-04-13 17:00:00+00:00,0.185,8.373,57.0,0.0,6.12
2025-04-13 18:00:00+00:00,0.184,9.623,54.0,0.0,6.28713
2025-04-13 19:00:00+00:00,0.182,9.773,54.0,0.0,4.896529
2025-04-13 20:00:00+00:00,0.182,9.672999,55.0,0.0,5.6920996
2025-04-13 21:00:00+00:00,0.182,9.073,59.0,0.0,4.5536795
2025-04-13 22:00:00+00:00,0.183,7.123,70.0,0.0,3.671294
2025-04-13 23:00:00+00:00,0.184,5.073,80.0,0.0,3.671294
2025-04-14 00:00:00+00:00,0.183,3.373,90.0,0.0,4.6938252
2025-04-14 01:00:00+00:00,0.184,2.1230001,95.0,0.0,3.671294
2025-04-14 02:00:00+00:00,0.184,0.923,100.0,0.0,2.968636
2025-04-14 03:00:00+00:00,0.185,0.523,100.0,0.0,3.219938
2025-04-14 04:00:00+00:00,0.185,0.323,100.0,0.0,3.6
2025-04-14 05:00:00+00:00,0.185,0.273,100.0,0.0,3.6
2025-04-14 06:00:00+00:00,0.185,-0.677,100.0,0.0,3.563818
2025-04-14 07:00:00+00:00,0.186,-0.77699995,100.0,0.0,3.319036
2025-04-14 08:00:00+00:00,0.186,-1.527,100.0,0.0,2.5455842
2025-04-14 09:00:00+00:00,0.186,-2.277,100.0,0.0,2.5455842
2025-04-14 10:00:00+00:00,0.186,-2.127,100.0,0.0,3.096837
2025-04-14 11:00:00+00:00,0.186,-2.727,100.0,0.0,2.9024127
2025-04-14 12:00:00+00:00,0.187,-3.277,100.0,0.0,2.1897945
2025-04-14 13:00:00+00:00,0.187,-2.877,100.0,0.0,2.16
2025-04-14 14:00:00+00:00,0.186,-1.377,100.0,0.0,1.484318
2025-04-14 15:00:00+00:00,0.186,2.423,84.0,0.0,0.35999998
2025-04-14 16:00:00+00:00,0.185,6.2229996,69.0,0.0,3.6
2025-04-14 17:00:00+00:00,0.184,7.873,65.0,0.0,4.5536795
2025-04-14 18:00:00+00:00,0.182,8.823,61.0,0.0,6.989936
2025-04-14 19:00:00+00:00,0.182,9.172999,59.0,0.0,6.638072
2025-04-14 20:00:00+00:00,0.181,9.073,60.0,0.0,6.193674
2025-04-14 21:00:00+00:00,0.181,8.523,63.0,0.0,4.6102495
2025-04-14 22:00:00+00:00,0.182,6.623,74.0,0.0,3.6179552
2025-04-14 23:00:00+00:00,0.183,4.573,83.0,0.0,4.379589
2025-04-15 00:00:00+00:00,0.187,2.773,88.0,0.0,3.8268526
2025-04-15 01:00:00+00:00,0.188,0.973,95.0,0.0,3.8268526
2025-04-15 02:00:00+00:00,0.188,-0.07699999,98.0,0.0,2.8116899
2025-04-15 03:00:00+00:00,0.188,-0.527,100.0,0.0,1.484318
2025-04-15 04:00:00+00:00,0.189,-0.427,100.0,0.0,1.2979984
2025-04-15 05:00:00+00:00,0.189,-0.477,100.0,0.0,2.0364676
2025-04-15 06:00:00+00:00,0.189,-0.17699999,100.0,0.0,0.8049845
2025-04-15 07:00:00+00:00,0.189,-0.37699997,100.0,0.0,0.8049845
2025-04-15 08:00:00+00:00,0.189,-1.327,100.0,0.0,1.2979984
2025-04-15 09:00:00+00:00,0.189,-2.127,100.0,0.0,1.5273507
2025-04-15 10:00:00+00:00,0.189,-3.027,100.0,0.0,1.609969
2025-04-15 11:00:00+00:00,0.19,-3.527,100.0,0.0,1.484318
2025-04-15 12:00:00+00:00,0.19,-3.327,100.0,0.0,2.6208394
2025-04-15 13:00:00+00:00,0.19,-2.627,100.0,0.0,1.835647
2025-04-15 14:00:00+00:00,0.19,-0.977,100.0,0.0,0.71999997
2025-04-15 15:00:00+00:00,0.189,1.073,95.0,0.0,0.71999997
2025-04-15 16:00:00+00:00,0.189,3.923,83.0,0.0,1.835647
2025-04-15 17:00:00+00:00,0.188,6.4230003,77.0,0.0,4.3498964
2025-04-15 18:00:00+00:00,0.187,7.1730003,75.0,0.0,6.9899354
2025-04-15 19:00:00+00:00,0.186,8.273,78.0,0.0,8.707238
2025-04-15 20:00:00+00:00,0.186,8.973,80.0,0.0,8.534353
2025-04-15 21:00:00+00:00,0.186,8.623,83.0,0.0,9.178235
2025-04-15 22:00:00+00:00,0.187,7.7229996,89.0,0.0,7.42159
2025-04-15 23:00:00+00:00,0.187,7.073,94.0,0.0,8.049845
2025-04-16 00:00:00+00:00,0.186,6.373,95.0,0.0,8.707238
2025-04-16 01:00:00+00:00,0.186,6.1730003,96.0,0.0,7.69592
2025-04-16 02:00:00+00:00,0.186,6.023,96.0,0.0,7.072878
2025-04-16 03:00:00+00:00,0.186,5.9230003,97.0,0.0,6.6185193
2025-04-16 04:00:00+00:00,0.186,5.9230003,97.0,0.0,6.12
2025-04-16 05:00:00+00:00,0.186,5.9729996,97.0,0.0,6.6087217
2025-04-16 06:00:00+00:00,0.186,6.4729996,96.0,0.0,6.989936
2025-04-16 07:00:00+00:00,0.187,6.623,97.0,0.0,7.5942082
2025-04-16 08:00:00+00:00,0.187,6.773,97.0,0.0,7.9036193
2025-04-16 09:00:00+00:00,0.188,6.9230003,98.0,0.0,8.089993
2025-04-16 10:00:00+00:00,0.188,7.073,98.0,0.0,8.209263
2025-04-16 11:00:00+00:00,0.189,7.273,98.0,0.0,8.350138
2025-04-16 12:00:00+00:00,0.19,7.773,97.0,0.0,9.114471
2025-04-16 13:00:00+00:00,0.19,8.073,96.0,0.0,9.346143
2025-04-16 14:00:00+00:00,0.19,8.623,93.0,0.0,9.504273
2025-04-16 15:00:00+00:00,0.189,9.573,86.0,0.0,10.464797
2025-04-16 16:00:00+00:00,0.189,10.172999,83.0,0.0,10.587918
2025-04-16 17:00:00+00:00,0.189,10.273,82.0,0.0,9.885262
2025-04-16 18:00:00+00:00,0.188,10.323,82.0,0.0,8.707237
2025-04-16 19:00:00+00:00,0.188,10.422999,83.0,0.0,7.7043357
2025-04-16 20:00:00+00:00,0.188,10.323,84.0,0.0,8.587338
2025-04-16 21:00:00+00:00,0.19,9.823,88.0,0.0,8.311245
2025-04-16 22:00:00+00:00,0.189,9.123,94.0,0.0,6.924738
2025-04-16 23:00:00+00:00,0.189,8.723,96.0,0.0,5.04
2025-04-17 00:00:00+00:00,0.188,8.323,97.0,0.0,4.802999
2025-04-17 01:00:00+00:00,0.188,8.123,98.0,0.0,4.3498964
2025-04-17 02:00:00+00:00,0.189,7.9729996,98.0,0.0,3.8939953
2025-04-17 03:00:00+00:00,0.189,7.873,98.0,0.1,3.319036
2025-04-17 04:00:00+00:00,0.189,7.823,98.0,0.0,2.9024127
2025-04-17 05:00:00+00:00,0.189,7.773,98.0,0.0,3.6179552
2025-04-17 06:00:00+00:00,0.189,7.7229996,98.0,0.0,2.968636
2025-04-17 07:00:00+00:00,0.189,7.6730003,98.0,0.0,2.5455842
2025-04-17 08:00:00+00:00,0.189,7.623,97.0,0.0,2.6208394
2025-04-17 09:00:00+00:00,0.189,7.2229996,98.0,0.0,2.9024127
2025-04-17 10:00:00+00:00,0.189,6.9729996,98.0,0.0,3.563818
2025-04-17 11:00:00+00:00,0.189,6.773,98.0,0.0,4.1046314
2025-04-17 12:00:00+00:00,0.189,7.023,97.0,0.0,4.6102495
2025-04-17 13:00:00+00:00,0.189,7.623,95.0,0.0,4.8433046
2025-04-17 14:00:00+00:00,0.189,9.023,90.0,0.0,6.618519
2025-04-17 15:00:00+00:00,0.188,10.223,85.0,0.0,8.404285
2025-04-17 16:00:00+00:00,0.187,10.823,80.0,0.0,8.404285
2025-04-17 17:00:00+00:00,0.186,11.323,76.0,0.0,8.404285
2025-04-17 18:00:00+00:00,0.185,12.073,71.0,0.0,10.703569
2025-04-17 19:00:00+00:00,0.184,12.323,68.0,0.0,10.009036
2025-04-17 20:00:00+00:00,0.183,12.223,68.0,0.0,11.113451
2025-04-17 21:00:00+00:00,0.183,11.172999,72.0,0.0,12.224107
2025-04-17 22:00:00+00:00,0.183,9.623,80.0,0.0,11.212135
2025-04-17 23:00:00+00:00,0.184,8.323,83.0,0.0,10.08
2025-04-18 00:00:00+00:00,0.183,6.823,84.0,0.0,14.764389
2025-04-18 01:00:00+00:00,0.183,6.4230003,84.0,0.0,14.154915
2025-04-18 02:00:00+00:00,0.184,6.073,87.0,0.0,15.905319
2025-04-18 03:00:00+00:00,0.184,5.7229996,89.0,0.0,15.905319
2025-04-18 04:00:00+00:00,0.184,5.7229996,90.0,0.0,18.751125
2025-04-18 05:00:00+00:00,0.184,5.9230003,87.0,0.0,19.443333
2025-04-18 06:00:00+00:00,0.185,5.273,84.0,0.0,20.275383
2025-04-18 07:00:00+00:00,0.185,4.873,86.0,0.0,20.06334
2025-04-18 08:00:00+00:00,0.185,4.573,88.0,0.0,19.296133
2025-04-18 09:00:00+00:00,0.185,4.523,91.0,0.0,18.64369
2025-04-18 10:00:00+00:00,0.185,4.7229996,92.0,0.0,18.0
2025-04-18 11:00:00+00:00,0.185,4.823,89.0,0.0,18.25026
2025-04-18 12:00:00+00:00,0.185,4.073,88.0,0.0,13.450708
2025-04-18 13:00:00+00:00,0.185,5.1730003,83.0,0.0,15.596767
2025-04-18 14:00:00+00:00,0.185,6.823,77.0,0.0,18.947083
2025-04-18 15:00:00+00:00,0.183,8.523,70.0,0.0,24.387177
2025-04-18 16:00:00+00:00,0.182,9.223,67.0,0.0,26.758923
2025-04-18 17:00:00+00:00,0.181,9.973,64.0,0.0,27.645092
2025-04-18 18:00:00+00:00,0.179,10.672999,64.0,0.0,27.419146
2025-04-18 19:00:00+00:00,0.178,10.922999,62.0,0.0,31.32207
2025-04-18 20:00:00+00:00,0.177,10.672999,65.0,0.0,28.137634
2025-04-18 21:00:00+00:00,0.177,9.922999,71.0,0.0,25.567604
2025-04-18 22:00:00+00:00,0.177,9.172999,71.0,0.0,23.441502
2025-04-18 23:00:00+00:00,0.178,8.623,75.0,0.0,21.758419
2025-04-19 00:00:00+00:00,0.179,8.073,75.0,0.0,19.386593
2025-04-19 01:00:00+00:00,0.179,7.573,78.0,0.0,18.720001
2025-04-19 02:00:00+00:00,0.18,7.373,81.0,0.0,17.782688
2025-04-19 03:00:00+00:00,0.18,7.2229996,82.0,0.0,17.654688
2025-04-19 04:00:00+00:00,0.18,6.873,85.0,0.0,16.055353
2025-04-19 05:00:00+00:00,0.181,6.523,87.0,0.0,15.281989
2025-04-19 06:00:00+00:00,0.181,5.6730003,92.0,0.0,14.917212
2025-04-19 07:00:00+00:00,0.182,5.273,93.0,0.0,13.708391
2025-04-19 08:00:00+00:00,0.182,5.073,92.0,0.0,13.37825
2025-04-19 09:00:00+00:00,0.182,4.9230003,93.0,0.0,12.7279215
2025-04-19 10:00:00+00:00,0.183,5.123,91.0,0.0,11.923557
2025-04-19 11:00:00+00:00,0.183,5.073,90.0,0.0,11.269782
2025-04-19 12:00:00+00:00,0.183,4.623,90.0,0.0,9.028754
2025-04-19 13:00:00+00:00,0.183,5.9230003,85.0,0.0,9.904906
2025-04-19 14:00:00+00:00,0.182,7.7229996,79.0,0.0,10.390226
2025-04-19 15:00:00+00:00,0.181,9.223,73.0,0.0,11.792404
2025-04-19 16:00:00+00:00,0.18,10.273,68.0,0.0,12.224107
2025-04-19 17:00:00+00:00,0.179,10.473,67.0,0.0,12.864649
2025-04-19 18:00:00+00:00,0.177,10.672999,66.0,0.0,11.304229
2025-04-19 19:00:00+00:00,0.177,10.223,69.0,0.0,10.233123
2025-04-19 20:00:00+00:00,0.177,9.773,71.0,0.1,8.161764
2025-04-19 21:00:00+00:00,0.178,9.023,77.0,0.1,4.5536795
2025-04-19 22:00:00+00:00,0.184,8.123,83.0,0.2,4.1046314
2025-04-19 23:00:00+00:00,0.193,7.323,88.0,0.2,5.154415
2025-04-20 00:00:00+00:00,0.194,6.4230003,90.0,0.0,6.28713
2025-04-20 01:00:00+00:00,0.196,6.1730003,91.0,0.0,6.9899354
2025-04-20 02:00:00+00:00,0.196,5.873,93.0,0.0,6.849467
2025-04-20 03:00:00+00:00,0.195,5.773,95.0,0.0,6.162207
2025-04-20 04:00:00+00:00,0.194,5.573,97.0,0.0,5.2416787
2025-04-20 05:00:00+00:00,0.194,5.323,98.0,0.0,3.396233
2025-04-20 06:00:00+00:00,0.194,5.4230003,98.0,0.0,6.0347
2025-04-20 07:00:00+00:00,0.194,5.4729996,98.0,0.0,5.8603754
2025-04-20 08:00:00+00:00,0.194,5.123,99.0,0.0,5.771239
2025-04-20 09:00:00+00:00,0.194,4.9729996,99.0,0.0,5.7599998
2025-04-20 10:00:00+00:00,0.194,4.773,99.0,0.0,6.4799995
2025-04-20 11:00:00+00:00,0.194,4.623,98.0,0.0,6.519877
2025-04-20 12:00:00+00:00,0.197,5.6730003,98.0,0.0,11.792404
2025-04-20 13:00:00+00:00,0.198,6.1730003,96.0,0.0,13.450708
2025-04-20 14:00:00+00:00,0.198,7.273,93.0,0.0,15.463244
2025-04-20 15:00:00+00:00,0.198,8.672999,89.0,0.0,18.844202
2025-04-20 16:00:00+00:00,0.196,9.973,83.0,0.0,17.873556
2025-04-20 17:00:00+00:00,0.195,10.123,82.0,0.1,15.856354
2025-04-20 18:00:00+00:00,0.206,9.873,85.0,1.0,13.044722
2025-04-20 19:00:00+00:00,0.229,9.473,89.0,0.7,8.161764
2025-04-20 20:00:00+00:00,0.267,9.123,93.0,1.2,4.6102495
2025-04-20 21:00:00+00:00,0.272,8.823,95.0,0.7,3.7585104
2025-04-20 22:00:00+00:00,0.262,8.523,95.0,0.1,2.3051248
2025-04-20 23:00:00+00:00,0.257,8.273,95.0,0.0,7.0911775
2025-04-21 00:00:00+00:00,0.256,7.9729996,93.0,0.0,12.313893
2025-04-21 01:00:00+00:00,0.254,7.873,90.0,0.0,20.478907
2025-04-21 02:00:00+00:00,0.247,7.273,83.0,0.0,26.661882
2025-04-21 03:00:00+00:00,0.241,6.873,79.0,0.0,28.266306
2025-04-21 04:00:00+00:00,0.237,5.7229996,70.0,0.0,28.883131
2025-04-21 05:00:00+00:00,0.234,4.9729996,72.0,0.0,26.168804
2025-04-21 06:00:00+00:00,0.231,4.573,76.0,0.0,18.36353
2025-04-21 07:00:00+00:00,0.229,3.623,82.0,0.0,15.111424
2025-04-21 08:00:00+00:00,0.228,3.023,87.0,0.0,14.345898
2025-04-21 09:00:00+00:00,0.227,2.773,89.0,0.0,14.689589
2025-04-21 10:00:00+00:00,0.226,2.623,90.0,0.0,14.587776
2025-04-21 11:00:00+00:00,0.225,2.623,89.0,0.0,14.05845
2025-04-21 12:00:00+00:00,0.224,2.423,89.0,0.0,12.181625
2025-04-21 13:00:00+00:00,0.224,3.473,85.0,0.0,13.450708
2025-04-21 14:00:00+00:00,0.222,5.323,77.0,0.0,16.24394
2025-04-21 15:00:00+00:00,0.219,6.9729996,70.0,0.0,19.881649
2025-04-21 16:00:00+00:00,0.217,8.123,64.0,0.0,20.929596
2025-04-21 17:00:00+00:00,0.214,8.823,61.0,0.0,20.418695
2025-04-21 18:00:00+00:00,0.211,9.523,57.0,0.0,21.313093
2025-04-21 19:00:00+00:00,0.209,9.373,60.0,0.0,17.698677
2025-04-21 20:00:00+00:00,0.208,9.123,63.0,0.0,15.546833
2025-04-21 21:00:00+00:00,0.208,8.173,69.0,0.0,12.144331
2025-04-21 22:00:00+00:00,0.209,6.523,78.0,0.0,9.178235
2025-04-21 23:00:00+00:00,0.21,5.4230003,83.0,0.0,7.4128532
2025-04-22 00:00:00+00:00,0.208,4.223,85.0,0.0,6.28713
2025-04-22 01:00:00+00:00,0.208,3.573,87.0,0.0,5.95906
2025-04-22 02:00:00+00:00,0.209,3.073,88.0,0.0,5.634891
2025-04-22 03:00:00+00:00,0.209,2.673,89.0,0.0,4.829907
2025-04-22 04:00:00+00:00,0.209,2.273,90.0,0.0,4.0249224
2025-04-22 05:00:00+00:00,0.209,2.1230001,90.0,0.0,2.4149535
2025-04-22 06:00:00+00:00,0.209,1.473,92.0,0.0,1.2979984
2025-04-22 07:00:00+00:00,0.209,0.923,95.0,0.0,0.8049845
2025-04-22 08:00:00+00:00,0.209,-0.07699999,100.0,0.0,2.6208394
2025-04-22 09:00:00+00:00,0.209,-0.527,100.0,0.0,3.671294
2025-04-22 10:00:00+00:00,0.209,-1.027,100.0,0.0,4.5536795
2025-04-22 11:00:00+00:00,0.209,-1.227,100.0,0.0,5.634891
2025-04-22 12:00:00+00:00,0.209,-1.227,100.0,0.0,5.904439
2025-04-22 13:00:00+00:00,0.209,-0.627,100.0,0.0,5.991594
2025-04-22 14:00:00+00:00,0.208,1.673,92.0,0.0,6.28713
2025-04-22 15:00:00+00:00,0.207,4.7229996,84.0,0.0,9.531505
2025-04-22 16:00:00+00:00,0.205,7.2229996,80.0,0.0,15.629972
2025-04-22 17:00:00+00:00,0.203,9.123,66.0,0.0,21.67487
2025-04-22 18:00:00+00:00,0.201,9.723,64.0,0.0,25.992401
2025-04-22 19:00:00+00:00,0.2,9.573,68.0,0.0,22.065973
2025-04-22 20:00:00+00:00,0.2,9.023,75.0,0.0,20.969807
2025-04-22 21:00:00+00:00,0.2,8.223,83.0,0.0,17.713316
2025-04-22 22:00:00+00:00,0.201,7.6730003,89.0,0.0,10.805998
2025-04-22 23:00:00+00:00,0.203,7.4230003,90.0,0.0,6.9899354
2025-04-23 00:00:00+00:00,0.202,7.2229996,88.0,0.1,5.8048253
2025-04-23 01:00:00+00:00,0.202,6.6730003,90.0,0.1,4.8433046
2025-04-23 02:00:00+00:00,0.202,6.123,91.0,0.1,7.42159
2025-04-23 03:00:00+00:00,0.203,5.273,93.0,0.0,12.413476
2025-04-23 04:00:00+00:00,0.206,4.823,90.0,0.0,18.079027
2025-04-23 05:00:00+00:00,0.206,4.373,87.0,0.0,19.296133
2025-04-23 06:00:00+00:00,0.204,3.773,85.0,0.0,18.057508
2025-04-23 07:00:00+00:00,0.204,2.973,89.0,0.0,14.332341
2025-04-23 08:00:00+00:00,0.204,2.423,89.0,0.0,12.181625
2025-04-23 09:00:00+00:00,0.204,2.1729999,91.0,0.0,10.787993
2025-04-23 10:00:00+00:00,0.204,2.1729999,92.0,0.0,9.693296
2025-04-23 11:00:00+00:00,0.204,2.1729999,92.0,0.0,9.0
2025-04-23 12:00:00+00:00,0.203,2.373,90.0,0.0,8.714677
2025-04-23 13:00:00+00:00,0.203,3.673,86.0,0.0,9.885262
2025-04-23 14:00:00+00:00,0.202,5.273,80.0,0.0,10.296251
2025-04-23 15:00:00+00:00,0.201,6.9230003,72.0,0.0,11.457958
2025-04-23 16:00:00+00:00,0.199,7.823,66.0,0.0,12.738099
2025-04-23 17:00:00+00:00,0.198,7.9230003,66.0,0.0,14.264361
2025-04-23 18:00:00+00:00,0.197,7.773,73.0,0.1,11.304229
2025-04-23 19:00:00+00:00,0.203,7.573,70.0,0.3,13.246826
2025-04-23 20:00:00+00:00,0.228,7.123,74.0,0.7,5.991594
2025-04-23 21:00:00+00:00,0.243,6.6730003,80.0,0.5,7.289445
2025-04-23 22:00:00+00:00,0.261,6.323,86.0,0.6,9.107359
2025-04-23 23:00:00+00:00,0.267,6.373,79.0,0.5,9.6932955
2025-04-24 00:00:00+00:00,0.264,5.623,86.0,0.6,7.6367526
2025-04-24 01:00:00+00:00,0.27,5.4729996,88.0,0.5,6.6087217
2025-04-24 02:00:00+00:00,0.265,5.273,90.0,0.2,4.6938252
2025-04-24 03:00:00+00:00,0.264,5.073,93.0,0.3,4.198285
2025-04-24 04:00:00+00:00,0.261,4.9729996,94.0,0.1,4.198285
2025-04-24 05:00:00+00:00,0.264,4.9729996,94.0,0.3,4.198285
2025-04-24 06:00:00+00:00,0.264,4.7229996,97.0,0.4,5.8603754
2025-04-24 07:00:00+00:00,0.262,4.823,97.0,0.1,5.6233797
2025-04-24 08:00:00+00:00,0.259,4.7229996,98.0,0.1,5.8603754
2025-04-24 09:00:00+00:00,0.257,4.6730003,98.0,0.1,6.1305785
2025-04-24 10:00:00+00:00,0.256,4.6730003,98.0,0.1,6.193674
2025-04-24 11:00:00+00:00,0.256,4.9230003,98.0,0.1,5.8603754
2025-04-24 12:00:00+00:00,0.265,5.623,97.0,0.4,8.942214
2025-04-24 13:00:00+00:00,0.262,6.323,95.0,0.1,11.440979
2025-04-24 14:00:00+00:00,0.258,7.523,93.0,0.0,13.358861
2025-04-24 15:00:00+00:00,0.254,8.373,91.0,0.0,15.188415
2025-04-24 16:00:00+00:00,0.25,9.672999,86.0,0.0,11.165805
2025-04-24 17:00:00+00:00,0.247,10.523,84.0,0.0,11.5199995
2025-04-24 18:00:00+00:00,0.243,11.273,84.0,0.0,12.964998
2025-04-24 19:00:00+00:00,0.241,11.223,84.0,0.0,11.525623
2025-04-24 20:00:00+00:00,0.24,10.773,87.0,0.0,11.440978
2025-04-24 21:00:00+00:00,0.24,9.823,91.0,0.0,8.766573
2025-04-24 22:00:00+00:00,0.239,8.623,95.0,0.0,5.904439
2025-04-24 23:00:00+00:00,0.239,7.6730003,96.0,0.0,6.9153743
2025-04-25 00:00:00+00:00,0.236,6.823,96.0,0.0,6.1094027
2025-04-25 01:00:00+00:00,0.236,6.1730003,96.0,0.0,3.4152596
2025-04-25 02:00:00+00:00,0.235,5.773,97.0,0.0,3.6
2025-04-25 03:00:00+00:00,0.234,5.373,97.0,0.0,2.7416782
2025-04-25 04:00:00+00:00,0.234,5.573,96.0,0.0,0.71999997
2025-04-25 05:00:00+00:00,0.233,5.7229996,97.0,0.0,2.9024127
2025-04-25 06:00:00+00:00,0.234,6.073,99.0,0.1,3.7585104
2025-04-25 07:00:00+00:00,0.247,6.4230003,90.0,0.4,10.799999
2025-04-25 08:00:00+00:00,0.28,5.6730003,89.0,0.9,12.6462
2025-04-25 09:00:00+00:00,0.321,5.523,91.0,1.9,11.770403
2025-04-25 10:00:00+00:00,0.337,5.9729996,91.0,2.1,13.237038
2025-04-25 11:00:00+00:00,0.335,5.7229996,87.0,1.7,12.594856
2025-04-25 12:00:00+00:00,0.328,5.273,88.0,0.8,10.990322
2025-04-25 13:00:00+00:00,0.318,5.073,88.0,0.5,10.195057
2025-04-25 14:00:00+00:00,0.317,5.273,87.0,0.6,10.195057
2025-04-25 15:00:00+00:00,0.321,5.7229996,85.0,0.8,11.457958
2025-04-25 16:00:00+00:00,0.325,6.073,84.0,0.9,10.691453
2025-04-25 17:00:00+00:00,0.325,6.373,81.0,0.9,10.948973
2025-04-25 18:00:00+00:00,0.315,6.7229996,76.0,0.3,12.599998
2025-04-25 19:00:00+00:00,0.307,6.9230003,75.0,0.1,12.031756
2025-04-25 20:00:00+00:00,0.301,6.773,73.0,0.1,12.287555
2025-04-25 21:00:00+00:00,0.295,6.123,74.0,0.0,12.245293
2025-04-25 22:00:00+00:00,0.291,5.1730003,76.0,0.0,12.413476
2025-04-25 23:00:00+00:00,0.287,4.573,76.0,0.0,14.685176
2025-04-26 00:00:00+00:00,0.282,3.873,77.0,0.0,14.113653
2025-04-26 01:00:00+00:00,0.28,3.073,77.0,0.0,11.5199995
2025-04-26 02:00:00+00:00,0.278,2.923,76.0,0.0,9.746631
2025-04-26 03:00:00+00:00,0.276,2.523,77.0,0.0,7.9932976
2025-04-26 04:00:00+00:00,0.274,2.273,79.0,0.0,7.2805495
2025-04-26 05:00:00+00:00,0.272,2.623,77.0,0.0,10.594036
2025-04-26 06:00:00+00:00,0.271,2.1729999,82.0,0.2,12.074766
2025-04-26 07:00:00+00:00,0.269,2.423,85.0,0.0,13.493999
2025-04-26 08:00:00+00:00,0.268,2.723,88.0,0.0,16.575644
2025-04-26 09:00:00+00:00,0.27,3.523,88.0,0.0,22.505037
2025-04-26 10:00:00+00:00,0.268,3.973,76.0,0.0,27.887802
2025-04-26 11:00:00+00:00,0.265,3.673,64.0,0.0,27.820337
2025-04-26 12:00:00+00:00,0.263,3.023,70.0,0.0,24.967499
2025-04-26 13:00:00+00:00,0.262,3.273,70.0,0.0,24.490587
2025-04-26 14:00:00+00:00,0.26,4.223,69.0,0.0,25.582806
2025-04-26 15:00:00+00:00,0.258,5.373,62.0,0.0,27.288855
2025-04-26 16:00:00+00:00,0.255,6.073,56.0,0.0,28.829233
2025-04-26 17:00:00+00:00,0.253,6.373,53.0,0.0,28.802248
2025-04-26 18:00:00+00:00,0.251,6.373,54.0,0.0,30.853073
2025-04-26 19:00:00+00:00,0.249,6.123,54.0,0.0,29.144438
2025-04-26 20:00:00+00:00,0.248,5.4729996,55.0,0.0,27.792374
2025-04-26 21:00:00+00:00,0.248,4.573,58.0,0.0,24.288662
2025-04-26 22:00:00+00:00,0.248,3.573,64.0,0.0,21.647945
2025-04-26 23:00:00+00:00,0.248,2.873,70.0,0.0,19.829433
2025-04-27 00:00:00+00:00,0.251,2.1729999,75.0,0.0,18.448023
2025-04-27 01:00:00+00:00,0.251,1.673,79.0,0.0,16.394829
2025-04-27 02:00:00+00:00,0.252,1.023,85.0,0.0,14.84318
2025-04-27 03:00:00+00:00,0.252,0.573,88.0,0.0,13.905509
2025-04-27 04:00:00+00:00,0.252,0.673,88.0,0.0,12.55879
2025-04-27 05:00:00+00:00,0.252,0.923,90.0,0.0,11.298495
2025-04-27 06:00:00+00:00,0.252,1.473,96.0,0.0,12.24
2025-04-27 07:00:00+00:00,0.252,1.873,95.0,0.0,10.966713
2025-04-27 08:00:00+00:00,0.251,2.623,93.0,0.0,10.163227
2025-04-27 09:00:00+00:00,0.251,3.073,91.0,0.1,10.144082
2025-04-27 10:00:00+00:00,0.251,3.473,92.0,0.1,9.178235
2025-04-27 11:00:00+00:00,0.251,3.673,94.0,0.0,8.654986
2025-04-27 12:00:00+00:00,0.251,4.123,94.0,0.0,9.565437
2025-04-27 13:00:00+00:00,0.251,4.573,94.0,0.0,11.27553
2025-04-27 14:00:00+00:00,0.251,5.773,92.0,0.0,13.358861
2025-04-27 15:00:00+00:00,0.25,7.273,90.0,0.0,16.171976
2025-04-27 16:00:00+00:00,0.249,8.672999,88.0,0.0,17.462782
2025-04-27 17:00:00+00:00,0.249,9.672999,84.0,0.0,21.749481
2025-04-27 18:00:00+00:00,0.247,10.523,70.0,0.0,30.018473
2025-04-27 19:00:00+00:00,0.245,9.922999,68.0,0.0,29.574827
2025-04-27 20:00:00+00:00,0.244,9.523,70.0,0.0,25.050413
2025-04-27 21:00:00+00:00,0.244,9.172999,72.0,0.0,21.841648
2025-04-27 22:00:00+00:00,0.244,8.773,76.0,0.0,19.386591
2025-04-27 23:00:00+00:00,0.244,8.623,78.0,0.0,20.620806
2025-04-28 00:00:00+00:00,0.238,9.073,73.0,0.0,17.811815
2025-04-28 01:00:00+00:00,0.238,8.773,73.0,0.0,17.31746
2025-04-28 02:00:00+00:00,0.238,8.323,78.0,0.0,15.807239
2025-04-28 03:00:00+00:00,0.238,8.223,78.0,0.0,18.359999
2025-04-28 04:00:00+00:00,0.238,8.123,80.0,0.0,21.659916
2025-04-28 05:00:00+00:00,0.238,8.823,78.0,0.0,27.103
2025-04-28 06:00:00+00:00,0.237,8.823,77.0,0.0,24.703976
2025-04-28 07:00:00+00:00,0.237,8.873,79.0,0.0,24.280659
2025-04-28 08:00:00+00:00,0.237,8.773,82.0,0.0,24.031178
2025-04-28 09:00:00+00:00,0.237,8.523,86.0,0.0,22.366402
2025-04-28 10:00:00+00:00,0.238,7.7229996,72.0,0.1,23.143827
2025-04-28 11:00:00+00:00,0.237,6.7229996,67.0,0.0,16.575644
2025-04-28 12:00:00+00:00,0.237,5.9230003,83.0,0.0,12.682018
2025-04-28 13:00:00+00:00,0.237,5.7229996,84.0,0.0,10.739833
2025-04-28 14:00:00+00:00,0.236,6.623,81.0,0.0,9.565437
2025-04-28 15:00:00+00:00,0.235,7.773,72.0,0.0,9.693296
2025-04-28 16:00:00+00:00,0.234,8.523,66.0,0.0,8.854829
2025-04-28 17:00:00+00:00,0.232,9.073,71.0,0.0,7.9932966
2025-04-28 18:00:00+00:00,0.232,9.623,73.0,0.0,7.9526596
2025-04-28 19:00:00+00:00,0.232,9.573,74.0,0.0,7.928178
2025-04-28 20:00:00+00:00,0.248,8.773,87.0,0.8,8.089993
2025-04-28 21:00:00+00:00,0.272,8.623,90.0,0.9,10.853866
2025-04-28 22:00:00+00:00,0.276,8.672999,84.0,0.5,13.397612
2025-04-28 23:00:00+00:00,0.275,8.223,86.0,0.4,11.165805
2025-04-29 00:00:00+00:00,0.281,7.823,89.0,0.6,4.6938252
2025-04-29 01:00:00+00:00,0.286,7.623,91.0,0.6,5.3999996
2025-04-29 02:00:00+00:00,0.284,7.6730003,90.0,0.3,6.28713
2025-04-29 03:00:00+00:00,0.284,7.6730003,87.0,0.3,5.3999996
2025-04-29 04:00:00+00:00,0.282,7.4729996,88.0,0.3,4.6938252
2025-04-29 05:00:00+00:00,0.28,7.273,90.0,0.2,3.7585104
2025-04-29 06:00:00+00:00,0.273,6.1730003,91.0,0.0,3.396233
2025-04-29 07:00:00+00:00,0.27,5.623,91.0,0.0,1.835647
2025-04-29 08:00:00+00:00,0.268,5.323,89.0,0.0,4.1046314
2025-04-29 09:00:00+00:00,0.267,4.523,90.0,0.0,5.8603754
2025-04-29 10:00:00+00:00,0.267,4.573,90.0,0.0,7.9932966
2025-04-29 11:00:00+00:00,0.267,4.773,87.0,0.0,9.511088
2025-04-29 12:00:00+00:00,0.265,4.223,89.0,0.0,8.0899935
2025-04-29 13:00:00+00:00,0.264,4.9230003,88.0,0.0,9.826088
2025-04-29 14:00:00+00:00,0.263,6.323,85.0,0.0,12.10157
2025-04-29 15:00:00+00:00,0.261,7.9230003,80.0,0.0,15.629971
2025-04-29 16:00:00+00:00,0.259,8.922999,70.0,0.0,19.296133
2025-04-29 17:00:00+00:00,0.256,9.422999,62.0,0.0,18.129137
2025-04-29 18:00:00+00:00,0.254,9.922999,56.0,0.0,19.829433
2025-04-29 19:00:00+00:00,0.252,9.773,59.0,0.0,16.563911
2025-04-29 20:00:00+00:00,0.251,9.223,64.0,0.0,11.659777
2025-04-29 21:00:00+00:00,0.251,7.823,73.0,0.0,5.815978
2025-04-29 22:00:00+00:00,0.251,6.523,79.0,0.0,3.096837
2025-04-29 23:00:00+00:00,0.252,5.623,82.0,0.0,3.219938
2025-04-30 00:00:00+00:00,0.253,5.2229996,82.0,0.0,2.8799999
2025-04-30 01:00:00+00:00,0.253,4.4729996,85.0,0.0,2.52
2025-04-30 02:00:00+00:00,0.253,3.923,86.0,0.0,2.1897945
2025-04-30 03:00:00+00:00,0.252,3.473,88.0,0.0,2.3051248
2025-04-30 04:00:00+00:00,0.252,2.323,92.0,0.0,3.219938
2025-04-30 05:00:00+00:00,0.252,1.773,94.0,0.0,3.6179552
2025-04-30 06:00:00+00:00,0.252,1.173,95.0,0.0,4.072935
2025-04-30 07:00:00+00:00,0.251,0.873,96.0,0.0,3.6
2025-04-30 08:00:00+00:00,0.251,1.173,96.0,0.0,4.198285
2025-04-30 09:00:00+00:00,0.255,1.723,94.0,0.1,4.8965297
2025-04-30 10:00:00+00:00,0.255,1.973,93.0,0.1,5.3999996
2025-04-30 11:00:00+00:00,0.254,2.323,92.0,0.0,6.193674
2025-04-30 12:00:00+00:00,0.252,2.473,90.0,0.0,6.6087217
2025-04-30 13:00:00+00:00,0.251,3.323,90.0,0.0,6.6087217
2025-04-30 14:00:00+00:00,0.25,4.9729996,87.0,0.0,7.5685663
2025-04-30 15:00:00+00:00,0.249,6.573,85.0,0.0,9.449572
2025-04-30 16:00:00+00:00,0.248,8.173,84.0,0.0,9.028754
2025-04-30 17:00:00+00:00,0.247,10.123,75.0,0.0,8.39657
2025-04-30 18:00:00+00:00,0.247,10.123,78.0,0.0,6.830519
2025-04-30 19:00:00+00:00,0.246,10.773,71.0,0.0,5.692099
2025-04-30 20:00:00+00:00,0.246,10.223,76.0,0.0,4.5820518
2025-04-30 21:00:00+00:00,0.246,9.223,82.0,0.0,2.7416782
2025-04-30 22:00:00+00:00,0.246,8.422999,86.0,0.0,2.4149535
2025-04-30 23:00:00+00:00,0.246,7.573,90.0,0.1,2.0364676
2025-05-01 00:00:00+00:00,0.249,6.373,95.0,0.0,2.9024127
2025-05-01 01:00:00+00:00,0.251,6.073,96.0,0.1,2.2768397
2025-05-01 02:00:00+00:00,0.25,5.573,97.0,0.0,1.609969
2025-05-01 03:00:00+00:00,0.25,5.273,98.0,0.0,1.9386592
2025-05-01 04:00:00+00:00,0.25,4.223,100.0,0.0,4.3498964
2025-05-01 05:00:00+00:00,0.249,3.323,100.0,0.0,3.2599385
2025-05-01 06:00:00+00:00,0.248,2.773,100.0,0.0,3.2399998
2025-05-01 07:00:00+00:00,0.248,2.323,100.0,0.0,2.968636
2025-05-01 08:00:00+00:00,0.248,1.623,100.0,0.0,2.8116899
2025-05-01 09:00:00+00:00,0.247,0.573,100.0,0.0,2.0991426
2025-05-01 10:00:00+00:00,0.247,-0.07699999,100.0,0.0,1.8
2025-05-01 11:00:00+00:00,0.247,0.073,100.0,0.0,2.7416782
2025-05-01 12:00:00+00:00,0.246,0.122999996,100.0,0.0,3.7064266
2025-05-01 13:00:00+00:00,0.246,1.023,100.0,0.0,2.6208394
2025-05-01 14:00:00+00:00,0.247,2.373,100.0,0.0,2.9024127
2025-05-01 15:00:00+00:00,0.247,4.4230003,95.0,0.0,5.154415
2025-05-01 16:00:00+00:00,0.248,5.9729996,91.0,0.0,7.729527
2025-05-01 17:00:00+00:00,0.248,7.523,87.0,0.0,11.631956
2025-05-01 18:00:00+00:00,0.248,7.573,87.0,0.0,15.042659
2025-05-01 19:00:00+00:00,0.246,7.573,86.0,0.0,14.654254
2025-05-01 20:00:00+00:00,0.246,7.323,88.0,0.0,14.182355
2025-05-01 21:00:00+00:00,0.245,6.9729996,89.0,0.0,14.003029
2025-05-01 22:00:00+00:00,0.245,6.6730003,88.0,0.0,14.372974
2025-05-01 23:00:00+00:00,0.245,6.373,88.0,0.0,13.217443
2025-05-02 00:00:00+00:00,0.246,6.023,91.0,0.0,12.387348
2025-05-02 01:00:00+00:00,0.246,5.9230003,92.0,0.0,10.086427
2025-05-02 02:00:00+00:00,0.246,5.823,92.0,0.0,9.19939
2025-05-02 03:00:00+00:00,0.246,5.773,93.0,0.0,8.049845
2025-05-02 04:00:00+00:00,0.246,5.773,94.0,0.0,6.989936
2025-05-02 05:00:00+00:00,0.246,5.823,95.0,0.1,5.3999996
2025-05-02 06:00:00+00:00,0.246,5.4729996,95.0,0.1,7.386582
2025-05-02 07:00:00+00:00,0.246,5.573,95.0,0.0,5.904439
2025-05-02 08:00:00+00:00,0.245,5.573,94.0,0.0,4.6938252
2025-05-02 09:00:00+00:00,0.246,5.523,95.0,0.0,3.319036
2025-05-02 10:00:00+00:00,0.246,5.4729996,96.0,0.1,3.096837
2025-05-02 11:00:00+00:00,0.246,5.4230003,96.0,0.0,2.0364676
2025-05-02 12:00:00+00:00,0.245,4.9729996,96.0,0.0,0.8049845
2025-05-02 13:00:00+00:00,0.244,5.073,95.0,0.0,0.71999997
2025-05-02 14:00:00+00:00,0.244,5.4230003,96.0,0.0,1.835647
2025-05-02 15:00:00+00:00,0.244,6.1730003,92.0,0.0,3.319036
2025-05-02 16:00:00+00:00,0.243,7.023,87.0,0.0,3.319036
2025-05-02 17:00:00+00:00,0.242,7.6730003,86.0,0.0,3.6
2025-05-02 18:00:00+00:00,0.241,8.123,79.0,0.0,5.0142193
2025-05-02 19:00:00+00:00,0.24,8.223,79.0,0.0,5.4477882
2025-05-02 20:00:00+00:00,0.24,7.9230003,78.0,0.0,3.6
2025-05-02 21:00:00+00:00,0.24,7.123,85.0,0.0,2.52
2025-05-02 22:00:00+00:00,0.241,6.123,89.0,0.0,2.968636
2025-05-02 23:00:00+00:00,0.241,5.023,93.0,0.0,2.7416782
2025-05-03 00:00:00+00:00,0.244,4.1730003,97.0,0.0,2.1897945
2025-05-03 01:00:00+00:00,0.245,4.323,96.0,0.1,1.08
2025-05-03 02:00:00+00:00,0.263,4.1730003,98.0,0.7,2.8116899
2025-05-03 03:00:00+00:00,0.276,4.023,99.0,0.5,2.968636
2025-05-03 04:00:00+00:00,0.284,4.073,99.0,0.6,3.319036
2025-05-03 05:00:00+00:00,0.28,4.373,96.0,0.1,7.491114
2025-05-03 06:00:00+00:00,0.278,5.573,96.0,0.0,18.584509
2025-05-03 07:00:00+00:00,0.272,4.823,76.0,0.0,24.144165
2025-05-03 08:00:00+00:00,0.266,4.4729996,75.0,0.0,25.56
2025-05-03 09:00:00+00:00,0.263,4.4729996,71.0,0.0,27.359999
2025-05-03 10:00:00+00:00,0.26,3.973,72.0,0.0,28.820242
2025-05-03 11:00:00+00:00,0.259,3.473,75.0,0.0,30.344814
2025-05-03 12:00:00+00:00,0.258,3.023,81.0,0.0,24.967499
2025-05-03 13:00:00+00:00,0.257,2.923,81.0,0.0,24.387177
2025-05-03 14:00:00+00:00,0.256,3.773,79.0,0.0,24.74329
2025-05-03 15:00:00+00:00,0.254,4.823,73.0,0.0,27.193705
2025-05-03 16:00:00+00:00,0.252,5.773,65.0,0.0,24.546085
2025-05-03 17:00:00+00:00,0.25,6.2229996,61.0,0.0,24.187069
2025-05-03 18:00:00+00:00,0.249,5.9729996,62.0,0.0,22.461807
2025-05-03 19:00:00+00:00,0.248,5.4729996,64.0,0.0,22.065973
2025-05-03 20:00:00+00:00,0.248,4.773,70.0,0.0,20.991426
2025-05-03 21:00:00+00:00,0.248,3.823,73.0,0.0,21.26744
2025-05-03 22:00:00+00:00,0.247,3.023,72.0,0.0,21.26744
2025-05-03 23:00:00+00:00,0.247,2.373,77.0,0.0,20.633371
2025-05-04 00:00:00+00:00,0.249,1.673,80.0,0.0,18.709612
2025-05-04 01:00:00+00:00,0.249,1.373,81.0,0.0,20.06334
2025-05-04 02:00:00+00:00,0.249,1.073,82.0,0.0,18.709612
2025-05-04 03:00:00+00:00,0.249,0.973,84.0,0.0,17.114204
2025-05-04 04:00:00+00:00,0.249,0.973,85.0,0.0,17.418196
2025-05-04 05:00:00+00:00,0.248,1.073,84.0,0.0,17.76081
2025-05-04 06:00:00+00:00,0.248,0.723,86.0,0.0,16.904673
2025-05-04 07:00:00+00:00,0.248,1.023,89.0,0.0,17.551615
2025-05-04 08:00:00+00:00,0.248,1.673,90.0,0.0,17.917007
2025-05-04 09:00:00+00:00,0.248,2.523,89.0,0.0,21.933426
2025-05-04 10:00:00+00:00,0.247,3.223,86.0,0.0,25.744402
2025-05-04 11:00:00+00:00,0.247,3.623,87.0,0.0,29.144438
2025-05-04 12:00:00+00:00,0.247,3.973,83.0,0.0,29.07989
2025-05-04 13:00:00+00:00,0.246,4.4729996,77.0,0.0,29.655787
2025-05-04 14:00:00+00:00,0.245,5.323,73.0,0.0,29.237675
2025-05-04 15:00:00+00:00,0.244,6.1730003,71.0,0.0,32.527744
2025-05-04 16:00:00+00:00,0.243,7.073,67.0,0.0,29.16
2025-05-04 17:00:00+00:00,0.242,7.623,64.0,0.0,28.449112
2025-05-04 18:00:00+00:00,0.241,7.523,63.0,0.0,36.40453
2025-05-04 19:00:00+00:00,0.24,7.373,64.0,0.0,32.431984
2025-05-04 20:00:00+00:00,0.24,6.823,66.0,0.0,27.595823
2025-05-04 21:00:00+00:00,0.24,5.773,72.0,0.0,21.129883
2025-05-04 22:00:00+00:00,0.241,4.4729996,80.0,0.0,16.45007
2025-05-04 23:00:00+00:00,0.241,3.573,86.0,0.0,14.512064
2025-05-05 00:00:00+00:00,0.242,3.173,88.0,0.0,16.575644
2025-05-05 01:00:00+00:00,0.242,2.823,85.0,0.0,13.392774
2025-05-05 02:00:00+00:00,0.242,2.673,82.0,0.0,10.990322
2025-05-05 03:00:00+00:00,0.242,1.873,87.0,0.0,7.0911775
2025-05-05 04:00:00+00:00,0.242,1.223,90.0,0.0,6.12
2025-05-05 05:00:00+00:00,0.242,1.273,91.0,0.0,3.9763298
2025-05-05 06:00:00+00:00,0.242,0.373,93.0,0.0,5.2416787
2025-05-05 07:00:00+00:00,0.242,-0.227,96.0,0.0,4.5536795
2025-05-05 08:00:00+00:00,0.242,-0.627,98.0,0.0,4.0249224
2025-05-05 09:00:00+00:00,0.242,-0.877,99.0,0.0,2.9024127
2025-05-05 10:00:00+00:00,0.242,-1.177,99.0,0.0,3.6
2025-05-05 11:00:00+00:00,0.242,-1.277,100.0,0.0,3.4152596
2025-05-05 12:00:00+00:00,0.243,-1.727,100.0,0.0,3.7064266
2025-05-05 13:00:00+00:00,0.243,-1.527,99.0,0.0,3.319036
2025-05-05 14:00:00+00:00,0.243,-0.77699995,99.0,0.0,1.8
2025-05-05 15:00:00+00:00,0.242,0.923,94.0,0.0,0.5091169
2025-05-05 16:00:00+00:00,0.241,2.673,86.0,0.0,0.8049845
2025-05-05 17:00:00+00:00,0.241,3.823,81.0,0.0,2.8116899
2025-05-05 18:00:00+00:00,0.24,5.6730003,78.0,0.0,5.1919937
2025-05-05 19:00:00+00:00,0.239,6.073,73.0,0.0,7.42159
2025-05-05 20:00:00+00:00,0.239,5.523,78.0,0.0,7.6367526
2025-05-05 21:00:00+00:00,0.239,3.673,88.0,0.0,6.9899354
2025-05-05 22:00:00+00:00,0.24,1.773,93.0,0.0,6.638072
2025-05-05 23:00:00+00:00,0.24,0.873,96.0,0.0,6.9527545
2025-05-06 00:00:00+00:00,0.244,0.823,99.0,0.0,7.729527
2025-05-06 01:00:00+00:00,0.244,1.023,99.0,0.0,8.942214
2025-05-06 02:00:00+00:00,0.244,2.023,93.0,0.0,11.753876
2025-05-06 03:00:00+00:00,0.244,2.1230001,93.0,0.0,13.276144
2025-05-06 04:00:00+00:00,0.244,2.573,93.0,0.0,14.4
2025-05-06 05:00:00+00:00,0.244,2.723,94.0,0.0,14.386494
2025-05-06 06:00:00+00:00,0.244,3.173,93.0,0.0,17.414474
2025-05-06 07:00:00+00:00,0.244,3.273,93.0,0.0,17.414474
2025-05-06 08:00:00+00:00,0.244,3.423,93.0,0.0,17.673029
2025-05-06 09:00:00+00:00,0.244,3.623,92.0,0.0,19.734436
2025-05-06 10:00:00+00:00,0.244,3.623,91.0,0.0,21.028437
2025-05-06 11:00:00+00:00,0.243,3.523,91.0,0.0,21.533897
2025-05-06 12:00:00+00:00,0.243,3.873,89.0,0.0,22.180206
2025-05-06 13:00:00+00:00,0.243,4.223,86.0,0.0,24.27265
2025-05-06 14:00:00+00:00,0.243,4.773,83.0,0.0,27.558228
2025-05-06 15:00:00+00:00,0.245,5.273,82.0,0.0,29.268686
2025-05-06 16:00:00+00:00,0.243,5.623,81.0,0.1,29.76484
2025-05-06 17:00:00+00:00,0.244,5.623,82.0,0.1,29.853966
2025-05-06 18:00:00+00:00,0.254,5.6730003,82.0,0.2,31.485083
2025-05-06 19:00:00+00:00,0.256,5.6730003,80.0,0.2,34.01762
2025-05-06 20:00:00+00:00,0.252,5.4230003,78.0,0.1,34.71341
2025-05-06 21:00:00+00:00,0.25,5.2229996,76.0,0.0,33.971867
2025-05-06 22:00:00+00:00,0.25,5.023,75.0,0.1,32.726357
2025-05-06 23:00:00+00:00,0.248,4.823,75.0,0.0,30.760519
2025-05-07 00:00:00+00:00,0.245,3.773,73.0,0.0,29.964457
2025-05-07 01:00:00+00:00,0.244,3.373,74.0,0.0,28.00837
2025-05-07 02:00:00+00:00,0.244,3.023,74.0,0.0,23.617756
2025-05-07 03:00:00+00:00,0.243,2.973,73.0,0.0,20.304129
2025-05-07 04:00:00+00:00,0.243,2.773,68.0,0.0,22.545315
2025-05-07 05:00:00+00:00,0.242,2.223,67.0,0.0,20.188908
2025-05-07 06:00:00+00:00,0.242,2.023,70.0,0.0,17.148247
2025-05-07 07:00:00+00:00,0.241,1.523,70.0,0.0,15.03835
2025-05-07 08:00:00+00:00,0.241,1.123,72.0,0.0,11.212135
2025-05-07 09:00:00+00:00,0.241,0.723,76.0,0.0,10.195057
2025-05-07 10:00:00+00:00,0.241,0.373,76.0,0.0,6.696387
2025-05-07 11:00:00+00:00,0.241,0.023000002,77.0,0.0,3.8939953
2025-05-07 12:00:00+00:00,0.242,0.223,78.0,0.0,1.484318
2025-05-07 13:00:00+00:00,0.242,0.122999996,79.0,0.0,2.3051248
2025-05-07 14:00:00+00:00,0.241,0.873,81.0,0.0,3.319036
2025-05-07 15:00:00+00:00,0.241,2.523,69.0,0.0,5.00128
2025-05-07 16:00:00+00:00,0.239,3.523,59.0,0.0,7.42159
2025-05-07 17:00:00+00:00,0.238,3.923,56.0,0.0,8.404285
2025-05-07 18:00:00+00:00,0.237,4.1730003,56.0,0.0,6.489992
2025-05-07 19:00:00+00:00,0.237,4.073,56.0,0.0,4.0249224
2025-05-07 20:00:00+00:00,0.237,3.723,57.0,0.0,2.5959969
2025-05-07 21:00:00+00:00,0.238,2.873,65.0,0.0,2.5455842
2025-05-07 22:00:00+00:00,0.238,1.573,72.0,0.0,3.5455887
2025-05-07 23:00:00+00:00,0.238,0.723,77.0,0.0,4.0249224
2025-05-08 00:00:00+00:00,0.237,0.423,78.0,0.0,4.829907
2025-05-08 01:00:00+00:00,0.237,0.373,79.0,0.0,4.6800003
2025-05-08 02:00:00+00:00,0.237,0.423,78.0,0.0,4.829907
2025-05-08 03:00:00+00:00,0.237,0.373,78.0,0.0,5.692099
2025-05-08 04:00:00+00:00,0.237,0.373,77.0,0.0,6.1094027
2025-05-08 05:00:00+00:00,0.236,0.223,77.0,0.0,5.0911684
2025-05-08 06:00:00+00:00,0.236,-0.17699999,78.0,0.0,4.1046314
2025-05-08 07:00:00+00:00,0.237,-0.32700002,78.0,0.0,3.219938
2025-05-08 08:00:00+00:00,0.237,-0.427,77.0,0.0,1.9386592
2025-05-08 09:00:00+00:00,0.237,-0.37699997,76.0,0.0,1.1384199
2025-05-08 10:00:00+00:00,0.237,-0.277,76.0,0.0,1.835647
2025-05-08 11:00:00+00:00,0.237,-0.977,81.0,0.0,3.96
2025-05-08 12:00:00+00:00,0.237,-1.677,86.0,0.0,5.815978
2025-05-08 13:00:00+00:00,0.237,-1.427,87.0,0.0,5.4833565
2025-05-08 14:00:00+00:00,0.237,-0.527,84.0,0.0,5.815978
2025-05-08 15:00:00+00:00,0.236,1.123,79.0,0.0,6.5693827
2025-05-08 16:00:00+00:00,0.236,2.573,78.0,0.0,9.007196
2025-05-08 17:00:00+00:00,0.236,3.323,80.0,0.0,9.746631
2025-05-08 18:00:00+00:00,0.238,4.323,82.0,0.1,9.227524
2025-05-08 19:00:00+00:00,0.241,5.023,82.0,0.1,13.276144
2025-05-08 20:00:00+00:00,0.239,4.9230003,76.0,0.0,16.904673
2025-05-08 21:00:00+00:00,0.239,4.623,82.0,0.0,15.349684
2025-05-08 22:00:00+00:00,0.239,4.323,86.0,0.0,14.565548
2025-05-08 23:00:00+00:00,0.242,4.273,87.0,0.1,14.84318
2025-05-09 00:00:00+00:00,0.247,4.4729996,85.0,0.1,13.891522
2025-05-09 01:00:00+00:00,0.251,4.573,87.0,0.2,13.397612
2025-05-09 02:00:00+00:00,0.249,4.623,87.0,0.1,12.783802
2025-05-09 03:00:00+00:00,0.246,4.6730003,88.0,0.0,12.594856
2025-05-09 04:00:00+00:00,0.246,4.373,91.0,0.0,10.464797
2025-05-09 05:00:00+00:00,0.246,4.4230003,93.0,0.0,9.360001
2025-05-09 06:00:00+00:00,0.246,3.973,94.0,0.1,7.69592
2025-05-09 07:00:00+00:00,0.248,4.023,95.0,0.2,4.452954
2025-05-09 08:00:00+00:00,0.253,3.973,95.0,0.3,1.1384199
2025-05-09 09:00:00+00:00,0.257,3.773,95.0,0.2,4.5536795
2025-05-09 10:00:00+00:00,0.258,3.573,94.0,0.1,5.8048253
2025-05-09 11:00:00+00:00,0.255,3.023,95.0,0.0,7.8625183
2025-05-09 12:00:00+00:00,0.252,2.873,94.0,0.0,9.178235
2025-05-09 13:00:00+00:00,0.251,2.873,94.0,0.0,11.525623
2025-05-09 14:00:00+00:00,0.253,3.873,90.0,0.0,13.849476
2025-05-09 15:00:00+00:00,0.251,5.523,83.0,0.0,17.015474
2025-05-09 16:00:00+00:00,0.249,6.9230003,75.0,0.0,21.746504
2025-05-09 17:00:00+00:00,0.247,7.623,70.0,0.0,20.674158
2025-05-09 18:00:00+00:00,0.245,7.873,61.0,0.0,22.881956
2025-05-09 19:00:00+00:00,0.243,7.4230003,61.0,0.0,20.833395
2025-05-09 20:00:00+00:00,0.243,6.7229996,65.0,0.0,16.93531
2025-05-09 21:00:00+00:00,0.242,5.273,74.0,0.0,12.429127
2025-05-09 22:00:00+00:00,0.242,4.1730003,83.0,0.0,9.6932955
2025-05-09 23:00:00+00:00,0.243,3.273,87.0,0.0,6.830519
2025-05-10 00:00:00+00:00,0.24,2.623,89.0,0.0,5.154415
2025-05-10 01:00:00+00:00,0.24,2.373,91.0,0.0,5.3517847
2025-05-10 02:00:00+00:00,0.24,2.373,90.0,0.0,2.9024127
2025-05-10 03:00:00+00:00,0.24,2.473,88.0,0.0,1.08
2025-05-10 04:00:00+00:00,0.24,2.523,87.0,0.0,0.5091169
2025-05-10 05:00:00+00:00,0.24,2.373,87.0,0.0,1.835647
2025-05-10 06:00:00+00:00,0.24,0.473,97.0,0.0,4.6938252
2025-05-10 07:00:00+00:00,0.24,-0.227,99.0,0.0,4.3349743
2025-05-10 08:00:00+00:00,0.24,-0.277,99.0,0.0,5.2416787
2025-05-10 09:00:00+00:00,0.24,-0.02700001,97.0,0.0,5.506941
2025-05-10 10:00:00+00:00,0.24,0.17300001,96.0,0.0,5.315336
2025-05-10 11:00:00+00:00,0.24,0.423,95.0,0.0,6.9527545
2025-05-10 12:00:00+00:00,0.24,0.823,96.0,0.0,6.4096174
2025-05-10 13:00:00+00:00,0.239,1.173,96.0,0.0,6.3690495
2025-05-10 14:00:00+00:00,0.239,2.573,94.0,0.0,6.1305785
2025-05-10 15:00:00+00:00,0.238,4.4230003,88.0,0.0,8.707237
2025-05-10 16:00:00+00:00,0.238,5.073,87.0,0.0,11.298495
2025-05-10 17:00:00+00:00,0.237,5.523,88.0,0.0,11.792404
2025-05-10 18:00:00+00:00,0.238,6.623,89.0,0.2,8.766573
2025-05-10 19:00:00+00:00,0.279,6.4729996,93.0,1.4,8.28
2025-05-10 20:00:00+00:00,0.29,6.323,96.0,0.9,4.6102495
2025-05-10 21:00:00+00:00,0.29,6.023,97.0,0.7,6.28713
2025-05-10 22:00:00+00:00,0.277,5.573,97.0,0.0,4.379589
2025-05-10 23:00:00+00:00,0.271,5.4230003,95.0,0.0,1.1384199
2025-05-11 00:00:00+00:00,0.263,4.773,98.0,0.0,2.9024127
2025-05-11 01:00:00+00:00,0.261,4.523,97.0,0.1,4.2136917
2025-05-11 02:00:00+00:00,0.26,4.1730003,96.0,0.0,7.172949
2025-05-11 03:00:00+00:00,0.26,4.9729996,96.0,0.0,10.636766
2025-05-11 04:00:00+00:00,0.259,5.023,96.0,0.0,13.584932
2025-05-11 05:00:00+00:00,0.266,5.4230003,93.0,0.3,18.792551
2025-05-11 06:00:00+00:00,0.259,5.2229996,90.0,0.0,19.06301
2025-05-11 07:00:00+00:00,0.257,4.623,86.0,0.0,19.416653
2025-05-11 08:00:00+00:00,0.256,4.323,86.0,0.0,19.06301
2025-05-11 09:00:00+00:00,0.255,3.873,89.0,0.0,17.654686
2025-05-11 10:00:00+00:00,0.254,3.623,92.0,0.0,16.179985
2025-05-11 11:00:00+00:00,0.253,3.573,90.0,0.0,16.1198
2025-05-11 12:00:00+00:00,0.253,4.273,87.0,0.0,19.523155
2025-05-11 13:00:00+00:00,0.252,4.4729996,87.0,0.0,18.1041
2025-05-11 14:00:00+00:00,0.251,5.323,85.0,0.0,16.24394
2025-05-11 15:00:00+00:00,0.25,6.523,81.0,0.0,16.071491
2025-05-11 16:00:00+00:00,0.249,7.773,75.0,0.0,16.981165
2025-05-11 17:00:00+00:00,0.247,8.723,69.0,0.0,18.472595
2025-05-11 18:00:00+00:00,0.246,9.373,62.0,0.0,21.710716
2025-05-11 19:00:00+00:00,0.245,8.773,64.0,0.0,21.166653
2025-05-11 20:00:00+00:00,0.245,8.173,63.0,0.0,17.87718
2025-05-11 21:00:00+00:00,0.245,7.123,64.0,0.0,10.182337
2025-05-11 22:00:00+00:00,0.245,6.2229996,66.0,0.0,5.815978
2025-05-11 23:00:00+00:00,0.245,4.873,72.0,0.0,5.8603754
2025-05-12 00:00:00+00:00,0.242,3.123,81.0,0.0,6.638072
2025-05-12 01:00:00+00:00,0.242,2.523,83.0,0.0,7.6367526
2025-05-12 02:00:00+00:00,0.242,2.723,84.0,0.0,8.350138
2025-05-12 03:00:00+00:00,0.242,3.173,89.0,0.0,9.114471
2025-05-12 04:00:00+00:00,0.242,3.773,90.0,0.0,9.47012
2025-05-12 05:00:00+00:00,0.242,4.023,91.0,0.0,7.69592
2025-05-12 06:00:00+00:00,0.242,2.773,96.0,0.0,6.696387
2025-05-12 07:00:00+00:00,0.25,3.273,96.0,0.5,8.905908
2025-05-12 08:00:00+00:00,0.259,4.4729996,95.0,0.3,12.245294
2025-05-12 09:00:00+00:00,0.255,5.073,95.0,0.0,7.342588
2025-05-12 10:00:00+00:00,0.266,5.323,91.0,0.6,4.8965297
2025-05-12 11:00:00+00:00,0.266,6.4230003,79.0,0.1,11.609651
2025-05-12 12:00:00+00:00,0.261,7.6730003,66.0,0.0,15.530151
2025-05-12 13:00:00+00:00,0.258,7.6730003,61.0,0.0,19.694992
2025-05-12 14:00:00+00:00,0.254,7.523,63.0,0.0,18.193361
2025-05-12 15:00:00+00:00,0.251,7.873,57.0,0.0,19.483284
2025-05-12 16:00:00+00:00,0.249,8.073,54.0,0.0,20.724247
2025-05-12 17:00:00+00:00,0.247,8.223,52.0,0.0,21.407139
2025-05-12 18:00:00+00:00,0.246,8.323,46.0,0.0,25.620771
2025-05-12 19:00:00+00:00,0.245,7.773,53.0,0.0,21.611996
2025-05-12 20:00:00+00:00,0.245,7.073,59.0,0.0,20.304129
2025-05-12 21:00:00+00:00,0.246,6.323,64.0,0.1,19.373219
2025-05-12 22:00:00+00:00,0.245,5.7229996,68.0,0.0,21.313093
2025-05-12 23:00:00+00:00,0.245,5.2229996,69.0,0.0,19.67195
2025-05-13 00:00:00+00:00,0.232,4.323,77.0,0.0,14.689588
2025-05-13 01:00:00+00:00,0.232,3.823,79.0,0.0,13.608762
2025-05-13 02:00:00+00:00,0.232,3.223,83.0,0.0,11.753876
2025-05-13 03:00:00+00:00,0.233,2.673,87.0,0.0,10.182337
2025-05-13 04:00:00+00:00,0.233,2.523,86.0,0.0,10.44
2025-05-13 05:00:00+00:00,0.233,2.1230001,87.0,0.0,7.7043357
2025-05-13 06:00:00+00:00,0.233,1.023,90.0,0.0,4.68
2025-05-13 07:00:00+00:00,0.234,0.473,91.0,0.0,4.198285
2025-05-13 08:00:00+00:00,0.234,-0.07699999,92.0,0.0,4.0249224
2025-05-13 09:00:00+00:00,0.234,-0.127,92.0,0.0,3.9763298
2025-05-13 10:00:00+00:00,0.234,0.273,88.0,0.0,4.379589
2025-05-13 11:00:00+00:00,0.234,0.823,84.0,0.0,4.510787
2025-05-13 12:00:00+00:00,0.234,0.023000002,94.0,0.0,3.8268526
2025-05-13 13:00:00+00:00,0.234,-0.32700002,97.0,0.0,5.315336
2025-05-13 14:00:00+00:00,0.234,0.673,94.0,0.0,5.634891
2025-05-13 15:00:00+00:00,0.234,3.223,88.0,0.0,7.0911775
2025-05-13 16:00:00+00:00,0.233,5.373,85.0,0.0,7.208994
2025-05-13 17:00:00+00:00,0.233,7.4230003,74.0,0.0,8.913181
2025-05-13 18:00:00+00:00,0.231,8.473,68.0,0.0,10.00256
2025-05-13 19:00:00+00:00,0.231,8.073,70.0,0.0,7.9932966
2025-05-13 20:00:00+00:00,0.231,7.123,76.0,0.0,5.692099
2025-05-13 21:00:00+00:00,0.232,5.523,87.0,0.0,5.771239
2025-05-13 22:00:00+00:00,0.232,4.573,93.0,0.0,5.4477882
2025-05-13 23:00:00+00:00,0.233,3.923,95.0,0.0,5.2416787
2025-05-14 00:00:00+00:00,0.226,3.023,95.0,0.0,5.1919937
2025-05-14 01:00:00+00:00,0.226,2.723,96.0,0.0,4.8433046
2025-05-14 02:00:00+00:00,0.227,2.523,96.0,0.1,4.3349743
2025-05-14 03:00:00+00:00,0.227,2.373,97.0,0.1,3.7064266
2025-05-14 04:00:00+00:00,0.229,2.373,97.0,0.1,2.0991426
2025-05-14 05:00:00+00:00,0.243,2.323,98.0,0.5,2.7416782
2025-05-14 06:00:00+00:00,0.235,1.323,100.0,0.0,3.0758414
2025-05-14 07:00:00+00:00,0.234,1.623,97.0,0.0,5.2416787
2025-05-14 08:00:00+00:00,0.25,3.973,89.0,0.1,21.188072
2025-05-14 09:00:00+00:00,0.248,4.273,72.0,0.0,27.086262
2025-05-14 10:00:00+00:00,0.243,3.823,70.0,0.0,26.642431
2025-05-14 11:00:00+00:00,0.24,3.223,74.0,0.0,23.857979
2025-05-14 12:00:00+00:00,0.237,2.1729999,81.0,0.0,19.562946
2025-05-14 13:00:00+00:00,0.236,2.1230001,82.0,0.0,19.694992
2025-05-14 14:00:00+00:00,0.235,3.073,79.0,0.0,18.792551
2025-05-14 15:00:00+00:00,0.234,4.373,72.0,0.0,24.1388
2025-05-14 16:00:00+00:00,0.232,5.123,69.0,0.0,24.248613
2025-05-14 17:00:00+00:00,0.231,5.573,68.0,0.0,22.768398
2025-05-14 18:00:00+00:00,0.23,5.7229996,67.0,0.0,22.314194
2025-05-14 19:00:00+00:00,0.23,5.4729996,71.0,0.0,17.25373
2025-05-14 20:00:00+00:00,0.23,5.023,78.0,0.0,12.229406
2025-05-14 21:00:00+00:00,0.23,3.973,85.0,0.0,9.255571
2025-05-14 22:00:00+00:00,0.231,3.723,86.0,0.0,11.159999
2025-05-14 23:00:00+00:00,0.231,4.373,79.0,0.2,13.493999
2025-05-15 00:00:00+00:00,0.234,4.273,77.0,0.2,12.313894
2025-05-15 01:00:00+00:00,0.238,4.073,80.0,0.2,12.682018
2025-05-15 02:00:00+00:00,0.256,4.373,83.0,0.6,12.096214
2025-05-15 03:00:00+00:00,0.274,5.023,86.0,0.8,12.096214
2025-05-15 04:00:00+00:00,0.273,5.273,86.0,0.4,9.826088
2025-05-15 05:00:00+00:00,0.275,5.4230003,86.0,0.5,8.089993
2025-05-15 06:00:00+00:00,0.28,4.9729996,88.0,0.2,7.9932976
2025-05-15 07:00:00+00:00,0.285,4.523,90.0,0.6,5.3517847
2025-05-15 08:00:00+00:00,0.287,4.373,91.0,0.6,2.8116899
2025-05-15 09:00:00+00:00,0.274,2.923,96.0,0.0,2.7416782
2025-05-15 10:00:00+00:00,0.269,2.1230001,98.0,0.0,1.8
2025-05-15 11:00:00+00:00,0.265,2.623,93.0,0.0,5.0911684
2025-05-15 12:00:00+00:00,0.275,3.073,89.0,0.9,1.8
2025-05-15 13:00:00+00:00,0.322,5.323,83.0,1.7,24.023088
2025-05-15 14:00:00+00:00,0.307,5.073,75.0,0.5,41.065254
2025-05-15 15:00:00+00:00,0.308,4.223,77.0,0.8,39.96162
2025-05-15 16:00:00+00:00,0.303,4.273,72.0,0.5,39.966484
2025-05-15 17:00:00+00:00,0.293,4.573,69.0,0.1,41.041576
2025-05-15 18:00:00+00:00,0.296,4.023,74.0,0.0,48.961323
2025-05-15 19:00:00+00:00,0.292,3.873,74.0,0.2,47.521362
2025-05-15 20:00:00+00:00,0.286,3.723,74.0,0.1,45.770992
2025-05-15 21:00:00+00:00,0.282,3.723,70.0,0.0,40.192837
2025-05-15 22:00:00+00:00,0.279,3.673,67.0,0.0,35.64182
2025-05-15 23:00:00+00:00,0.276,3.273,67.0,0.0,33.87062
2025-05-16 00:00:00+00:00,0.274,2.823,72.0,0.0,36.376038
2025-05-16 01:00:00+00:00,0.273,2.423,78.0,0.0,32.957207
2025-05-16 02:00:00+00:00,0.271,2.1729999,79.0,0.0,30.811037
2025-05-16 03:00:00+00:00,0.27,2.023,80.0,0.0,28.357857
2025-05-16 04:00:00+00:00,0.269,1.823,80.0,0.0,24.442911
2025-05-16 05:00:00+00:00,0.268,1.423,83.0,0.0,19.562946
2025-05-16 06:00:00+00:00,0.267,0.623,87.0,0.0,15.7908325
2025-05-16 07:00:00+00:00,0.267,0.373,89.0,0.0,14.81259
2025-05-16 08:00:00+00:00,0.266,0.073,91.0,0.0,12.72283
2025-05-16 09:00:00+00:00,0.265,0.122999996,89.0,0.0,10.137692
2025-05-16 10:00:00+00:00,0.265,-0.227,90.0,0.0,7.42159
2025-05-16 11:00:00+00:00,0.264,-0.727,93.0,0.0,5.495161
2025-05-16 12:00:00+00:00,0.265,-1.377,98.0,0.0,4.6102495
2025-05-16 13:00:00+00:00,0.265,-1.377,99.0,0.0,4.3349743
2025-05-16 14:00:00+00:00,0.264,-0.427,97.0,0.0,3.8268526
2025-05-16 15:00:00+00:00,0.263,1.723,88.0,0.0,6.4096174
2025-05-16 16:00:00+00:00,0.262,3.123,81.0,0.0,11.631956
2025-05-16 17:00:00+00:00,0.26,4.073,73.0,0.0,15.893093
2025-05-16 18:00:00+00:00,0.258,4.323,68.0,0.0,20.163212
2025-05-16 19:00:00+00:00,0.256,4.023,66.0,0.0,18.359999
2025-05-16 20:00:00+00:00,0.255,3.323,67.0,0.0,14.417988
2025-05-16 21:00:00+00:00,0.255,1.723,78.0,0.0,9.605998
2025-05-16 22:00:00+00:00,0.255,0.923,83.0,0.0,8.766573
2025-05-16 23:00:00+00:00,0.255,0.423,85.0,0.0,8.427383
2025-05-17 00:00:00+00:00,0.257,-0.527,93.0,0.0,6.638072
2025-05-17 01:00:00+00:00,0.257,-1.077,94.0,0.0,6.162207
2025-05-17 02:00:00+00:00,0.257,-1.627,96.0,0.0,5.8048253
2025-05-17 03:00:00+00:00,0.256,-1.927,96.0,0.0,5.506941
2025-05-17 04:00:00+00:00,0.256,-2.277,97.0,0.0,5.0911684
2025-05-17 05:00:00+00:00,0.256,-2.627,97.0,0.0,3.96
2025-05-17 06:00:00+00:00,0.256,-3.527,100.0,0.0,3.0758414
2025-05-17 07:00:00+00:00,0.256,-3.577,99.0,0.0,2.8799999
2025-05-17 08:00:00+00:00,0.256,-3.877,100.0,0.0,2.5455842
2025-05-17 09:00:00+00:00,0.256,-4.427,100.0,0.0,3.0547013
2025-05-17 10:00:00+00:00,0.256,-4.5769997,100.0,0.0,1.5273507
2025-05-17 11:00:00+00:00,0.256,-4.8269997,100.0,0.0,3.0758414
2025-05-17 12:00:00+00:00,0.256,-4.8269997,100.0,0.0,3.2599385
2025-05-17 13:00:00+00:00,0.256,-4.727,100.0,0.0,3.0758414
2025-05-17 14:00:00+00:00,0.256,-3.827,99.0,0.0,2.4149535
2025-05-17 15:00:00+00:00,0.255,-1.8770001,91.0,0.0,2.0364676
2025-05-17 16:00:00+00:00,0.254,0.573,83.0,0.0,2.3051248
2025-05-17 17:00:00+00:00,0.253,2.1729999,74.0,0.0,2.9024127
2025-05-17 18:00:00+00:00,0.252,2.973,66.0,0.0,7.928178
2025-05-17 19:00:00+00:00,0.251,2.773,68.0,0.0,7.968939
2025-05-17 20:00:00+00:00,0.251,1.623,77.0,0.0,5.6233797
2025-05-17 21:00:00+00:00,0.251,0.423,83.0,0.0,5.8603754
2025-05-17 22:00:00+00:00,0.251,-0.477,85.0,0.0,6.792466
2025-05-17 23:00:00+00:00,0.251,-0.92700005,84.0,0.0,7.10031
2025-05-18 00:00:00+00:00,0.251,-1.527,85.0,0.0,6.9247384
2025-05-18 01:00:00+00:00,0.251,-1.927,84.0,0.0,6.9527545
2025-05-18 02:00:00+00:00,0.251,-2.227,83.0,0.0,6.830519
2025-05-18 03:00:00+00:00,0.251,-2.527,84.0,0.0,7.342588
2025-05-18 04:00:00+00:00,0.251,-2.527,83.0,0.0,8.287822
2025-05-18 05:00:00+00:00,0.251,-2.427,82.0,0.0,8.311245
2025-05-18 06:00:00+00:00,0.251,-2.227,78.0,0.0,7.928178
2025-05-18 07:00:00+00:00,0.251,-2.127,79.0,0.0,7.92
2025-05-18 08:00:00+00:00,0.251,-2.177,81.0,0.0,7.928178
2025-05-18 09:00:00+00:00,0.251,-2.077,82.0,0.0,8.647496
2025-05-18 10:00:00+00:00,0.251,-1.627,80.0,0.0,11.183201
2025-05-18 11:00:00+00:00,0.251,-1.577,82.0,0.0,9.47012
2025-05-18 12:00:00+00:00,0.251,-1.8770001,82.0,0.0,10.538843
2025-05-18 13:00:00+00:00,0.251,-1.627,81.0,0.0,10.105681
2025-05-18 14:00:00+00:00,0.251,-0.577,76.0,0.0,10.799999
2025-05-18 15:00:00+00:00,0.25,0.673,74.0,0.0,11.542478
2025-05-18 16:00:00+00:00,0.249,2.073,70.0,0.0,13.698934
2025-05-18 17:00:00+00:00,0.248,3.073,64.0,0.0,14.658676
2025-05-18 18:00:00+00:00,0.248,3.873,50.0,0.0,15.580141
2025-05-18 19:00:00+00:00,0.248,3.123,54.0,0.0,13.397612
2025-05-18 20:00:00+00:00,0.248,2.1729999,61.0,0.0,8.669949
2025-05-18 21:00:00+00:00,0.248,1.373,65.0,0.0,8.534353
2025-05-18 22:00:00+00:00,0.248,0.823,66.0,0.0,9.565437
2025-05-18 23:00:00+00:00,0.248,0.523,69.0,0.0,9.178235
2025-05-19 00:00:00+00:00,0.247,-0.127,72.0,0.0,10.823973
2025-05-19 01:00:00+00:00,0.247,-0.477,72.0,0.0,12.144331
2025-05-19 02:00:00+00:00,0.247,-0.477,74.0,0.0,12.57426
2025-05-19 03:00:00+00:00,0.247,-0.527,73.0,0.0,13.276144
2025-05-19 04:00:00+00:00,0.247,-0.37699997,68.0,0.0,14.84318
2025-05-19 05:00:00+00:00,0.246,-0.277,70.0,0.0,14.934577
2025-05-19 06:00:00+00:00,0.246,0.17300001,70.0,0.0,16.516901
2025-05-19 07:00:00+00:00,0.246,0.223,71.0,0.0,17.555305
2025-05-19 08:00:00+00:00,0.246,0.373,70.0,0.0,17.782688
2025-05-19 09:00:00+00:00,0.246,0.473,68.0,0.0,15.646544
2025-05-19 10:00:00+00:00,0.246,0.473,67.0,0.0,14.372974
2025-05-19 11:00:00+00:00,0.245,0.523,67.0,0.0,13.570615
2025-05-19 12:00:00+00:00,0.246,1.223,63.0,0.0,14.118243
2025-05-19 13:00:00+00:00,0.246,1.073,70.0,0.0,12.904882
2025-05-19 14:00:00+00:00,0.246,1.273,71.0,0.0,12.181624
2025-05-19 15:00:00+00:00,0.246,1.873,68.0,0.0,13.004922
2025-05-19 16:00:00+00:00,0.245,2.823,55.0,0.0,16.904673
2025-05-19 17:00:00+00:00,0.245,3.073,49.0,0.0,17.873554
2025-05-19 18:00:00+00:00,0.244,2.673,49.0,0.0,18.35647
2025-05-19 19:00:00+00:00,0.243,2.473,51.0,0.0,15.034041
2025-05-19 20:00:00+00:00,0.243,1.923,54.0,0.0,11.770403
2025-05-19 21:00:00+00:00,0.243,1.273,59.0,0.0,8.209263
2025-05-19 22:00:00+00:00,0.243,0.923,62.0,0.0,6.9153743
2025-05-19 23:00:00+00:00,0.243,0.423,65.0,0.0,6.297428
2025-05-20 00:00:00+00:00,0.243,-0.02700001,70.0,0.0,4.198285
2025-05-20 01:00:00+00:00,0.243,-0.227,72.0,0.0,3.563818
2025-05-20 02:00:00+00:00,0.243,-0.427,73.0,0.0,3.8773184
2025-05-20 03:00:00+00:00,0.243,-0.727,74.0,0.0,3.4152596
2025-05-20 04:00:00+00:00,0.243,-1.077,74.0,0.0,2.6208394
2025-05-20 05:00:00+00:00,0.243,-1.327,74.0,0.0,2.16
2025-05-20 06:00:00+00:00,0.243,-1.577,70.0,0.0,0.8049845
2025-05-20 07:00:00+00:00,0.244,-1.677,70.0,0.0,0.5091169
2025-05-20 08:00:00+00:00,0.244,-2.277,73.0,0.0,0.35999998
2025-05-20 09:00:00+00:00,0.244,-2.977,77.0,0.0,1.08
2025-05-20 10:00:00+00:00,0.244,-3.527,81.0,0.0,1.8
2025-05-20 11:00:00+00:00,0.244,-3.9269998,86.0,0.0,2.5455842
2025-05-20 12:00:00+00:00,0.244,-3.177,86.0,0.0,2.5959969
2025-05-20 13:00:00+00:00,0.244,-3.577,90.0,0.0,2.4149535
2025-05-20 14:00:00+00:00,0.244,-3.327,92.0,0.0,1.8
2025-05-20 15:00:00+00:00,0.244,-1.977,86.0,0.0,1.2979984
2025-05-20 16:00:00+00:00,0.243,-0.07699999,75.0,0.0,2.9024127
2025-05-20 17:00:00+00:00,0.243,1.123,65.0,0.0,4.3349743
2025-05-20 18:00:00+00:00,0.242,2.023,57.0,0.0,5.8048253
2025-05-20 19:00:00+00:00,0.242,2.073,57.0,0.0,5.4477882
2025-05-20 20:00:00+00:00,0.242,1.323,63.0,0.0,3.2599385
2025-05-20 21:00:00+00:00,0.242,0.623,68.0,0.0,2.2768397
2025-05-20 22:00:00+00:00,0.242,0.073,69.0,0.0,1.609969
2025-05-20 23:00:00+00:00,0.242,-0.427,70.0,0.0,1.8
2025-05-21 00:00:00+00:00,0.242,-2.077,78.0,0.0,2.0991426
2025-05-21 01:00:00+00:00,0.242,-2.527,80.0,0.0,1.609969
2025-05-21 02:00:00+00:00,0.242,-3.227,85.0,0.0,1.5273507
2025-05-21 03:00:00+00:00,0.242,-4.227,91.0,0.0,1.0182338
2025-05-21 04:00:00+00:00,0.242,-4.927,95.0,0.0,0.0
2025-05-21 05:00:00+00:00,0.242,-5.0270004,94.0,0.0,1.1384199
2025-05-21 06:00:00+00:00,0.243,-5.377,96.0,0.0,1.8
2025-05-21 07:00:00+00:00,0.243,-5.7770004,96.0,0.0,3.2599385
2025-05-21 08:00:00+00:00,0.243,-6.3269997,96.0,0.0,2.9024127
2025-05-21 09:00:00+00:00,0.243,-6.2770004,94.0,0.0,1.8
2025-05-21 10:00:00+00:00,0.243,-6.2770004,93.0,0.0,2.1897945
2025-05-21 11:00:00+00:00,0.243,-6.377,93.0,0.0,2.0991426
2025-05-21 12:00:00+00:00,0.243,-6.677,91.0,0.0,3.0758414
2025-05-21 13:00:00+00:00,0.243,-6.377,91.0,0.0,1.609969
2025-05-21 14:00:00+00:00,0.243,-5.627,88.0,0.0,2.1897945
2025-05-21 15:00:00+00:00,0.243,-3.7770002,82.0,0.0,1.2979984
2025-05-21 16:00:00+00:00,0.242,-1.427,76.0,0.0,1.484318
2025-05-21 17:00:00+00:00,0.242,-0.17699999,69.0,0.0,3.4152596
2025-05-21 18:00:00+00:00,0.242,0.873,65.0,0.0,3.5455887
2025-05-21 19:00:00+00:00,0.242,1.023,66.0,0.0,4.1046314
2025-05-21 20:00:00+00:00,0.242,0.623,70.0,0.0,4.5536795
2025-05-21 21:00:00+00:00,0.242,-0.427,78.0,0.0,4.0249224
2025-05-21 22:00:00+00:00,0.242,-1.327,84.0,0.0,3.5455887
2025-05-21 23:00:00+00:00,0.242,-1.8269999,88.0,0.0,3.8268526
2025-05-22 00:00:00+00:00,0.242,-2.227,91.0,0.0,4.1046314
2025-05-22 01:00:00+00:00,0.242,-2.177,92.0,0.0,3.8268526
2025-05-22 02:00:00+00:00,0.242,-2.027,92.0,0.0,2.9024127
